CRASH_DATE,POSTED_SPEED_LIMIT,TRAFFIC_CONTROL_DEVICE,DEVICE_CONDITION,WEATHER_CONDITION,LIGHTING_CONDITION,FIRST_CRASH_TYPE,TRAFFICWAY_TYPE,ALIGNMENT,ROADWAY_SURFACE_COND,ROAD_DEFECT,REPORT_TYPE,CRASH_TYPE,INTERSECTION_RELATED_I,DAMAGE,PRIM_CONTRIBUTORY_CAUSE,SEC_CONTRIBUTORY_CAUSE,STREET_NO,STREET_DIRECTION,STREET_NAME,BEAT_OF_OCCURRENCE,NUM_UNITS,MOST_SEVERE_INJURY,INJURIES_TOTAL,INJURIES_FATAL,INJURIES_INCAPACITATING,INJURIES_NON_INCAPACITATING,INJURIES_REPORTED_NOT_EVIDENT,INJURIES_NO_INDICATION,INJURIES_UNKNOWN,CRASH_HOUR,CRASH_DAY_OF_WEEK,CRASH_MONTH,LATITUDE,LONGITUDE
6/13/2019 14:40,30,NO CONTROLS,NO CONTROLS,CLEAR,DAYLIGHT,PARKED MOTOR VEHICLE,PARKING LOT,STRAIGHT AND LEVEL,DRY,UNKNOWN,NOT ON SCENE (DESK REPORT),NO INJURY / DRIVE AWAY,,"OVER $1,500",IMPROPER TURNING/NO SIGNAL,NOT APPLICABLE,3900,W,MADISON ST,1122,2,NO INDICATION OF INJURY,0,0,0,0,0,1,0,14,5,6,41.88086516,-87.72337597
6/9/2019 10:30,20,NO CONTROLS,NO CONTROLS,CLEAR,DAYLIGHT,PARKED MOTOR VEHICLE,ONE-WAY,STRAIGHT AND LEVEL,UNKNOWN,NO DEFECTS,NOT ON SCENE (DESK REPORT),NO INJURY / DRIVE AWAY,,"$501 - $1,500",UNABLE TO DETERMINE,NOT APPLICABLE,3951,W,BERTEAU AVE,1723,2,NO INDICATION OF INJURY,0,0,0,0,0,1,0,10,1,6,41.95719508,-87.72734462
6/10/2019 9:10,30,TRAFFIC SIGNAL,FUNCTIONING PROPERLY,CLEAR,DAYLIGHT,REAR END,RAMP,STRAIGHT ON GRADE,DRY,NO DEFECTS,NOT ON SCENE (DESK REPORT),NO INJURY / DRIVE AWAY,,"OVER $1,500",FOLLOWING TOO CLOSELY,UNABLE TO DETERMINE,3100,S,LAKE SHORE DR NB,211,2,NO INDICATION OF INJURY,0,0,0,0,0,2,0,9,2,6,41.83841192,-87.60843282
6/14/2019 3:35,30,NO CONTROLS,FUNCTIONING PROPERLY,CLEAR,"DARKNESS, LIGHTED ROAD",REAR END,NOT DIVIDED,STRAIGHT ON GRADE,DRY,NO DEFECTS,ON SCENE,INJURY AND / OR TOW DUE TO CRASH,,"OVER $1,500",FAILING TO REDUCE SPEED TO AVOID CRASH,NOT APPLICABLE,2601,S,ASHLAND AVE,913,2,NO INDICATION OF INJURY,0,0,0,0,0,2,0,3,6,6,41.84484498,-87.66572772
6/1/2019 22:00,30,TRAFFIC SIGNAL,FUNCTIONING PROPERLY,UNKNOWN,"DARKNESS, LIGHTED ROAD",SIDESWIPE SAME DIRECTION,T-INTERSECTION,STRAIGHT AND LEVEL,UNKNOWN,UNKNOWN,NOT ON SCENE (DESK REPORT),NO INJURY / DRIVE AWAY,,"$501 - $1,500","OPERATING VEHICLE IN ERRATIC, RECKLESS, CARELESS, NEGLIGENT OR AGGRESSIVE MANNER",NOT APPLICABLE,4400,W,CONGRESS PKWY,1131,2,NO INDICATION OF INJURY,0,0,0,0,0,2,0,22,7,6,41.8743399,-87.73536536
6/3/2019 13:35,25,TRAFFIC SIGNAL,FUNCTIONING PROPERLY,CLEAR,DAYLIGHT,ANGLE,DIVIDED - W/MEDIAN (NOT RAISED),STRAIGHT AND LEVEL,DRY,NO DEFECTS,ON SCENE,NO INJURY / DRIVE AWAY,,"OVER $1,500",FAILING TO YIELD RIGHT-OF-WAY,UNABLE TO DETERMINE,4758,W,72ND ST,833,2,NO INDICATION OF INJURY,0,0,0,0,0,2,0,13,2,6,41.76204174,-87.74161499
6/8/2019 14:58,30,TRAFFIC SIGNAL,FUNCTIONING PROPERLY,CLEAR,DAYLIGHT,TURNING,NOT DIVIDED,STRAIGHT AND LEVEL,DRY,NO DEFECTS,NOT ON SCENE (DESK REPORT),NO INJURY / DRIVE AWAY,,"OVER $1,500",FOLLOWING TOO CLOSELY,FAILING TO REDUCE SPEED TO AVOID CRASH,3958,W,79TH ST,833,2,NO INDICATION OF INJURY,0,0,0,0,0,2,0,14,7,6,41.74968144,-87.7218363
6/1/2019 18:30,30,NO CONTROLS,UNKNOWN,CLEAR,DAWN,SIDESWIPE SAME DIRECTION,NOT DIVIDED,STRAIGHT AND LEVEL,DRY,NO DEFECTS,NOT ON SCENE (DESK REPORT),NO INJURY / DRIVE AWAY,,$500 OR LESS,UNABLE TO DETERMINE,UNABLE TO DETERMINE,358,N,CENTRAL AVE,1512,2,NO INDICATION OF INJURY,0,0,0,0,0,2,0,18,7,6,41.8874132,-87.76525762
6/5/2019 19:30,30,STOP SIGN/FLASHER,FUNCTIONING PROPERLY,CLEAR,DAYLIGHT,SIDESWIPE SAME DIRECTION,ONE-WAY,STRAIGHT AND LEVEL,DRY,NO DEFECTS,NOT ON SCENE (DESK REPORT),NO INJURY / DRIVE AWAY,,"OVER $1,500",FAILING TO YIELD RIGHT-OF-WAY,UNABLE TO DETERMINE,50,E,24TH ST,131,2,NO INDICATION OF INJURY,0,0,0,0,0,3,0,19,4,6,41.84937825,-87.62509166
6/2/2019 14:00,35,NO CONTROLS,NO CONTROLS,CLEAR,DAYLIGHT,TURNING,NOT DIVIDED,STRAIGHT AND LEVEL,DRY,NO DEFECTS,ON SCENE,INJURY AND / OR TOW DUE TO CRASH,,"OVER $1,500",FAILING TO YIELD RIGHT-OF-WAY,NOT APPLICABLE,11501,S,DOTY AVE E,434,3,NONINCAPACITATING INJURY,1,0,0,1,0,3,0,14,1,6,41.68599508,-87.60030932
6/6/2019 6:30,30,STOP SIGN/FLASHER,NO CONTROLS,CLEAR,DAYLIGHT,ANGLE,NOT DIVIDED,STRAIGHT AND LEVEL,DRY,NO DEFECTS,NOT ON SCENE (DESK REPORT),NO INJURY / DRIVE AWAY,Y,"OVER $1,500",FAILING TO YIELD RIGHT-OF-WAY,UNABLE TO DETERMINE,5325,S,KEDZIE AVE,923,2,NO INDICATION OF INJURY,0,0,0,0,0,3,0,6,5,6,41.79630109,-87.70348912
6/15/2019 16:30,30,NO CONTROLS,NO CONTROLS,RAIN,DAYLIGHT,REAR END,NOT DIVIDED,STRAIGHT AND LEVEL,WET,NO DEFECTS,NOT ON SCENE (DESK REPORT),INJURY AND / OR TOW DUE TO CRASH,,"OVER $1,500",FOLLOWING TOO CLOSELY,NOT APPLICABLE,3700,N,OAK PARK AVE,1632,3,INCAPACITATING INJURY,2,0,2,0,0,2,0,16,7,6,41.94738059,-87.7962121
6/6/2019 9:17,30,TRAFFIC SIGNAL,FUNCTIONING PROPERLY,CLEAR,DAYLIGHT,ANGLE,NOT DIVIDED,STRAIGHT AND LEVEL,DRY,NO DEFECTS,ON SCENE,INJURY AND / OR TOW DUE TO CRASH,Y,"$501 - $1,500",DISREGARDING TRAFFIC SIGNALS,DRIVING SKILLS/KNOWLEDGE/EXPERIENCE,5501,S,DAMEN AVE,715,2,NO INDICATION OF INJURY,0,0,0,0,0,2,0,9,5,6,41.79348635,-87.67413305
6/15/2019 9:35,30,NO CONTROLS,NO CONTROLS,CLEAR,DAYLIGHT,REAR END,DIVIDED - W/MEDIAN (NOT RAISED),STRAIGHT AND LEVEL,DRY,NO DEFECTS,ON SCENE,NO INJURY / DRIVE AWAY,,"OVER $1,500",FOLLOWING TOO CLOSELY,NOT APPLICABLE,12,S,OAKLEY BLVD,1223,2,NO INDICATION OF INJURY,0,0,0,0,0,4,0,9,7,6,41.88082135,-87.6841019
6/12/2019 20:16,30,NO CONTROLS,OTHER,RAIN,DUSK,REAR END,DIVIDED - W/MEDIAN BARRIER,STRAIGHT AND LEVEL,WET,NO DEFECTS,ON SCENE,NO INJURY / DRIVE AWAY,,"OVER $1,500",FOLLOWING TOO CLOSELY,NOT APPLICABLE,7146,W,NORTH AVE,2513,2,NO INDICATION OF INJURY,0,0,0,0,0,2,0,20,4,6,41.90900619,-87.8037881
6/2/2019 13:58,30,STOP SIGN/FLASHER,FUNCTIONING PROPERLY,CLEAR,DAYLIGHT,ANGLE,T-INTERSECTION,STRAIGHT AND LEVEL,DRY,NO DEFECTS,ON SCENE,NO INJURY / DRIVE AWAY,Y,"$501 - $1,500",FAILING TO YIELD RIGHT-OF-WAY,NOT APPLICABLE,1500,N,HUMBOLDT DR,1423,2,NO INDICATION OF INJURY,0,0,0,0,0,2,0,13,1,6,41.90838773,-87.70154601
6/6/2019 21:40,30,NO CONTROLS,NO CONTROLS,CLEAR,"DARKNESS, LIGHTED ROAD",TURNING,NOT DIVIDED,STRAIGHT AND LEVEL,DRY,NO DEFECTS,ON SCENE,INJURY AND / OR TOW DUE TO CRASH,,"OVER $1,500",FOLLOWING TOO CLOSELY,NOT APPLICABLE,5605,N,CANFIELD AVE,1613,2,NO INDICATION OF INJURY,0,0,0,0,0,2,0,21,5,6,41.98152592,-87.82357184
6/4/2019 14:09,30,TRAFFIC SIGNAL,FUNCTIONING PROPERLY,CLEAR,DAYLIGHT,SIDESWIPE SAME DIRECTION,NOT DIVIDED,STRAIGHT AND LEVEL,DRY,NO DEFECTS,NOT ON SCENE (DESK REPORT),NO INJURY / DRIVE AWAY,Y,"OVER $1,500",UNABLE TO DETERMINE,UNABLE TO DETERMINE,540,N,MICHIGAN AVE,1834,2,NO INDICATION OF INJURY,0,0,0,0,0,7,0,14,3,6,41.89214078,-87.62431278
6/14/2019 16:15,30,TRAFFIC SIGNAL,FUNCTIONING PROPERLY,CLEAR,DAYLIGHT,TURNING,DIVIDED - W/MEDIAN (NOT RAISED),STRAIGHT AND LEVEL,DRY,NO DEFECTS,NOT ON SCENE (DESK REPORT),NO INJURY / DRIVE AWAY,,"OVER $1,500",IMPROPER TURNING/NO SIGNAL,UNABLE TO DETERMINE,2820,N,ELSTON AVE,1411,2,NO INDICATION OF INJURY,0,0,0,0,0,3,0,16,6,6,41.93259278,-87.68863823
6/14/2019 10:19,30,NO CONTROLS,NO CONTROLS,CLEAR,DAYLIGHT,SIDESWIPE SAME DIRECTION,DIVIDED - W/MEDIAN (NOT RAISED),STRAIGHT AND LEVEL,DRY,NO DEFECTS,ON SCENE,NO INJURY / DRIVE AWAY,,"$501 - $1,500",UNABLE TO DETERMINE,UNABLE TO DETERMINE,634,E,71ST ST,322,2,NO INDICATION OF INJURY,0,0,0,0,0,5,0,10,6,6,41.76592518,-87.60905836
6/12/2019 13:29,30,NO CONTROLS,NO CONTROLS,RAIN,DUSK,SIDESWIPE SAME DIRECTION,NOT DIVIDED,STRAIGHT AND LEVEL,WET,NO DEFECTS,ON SCENE,NO INJURY / DRIVE AWAY,,"OVER $1,500",IMPROPER LANE USAGE,NOT APPLICABLE,6300,S,GREENWOOD AVE,314,2,NO INDICATION OF INJURY,0,0,0,0,0,2,0,13,4,6,41.78042769,-87.59931949
6/5/2019 14:55,30,NO CONTROLS,NO CONTROLS,CLEAR,DAYLIGHT,SIDESWIPE SAME DIRECTION,NOT DIVIDED,STRAIGHT AND LEVEL,DRY,NO DEFECTS,NOT ON SCENE (DESK REPORT),NO INJURY / DRIVE AWAY,,"$501 - $1,500",FOLLOWING TOO CLOSELY,NOT APPLICABLE,1851,W,PETERSON AVE,2012,2,NO INDICATION OF INJURY,0,0,0,0,0,3,0,14,4,6,41.99061139,-87.67697843
6/14/2019 20:15,30,NO CONTROLS,NO CONTROLS,CLEAR,"DARKNESS, LIGHTED ROAD",REAR END,NOT DIVIDED,STRAIGHT AND LEVEL,DRY,NO DEFECTS,NOT ON SCENE (DESK REPORT),NO INJURY / DRIVE AWAY,,"OVER $1,500",FOLLOWING TOO CLOSELY,NOT APPLICABLE,365,N,HALSTED ST,1214,2,NO INDICATION OF INJURY,0,0,0,0,0,2,0,20,6,6,41.88868124,-87.64742285
6/12/2019 22:45,30,NO CONTROLS,NO CONTROLS,RAIN,"DARKNESS, LIGHTED ROAD",OTHER NONCOLLISION,ONE-WAY,STRAIGHT AND LEVEL,WET,NO DEFECTS,ON SCENE,INJURY AND / OR TOW DUE TO CRASH,,"OVER $1,500",EQUIPMENT - VEHICLE CONDITION,NOT APPLICABLE,98,N,MICHIGAN AVE,112,1,NO INDICATION OF INJURY,0,0,0,0,0,2,0,22,4,6,41.88317111,-87.62454402
6/9/2019 12:30,30,NO CONTROLS,NO CONTROLS,RAIN,DAYLIGHT,ANGLE,NOT DIVIDED,STRAIGHT AND LEVEL,WET,NO DEFECTS,NOT ON SCENE (DESK REPORT),NO INJURY / DRIVE AWAY,Y,"OVER $1,500",UNABLE TO DETERMINE,UNABLE TO DETERMINE,5501,N,KEDZIE AVE,1712,2,NO INDICATION OF INJURY,0,0,0,0,0,2,0,12,1,6,41.98135196,-87.70867192
6/7/2019 7:00,30,NO CONTROLS,NO CONTROLS,CLEAR,DAYLIGHT,PARKED MOTOR VEHICLE,ONE-WAY,STRAIGHT AND LEVEL,DRY,NO DEFECTS,ON SCENE,INJURY AND / OR TOW DUE TO CRASH,,"OVER $1,500",UNABLE TO DETERMINE,NOT APPLICABLE,803,E,MIDWAY PLAISANCE,235,2,NO INDICATION OF INJURY,0,0,0,0,0,1,0,7,6,6,41.78630801,-87.60584267
6/12/2019 23:35,30,TRAFFIC SIGNAL,FUNCTIONING PROPERLY,RAIN,"DARKNESS, LIGHTED ROAD",HEAD ON,NOT DIVIDED,STRAIGHT AND LEVEL,WET,NO DEFECTS,ON SCENE,INJURY AND / OR TOW DUE TO CRASH,,"OVER $1,500",EQUIPMENT - VEHICLE CONDITION,UNABLE TO DETERMINE,8401,S,YATES BLVD,423,2,NONINCAPACITATING INJURY,1,0,0,1,0,1,0,23,4,6,41.74255532,-87.56594942
6/5/2019 21:15,30,UNKNOWN,UNKNOWN,UNKNOWN,"DARKNESS, LIGHTED ROAD",TURNING,NOT DIVIDED,STRAIGHT AND LEVEL,UNKNOWN,UNKNOWN,NOT ON SCENE (DESK REPORT),NO INJURY / DRIVE AWAY,,"$501 - $1,500",IMPROPER TURNING/NO SIGNAL,IMPROPER TURNING/NO SIGNAL,1625,W,IRVING PARK RD,1922,2,NO INDICATION OF INJURY,0,0,0,0,0,2,0,21,4,6,41.95416537,-87.67012784
6/13/2019 19:10,20,NO CONTROLS,NO CONTROLS,CLEAR,DAYLIGHT,PARKED MOTOR VEHICLE,NOT DIVIDED,STRAIGHT AND LEVEL,DRY,NO DEFECTS,ON SCENE,NO INJURY / DRIVE AWAY,,$500 OR LESS,"VISION OBSCURED (SIGNS, TREE LIMBS, BUILDINGS, ETC.)","VISION OBSCURED (SIGNS, TREE LIMBS, BUILDINGS, ETC.)",5250,W,WINONA ST,1623,2,NO INDICATION OF INJURY,0,0,0,0,0,1,0,19,5,6,41.9743961,-87.75979829
6/4/2019 14:45,20,NO CONTROLS,NO CONTROLS,CLEAR,DAYLIGHT,PARKED MOTOR VEHICLE,DIVIDED - W/MEDIAN (NOT RAISED),STRAIGHT AND LEVEL,DRY,NO DEFECTS,NOT ON SCENE (DESK REPORT),NO INJURY / DRIVE AWAY,,"OVER $1,500",IMPROPER BACKING,IMPROPER BACKING,1360,W,GREENLEAF AVE,2423,2,NO INDICATION OF INJURY,0,0,0,0,0,1,0,14,3,6,42.01047163,-87.66479849
6/2/2019 3:18,35,NO CONTROLS,NO CONTROLS,CLEAR,"DARKNESS, LIGHTED ROAD",PARKED MOTOR VEHICLE,NOT DIVIDED,STRAIGHT AND LEVEL,DRY,NO DEFECTS,ON SCENE,INJURY AND / OR TOW DUE TO CRASH,,"OVER $1,500",IMPROPER OVERTAKING/PASSING,NOT APPLICABLE,2354,N,MILWAUKEE AVE,1414,2,NO INDICATION OF INJURY,0,0,0,0,0,1,0,3,1,6,41.92391202,-87.69922555
6/13/2019 9:05,45,TRAFFIC SIGNAL,FUNCTIONING PROPERLY,RAIN,DAYLIGHT,REAR END,DIVIDED - W/MEDIAN BARRIER,STRAIGHT AND LEVEL,WET,NO DEFECTS,ON SCENE,INJURY AND / OR TOW DUE TO CRASH,,"OVER $1,500",FOLLOWING TOO CLOSELY,NOT APPLICABLE,1200,S,LAKE SHORE DR E,132,2,NONINCAPACITATING INJURY,1,0,0,1,0,2,0,9,5,6,41.86744611,-87.61890449
6/12/2019 15:00,10,NO CONTROLS,NO CONTROLS,CLEAR,DAYLIGHT,SIDESWIPE SAME DIRECTION,PARKING LOT,STRAIGHT AND LEVEL,DRY,NO DEFECTS,,NO INJURY / DRIVE AWAY,,"$501 - $1,500",UNABLE TO DETERMINE,NOT APPLICABLE,4801,S,MARSHFIELD AVE,931,2,NO INDICATION OF INJURY,0,0,0,0,0,2,0,15,4,6,41.80667974,-87.66599093
6/5/2019 11:15,30,NO CONTROLS,NO CONTROLS,CLEAR,DAYLIGHT,SIDESWIPE SAME DIRECTION,NOT DIVIDED,STRAIGHT AND LEVEL,DRY,NO DEFECTS,NOT ON SCENE (DESK REPORT),NO INJURY / DRIVE AWAY,,"OVER $1,500",UNABLE TO DETERMINE,UNABLE TO DETERMINE,3917,N,HARLEM AVE,1632,2,NO INDICATION OF INJURY,0,0,0,0,0,2,0,11,4,6,41.95127467,-87.80706638
6/4/2019 17:48,30,NO CONTROLS,NO CONTROLS,CLEAR,DAYLIGHT,TURNING,NOT DIVIDED,STRAIGHT AND LEVEL,DRY,NO DEFECTS,ON SCENE,NO INJURY / DRIVE AWAY,Y,"$501 - $1,500",IMPROPER TURNING/NO SIGNAL,UNABLE TO DETERMINE,953,N,DAMEN AVE,1212,2,NO INDICATION OF INJURY,0,0,0,0,0,2,0,17,3,6,41.89933384,-87.67700253
6/7/2019 10:00,25,NO CONTROLS,NO CONTROLS,CLEAR,DAYLIGHT,PARKED MOTOR VEHICLE,ONE-WAY,STRAIGHT AND LEVEL,DRY,NO DEFECTS,NOT ON SCENE (DESK REPORT),NO INJURY / DRIVE AWAY,,$500 OR LESS,UNABLE TO DETERMINE,UNABLE TO DETERMINE,4740,W,BARRY AVE,2521,2,NO INDICATION OF INJURY,0,0,0,0,0,1,0,10,6,6,41.93712443,-87.74601779
6/11/2019 11:45,30,NO CONTROLS,NO CONTROLS,CLEAR,DAYLIGHT,REAR END,DIVIDED - W/MEDIAN (NOT RAISED),STRAIGHT AND LEVEL,DRY,NO DEFECTS,ON SCENE,INJURY AND / OR TOW DUE TO CRASH,,"OVER $1,500",UNABLE TO DETERMINE,UNABLE TO DETERMINE,1647,W,71ST ST,735,3,NO INDICATION OF INJURY,0,0,0,0,0,3,0,11,3,6,41.76477721,-87.66567827
6/6/2019 8:01,30,NO CONTROLS,UNKNOWN,CLEAR,DAYLIGHT,REAR END,DIVIDED - W/MEDIAN BARRIER,STRAIGHT AND LEVEL,DRY,UNKNOWN,ON SCENE,NO INJURY / DRIVE AWAY,,"$501 - $1,500",FOLLOWING TOO CLOSELY,FOLLOWING TOO CLOSELY,731,N,ASHLAND AVE,1215,2,NO INDICATION OF INJURY,0,0,0,0,0,2,0,8,5,6,41.89526799,-87.6671222
6/15/2019 13:23,30,NO CONTROLS,NO CONTROLS,CLOUDY/OVERCAST,DAYLIGHT,PARKED MOTOR VEHICLE,ONE-WAY,STRAIGHT AND LEVEL,DRY,NO DEFECTS,NOT ON SCENE (DESK REPORT),NO INJURY / DRIVE AWAY,,"$501 - $1,500","OPERATING VEHICLE IN ERRATIC, RECKLESS, CARELESS, NEGLIGENT OR AGGRESSIVE MANNER","VISION OBSCURED (SIGNS, TREE LIMBS, BUILDINGS, ETC.)",7023,S,MERRILL AVE,331,2,NO INDICATION OF INJURY,0,0,0,0,0,4,0,13,7,6,41.76733671,-87.57251976
6/2/2019 13:25,30,NO CONTROLS,NO CONTROLS,CLEAR,DAYLIGHT,REAR END,NOT DIVIDED,STRAIGHT AND LEVEL,DRY,NO DEFECTS,NOT ON SCENE (DESK REPORT),NO INJURY / DRIVE AWAY,,"OVER $1,500",FOLLOWING TOO CLOSELY,FOLLOWING TOO CLOSELY,1300,W,LAWRENCE AVE,2033,2,NO INDICATION OF INJURY,0,0,0,0,0,2,0,13,1,6,41.96908631,-87.66300763
6/8/2019 12:45,35,UNKNOWN,UNKNOWN,CLEAR,DAYLIGHT,REAR END,NOT DIVIDED,STRAIGHT AND LEVEL,DRY,NO DEFECTS,NOT ON SCENE (DESK REPORT),NO INJURY / DRIVE AWAY,,"OVER $1,500",UNABLE TO DETERMINE,NOT APPLICABLE,5200,W,MONTROSE AVE,1623,2,NO INDICATION OF INJURY,0,0,0,0,0,3,0,12,7,6,41.96070829,-87.75751211
6/7/2019 7:55,20,NO CONTROLS,UNKNOWN,CLEAR,DAYLIGHT,TURNING,FOUR WAY,STRAIGHT AND LEVEL,DRY,NO DEFECTS,NOT ON SCENE (DESK REPORT),NO INJURY / DRIVE AWAY,Y,"OVER $1,500",FAILING TO YIELD RIGHT-OF-WAY,UNABLE TO DETERMINE,11449,S,HALSTED ST,2233,2,NO INDICATION OF INJURY,0,0,0,0,0,2,0,7,6,6,41.68545881,-87.64201677
6/9/2019 1:28,30,NO CONTROLS,NO CONTROLS,CLEAR,"DARKNESS, LIGHTED ROAD",PARKED MOTOR VEHICLE,NOT DIVIDED,STRAIGHT AND LEVEL,DRY,NO DEFECTS,ON SCENE,NO INJURY / DRIVE AWAY,,"OVER $1,500",UNABLE TO DETERMINE,UNABLE TO DETERMINE,3115,N,AUSTIN AVE,2514,2,NO INDICATION OF INJURY,0,0,0,0,0,1,0,1,1,6,41.93708157,-87.77602086
6/7/2019 8:50,30,TRAFFIC SIGNAL,FUNCTIONING PROPERLY,CLEAR,DAYLIGHT,TURNING,DIVIDED - W/MEDIAN BARRIER,STRAIGHT AND LEVEL,DRY,NO DEFECTS,NOT ON SCENE (DESK REPORT),NO INJURY / DRIVE AWAY,,"$501 - $1,500",IMPROPER TURNING/NO SIGNAL,FAILING TO YIELD RIGHT-OF-WAY,501,S,MICHIGAN AVE,114,2,NO INDICATION OF INJURY,0,0,0,0,0,2,0,8,6,6,41.87566213,-87.62411124
6/12/2019 16:22,30,TRAFFIC SIGNAL,FUNCTIONING PROPERLY,CLEAR,DAYLIGHT,ANGLE,DIVIDED - W/MEDIAN (NOT RAISED),STRAIGHT AND LEVEL,WET,NO DEFECTS,ON SCENE,INJURY AND / OR TOW DUE TO CRASH,Y,"$501 - $1,500",FAILING TO YIELD RIGHT-OF-WAY,DISREGARDING TRAFFIC SIGNALS,4200,W,NORTH AVE,2534,2,NO INDICATION OF INJURY,0,0,0,0,0,2,0,16,4,6,41.90992842,-87.73131794
6/8/2019 10:40,25,NO CONTROLS,NO CONTROLS,CLEAR,DAYLIGHT,SIDESWIPE SAME DIRECTION,NOT DIVIDED,STRAIGHT AND LEVEL,DRY,NO DEFECTS,ON SCENE,INJURY AND / OR TOW DUE TO CRASH,,"OVER $1,500",DRIVING SKILLS/KNOWLEDGE/EXPERIENCE,NOT APPLICABLE,1115,W,LOYOLA AVE,2432,2,NO INDICATION OF INJURY,0,0,0,0,0,2,0,10,7,6,42.00144286,-87.65923313
6/11/2019 9:15,20,NO CONTROLS,NO CONTROLS,CLEAR,DAYLIGHT,PARKED MOTOR VEHICLE,NOT DIVIDED,STRAIGHT AND LEVEL,DRY,NO DEFECTS,ON SCENE,NO INJURY / DRIVE AWAY,,"OVER $1,500",IMPROPER OVERTAKING/PASSING,NOT APPLICABLE,2009,W,SCHILLER ST,1424,2,NO INDICATION OF INJURY,0,0,0,0,0,3,0,9,3,6,41.90702501,-87.67779555
6/10/2019 17:07,30,STOP SIGN/FLASHER,FUNCTIONING PROPERLY,CLEAR,DAYLIGHT,ANGLE,ONE-WAY,STRAIGHT AND LEVEL,DRY,NO DEFECTS,ON SCENE,INJURY AND / OR TOW DUE TO CRASH,Y,"OVER $1,500",UNABLE TO DETERMINE,UNABLE TO DETERMINE,4400,S,INDIANA AVE,215,2,INCAPACITATING INJURY,1,0,1,0,0,1,0,17,2,6,41.81466863,-87.62150353
6/11/2019 18:00,35,NO CONTROLS,NO CONTROLS,CLEAR,DAYLIGHT,SIDESWIPE SAME DIRECTION,NOT DIVIDED,STRAIGHT AND LEVEL,DRY,NO DEFECTS,ON SCENE,INJURY AND / OR TOW DUE TO CRASH,,"OVER $1,500",IMPROPER OVERTAKING/PASSING,FOLLOWING TOO CLOSELY,7900,S,BENNETT AVE,414,2,NO INDICATION OF INJURY,0,0,0,0,0,2,0,18,3,6,41.75148314,-87.57857012
6/1/2019 12:00,0,OTHER,NO CONTROLS,CLEAR,DAYLIGHT,PARKED MOTOR VEHICLE,PARKING LOT,STRAIGHT AND LEVEL,DRY,UNKNOWN,NOT ON SCENE (DESK REPORT),NO INJURY / DRIVE AWAY,,"OVER $1,500",NOT APPLICABLE,NOT APPLICABLE,2420,S,CALIFORNIA AVE,1033,2,NO INDICATION OF INJURY,0,0,0,0,0,1,0,12,7,6,41.84763242,-87.69547218
6/1/2019 15:00,20,NO CONTROLS,NO CONTROLS,UNKNOWN,DAYLIGHT,SIDESWIPE SAME DIRECTION,OTHER,STRAIGHT AND LEVEL,UNKNOWN,NO DEFECTS,NOT ON SCENE (DESK REPORT),NO INJURY / DRIVE AWAY,,"$501 - $1,500",UNABLE TO DETERMINE,NOT APPLICABLE,2312,N,DRAKE AVE,1413,2,NO INDICATION OF INJURY,0,0,0,0,0,2,0,15,7,6,41.92318945,-87.71548374
6/11/2019 14:45,30,TRAFFIC SIGNAL,FUNCTIONING PROPERLY,UNKNOWN,DAYLIGHT,SIDESWIPE SAME DIRECTION,NOT DIVIDED,STRAIGHT AND LEVEL,UNKNOWN,UNKNOWN,NOT ON SCENE (DESK REPORT),NO INJURY / DRIVE AWAY,,"OVER $1,500",UNABLE TO DETERMINE,UNABLE TO DETERMINE,1968,N,RACINE AVE,1811,2,NO INDICATION OF INJURY,0,0,0,0,0,2,0,14,3,6,41.91790821,-87.65836153
6/1/2019 14:45,25,NO CONTROLS,NO CONTROLS,CLEAR,DAYLIGHT,PARKED MOTOR VEHICLE,ONE-WAY,STRAIGHT AND LEVEL,DRY,NO DEFECTS,ON SCENE,NO INJURY / DRIVE AWAY,,"$501 - $1,500",DRIVING ON WRONG SIDE/WRONG WAY,NOT APPLICABLE,3960,N,AVONDALE AVE,1731,2,NO INDICATION OF INJURY,0,0,0,0,0,2,0,14,7,6,41.95297609,-87.73138801
6/12/2019 7:04,30,TRAFFIC SIGNAL,FUNCTIONING PROPERLY,CLEAR,DAYLIGHT,ANGLE,NOT DIVIDED,STRAIGHT AND LEVEL,DRY,NO DEFECTS,ON SCENE,INJURY AND / OR TOW DUE TO CRASH,Y,"OVER $1,500",DISREGARDING OTHER TRAFFIC SIGNS,FAILING TO YIELD RIGHT-OF-WAY,3000,W,59TH ST,824,2,NO INDICATION OF INJURY,0,0,0,0,0,2,0,7,4,6,41.78643599,-87.69853631
6/12/2019 7:09,35,TRAFFIC SIGNAL,FUNCTIONING PROPERLY,CLEAR,DAYLIGHT,ANGLE,NOT DIVIDED,STRAIGHT AND LEVEL,DRY,NO DEFECTS,ON SCENE,INJURY AND / OR TOW DUE TO CRASH,Y,"OVER $1,500",DISREGARDING TRAFFIC SIGNALS,FAILING TO YIELD RIGHT-OF-WAY,4400,N,BROADWAY,1913,2,NO INDICATION OF INJURY,0,0,0,0,0,2,0,7,4,6,41.96181008,-87.65533703