CRASH_DATE,POSTED_SPEED_LIMIT,TRAFFIC_CONTROL_DEVICE,DEVICE_CONDITION,WEATHER_CONDITION,LIGHTING_CONDITION,FIRST_CRASH_TYPE,TRAFFICWAY_TYPE,ALIGNMENT,ROADWAY_SURFACE_COND,ROAD_DEFECT,REPORT_TYPE,CRASH_TYPE,INTERSECTION_RELATED_I,DAMAGE,PRIM_CONTRIBUTORY_CAUSE,SEC_CONTRIBUTORY_CAUSE,STREET_NO,STREET_DIRECTION,STREET_NAME,BEAT_OF_OCCURRENCE,NUM_UNITS,MOST_SEVERE_INJURY,INJURIES_TOTAL,INJURIES_FATAL,INJURIES_INCAPACITATING,INJURIES_NON_INCAPACITATING,INJURIES_REPORTED_NOT_EVIDENT,INJURIES_NO_INDICATION,INJURIES_UNKNOWN,CRASH_HOUR,CRASH_DAY_OF_WEEK,CRASH_MONTH,LATITUDE,LONGITUDE
6/7/2019 16:50,15,NO CONTROLS,NO CONTROLS,CLEAR,DAYLIGHT,SIDESWIPE OPPOSITE DIRECTION,NOT DIVIDED,STRAIGHT AND LEVEL,DRY,NO DEFECTS,NOT ON SCENE (DESK REPORT),NO INJURY / DRIVE AWAY,,"$501 - $1,500",UNABLE TO DETERMINE,UNABLE TO DETERMINE,4307,N,GREENVIEW AVE,1912,2,NO INDICATION OF INJURY,0,0,0,0,0,2,0,16,6,6,41.96002483,-87.66754772
6/14/2019 11:15,30,NO CONTROLS,NO CONTROLS,CLEAR,DAYLIGHT,FIXED OBJECT,NOT DIVIDED,STRAIGHT AND LEVEL,DRY,NO DEFECTS,ON SCENE,NO INJURY / DRIVE AWAY,,"OVER $1,500","VISION OBSCURED (SIGNS, TREE LIMBS, BUILDINGS, ETC.)",UNABLE TO DETERMINE,3475,N,CLARK ST,1924,1,NO INDICATION OF INJURY,0,0,0,0,0,1,0,11,6,6,41.94544657,-87.65493058
6/6/2019 16:54,30,NO CONTROLS,NO CONTROLS,CLEAR,DAYLIGHT,SIDESWIPE SAME DIRECTION,NOT DIVIDED,STRAIGHT AND LEVEL,DRY,NO DEFECTS,NOT ON SCENE (DESK REPORT),NO INJURY / DRIVE AWAY,,"OVER $1,500",UNABLE TO DETERMINE,UNABLE TO DETERMINE,298,S,COLUMBUS DR,114,2,NO INDICATION OF INJURY,0,0,0,0,0,2,0,16,5,6,41.87838431,-87.62083163
6/11/2019 6:29,30,NO CONTROLS,NO CONTROLS,CLEAR,DAYLIGHT,SIDESWIPE SAME DIRECTION,NOT DIVIDED,STRAIGHT AND LEVEL,DRY,NO DEFECTS,NOT ON SCENE (DESK REPORT),NO INJURY / DRIVE AWAY,,"OVER $1,500",IMPROPER OVERTAKING/PASSING,IMPROPER LANE USAGE,4500,W,47TH ST,815,2,NO INDICATION OF INJURY,0,0,0,0,0,2,0,6,3,6,41.80782255,-87.73588487
6/4/2019 23:30,30,NO CONTROLS,NO CONTROLS,CLEAR,UNKNOWN,PARKED MOTOR VEHICLE,UNKNOWN,STRAIGHT AND LEVEL,UNKNOWN,UNKNOWN,NOT ON SCENE (DESK REPORT),NO INJURY / DRIVE AWAY,,"OVER $1,500",DISTRACTION - FROM INSIDE VEHICLE,NOT APPLICABLE,116,N,HOYNE AVE,1223,2,NO INDICATION OF INJURY,0,0,0,0,0,1,0,23,3,6,41.88364766,-87.67929166
6/9/2019 11:15,30,NO CONTROLS,NO CONTROLS,CLOUDY/OVERCAST,DAYLIGHT,REAR END,NOT DIVIDED,STRAIGHT AND LEVEL,DRY,NO DEFECTS,NOT ON SCENE (DESK REPORT),NO INJURY / DRIVE AWAY,,"OVER $1,500",FOLLOWING TOO CLOSELY,NOT APPLICABLE,4867,N,MILWAUKEE AVE,1623,2,NO INDICATION OF INJURY,0,0,0,0,0,3,0,11,1,6,41.96955287,-87.76202557
6/11/2019 9:10,30,NO CONTROLS,NO CONTROLS,CLEAR,DAYLIGHT,PARKED MOTOR VEHICLE,DIVIDED - W/MEDIAN BARRIER,STRAIGHT AND LEVEL,DRY,UNKNOWN,NOT ON SCENE (DESK REPORT),NO INJURY / DRIVE AWAY,,"$501 - $1,500",IMPROPER BACKING,UNABLE TO DETERMINE,151,N,MICHIGAN AVE,114,2,NO INDICATION OF INJURY,0,0,0,0,0,1,0,9,3,6,41.88454011,-87.62430852
6/5/2019 8:00,30,TRAFFIC SIGNAL,UNKNOWN,CLEAR,DAYLIGHT,REAR END,FOUR WAY,STRAIGHT AND LEVEL,WET,UNKNOWN,ON SCENE,INJURY AND / OR TOW DUE TO CRASH,,"OVER $1,500",FOLLOWING TOO CLOSELY,UNABLE TO DETERMINE,4143,N,ELSTON AVE,1723,4,NO INDICATION OF INJURY,0,0,0,0,0,4,0,8,4,6,41.95623158,-87.72263722
6/11/2019 10:35,30,NO CONTROLS,NO CONTROLS,CLEAR,DAYLIGHT,TURNING,T-INTERSECTION,STRAIGHT AND LEVEL,DRY,NO DEFECTS,,NO INJURY / DRIVE AWAY,Y,"OVER $1,500",IMPROPER OVERTAKING/PASSING,NOT APPLICABLE,5329,S,LARAMIE AVE,814,2,NO INDICATION OF INJURY,0,0,0,0,0,3,0,10,3,6,41.79636123,-87.75245577
6/13/2019 9:35,30,NO CONTROLS,NO CONTROLS,CLEAR,DAYLIGHT,SIDESWIPE SAME DIRECTION,NOT DIVIDED,STRAIGHT AND LEVEL,DRY,NO DEFECTS,,NO INJURY / DRIVE AWAY,,"OVER $1,500",IMPROPER LANE USAGE,UNABLE TO DETERMINE,4758,W,LAKE ST,1113,2,NO INDICATION OF INJURY,0,0,0,0,0,2,0,9,5,6,41.88671843,-87.74535162
6/2/2019 4:30,30,STOP SIGN/FLASHER,NO CONTROLS,CLEAR,DAWN,TURNING,ONE-WAY,STRAIGHT AND LEVEL,DRY,UNKNOWN,ON SCENE,NO INJURY / DRIVE AWAY,,"$501 - $1,500",IMPROPER OVERTAKING/PASSING,IMPROPER OVERTAKING/PASSING,4300,S,FAIRFIELD AVE,922,2,NO INDICATION OF INJURY,0,0,0,0,0,2,0,4,1,6,41.81546917,-87.69334579
6/8/2019 16:35,15,NO CONTROLS,NO CONTROLS,CLEAR,DAYLIGHT,PARKED MOTOR VEHICLE,PARKING LOT,STRAIGHT AND LEVEL,DRY,NO DEFECTS,ON SCENE,NO INJURY / DRIVE AWAY,,"$501 - $1,500",UNABLE TO DETERMINE,NOT APPLICABLE,2315,W,OGDEN AVE,1233,2,NO INDICATION OF INJURY,0,0,0,0,0,1,0,16,7,6,41.86619115,-87.68406096
6/10/2019 16:45,30,NO CONTROLS,NO CONTROLS,CLEAR,DAYLIGHT,REAR END,OTHER,STRAIGHT AND LEVEL,DRY,NO DEFECTS,ON SCENE,NO INJURY / DRIVE AWAY,,"OVER $1,500",FAILING TO REDUCE SPEED TO AVOID CRASH,NOT APPLICABLE,1050,W,NORTH AVE,1811,2,NO INDICATION OF INJURY,0,0,0,0,0,2,0,16,2,6,41.9109188,-87.65500552
6/6/2019 12:14,30,STOP SIGN/FLASHER,FUNCTIONING PROPERLY,CLEAR,DAYLIGHT,PARKED MOTOR VEHICLE,ONE-WAY,STRAIGHT AND LEVEL,DRY,NO DEFECTS,NOT ON SCENE (DESK REPORT),NO INJURY / DRIVE AWAY,,"OVER $1,500",UNABLE TO DETERMINE,NOT APPLICABLE,2445,E,85TH ST,423,2,NO INDICATION OF INJURY,0,0,0,0,0,3,0,12,5,6,41.74074184,-87.56428573
6/2/2019 21:00,30,TRAFFIC SIGNAL,FUNCTIONING PROPERLY,CLEAR,DAWN,REAR TO FRONT,NOT DIVIDED,STRAIGHT AND LEVEL,UNKNOWN,UNKNOWN,NOT ON SCENE (DESK REPORT),NO INJURY / DRIVE AWAY,Y,$500 OR LESS,UNABLE TO DETERMINE,NOT APPLICABLE,5600,S,HYDE PARK DR,331,2,NO INDICATION OF INJURY,0,0,0,0,0,4,0,21,1,6,41.79337895,-87.58405382
6/7/2019 17:15,30,TRAFFIC SIGNAL,FUNCTIONING PROPERLY,CLEAR,DAYLIGHT,SIDESWIPE SAME DIRECTION,NOT DIVIDED,STRAIGHT AND LEVEL,DRY,UNKNOWN,NOT ON SCENE (DESK REPORT),NO INJURY / DRIVE AWAY,,"OVER $1,500",IMPROPER LANE USAGE,NOT APPLICABLE,2400,W,LOGAN BLVD,1411,2,NO INDICATION OF INJURY,0,0,0,0,0,4,0,17,6,6,41.92871132,-87.68788275
6/6/2019 15:03,30,STOP SIGN/FLASHER,FUNCTIONING PROPERLY,CLEAR,DAYLIGHT,SIDESWIPE SAME DIRECTION,DIVIDED - W/MEDIAN (NOT RAISED),STRAIGHT AND LEVEL,DRY,NO DEFECTS,ON SCENE,NO INJURY / DRIVE AWAY,,"$501 - $1,500",IMPROPER LANE USAGE,IMPROPER OVERTAKING/PASSING,2955,W,FULTON ST,1222,2,NO INDICATION OF INJURY,0,0,0,0,0,2,0,15,5,6,41.88637483,-87.70108145
6/3/2019 8:30,20,TRAFFIC SIGNAL,FUNCTIONING PROPERLY,CLEAR,DAYLIGHT,TURNING,DIVIDED - W/MEDIAN (NOT RAISED),STRAIGHT AND LEVEL,DRY,NO DEFECTS,NOT ON SCENE (DESK REPORT),NO INJURY / DRIVE AWAY,Y,"$501 - $1,500",UNABLE TO DETERMINE,NOT APPLICABLE,5601,W,WASHINGTON BLVD,1513,2,NO INDICATION OF INJURY,0,0,0,0,0,2,0,8,2,6,41.88213362,-87.76500658
6/13/2019 16:14,30,TRAFFIC SIGNAL,FUNCTIONING PROPERLY,CLEAR,DAYLIGHT,REAR END,DIVIDED - W/MEDIAN (NOT RAISED),STRAIGHT AND LEVEL,DRY,NO DEFECTS,ON SCENE,INJURY AND / OR TOW DUE TO CRASH,Y,"$501 - $1,500",FOLLOWING TOO CLOSELY,UNABLE TO DETERMINE,1500,W,99TH ST,2213,2,NO INDICATION OF INJURY,0,0,0,0,0,2,0,16,5,6,41.71410548,-87.66035848
6/14/2019 7:02,35,NO CONTROLS,NO CONTROLS,CLEAR,DAYLIGHT,PARKED MOTOR VEHICLE,OTHER,STRAIGHT AND LEVEL,DRY,NO DEFECTS,ON SCENE,NO INJURY / DRIVE AWAY,,"OVER $1,500",UNABLE TO DETERMINE,NOT APPLICABLE,1331,S,MICHIGAN AVE,132,3,NO INDICATION OF INJURY,0,0,0,0,0,1,0,7,6,6,41.86489625,-87.62394654
6/13/2019 11:54,30,STOP SIGN/FLASHER,FUNCTIONING PROPERLY,CLOUDY/OVERCAST,DAYLIGHT,TURNING,DIVIDED - W/MEDIAN (NOT RAISED),STRAIGHT AND LEVEL,DRY,NO DEFECTS,ON SCENE,INJURY AND / OR TOW DUE TO CRASH,Y,"OVER $1,500",FAILING TO YIELD RIGHT-OF-WAY,NOT APPLICABLE,6200,S,NARRAGANSETT AVE,812,2,NO INDICATION OF INJURY,0,0,0,0,0,2,0,11,5,6,41.77941341,-87.78147472
6/9/2019 14:20,20,NO CONTROLS,NO CONTROLS,CLEAR,UNKNOWN,PARKED MOTOR VEHICLE,ONE-WAY,STRAIGHT AND LEVEL,DRY,NO DEFECTS,ON SCENE,INJURY AND / OR TOW DUE TO CRASH,,"OVER $1,500",NOT APPLICABLE,NOT APPLICABLE,241,W,ALEXANDER ST,914,2,NO INDICATION OF INJURY,0,0,0,0,0,1,0,14,1,6,41.85132156,-87.63359425
6/14/2019 17:17,35,OTHER WARNING SIGN,UNKNOWN,CLEAR,DAYLIGHT,REAR END,DIVIDED - W/MEDIAN (NOT RAISED),STRAIGHT AND LEVEL,DRY,NO DEFECTS,ON SCENE,NO INJURY / DRIVE AWAY,,"OVER $1,500",FOLLOWING TOO CLOSELY,UNABLE TO DETERMINE,3335,W,CHICAGO AVE,1121,2,NO INDICATION OF INJURY,0,0,0,0,0,3,0,17,6,6,41.89540658,-87.71035368
6/8/2019 20:30,30,NO CONTROLS,NO CONTROLS,CLEAR,DAYLIGHT,FIXED OBJECT,DIVIDED - W/MEDIAN (NOT RAISED),STRAIGHT AND LEVEL,DRY,NO DEFECTS,NOT ON SCENE (DESK REPORT),NO INJURY / DRIVE AWAY,,"OVER $1,500",ROAD ENGINEERING/SURFACE/MARKING DEFECTS,ROAD ENGINEERING/SURFACE/MARKING DEFECTS,1331,W,HOWARD ST,2422,1,NO INDICATION OF INJURY,0,0,0,0,0,1,0,20,7,6,42.01915868,-87.66480994
6/13/2019 6:40,30,TRAFFIC SIGNAL,FUNCTIONING PROPERLY,CLEAR,DAYLIGHT,SIDESWIPE OPPOSITE DIRECTION,ONE-WAY,STRAIGHT AND LEVEL,DRY,NO DEFECTS,NOT ON SCENE (DESK REPORT),NO INJURY / DRIVE AWAY,Y,"$501 - $1,500",IMPROPER BACKING,IMPROPER BACKING,400,S,FINANCIAL PL,122,2,NO INDICATION OF INJURY,0,0,0,0,0,2,0,6,5,6,41.87679744,-87.63325591
6/9/2019 11:00,30,NO CONTROLS,NO CONTROLS,UNKNOWN,DAYLIGHT,PARKED MOTOR VEHICLE,PARKING LOT,STRAIGHT ON GRADE,UNKNOWN,NO DEFECTS,ON SCENE,NO INJURY / DRIVE AWAY,,"$501 - $1,500",UNABLE TO DETERMINE,UNABLE TO DETERMINE,3352,W,LAWRENCE AVE,1713,2,NO INDICATION OF INJURY,0,0,0,0,0,1,0,11,1,6,41.96851294,-87.71305127
6/15/2019 2:18,30,TRAFFIC SIGNAL,FUNCTIONING PROPERLY,CLEAR,"DARKNESS, LIGHTED ROAD",TURNING,ONE-WAY,STRAIGHT AND LEVEL,DRY,NO DEFECTS,ON SCENE,NO INJURY / DRIVE AWAY,Y,"$501 - $1,500",FOLLOWING TOO CLOSELY,UNABLE TO DETERMINE,100,W,ERIE ST,1832,2,NO INDICATION OF INJURY,0,0,0,0,0,3,0,2,7,6,41.89413978,-87.6312643
6/3/2019 15:55,50,NO CONTROLS,NO CONTROLS,CLEAR,DAYLIGHT,REAR END,DIVIDED - W/MEDIAN (NOT RAISED),STRAIGHT AND LEVEL,DRY,NO DEFECTS,ON SCENE,INJURY AND / OR TOW DUE TO CRASH,,"OVER $1,500",DRIVING SKILLS/KNOWLEDGE/EXPERIENCE,NOT APPLICABLE,12000,W,IRVING PARK RD,1654,4,"REPORTED, NOT EVIDENT",5,0,0,0,5,0,0,15,2,6,41.95546423,-87.92726168
6/2/2019 18:15,30,NO CONTROLS,NO CONTROLS,CLEAR,DAYLIGHT,PEDALCYCLIST,NOT DIVIDED,STRAIGHT AND LEVEL,DRY,NO DEFECTS,ON SCENE,INJURY AND / OR TOW DUE TO CRASH,,"OVER $1,500","VISION OBSCURED (SIGNS, TREE LIMBS, BUILDINGS, ETC.)",NOT APPLICABLE,2112,W,47TH ST,924,2,NONINCAPACITATING INJURY,1,0,0,1,0,2,0,18,1,6,41.80860207,-87.67764797
6/10/2019 19:50,25,NO CONTROLS,NO CONTROLS,CLEAR,DAYLIGHT,ANGLE,ALLEY,STRAIGHT AND LEVEL,DRY,NO DEFECTS,NOT ON SCENE (DESK REPORT),NO INJURY / DRIVE AWAY,,"OVER $1,500",IMPROPER BACKING,NOT APPLICABLE,7212,W,PRATT AVE,1611,2,NO INDICATION OF INJURY,0,0,0,0,0,4,0,19,2,6,42.00456601,-87.80725597
6/10/2019 11:30,30,NO CONTROLS,NO CONTROLS,CLEAR,DAYLIGHT,SIDESWIPE OPPOSITE DIRECTION,NOT DIVIDED,STRAIGHT AND LEVEL,DRY,NO DEFECTS,ON SCENE,NO INJURY / DRIVE AWAY,,"OVER $1,500",FAILING TO REDUCE SPEED TO AVOID CRASH,FAILING TO YIELD RIGHT-OF-WAY,4142,W,26TH ST,1013,2,NO INDICATION OF INJURY,0,0,0,0,0,2,0,11,2,6,41.84430519,-87.72880836
6/14/2019 10:45,30,TRAFFIC SIGNAL,FUNCTIONING PROPERLY,CLEAR,DAYLIGHT,REAR END,ONE-WAY,STRAIGHT AND LEVEL,DRY,NO DEFECTS,NOT ON SCENE (DESK REPORT),NO INJURY / DRIVE AWAY,,"$501 - $1,500",FOLLOWING TOO CLOSELY,FOLLOWING TOO CLOSELY,8658,S,STATE ST,632,2,NO INDICATION OF INJURY,0,0,0,0,0,2,0,10,6,6,41.73635506,-87.62430813
6/7/2019 9:22,30,TRAFFIC SIGNAL,FUNCTIONING PROPERLY,CLEAR,DAYLIGHT,FIXED OBJECT,ONE-WAY,STRAIGHT AND LEVEL,DRY,NO DEFECTS,ON SCENE,INJURY AND / OR TOW DUE TO CRASH,N,"OVER $1,500",NOT APPLICABLE,NOT APPLICABLE,11500,S,MARSHFIELD AVE,2234,1,NONINCAPACITATING INJURY,1,0,0,1,0,0,0,9,6,6,41.68470876,-87.66285576
6/13/2019 7:55,30,STOP SIGN/FLASHER,FUNCTIONING PROPERLY,CLOUDY/OVERCAST,DAYLIGHT,REAR END,DIVIDED - W/MEDIAN (NOT RAISED),STRAIGHT AND LEVEL,DRY,NO DEFECTS,ON SCENE,NO INJURY / DRIVE AWAY,Y,"$501 - $1,500",DISTRACTION - FROM OUTSIDE VEHICLE,NOT APPLICABLE,1928,W,PERSHING RD,912,3,NO INDICATION OF INJURY,0,0,0,0,0,3,0,7,5,6,41.82336982,-87.67381144
6/7/2019 16:20,20,NO CONTROLS,NO CONTROLS,CLEAR,DAYLIGHT,TURNING,NOT DIVIDED,STRAIGHT AND LEVEL,DRY,NO DEFECTS,NOT ON SCENE (DESK REPORT),NO INJURY / DRIVE AWAY,,"OVER $1,500",UNABLE TO DETERMINE,UNABLE TO DETERMINE,1821,W,SUNNYSIDE AVE,1912,2,NO INDICATION OF INJURY,0,0,0,0,0,2,0,16,6,6,41.96321552,-87.67547651
6/4/2019 13:20,0,NO CONTROLS,NO CONTROLS,CLEAR,DAYLIGHT,PARKED MOTOR VEHICLE,PARKING LOT,STRAIGHT AND LEVEL,DRY,NO DEFECTS,ON SCENE,NO INJURY / DRIVE AWAY,,"$501 - $1,500",UNABLE TO DETERMINE,UNABLE TO DETERMINE,1739,W,CERMAK RD,1034,3,NO INDICATION OF INJURY,0,0,0,0,0,2,0,13,3,6,41.8521512,-87.6700746
6/11/2019 8:40,30,TRAFFIC SIGNAL,FUNCTIONING PROPERLY,CLEAR,DAYLIGHT,REAR END,DIVIDED - W/MEDIAN BARRIER,STRAIGHT AND LEVEL,DRY,NO DEFECTS,NOT ON SCENE (DESK REPORT),NO INJURY / DRIVE AWAY,Y,"$501 - $1,500",UNABLE TO DETERMINE,NOT APPLICABLE,50,E,GARFIELD BLVD,225,2,NO INDICATION OF INJURY,0,0,0,0,0,3,0,8,3,6,41.79477876,-87.62382804
6/11/2019 9:30,30,NO CONTROLS,NO CONTROLS,CLEAR,DAYLIGHT,PARKED MOTOR VEHICLE,NOT DIVIDED,STRAIGHT AND LEVEL,DRY,NO DEFECTS,NOT ON SCENE (DESK REPORT),NO INJURY / DRIVE AWAY,,"$501 - $1,500",IMPROPER OVERTAKING/PASSING,NOT APPLICABLE,5098,W,AUGUSTA BLVD,1531,2,NO INDICATION OF INJURY,0,0,0,0,0,2,0,9,3,6,41.89871807,-87.75318237
6/13/2019 11:45,0,TRAFFIC SIGNAL,FUNCTIONING PROPERLY,CLEAR,DAYLIGHT,REAR END,DIVIDED - W/MEDIAN BARRIER,STRAIGHT AND LEVEL,DRY,NO DEFECTS,NOT ON SCENE (DESK REPORT),NO INJURY / DRIVE AWAY,,"OVER $1,500",UNABLE TO DETERMINE,NOT APPLICABLE,7400,S,STONY ISLAND AVE,324,2,NO INDICATION OF INJURY,0,0,0,0,0,2,0,11,5,6,41.76054115,-87.58633028
6/8/2019 22:49,30,TRAFFIC SIGNAL,UNKNOWN,CLEAR,"DARKNESS, LIGHTED ROAD",REAR END,NOT DIVIDED,STRAIGHT AND LEVEL,UNKNOWN,UNKNOWN,ON SCENE,INJURY AND / OR TOW DUE TO CRASH,,"OVER $1,500",UNABLE TO DETERMINE,NOT APPLICABLE,1202,N,CLARK ST,1821,2,NONINCAPACITATING INJURY,1,0,0,1,0,2,0,22,7,6,41.90404691,-87.63159658
6/11/2019 7:29,30,TRAFFIC SIGNAL,FUNCTIONING PROPERLY,CLEAR,DAYLIGHT,REAR END,NOT DIVIDED,STRAIGHT AND LEVEL,DRY,NO DEFECTS,NOT ON SCENE (DESK REPORT),NO INJURY / DRIVE AWAY,,"OVER $1,500",UNABLE TO DETERMINE,UNABLE TO DETERMINE,800,E,79TH ST,624,2,NO INDICATION OF INJURY,0,0,0,0,0,2,0,7,3,6,41.7513967,-87.60515466
6/7/2019 16:45,30,STOP SIGN/FLASHER,NO CONTROLS,CLEAR,DAYLIGHT,SIDESWIPE OPPOSITE DIRECTION,NOT DIVIDED,STRAIGHT AND LEVEL,DRY,NO DEFECTS,NOT ON SCENE (DESK REPORT),NO INJURY / DRIVE AWAY,Y,"OVER $1,500",FAILING TO YIELD RIGHT-OF-WAY,NOT APPLICABLE,3900,W,PALMER ST,2525,2,NO INDICATION OF INJURY,0,0,0,0,0,2,0,16,6,6,41.92095816,-87.72430341
6/1/2019 14:40,30,UNKNOWN,UNKNOWN,CLEAR,DAYLIGHT,OTHER NONCOLLISION,NOT DIVIDED,STRAIGHT AND LEVEL,DRY,UNKNOWN,ON SCENE,INJURY AND / OR TOW DUE TO CRASH,Y,"OVER $1,500",NOT APPLICABLE,NOT APPLICABLE,611,S,CANAL ST,124,1,NO INDICATION OF INJURY,0,0,0,0,0,2,0,14,7,6,41.87407421,-87.63927667
6/10/2019 14:00,30,NO CONTROLS,NO CONTROLS,CLEAR,DAYLIGHT,ANGLE,NOT DIVIDED,STRAIGHT AND LEVEL,DRY,NO DEFECTS,NOT ON SCENE (DESK REPORT),NO INJURY / DRIVE AWAY,Y,"$501 - $1,500",FAILING TO YIELD RIGHT-OF-WAY,UNABLE TO DETERMINE,6300,N,CALDWELL AVE,1621,2,NO INDICATION OF INJURY,0,0,0,0,0,2,0,14,2,6,41.99571867,-87.76358938
6/10/2019 15:50,30,TRAFFIC SIGNAL,FUNCTIONING PROPERLY,CLEAR,DAYLIGHT,FIXED OBJECT,CENTER TURN LANE,STRAIGHT AND LEVEL,DRY,NO DEFECTS,ON SCENE,NO INJURY / DRIVE AWAY,N,"OVER $1,500",DISREGARDING OTHER TRAFFIC SIGNS,DRIVING SKILLS/KNOWLEDGE/EXPERIENCE,3500,S,HALSTED ST,915,1,NO INDICATION OF INJURY,0,0,0,0,0,1,0,15,2,6,41.83069534,-87.64625092
6/12/2019 13:06,30,TRAFFIC SIGNAL,FUNCTIONING PROPERLY,RAIN,DAYLIGHT,PEDESTRIAN,FOUR WAY,STRAIGHT AND LEVEL,WET,NO DEFECTS,ON SCENE,INJURY AND / OR TOW DUE TO CRASH,Y,"OVER $1,500",DISTRACTION - FROM INSIDE VEHICLE,FAILING TO YIELD RIGHT-OF-WAY,1598,N,FREMONT ST,1822,2,NONINCAPACITATING INJURY,1,0,0,1,0,1,0,13,4,6,41.91081828,-87.651251
6/15/2019 10:00,25,NO CONTROLS,NO CONTROLS,UNKNOWN,UNKNOWN,PARKED MOTOR VEHICLE,NOT DIVIDED,STRAIGHT AND LEVEL,UNKNOWN,UNKNOWN,ON SCENE,NO INJURY / DRIVE AWAY,,"OVER $1,500",UNABLE TO DETERMINE,UNABLE TO DETERMINE,10059,S,CALIFORNIA AVE,2211,2,NO INDICATION OF INJURY,0,0,0,0,0,1,0,10,7,6,41.70997714,-87.69146996
6/14/2019 13:39,30,NO CONTROLS,NO CONTROLS,CLEAR,DAYLIGHT,TURNING,DIVIDED - W/MEDIAN BARRIER,STRAIGHT AND LEVEL,DRY,NO DEFECTS,NOT ON SCENE (DESK REPORT),NO INJURY / DRIVE AWAY,,"$501 - $1,500",IMPROPER LANE USAGE,IMPROPER LANE USAGE,9458,S,STONY ISLAND AVE,413,2,NO INDICATION OF INJURY,0,0,0,0,0,2,0,13,6,6,41.72237436,-87.58527627
6/7/2019 2:02,30,TRAFFIC SIGNAL,FUNCTIONING PROPERLY,CLEAR,"DARKNESS, LIGHTED ROAD",REAR END,NOT DIVIDED,STRAIGHT AND LEVEL,DRY,NO DEFECTS,ON SCENE,INJURY AND / OR TOW DUE TO CRASH,Y,"OVER $1,500",FAILING TO REDUCE SPEED TO AVOID CRASH,HAD BEEN DRINKING (USE WHEN ARREST IS NOT MADE),4158,W,ADDISON ST,1731,2,NONINCAPACITATING INJURY,1,0,0,1,0,1,0,2,6,6,41.94643077,-87.73140785
6/7/2019 14:37,35,NO CONTROLS,NO CONTROLS,CLEAR,DAYLIGHT,FIXED OBJECT,ONE-WAY,STRAIGHT AND LEVEL,DRY,NO DEFECTS,,INJURY AND / OR TOW DUE TO CRASH,,"OVER $1,500",DRIVING ON WRONG SIDE/WRONG WAY,IMPROPER OVERTAKING/PASSING,4301,W,LAKE ST,1114,1,INCAPACITATING INJURY,2,0,2,0,0,0,0,14,6,6,41.88578167,-87.73332013
6/7/2019 14:50,30,NO CONTROLS,NO CONTROLS,CLEAR,DAYLIGHT,PEDESTRIAN,NOT DIVIDED,STRAIGHT AND LEVEL,DRY,NO DEFECTS,ON SCENE,INJURY AND / OR TOW DUE TO CRASH,,"OVER $1,500",UNABLE TO DETERMINE,UNABLE TO DETERMINE,9859,S,COMMERCIAL AVE,431,2,NONINCAPACITATING INJURY,1,0,0,1,0,1,0,14,6,6,41.7155551,-87.55083096
6/10/2019 20:00,30,TRAFFIC SIGNAL,FUNCTIONING PROPERLY,CLEAR,DAYLIGHT,TURNING,OTHER,STRAIGHT AND LEVEL,DRY,NO DEFECTS,NOT ON SCENE (DESK REPORT),NO INJURY / DRIVE AWAY,,"OVER $1,500",FOLLOWING TOO CLOSELY,UNABLE TO DETERMINE,511,N,COLUMBUS DR,1834,3,NO INDICATION OF INJURY,0,0,0,0,0,4,0,20,2,6,41.89140488,-87.62008123
6/11/2019 10:18,30,NO CONTROLS,NO CONTROLS,CLEAR,DAYLIGHT,TURNING,FOUR WAY,STRAIGHT AND LEVEL,DRY,NO DEFECTS,NOT ON SCENE (DESK REPORT),NO INJURY / DRIVE AWAY,Y,"$501 - $1,500",UNABLE TO DETERMINE,UNABLE TO DETERMINE,800,E,87TH PL,632,2,NO INDICATION OF INJURY,0,0,0,0,0,2,0,10,3,6,41.73584953,-87.6046317
6/12/2019 2:20,30,NO CONTROLS,NO CONTROLS,CLEAR,"DARKNESS, LIGHTED ROAD",PARKED MOTOR VEHICLE,NOT DIVIDED,STRAIGHT AND LEVEL,DRY,NO DEFECTS,ON SCENE,NO INJURY / DRIVE AWAY,,"OVER $1,500",UNABLE TO DETERMINE,UNABLE TO DETERMINE,1858,N,MILWAUKEE AVE,1434,3,NO INDICATION OF INJURY,0,0,0,0,0,1,0,2,4,6,41.91508632,-87.68495607
6/7/2019 13:30,30,TRAFFIC SIGNAL,FUNCTIONING PROPERLY,CLEAR,DAYLIGHT,REAR END,ONE-WAY,STRAIGHT AND LEVEL,DRY,NO DEFECTS,NOT ON SCENE (DESK REPORT),INJURY AND / OR TOW DUE TO CRASH,,"OVER $1,500",UNABLE TO DETERMINE,NOT APPLICABLE,1200,W,81ST ST,612,2,"REPORTED, NOT EVIDENT",2,0,0,0,2,1,0,13,6,6,41.74696649,-87.65370366
6/11/2019 17:30,25,NO CONTROLS,NO CONTROLS,CLEAR,DAYLIGHT,PARKED MOTOR VEHICLE,NOT DIVIDED,STRAIGHT AND LEVEL,DRY,NO DEFECTS,NOT ON SCENE (DESK REPORT),NO INJURY / DRIVE AWAY,,$500 OR LESS,UNABLE TO DETERMINE,UNABLE TO DETERMINE,7750,N,HASKINS AVE,2422,2,NO INDICATION OF INJURY,0,0,0,0,0,1,0,17,3,6,42.02224791,-87.67527497
6/13/2019 15:00,10,NO CONTROLS,NO CONTROLS,CLEAR,DAYLIGHT,FIXED OBJECT,PARKING LOT,STRAIGHT AND LEVEL,DRY,NO DEFECTS,NOT ON SCENE (DESK REPORT),NO INJURY / DRIVE AWAY,,"OVER $1,500",DRIVING SKILLS/KNOWLEDGE/EXPERIENCE,UNABLE TO DETERMINE,3300,W,63RD PL,823,1,NO INDICATION OF INJURY,0,0,0,0,0,1,0,15,5,6,41.77811708,-87.70565693