CRASH_DATE,POSTED_SPEED_LIMIT,TRAFFIC_CONTROL_DEVICE,DEVICE_CONDITION,WEATHER_CONDITION,LIGHTING_CONDITION,FIRST_CRASH_TYPE,TRAFFICWAY_TYPE,ALIGNMENT,ROADWAY_SURFACE_COND,ROAD_DEFECT,REPORT_TYPE,CRASH_TYPE,INTERSECTION_RELATED_I,DAMAGE,PRIM_CONTRIBUTORY_CAUSE,SEC_CONTRIBUTORY_CAUSE,STREET_NO,STREET_DIRECTION,STREET_NAME,BEAT_OF_OCCURRENCE,NUM_UNITS,MOST_SEVERE_INJURY,INJURIES_TOTAL,INJURIES_FATAL,INJURIES_INCAPACITATING,INJURIES_NON_INCAPACITATING,INJURIES_REPORTED_NOT_EVIDENT,INJURIES_NO_INDICATION,INJURIES_UNKNOWN,CRASH_HOUR,CRASH_DAY_OF_WEEK,CRASH_MONTH,LATITUDE,LONGITUDE
6/11/2019 19:44,30,NO CONTROLS,NO CONTROLS,CLEAR,DAYLIGHT,PEDALCYCLIST,DIVIDED - W/MEDIAN (NOT RAISED),STRAIGHT AND LEVEL,DRY,NO DEFECTS,ON SCENE,INJURY AND / OR TOW DUE TO CRASH,,"$501 - $1,500",UNABLE TO DETERMINE,NOT APPLICABLE,1521,N,MILWAUKEE AVE,1424,2,NONINCAPACITATING INJURY,1,0,0,1,0,2,0,19,3,6,41.90923596,-87.67545554
6/1/2019 21:43,30,TRAFFIC SIGNAL,FUNCTIONING PROPERLY,CLEAR,"DARKNESS, LIGHTED ROAD",REAR END,DIVIDED - W/MEDIAN BARRIER,STRAIGHT ON GRADE,DRY,NO DEFECTS,ON SCENE,NO INJURY / DRIVE AWAY,,"OVER $1,500",DRIVING SKILLS/KNOWLEDGE/EXPERIENCE,DRIVING SKILLS/KNOWLEDGE/EXPERIENCE,5498,N,HARLEM AVE,1613,2,NO INDICATION OF INJURY,0,0,0,0,0,2,0,21,7,6,41.98102038,-87.80711173
6/12/2019 0:15,30,NO CONTROLS,NO CONTROLS,CLEAR,"DARKNESS, LIGHTED ROAD",PARKED MOTOR VEHICLE,NOT DIVIDED,STRAIGHT AND LEVEL,DRY,UNKNOWN,ON SCENE,INJURY AND / OR TOW DUE TO CRASH,,"OVER $1,500",IMPROPER BACKING,UNABLE TO DETERMINE,4019,W,26TH ST,1031,2,NONINCAPACITATING INJURY,1,0,0,1,0,2,0,0,4,6,41.84413341,-87.72536374
6/12/2019 10:30,30,NO CONTROLS,NO CONTROLS,CLOUDY/OVERCAST,DAYLIGHT,SIDESWIPE SAME DIRECTION,ONE-WAY,STRAIGHT AND LEVEL,DRY,NO DEFECTS,NOT ON SCENE (DESK REPORT),NO INJURY / DRIVE AWAY,,"OVER $1,500",UNABLE TO DETERMINE,NOT APPLICABLE,425,S,CANAL ST,121,2,NO INDICATION OF INJURY,0,0,0,0,0,2,0,10,4,6,41.87600193,-87.63949613
6/13/2019 14:30,30,NO CONTROLS,NO CONTROLS,CLEAR,DAYLIGHT,FIXED OBJECT,NOT DIVIDED,STRAIGHT AND LEVEL,DRY,"RUT, HOLES",ON SCENE,INJURY AND / OR TOW DUE TO CRASH,,"OVER $1,500",UNABLE TO DETERMINE,NOT APPLICABLE,2108,S,KEDZIE AVE,1022,1,NO INDICATION OF INJURY,0,0,0,0,0,1,0,14,5,6,41.85336316,-87.7054472
6/1/2019 12:00,25,NO CONTROLS,NO CONTROLS,CLEAR,DAYLIGHT,PARKED MOTOR VEHICLE,ONE-WAY,STRAIGHT AND LEVEL,DRY,NO DEFECTS,NOT ON SCENE (DESK REPORT),NO INJURY / DRIVE AWAY,,"$501 - $1,500",UNABLE TO DETERMINE,UNABLE TO DETERMINE,4741,W,BYRON ST,1731,2,NO INDICATION OF INJURY,0,0,0,0,0,1,0,12,7,6,41.95147333,-87.74631594
6/4/2019 15:53,30,NO CONTROLS,NO CONTROLS,CLEAR,DAYLIGHT,ANGLE,T-INTERSECTION,STRAIGHT AND LEVEL,DRY,NO DEFECTS,ON SCENE,NO INJURY / DRIVE AWAY,Y,"$501 - $1,500",UNABLE TO DETERMINE,NOT APPLICABLE,5457,N,LUDLAM AVE,1623,2,NO INDICATION OF INJURY,0,0,0,0,0,2,0,15,3,6,41.98018108,-87.76047725
6/13/2019 10:45,30,NO CONTROLS,NO CONTROLS,CLEAR,DAYLIGHT,REAR END,DIVIDED - W/MEDIAN BARRIER,STRAIGHT AND LEVEL,DRY,NO DEFECTS,NOT ON SCENE (DESK REPORT),NO INJURY / DRIVE AWAY,,"$501 - $1,500",UNABLE TO DETERMINE,UNABLE TO DETERMINE,5900,N,BROADWAY,2013,2,NO INDICATION OF INJURY,0,0,0,0,0,2,0,10,5,6,41.98910772,-87.66038728
6/13/2019 15:18,30,NO CONTROLS,NO CONTROLS,CLEAR,DAYLIGHT,TURNING,PARKING LOT,STRAIGHT AND LEVEL,DRY,NO DEFECTS,NOT ON SCENE (DESK REPORT),NO INJURY / DRIVE AWAY,,"OVER $1,500",FAILING TO YIELD RIGHT-OF-WAY,NOT APPLICABLE,2500,N,CENTRAL AVE,2515,2,NO INDICATION OF INJURY,0,0,0,0,0,3,0,15,5,6,41.92589288,-87.76620483
6/12/2019 9:55,30,TRAFFIC SIGNAL,FUNCTIONING PROPERLY,CLEAR,DAYLIGHT,TURNING,FOUR WAY,STRAIGHT AND LEVEL,DRY,NO DEFECTS,ON SCENE,INJURY AND / OR TOW DUE TO CRASH,Y,"OVER $1,500",FAILING TO YIELD RIGHT-OF-WAY,NOT APPLICABLE,4381,W,OGDEN AVE,1013,2,NO INDICATION OF INJURY,0,0,0,0,0,2,0,9,4,6,41.84770314,-87.73401348
6/15/2019 6:30,30,NO CONTROLS,NO CONTROLS,CLEAR,DAWN,PARKED MOTOR VEHICLE,ONE-WAY,STRAIGHT AND LEVEL,DRY,NO DEFECTS,NOT ON SCENE (DESK REPORT),NO INJURY / DRIVE AWAY,,"OVER $1,500",UNABLE TO DETERMINE,NOT APPLICABLE,4313,N,SPRINGFIELD AVE,1723,2,NO INDICATION OF INJURY,0,0,0,0,0,1,0,6,7,6,41.95958899,-87.72519318
6/7/2019 18:25,30,TRAFFIC SIGNAL,FUNCTIONING PROPERLY,CLEAR,DAYLIGHT,ANGLE,DIVIDED - W/MEDIAN (NOT RAISED),STRAIGHT AND LEVEL,DRY,NO DEFECTS,NOT ON SCENE (DESK REPORT),NO INJURY / DRIVE AWAY,,"OVER $1,500",NOT APPLICABLE,NOT APPLICABLE,5885,S,CENTRAL AVE,813,2,NO INDICATION OF INJURY,0,0,0,0,0,2,0,18,6,6,41.78572821,-87.76189092
6/4/2019 7:00,30,STOP SIGN/FLASHER,NO CONTROLS,CLEAR,DAYLIGHT,REAR END,NOT DIVIDED,STRAIGHT AND LEVEL,DRY,NO DEFECTS,NOT ON SCENE (DESK REPORT),NO INJURY / DRIVE AWAY,,"OVER $1,500",UNABLE TO DETERMINE,FAILING TO REDUCE SPEED TO AVOID CRASH,200,W,WACKER DR,122,2,NO INDICATION OF INJURY,0,0,0,0,0,3,0,7,3,6,41.88704088,-87.63404251
6/1/2019 19:00,30,NO CONTROLS,FUNCTIONING PROPERLY,UNKNOWN,UNKNOWN,PARKED MOTOR VEHICLE,ONE-WAY,STRAIGHT AND LEVEL,UNKNOWN,NO DEFECTS,NOT ON SCENE (DESK REPORT),NO INJURY / DRIVE AWAY,,"OVER $1,500",UNABLE TO DETERMINE,NOT APPLICABLE,6521,S,YALE AVE,722,2,NO INDICATION OF INJURY,0,0,0,0,0,1,0,19,7,6,41.77590539,-87.63156426
6/15/2019 14:05,30,NO CONTROLS,NO CONTROLS,CLEAR,DAYLIGHT,PARKED MOTOR VEHICLE,PARKING LOT,STRAIGHT AND LEVEL,DRY,NO DEFECTS,NOT ON SCENE (DESK REPORT),NO INJURY / DRIVE AWAY,,"$501 - $1,500",NOT APPLICABLE,NOT APPLICABLE,5900,S,LAWNDALE AVE,822,2,NO INDICATION OF INJURY,0,0,0,0,0,1,0,14,7,6,41.78600465,-87.71574876
6/4/2019 12:32,30,TRAFFIC SIGNAL,FUNCTIONING PROPERLY,CLEAR,DAYLIGHT,TURNING,NOT DIVIDED,STRAIGHT AND LEVEL,WET,NO DEFECTS,,INJURY AND / OR TOW DUE TO CRASH,Y,"OVER $1,500",FAILING TO YIELD RIGHT-OF-WAY,NOT APPLICABLE,5001,W,DIVISION ST,1531,2,NO INDICATION OF INJURY,0,0,0,0,0,2,0,12,3,6,41.90219097,-87.75093176
6/14/2019 23:17,30,TRAFFIC SIGNAL,FUNCTIONING PROPERLY,CLEAR,DARKNESS,FIXED OBJECT,DIVIDED - W/MEDIAN BARRIER,STRAIGHT AND LEVEL,WET,NO DEFECTS,ON SCENE,INJURY AND / OR TOW DUE TO CRASH,,"OVER $1,500",IMPROPER LANE USAGE,NOT APPLICABLE,6916,S,WENTWORTH AVE,731,1,NO INDICATION OF INJURY,0,0,0,0,0,4,0,23,6,6,41.76853578,-87.63000246
6/13/2019 4:30,30,NO CONTROLS,NO CONTROLS,RAIN,DAYLIGHT,OTHER OBJECT,DRIVEWAY,STRAIGHT AND LEVEL,WET,NO DEFECTS,ON SCENE,NO INJURY / DRIVE AWAY,,"OVER $1,500",WEATHER,WEATHER,313,W,WOLF POINT PLZ,1831,1,NO INDICATION OF INJURY,0,0,0,0,0,1,0,4,5,6,41.88780562,-87.63682821
6/1/2019 14:15,30,NO CONTROLS,NO CONTROLS,CLEAR,DAYLIGHT,PARKED MOTOR VEHICLE,DIVIDED - W/MEDIAN (NOT RAISED),STRAIGHT AND LEVEL,DRY,NO DEFECTS,NOT ON SCENE (DESK REPORT),NO INJURY / DRIVE AWAY,,"OVER $1,500",FOLLOWING TOO CLOSELY,NOT APPLICABLE,20,W,16TH ST,131,2,NO INDICATION OF INJURY,0,0,0,0,0,1,0,14,7,6,41.86026453,-87.62811187
6/9/2019 10:05,45,NO CONTROLS,NO CONTROLS,RAIN,DAYLIGHT,SIDESWIPE SAME DIRECTION,DIVIDED - W/MEDIAN BARRIER,STRAIGHT AND LEVEL,WET,UNKNOWN,ON SCENE,NO INJURY / DRIVE AWAY,,"$501 - $1,500",IMPROPER LANE USAGE,UNABLE TO DETERMINE,2301,S,LAKE SHORE DR E,132,2,NO INDICATION OF INJURY,0,0,0,0,0,2,0,10,1,6,41.85110748,-87.61286663
6/12/2019 21:26,30,NO CONTROLS,NO CONTROLS,RAIN,"DARKNESS, LIGHTED ROAD",PARKED MOTOR VEHICLE,ONE-WAY,STRAIGHT AND LEVEL,WET,NO DEFECTS,ON SCENE,NO INJURY / DRIVE AWAY,,$500 OR LESS,IMPROPER BACKING,NOT APPLICABLE,2456,N,LAVERGNE AVE,2521,2,NO INDICATION OF INJURY,0,0,0,0,0,1,0,21,4,6,41.92592334,-87.75143439
6/13/2019 12:10,30,NO CONTROLS,NO CONTROLS,CLEAR,DAYLIGHT,FIXED OBJECT,DIVIDED - W/MEDIAN (NOT RAISED),STRAIGHT AND LEVEL,DRY,"RUT, HOLES",NOT ON SCENE (DESK REPORT),NO INJURY / DRIVE AWAY,,"$501 - $1,500",UNABLE TO DETERMINE,NOT APPLICABLE,3350,W,HARRISON ST,1134,1,NO INDICATION OF INJURY,0,0,0,0,0,1,0,12,5,6,41.87374222,-87.71041413
6/5/2019 17:30,30,UNKNOWN,UNKNOWN,CLEAR,DAYLIGHT,REAR END,NOT DIVIDED,STRAIGHT AND LEVEL,DRY,UNKNOWN,NOT ON SCENE (DESK REPORT),INJURY AND / OR TOW DUE TO CRASH,,"OVER $1,500",FOLLOWING TOO CLOSELY,FOLLOWING TOO CLOSELY,3659,N,ASHLAND AVE,1922,3,NONINCAPACITATING INJURY,1,0,0,1,0,2,0,17,4,6,41.94872454,-87.66875804
6/10/2019 10:40,30,TRAFFIC SIGNAL,FUNCTIONING PROPERLY,CLEAR,DAYLIGHT,TURNING,ONE-WAY,STRAIGHT AND LEVEL,DRY,NO DEFECTS,ON SCENE,NO INJURY / DRIVE AWAY,Y,"OVER $1,500",DRIVING ON WRONG SIDE/WRONG WAY,NOT APPLICABLE,498,E,ERIE ST,1834,2,NO INDICATION OF INJURY,0,0,0,0,0,3,0,10,2,6,41.89439182,-87.61548974
6/4/2019 18:00,30,NO CONTROLS,NO CONTROLS,CLEAR,DAYLIGHT,PARKED MOTOR VEHICLE,PARKING LOT,STRAIGHT AND LEVEL,DRY,NO DEFECTS,NOT ON SCENE (DESK REPORT),NO INJURY / DRIVE AWAY,,"$501 - $1,500",UNABLE TO DETERMINE,UNABLE TO DETERMINE,5106,S,PULASKI RD,815,2,NO INDICATION OF INJURY,0,0,0,0,0,1,0,18,3,6,41.80013706,-87.72350873
6/6/2019 17:50,30,NO CONTROLS,NO CONTROLS,CLEAR,DAYLIGHT,REAR END,NOT DIVIDED,STRAIGHT AND LEVEL,DRY,NO DEFECTS,NOT ON SCENE (DESK REPORT),NO INJURY / DRIVE AWAY,,"$501 - $1,500",UNABLE TO DETERMINE,UNABLE TO DETERMINE,11300,S,MICHIGAN AVE,531,2,NO INDICATION OF INJURY,0,0,0,0,0,2,0,17,5,6,41.6889361,-87.62115217
6/14/2019 9:45,20,NO CONTROLS,NO CONTROLS,CLEAR,DAYLIGHT,FIXED OBJECT,DRIVEWAY,STRAIGHT AND LEVEL,DRY,NO DEFECTS,ON SCENE,INJURY AND / OR TOW DUE TO CRASH,,"OVER $1,500",DRIVING SKILLS/KNOWLEDGE/EXPERIENCE,UNABLE TO DETERMINE,1816,N,SEDGWICK ST,1813,1,NONINCAPACITATING INJURY,1,0,0,1,0,0,0,9,6,6,41.91524501,-87.63886857
6/14/2019 15:30,30,TRAFFIC SIGNAL,NO CONTROLS,CLEAR,DAYLIGHT,REAR END,DIVIDED - W/MEDIAN (NOT RAISED),STRAIGHT AND LEVEL,DRY,NO DEFECTS,NOT ON SCENE (DESK REPORT),NO INJURY / DRIVE AWAY,Y,"OVER $1,500",FOLLOWING TOO CLOSELY,NOT APPLICABLE,4400,W,45TH ST,815,2,NO INDICATION OF INJURY,0,0,0,0,0,2,0,15,6,6,41.81151288,-87.73358268
6/5/2019 17:30,30,NO CONTROLS,NO CONTROLS,CLEAR,DAYLIGHT,SIDESWIPE OPPOSITE DIRECTION,DIVIDED - W/MEDIAN (NOT RAISED),STRAIGHT AND LEVEL,DRY,NO DEFECTS,NOT ON SCENE (DESK REPORT),NO INJURY / DRIVE AWAY,,$500 OR LESS,DRIVING ON WRONG SIDE/WRONG WAY,DRIVING ON WRONG SIDE/WRONG WAY,5553,W,CORCORAN PL,1523,2,NO INDICATION OF INJURY,0,0,0,0,0,2,0,17,4,6,41.88711119,-87.7650203
6/15/2019 8:15,30,NO CONTROLS,NO CONTROLS,CLEAR,DAYLIGHT,PARKED MOTOR VEHICLE,NOT DIVIDED,STRAIGHT AND LEVEL,DRY,NO DEFECTS,ON SCENE,NO INJURY / DRIVE AWAY,,"OVER $1,500",UNABLE TO DETERMINE,NOT APPLICABLE,6204,W,IRVING PARK RD,1624,2,NO INDICATION OF INJURY,0,0,0,0,0,1,0,8,7,6,41.95308772,-87.78188449
6/4/2019 18:42,30,NO CONTROLS,NO CONTROLS,CLEAR,DAYLIGHT,SIDESWIPE SAME DIRECTION,NOT DIVIDED,STRAIGHT AND LEVEL,DRY,NO DEFECTS,ON SCENE,NO INJURY / DRIVE AWAY,,"OVER $1,500",UNABLE TO DETERMINE,UNABLE TO DETERMINE,157,N,HALSTED ST,1224,2,NO INDICATION OF INJURY,0,0,0,0,0,2,0,18,3,6,41.88477467,-87.64730029
6/5/2019 16:30,10,NO CONTROLS,NO CONTROLS,CLEAR,DAYLIGHT,ANGLE,ALLEY,STRAIGHT AND LEVEL,UNKNOWN,UNKNOWN,NOT ON SCENE (DESK REPORT),NO INJURY / DRIVE AWAY,,"OVER $1,500",UNABLE TO DETERMINE,UNABLE TO DETERMINE,1346,W,DEVON AVE,2432,2,NO INDICATION OF INJURY,0,0,0,0,0,2,0,16,4,6,41.99825284,-87.66486967
6/9/2019 22:02,30,NO CONTROLS,NO CONTROLS,CLEAR,"DARKNESS, LIGHTED ROAD",REAR END,NOT DIVIDED,STRAIGHT AND LEVEL,DRY,NO DEFECTS,,INJURY AND / OR TOW DUE TO CRASH,,"OVER $1,500",FAILING TO REDUCE SPEED TO AVOID CRASH,UNABLE TO DETERMINE,6007,W,FOSTER AVE,1622,4,NO INDICATION OF INJURY,0,0,0,0,0,4,0,22,1,6,41.975556,-87.77851142
6/13/2019 8:35,35,TRAFFIC SIGNAL,FUNCTIONING PROPERLY,RAIN,DAYLIGHT,REAR END,NOT DIVIDED,STRAIGHT AND LEVEL,WET,NO DEFECTS,ON SCENE,NO INJURY / DRIVE AWAY,Y,"OVER $1,500",UNABLE TO DETERMINE,FOLLOWING TOO CLOSELY,5717,N,LINCOLN AVE,2011,2,NO INDICATION OF INJURY,0,0,0,0,0,2,0,8,5,6,41.98542543,-87.69879545
6/5/2019 16:45,25,NO CONTROLS,NO CONTROLS,CLEAR,DAYLIGHT,REAR END,NOT DIVIDED,STRAIGHT AND LEVEL,DRY,NO DEFECTS,ON SCENE,INJURY AND / OR TOW DUE TO CRASH,,"OVER $1,500",FOLLOWING TOO CLOSELY,NOT APPLICABLE,3558,S,PULASKI RD,1031,2,INCAPACITATING INJURY,2,0,1,0,1,3,0,16,4,6,41.82889356,-87.72432362
6/14/2019 14:45,0,NO CONTROLS,NO CONTROLS,OTHER,UNKNOWN,REAR END,OTHER,STRAIGHT AND LEVEL,OTHER,OTHER,NOT ON SCENE (DESK REPORT),INJURY AND / OR TOW DUE TO CRASH,,"$501 - $1,500",EQUIPMENT - VEHICLE CONDITION,NOT APPLICABLE,1538,E,95TH ST,413,2,"REPORTED, NOT EVIDENT",1,0,0,0,1,1,0,14,6,6,41.72243948,-87.58618584
6/1/2019 17:30,30,TRAFFIC SIGNAL,FUNCTIONING PROPERLY,CLEAR,DAYLIGHT,SIDESWIPE SAME DIRECTION,NOT DIVIDED,STRAIGHT AND LEVEL,DRY,NO DEFECTS,NOT ON SCENE (DESK REPORT),NO INJURY / DRIVE AWAY,,"OVER $1,500",IMPROPER LANE USAGE,NOT APPLICABLE,303,W,47TH ST,935,2,NO INDICATION OF INJURY,0,0,0,0,0,2,0,17,7,6,41.80896771,-87.63351941
6/8/2019 19:30,15,TRAFFIC SIGNAL,FUNCTIONING PROPERLY,CLEAR,"DARKNESS, LIGHTED ROAD",TURNING,T-INTERSECTION,STRAIGHT AND LEVEL,DRY,NO DEFECTS,NOT ON SCENE (DESK REPORT),NO INJURY / DRIVE AWAY,Y,"$501 - $1,500",UNABLE TO DETERMINE,UNABLE TO DETERMINE,10000,S,TORRENCE AVE,431,2,NO INDICATION OF INJURY,0,0,0,0,0,2,0,19,7,6,41.71337386,-87.55989468
6/7/2019 13:45,30,TRAFFIC SIGNAL,FUNCTIONING PROPERLY,CLEAR,DAYLIGHT,SIDESWIPE SAME DIRECTION,ONE-WAY,STRAIGHT AND LEVEL,DRY,NO DEFECTS,NOT ON SCENE (DESK REPORT),NO INJURY / DRIVE AWAY,,$500 OR LESS,NOT APPLICABLE,NOT APPLICABLE,5500,S,WELLS ST,711,2,NO INDICATION OF INJURY,0,0,0,0,0,2,0,13,6,6,41.79419949,-87.63192548
6/12/2019 18:10,25,TRAFFIC SIGNAL,FUNCTIONING PROPERLY,RAIN,DAYLIGHT,SIDESWIPE SAME DIRECTION,DIVIDED - W/MEDIAN (NOT RAISED),STRAIGHT AND LEVEL,WET,NO DEFECTS,NOT ON SCENE (DESK REPORT),NO INJURY / DRIVE AWAY,,"$501 - $1,500",IMPROPER LANE USAGE,FOLLOWING TOO CLOSELY,7906,S,WESTERN AVE,835,2,NO INDICATION OF INJURY,0,0,0,0,0,2,0,18,4,6,41.74988069,-87.68298645
6/14/2019 23:15,25,NO CONTROLS,NO CONTROLS,RAIN,"DARKNESS, LIGHTED ROAD",PARKED MOTOR VEHICLE,NOT DIVIDED,STRAIGHT AND LEVEL,WET,NO DEFECTS,ON SCENE,NO INJURY / DRIVE AWAY,,"OVER $1,500",UNABLE TO DETERMINE,UNABLE TO DETERMINE,2812,N,DRAKE AVE,1412,3,NO INDICATION OF INJURY,0,0,0,0,0,2,0,23,6,6,41.93234606,-87.71612563
6/1/2019 4:10,30,NO CONTROLS,NO CONTROLS,CLEAR,"DARKNESS, LIGHTED ROAD",ANGLE,NOT DIVIDED,STRAIGHT AND LEVEL,DRY,NO DEFECTS,NOT ON SCENE (DESK REPORT),NO INJURY / DRIVE AWAY,,"OVER $1,500",FAILING TO YIELD RIGHT-OF-WAY,"OPERATING VEHICLE IN ERRATIC, RECKLESS, CARELESS, NEGLIGENT OR AGGRESSIVE MANNER",1139,N,HAMLIN AVE,1112,2,NO INDICATION OF INJURY,0,0,0,0,0,2,0,4,7,6,41.90205822,-87.72126352
6/8/2019 23:00,30,STOP SIGN/FLASHER,UNKNOWN,CLEAR,DARKNESS,REAR END,NOT DIVIDED,STRAIGHT AND LEVEL,DRY,NO DEFECTS,NOT ON SCENE (DESK REPORT),NO INJURY / DRIVE AWAY,,"$501 - $1,500",FOLLOWING TOO CLOSELY,NOT APPLICABLE,5899,W,DIVERSEY AVE,2514,2,NO INDICATION OF INJURY,0,0,0,0,0,2,0,23,7,6,41.93106534,-87.77346976
6/1/2019 17:30,30,TRAFFIC SIGNAL,FUNCTIONING PROPERLY,CLEAR,DAYLIGHT,SIDESWIPE SAME DIRECTION,NOT DIVIDED,STRAIGHT AND LEVEL,DRY,NO DEFECTS,ON SCENE,NO INJURY / DRIVE AWAY,Y,$500 OR LESS,IMPROPER OVERTAKING/PASSING,IMPROPER TURNING/NO SIGNAL,2360,W,GARFIELD BLVD,923,2,NO INDICATION OF INJURY,0,0,0,0,0,2,0,17,7,6,41.79396483,-87.68348372
6/5/2019 13:40,30,STOP SIGN/FLASHER,FUNCTIONING PROPERLY,CLEAR,DAYLIGHT,TURNING,NOT DIVIDED,STRAIGHT AND LEVEL,DRY,NO DEFECTS,ON SCENE,NO INJURY / DRIVE AWAY,,"OVER $1,500",FAILING TO YIELD RIGHT-OF-WAY,UNABLE TO DETERMINE,3704,W,BRYN MAWR AVE,1711,2,NO INDICATION OF INJURY,0,0,0,0,0,3,0,13,4,6,41.98301508,-87.721236
6/7/2019 22:10,30,NO CONTROLS,NO CONTROLS,CLEAR,"DARKNESS, LIGHTED ROAD",REAR TO SIDE,PARKING LOT,STRAIGHT AND LEVEL,DRY,UNKNOWN,NOT ON SCENE (DESK REPORT),NO INJURY / DRIVE AWAY,,"OVER $1,500",UNABLE TO DETERMINE,UNABLE TO DETERMINE,2801,N,DAMEN AVE,1931,2,NO INDICATION OF INJURY,0,0,0,0,0,3,0,22,6,6,41.93233107,-87.67798873
6/12/2019 15:37,35,TRAFFIC SIGNAL,FUNCTIONING PROPERLY,RAIN,DAYLIGHT,REAR END,CENTER TURN LANE,STRAIGHT AND LEVEL,WET,NO DEFECTS,ON SCENE,NO INJURY / DRIVE AWAY,N,$500 OR LESS,FOLLOWING TOO CLOSELY,FAILING TO REDUCE SPEED TO AVOID CRASH,5501,S,HARLEM AVE,811,2,NO INDICATION OF INJURY,0,0,0,0,0,2,0,15,4,6,41.79185207,-87.8013778
6/2/2019 0:50,30,UNKNOWN,FUNCTIONING IMPROPERLY,CLEAR,"DARKNESS, LIGHTED ROAD",HEAD ON,NOT DIVIDED,STRAIGHT AND LEVEL,DRY,NO DEFECTS,NOT ON SCENE (DESK REPORT),NO INJURY / DRIVE AWAY,,"$501 - $1,500",UNABLE TO DETERMINE,UNABLE TO DETERMINE,7904,S,HALSTED ST,621,2,NO INDICATION OF INJURY,0,0,0,0,0,2,0,0,1,6,41.75043639,-87.64418595
6/15/2019 6:30,30,NO CONTROLS,NO CONTROLS,CLEAR,DAYLIGHT,PARKED MOTOR VEHICLE,NOT DIVIDED,STRAIGHT AND LEVEL,DRY,NO DEFECTS,NOT ON SCENE (DESK REPORT),NO INJURY / DRIVE AWAY,,"$501 - $1,500",UNABLE TO DETERMINE,UNABLE TO DETERMINE,3529,S,PAULINA ST,912,2,NO INDICATION OF INJURY,0,0,0,0,0,1,0,6,7,6,41.82959109,-87.6677854
6/12/2019 10:00,30,NO CONTROLS,NO CONTROLS,CLEAR,DAYLIGHT,PARKED MOTOR VEHICLE,NOT DIVIDED,STRAIGHT AND LEVEL,DRY,NO DEFECTS,ON SCENE,NO INJURY / DRIVE AWAY,,"$501 - $1,500",IMPROPER OVERTAKING/PASSING,IMPROPER LANE USAGE,359,E,79TH ST,623,2,NO INDICATION OF INJURY,0,0,0,0,0,1,0,10,4,6,41.75099208,-87.61582439
6/7/2019 13:30,30,TRAFFIC SIGNAL,FUNCTIONING PROPERLY,CLEAR,DAYLIGHT,SIDESWIPE SAME DIRECTION,DIVIDED - W/MEDIAN (NOT RAISED),STRAIGHT AND LEVEL,DRY,NO DEFECTS,NOT ON SCENE (DESK REPORT),NO INJURY / DRIVE AWAY,,"$501 - $1,500",IMPROPER OVERTAKING/PASSING,IMPROPER LANE USAGE,5046,S,CICERO AVE,814,2,NO INDICATION OF INJURY,0,0,0,0,0,2,0,13,6,6,41.80075561,-87.74311636
6/2/2019 10:25,30,NO CONTROLS,NO CONTROLS,UNKNOWN,DAYLIGHT,PARKED MOTOR VEHICLE,NOT DIVIDED,STRAIGHT ON GRADE,UNKNOWN,UNKNOWN,NOT ON SCENE (DESK REPORT),NO INJURY / DRIVE AWAY,,"OVER $1,500",UNABLE TO DETERMINE,NOT APPLICABLE,7762,W,VICTORIA ST,1612,2,NO INDICATION OF INJURY,0,0,0,0,0,1,0,10,1,6,41.98527337,-87.82161692
6/5/2019 14:28,35,TRAFFIC SIGNAL,FUNCTIONING PROPERLY,CLEAR,DAYLIGHT,REAR END,DIVIDED - W/MEDIAN (NOT RAISED),STRAIGHT AND LEVEL,DRY,NO DEFECTS,ON SCENE,INJURY AND / OR TOW DUE TO CRASH,,"OVER $1,500",EQUIPMENT - VEHICLE CONDITION,NOT APPLICABLE,200,E,83RD ST,631,3,"REPORTED, NOT EVIDENT",1,0,0,0,1,2,0,14,4,6,41.74384296,-87.61949235
6/9/2019 19:35,30,TRAFFIC SIGNAL,FUNCTIONING PROPERLY,CLEAR,DAYLIGHT,TURNING,CENTER TURN LANE,STRAIGHT AND LEVEL,DRY,NO DEFECTS,ON SCENE,NO INJURY / DRIVE AWAY,,"OVER $1,500",DRIVING SKILLS/KNOWLEDGE/EXPERIENCE,FAILING TO REDUCE SPEED TO AVOID CRASH,5498,N,HARLEM AVE,1613,2,NO INDICATION OF INJURY,0,0,0,0,0,2,0,19,1,6,41.98102038,-87.80711173
6/13/2019 16:40,30,TRAFFIC SIGNAL,FUNCTIONING PROPERLY,CLEAR,DAYLIGHT,TURNING,FOUR WAY,STRAIGHT AND LEVEL,DRY,NO DEFECTS,ON SCENE,INJURY AND / OR TOW DUE TO CRASH,,"OVER $1,500",DISREGARDING TRAFFIC SIGNALS,"OPERATING VEHICLE IN ERRATIC, RECKLESS, CARELESS, NEGLIGENT OR AGGRESSIVE MANNER",3402,W,ROOSEVELT RD,1133,2,NO INDICATION OF INJURY,0,0,0,0,0,3,0,16,5,6,41.86645627,-87.71074303