CRASH_DATE,POSTED_SPEED_LIMIT,TRAFFIC_CONTROL_DEVICE,DEVICE_CONDITION,WEATHER_CONDITION,LIGHTING_CONDITION,FIRST_CRASH_TYPE,TRAFFICWAY_TYPE,ALIGNMENT,ROADWAY_SURFACE_COND,ROAD_DEFECT,REPORT_TYPE,CRASH_TYPE,INTERSECTION_RELATED_I,DAMAGE,PRIM_CONTRIBUTORY_CAUSE,SEC_CONTRIBUTORY_CAUSE,STREET_NO,STREET_DIRECTION,STREET_NAME,BEAT_OF_OCCURRENCE,NUM_UNITS,MOST_SEVERE_INJURY,INJURIES_TOTAL,INJURIES_FATAL,INJURIES_INCAPACITATING,INJURIES_NON_INCAPACITATING,INJURIES_REPORTED_NOT_EVIDENT,INJURIES_NO_INDICATION,INJURIES_UNKNOWN,CRASH_HOUR,CRASH_DAY_OF_WEEK,CRASH_MONTH,LATITUDE,LONGITUDE
6/4/2019 16:20,20,NO CONTROLS,NO CONTROLS,CLEAR,DAYLIGHT,PARKED MOTOR VEHICLE,NOT DIVIDED,STRAIGHT AND LEVEL,DRY,NO DEFECTS,NOT ON SCENE (DESK REPORT),NO INJURY / DRIVE AWAY,,"OVER $1,500",UNABLE TO DETERMINE,NOT APPLICABLE,2146,W,MAYPOLE AVE,1223,2,NO INDICATION OF INJURY,0,0,0,0,0,1,0,16,3,6,41.88402524,-87.68102152
6/10/2019 20:30,30,STOP SIGN/FLASHER,UNKNOWN,CLEAR,UNKNOWN,ANGLE,TRAFFIC ROUTE,STRAIGHT AND LEVEL,DRY,UNKNOWN,,NO INJURY / DRIVE AWAY,Y,"$501 - $1,500",FAILING TO YIELD RIGHT-OF-WAY,NOT APPLICABLE,700,N,DAMEN AVE,1221,,,,,,,,,,20,2,6,41.89412642,-87.67714842
6/11/2019 14:30,30,NO CONTROLS,UNKNOWN,CLEAR,DAYLIGHT,REAR END,DIVIDED - W/MEDIAN (NOT RAISED),STRAIGHT AND LEVEL,UNKNOWN,UNKNOWN,ON SCENE,INJURY AND / OR TOW DUE TO CRASH,,"OVER $1,500",UNABLE TO DETERMINE,UNABLE TO DETERMINE,345,E,95TH ST,511,2,NONINCAPACITATING INJURY,1,0,0,1,0,1,0,14,3,6,41.72177097,-87.61478694
6/9/2019 15:20,30,STOP SIGN/FLASHER,FUNCTIONING PROPERLY,CLEAR,DAYLIGHT,FIXED OBJECT,ONE-WAY,STRAIGHT AND LEVEL,DRY,"RUT, HOLES",NOT ON SCENE (DESK REPORT),NO INJURY / DRIVE AWAY,,"$501 - $1,500",ROAD CONSTRUCTION/MAINTENANCE,NOT APPLICABLE,11530,S,STEWART AVE,522,1,NO INDICATION OF INJURY,0,0,0,0,0,1,0,15,1,6,41.68426375,-87.63260099
6/10/2019 14:52,30,STOP SIGN/FLASHER,FUNCTIONING PROPERLY,CLEAR,DAYLIGHT,TURNING,DIVIDED - W/MEDIAN (NOT RAISED),STRAIGHT AND LEVEL,DRY,NO DEFECTS,ON SCENE,INJURY AND / OR TOW DUE TO CRASH,Y,"OVER $1,500",FAILING TO YIELD RIGHT-OF-WAY,NOT APPLICABLE,3500,W,JACKSON BLVD,1123,2,NONINCAPACITATING INJURY,4,0,0,3,1,1,0,14,2,6,41.8773496,-87.71360364
6/8/2019 14:30,20,NO CONTROLS,NO CONTROLS,CLEAR,DAYLIGHT,PARKED MOTOR VEHICLE,ONE-WAY,STRAIGHT AND LEVEL,DRY,NO DEFECTS,ON SCENE,NO INJURY / DRIVE AWAY,,"OVER $1,500",UNABLE TO DETERMINE,UNABLE TO DETERMINE,3145,N,LAMON AVE,2521,2,NO INDICATION OF INJURY,0,0,0,0,0,1,0,14,7,6,41.93834266,-87.7491759
6/14/2019 0:50,35,TRAFFIC SIGNAL,FUNCTIONING PROPERLY,CLEAR,"DARKNESS, LIGHTED ROAD",REAR END,NOT DIVIDED,STRAIGHT AND LEVEL,DRY,NO DEFECTS,ON SCENE,INJURY AND / OR TOW DUE TO CRASH,,"OVER $1,500",UNABLE TO DETERMINE,UNABLE TO DETERMINE,3228,W,FULLERTON AVE,1413,2,NO INDICATION OF INJURY,0,0,0,0,0,2,0,0,6,6,41.92481164,-87.7086119
6/14/2019 20:00,30,TRAFFIC SIGNAL,FUNCTIONING PROPERLY,CLEAR,DUSK,REAR END,DIVIDED - W/MEDIAN (NOT RAISED),STRAIGHT AND LEVEL,DRY,NO DEFECTS,NOT ON SCENE (DESK REPORT),NO INJURY / DRIVE AWAY,,"$501 - $1,500",UNABLE TO DETERMINE,UNABLE TO DETERMINE,400,N,CICERO AVE,1532,2,NO INDICATION OF INJURY,0,0,0,0,0,2,0,20,6,6,41.88795381,-87.74569937
6/8/2019 19:00,25,TRAFFIC SIGNAL,FUNCTIONING PROPERLY,CLEAR,DAYLIGHT,TURNING,FOUR WAY,STRAIGHT AND LEVEL,DRY,NO DEFECTS,ON SCENE,NO INJURY / DRIVE AWAY,Y,$500 OR LESS,IMPROPER OVERTAKING/PASSING,IMPROPER TURNING/NO SIGNAL,4400,W,CONGRESS PKWY,1131,2,NO INDICATION OF INJURY,0,0,0,0,0,5,0,19,7,6,41.8743399,-87.73536536
6/1/2019 18:00,30,TRAFFIC SIGNAL,FUNCTIONING PROPERLY,CLEAR,DAYLIGHT,SIDESWIPE SAME DIRECTION,DIVIDED - W/MEDIAN (NOT RAISED),STRAIGHT AND LEVEL,DRY,NO DEFECTS,NOT ON SCENE (DESK REPORT),NO INJURY / DRIVE AWAY,Y,"OVER $1,500",UNABLE TO DETERMINE,NOT APPLICABLE,400,N,CENTRAL AVE,1512,2,NO INDICATION OF INJURY,0,0,0,0,0,2,0,18,7,6,41.88780462,-87.7652685
6/2/2019 17:58,30,NO CONTROLS,NO CONTROLS,CLEAR,DAYLIGHT,PEDESTRIAN,NOT DIVIDED,STRAIGHT AND LEVEL,DRY,NO DEFECTS,ON SCENE,INJURY AND / OR TOW DUE TO CRASH,,"OVER $1,500",UNABLE TO DETERMINE,NOT APPLICABLE,7600,S,SOUTH SHORE DR,421,2,NONINCAPACITATING INJURY,1,0,0,1,0,1,0,17,1,6,41.75871218,-87.55546796
6/7/2019 9:00,25,NO CONTROLS,NO CONTROLS,CLEAR,DAYLIGHT,PARKED MOTOR VEHICLE,NOT DIVIDED,STRAIGHT AND LEVEL,DRY,NO DEFECTS,NOT ON SCENE (DESK REPORT),NO INJURY / DRIVE AWAY,,"$501 - $1,500",UNABLE TO DETERMINE,UNABLE TO DETERMINE,6140,S,DORCHESTER AVE,314,2,NO INDICATION OF INJURY,0,0,0,0,0,1,0,9,6,6,41.78294508,-87.5915503
6/6/2019 20:00,30,NO CONTROLS,NO CONTROLS,CLEAR,DAYLIGHT,FIXED OBJECT,NOT DIVIDED,STRAIGHT AND LEVEL,DRY,"RUT, HOLES",ON SCENE,NO INJURY / DRIVE AWAY,,$500 OR LESS,ROAD CONSTRUCTION/MAINTENANCE,NOT APPLICABLE,6310,S,WESTERN AVE,825,1,NO INDICATION OF INJURY,0,0,0,0,0,1,0,20,5,6,41.77883527,-87.68377573
6/1/2019 1:57,30,NO CONTROLS,NO CONTROLS,CLEAR,"DARKNESS, LIGHTED ROAD",OTHER OBJECT,NOT DIVIDED,STRAIGHT AND LEVEL,DRY,NO DEFECTS,ON SCENE,INJURY AND / OR TOW DUE TO CRASH,Y,"OVER $1,500",IMPROPER LANE USAGE,UNDER THE INFLUENCE OF ALCOHOL/DRUGS (USE WHEN ARREST IS EFFECTED),4112,N,NARRAGANSETT AVE,1632,1,NO INDICATION OF INJURY,0,0,0,0,0,1,0,1,7,6,41.95508394,-87.78677771
6/14/2019 13:35,30,NO CONTROLS,NO CONTROLS,CLEAR,DAYLIGHT,SIDESWIPE SAME DIRECTION,NOT DIVIDED,STRAIGHT AND LEVEL,DRY,NO DEFECTS,ON SCENE,NO INJURY / DRIVE AWAY,,"OVER $1,500",FAILING TO YIELD RIGHT-OF-WAY,NOT APPLICABLE,621,W,BELMONT AVE,1934,2,NO INDICATION OF INJURY,0,0,0,0,0,2,0,13,6,6,41.93991631,-87.64524776
6/5/2019 18:00,30,NO CONTROLS,NO CONTROLS,CLEAR,DARKNESS,PARKED MOTOR VEHICLE,ONE-WAY,STRAIGHT AND LEVEL,DRY,NO DEFECTS,NOT ON SCENE (DESK REPORT),NO INJURY / DRIVE AWAY,,"OVER $1,500",UNABLE TO DETERMINE,UNABLE TO DETERMINE,5114,S,KIMBARK AVE,234,2,NO INDICATION OF INJURY,0,0,0,0,0,1,0,18,4,6,41.80187644,-87.5952258
6/14/2019 21:45,30,OTHER REG. SIGN,FUNCTIONING PROPERLY,RAIN,"DARKNESS, LIGHTED ROAD",REAR END,ONE-WAY,STRAIGHT AND LEVEL,WET,NO DEFECTS,NOT ON SCENE (DESK REPORT),NO INJURY / DRIVE AWAY,Y,$500 OR LESS,UNABLE TO DETERMINE,FAILING TO REDUCE SPEED TO AVOID CRASH,6700,S,CORNELL AVE,332,3,NO INDICATION OF INJURY,0,0,0,0,0,4,0,21,6,6,41.77325149,-87.5852246
6/2/2019 18:45,30,UNKNOWN,UNKNOWN,UNKNOWN,UNKNOWN,OTHER NONCOLLISION,ONE-WAY,STRAIGHT AND LEVEL,UNKNOWN,UNKNOWN,NOT ON SCENE (DESK REPORT),NO INJURY / DRIVE AWAY,,$500 OR LESS,UNABLE TO DETERMINE,UNABLE TO DETERMINE,11105,S,MARSHFIELD AVE,2234,1,NO INDICATION OF INJURY,0,0,0,0,0,4,0,18,1,6,41.69190236,-87.66076396
6/8/2019 23:20,30,TRAFFIC SIGNAL,FUNCTIONING PROPERLY,CLEAR,"DARKNESS, LIGHTED ROAD",TURNING,NOT DIVIDED,STRAIGHT AND LEVEL,DRY,NO DEFECTS,NOT ON SCENE (DESK REPORT),NO INJURY / DRIVE AWAY,Y,"OVER $1,500",IMPROPER LANE USAGE,IMPROPER LANE USAGE,361,E,ONTARIO ST,1834,2,NO INDICATION OF INJURY,0,0,0,0,0,2,0,23,7,6,41.8933322,-87.61793668
6/11/2019 11:20,20,NO CONTROLS,NO CONTROLS,CLEAR,DAYLIGHT,SIDESWIPE OPPOSITE DIRECTION,NOT DIVIDED,STRAIGHT AND LEVEL,DRY,NO DEFECTS,NOT ON SCENE (DESK REPORT),NO INJURY / DRIVE AWAY,,"$501 - $1,500",UNABLE TO DETERMINE,UNABLE TO DETERMINE,6520,N,DAMEN AVE,2412,2,NO INDICATION OF INJURY,0,0,0,0,0,2,0,11,3,6,42.00037599,-87.68036417
6/15/2019 12:20,30,TRAFFIC SIGNAL,FUNCTIONING PROPERLY,RAIN,DAYLIGHT,REAR END,DIVIDED - W/MEDIAN (NOT RAISED),"CURVE, LEVEL",WET,NO DEFECTS,ON SCENE,NO INJURY / DRIVE AWAY,,"OVER $1,500",FAILING TO REDUCE SPEED TO AVOID CRASH,FAILING TO YIELD RIGHT-OF-WAY,1,N,LAKE SHORE DR SB,114,3,NO INDICATION OF INJURY,0,0,0,0,0,6,0,12,7,6,41.88217528,-87.61714298
6/9/2019 20:33,30,NO CONTROLS,NO CONTROLS,CLEAR,"DARKNESS, LIGHTED ROAD",PARKED MOTOR VEHICLE,ONE-WAY,STRAIGHT AND LEVEL,DRY,UNKNOWN,ON SCENE,INJURY AND / OR TOW DUE TO CRASH,,"OVER $1,500",CELL PHONE USE OTHER THAN TEXTING,NOT APPLICABLE,2955,N,NAGLE AVE,2511,2,NO INDICATION OF INJURY,0,0,0,0,0,1,0,20,1,6,41.93444219,-87.78687914
6/7/2019 16:45,30,NO CONTROLS,NO CONTROLS,CLEAR,DAYLIGHT,TURNING,NOT DIVIDED,STRAIGHT AND LEVEL,DRY,NO DEFECTS,ON SCENE,INJURY AND / OR TOW DUE TO CRASH,,"$501 - $1,500",FAILING TO YIELD RIGHT-OF-WAY,UNABLE TO DETERMINE,3146,W,MADISON ST,1222,2,NO INDICATION OF INJURY,0,0,0,0,0,2,0,16,6,6,41.88109541,-87.70506043
6/6/2019 15:15,30,TRAFFIC SIGNAL,FUNCTIONING PROPERLY,CLEAR,DAYLIGHT,ANGLE,DIVIDED - W/MEDIAN (NOT RAISED),STRAIGHT AND LEVEL,DRY,NO DEFECTS,ON SCENE,INJURY AND / OR TOW DUE TO CRASH,Y,"OVER $1,500",DISREGARDING TRAFFIC SIGNALS,NOT APPLICABLE,2800,W,LAKE ST,1222,2,NONINCAPACITATING INJURY,1,0,0,1,0,1,0,15,5,6,41.88435148,-87.69644256
6/6/2019 17:00,30,NO CONTROLS,NO CONTROLS,CLEAR,DAYLIGHT,SIDESWIPE SAME DIRECTION,ONE-WAY,STRAIGHT AND LEVEL,DRY,NO DEFECTS,NOT ON SCENE (DESK REPORT),NO INJURY / DRIVE AWAY,,"OVER $1,500",FAILING TO REDUCE SPEED TO AVOID CRASH,NOT APPLICABLE,1930,W,IOWA ST,1212,2,NO INDICATION OF INJURY,0,0,0,0,0,2,0,17,5,6,41.89786274,-87.67582694
6/10/2019 16:30,30,STOP SIGN/FLASHER,FUNCTIONING PROPERLY,CLEAR,DAYLIGHT,TURNING,ONE-WAY,STRAIGHT AND LEVEL,DRY,NO DEFECTS,NOT ON SCENE (DESK REPORT),INJURY AND / OR TOW DUE TO CRASH,Y,"OVER $1,500",UNABLE TO DETERMINE,NOT APPLICABLE,7800,S,EVANS AVE,624,2,NO INDICATION OF INJURY,0,0,0,0,0,2,0,16,2,6,41.75299372,-87.606636
6/3/2019 5:00,5,NO CONTROLS,NO CONTROLS,UNKNOWN,UNKNOWN,PARKED MOTOR VEHICLE,PARKING LOT,STRAIGHT AND LEVEL,UNKNOWN,UNKNOWN,NOT ON SCENE (DESK REPORT),NO INJURY / DRIVE AWAY,,"OVER $1,500",UNABLE TO DETERMINE,NOT APPLICABLE,415,E,OAKWOOD BLVD,214,2,NO INDICATION OF INJURY,0,0,0,0,0,1,0,5,2,6,41.82254742,-87.6160775
6/14/2019 11:40,30,NO CONTROLS,NO CONTROLS,CLEAR,DAYLIGHT,REAR END,DIVIDED - W/MEDIAN (NOT RAISED),STRAIGHT AND LEVEL,DRY,NO DEFECTS,ON SCENE,NO INJURY / DRIVE AWAY,,"$501 - $1,500",IMPROPER OVERTAKING/PASSING,FAILING TO REDUCE SPEED TO AVOID CRASH,1751,W,OGDEN AVE,1231,3,NO INDICATION OF INJURY,0,0,0,0,0,5,0,11,6,6,41.87752539,-87.67054517
6/4/2019 16:53,30,NO CONTROLS,NO CONTROLS,CLEAR,DAYLIGHT,SIDESWIPE SAME DIRECTION,NOT DIVIDED,STRAIGHT AND LEVEL,DRY,NO DEFECTS,NOT ON SCENE (DESK REPORT),NO INJURY / DRIVE AWAY,,$500 OR LESS,IMPROPER LANE USAGE,UNABLE TO DETERMINE,1445,W,IRVING PARK RD,1922,2,NO INDICATION OF INJURY,0,0,0,0,0,5,0,16,3,6,41.95422092,-87.66592609
6/2/2019 3:40,30,TRAFFIC SIGNAL,FUNCTIONING PROPERLY,CLEAR,"DARKNESS, LIGHTED ROAD",FIXED OBJECT,DIVIDED - W/MEDIAN (NOT RAISED),STRAIGHT AND LEVEL,DRY,NO DEFECTS,ON SCENE,INJURY AND / OR TOW DUE TO CRASH,Y,"OVER $1,500",TEXTING,CELL PHONE USE OTHER THAN TEXTING,1731,N,LAKE SHORE DR NB,1814,1,NONINCAPACITATING INJURY,1,0,0,1,0,0,0,3,1,6,41.91418145,-87.62668697
6/7/2019 14:20,30,NO CONTROLS,NO CONTROLS,CLEAR,DAYLIGHT,REAR END,NOT DIVIDED,STRAIGHT AND LEVEL,DRY,NO DEFECTS,NOT ON SCENE (DESK REPORT),NO INJURY / DRIVE AWAY,,"$501 - $1,500",FOLLOWING TOO CLOSELY,NOT APPLICABLE,4625,N,AUSTIN AVE,1622,2,NO INDICATION OF INJURY,0,0,0,0,0,2,0,14,6,6,41.96474291,-87.77701314
6/7/2019 13:09,15,NO CONTROLS,NO CONTROLS,CLEAR,DAYLIGHT,PARKED MOTOR VEHICLE,ONE-WAY,STRAIGHT AND LEVEL,DRY,NO DEFECTS,ON SCENE,NO INJURY / DRIVE AWAY,,$500 OR LESS,UNABLE TO DETERMINE,UNABLE TO DETERMINE,5739,N,KENMORE AVE,2022,2,NO INDICATION OF INJURY,0,0,0,0,0,1,0,13,6,6,41.98667638,-87.65656099
6/3/2019 7:25,30,TRAFFIC SIGNAL,FUNCTIONING PROPERLY,CLEAR,DAYLIGHT,PARKED MOTOR VEHICLE,NOT DIVIDED,STRAIGHT AND LEVEL,DRY,OTHER,ON SCENE,NO INJURY / DRIVE AWAY,Y,"OVER $1,500",DRIVING SKILLS/KNOWLEDGE/EXPERIENCE,NOT APPLICABLE,600,S,WOOD ST,1231,2,NO INDICATION OF INJURY,0,0,0,0,0,1,0,7,2,6,41.87404933,-87.67170565
6/13/2019 10:00,30,TRAFFIC SIGNAL,FUNCTIONING PROPERLY,CLEAR,DAYLIGHT,REAR END,DIVIDED - W/MEDIAN (NOT RAISED),STRAIGHT AND LEVEL,DRY,SHOULDER DEFECT,ON SCENE,INJURY AND / OR TOW DUE TO CRASH,,"OVER $1,500",UNABLE TO DETERMINE,NOT APPLICABLE,4302,S,CICERO AVE,814,2,"REPORTED, NOT EVIDENT",1,0,0,0,1,1,0,10,5,6,41.81477982,-87.7434997
6/9/2019 19:15,30,NO CONTROLS,NO CONTROLS,CLEAR,DAYLIGHT,PARKED MOTOR VEHICLE,NOT DIVIDED,STRAIGHT AND LEVEL,DRY,NO DEFECTS,NOT ON SCENE (DESK REPORT),NO INJURY / DRIVE AWAY,,"OVER $1,500",UNABLE TO DETERMINE,UNABLE TO DETERMINE,11230,S,CHAMPLAIN AVE,531,2,NO INDICATION OF INJURY,0,0,0,0,0,1,0,19,1,6,41.69014737,-87.6072977
6/7/2019 16:10,25,TRAFFIC SIGNAL,FUNCTIONING PROPERLY,CLEAR,DAYLIGHT,SIDESWIPE SAME DIRECTION,DIVIDED - W/MEDIAN BARRIER,STRAIGHT AND LEVEL,DRY,NO DEFECTS,NOT ON SCENE (DESK REPORT),NO INJURY / DRIVE AWAY,,"OVER $1,500",NOT APPLICABLE,NOT APPLICABLE,5971,N,RIDGE AVE,2012,2,NO INDICATION OF INJURY,0,0,0,0,0,2,0,16,6,6,41.99032168,-87.67097993
6/8/2019 12:50,30,NO CONTROLS,NO CONTROLS,CLEAR,DAYLIGHT,FIXED OBJECT,ALLEY,STRAIGHT AND LEVEL,DRY,"RUT, HOLES",ON SCENE,NO INJURY / DRIVE AWAY,,$500 OR LESS,UNABLE TO DETERMINE,UNABLE TO DETERMINE,4815,N,KIMBALL AVE,1713,1,NO INDICATION OF INJURY,0,0,0,0,0,2,0,12,7,6,41.96889008,-87.71323089
6/1/2019 0:25,30,NO CONTROLS,NO CONTROLS,CLEAR,"DARKNESS, LIGHTED ROAD",REAR END,DIVIDED - W/MEDIAN BARRIER,STRAIGHT AND LEVEL,DRY,NO DEFECTS,NOT ON SCENE (DESK REPORT),NO INJURY / DRIVE AWAY,,"$501 - $1,500",IMPROPER BACKING,"DISTRACTION - OTHER ELECTRONIC DEVICE (NAVIGATION DEVICE, DVD PLAYER, ETC.)",4758,N,BEACON ST,1913,2,NO INDICATION OF INJURY,0,0,0,0,0,2,0,0,7,6,41.96884736,-87.66456228
6/1/2019 22:00,15,UNKNOWN,UNKNOWN,UNKNOWN,DARKNESS,PARKED MOTOR VEHICLE,ONE-WAY,STRAIGHT AND LEVEL,UNKNOWN,UNKNOWN,NOT ON SCENE (DESK REPORT),NO INJURY / DRIVE AWAY,,"OVER $1,500",UNABLE TO DETERMINE,UNABLE TO DETERMINE,8140,S,PAULINA ST,614,2,NO INDICATION OF INJURY,0,0,0,0,0,1,0,22,7,6,41.74546056,-87.66589
6/5/2019 2:20,35,TRAFFIC SIGNAL,FUNCTIONING PROPERLY,CLEAR,"DARKNESS, LIGHTED ROAD",REAR END,DIVIDED - W/MEDIAN (NOT RAISED),STRAIGHT AND LEVEL,WET,NO DEFECTS,ON SCENE,NO INJURY / DRIVE AWAY,,"OVER $1,500",FOLLOWING TOO CLOSELY,UNABLE TO DETERMINE,2801,W,63RD ST,823,2,NO INDICATION OF INJURY,0,0,0,0,0,2,0,2,4,6,41.77900505,-87.69345012
6/12/2019 18:50,15,NO CONTROLS,NO CONTROLS,CLEAR,DAYLIGHT,REAR TO FRONT,ONE-WAY,STRAIGHT AND LEVEL,DRY,NO DEFECTS,ON SCENE,NO INJURY / DRIVE AWAY,,$500 OR LESS,FOLLOWING TOO CLOSELY,UNABLE TO DETERMINE,600,E,GRAND AVE,1834,2,NO INDICATION OF INJURY,0,0,0,0,0,3,0,18,4,6,41.89209414,-87.61156988
6/9/2019 16:17,35,OTHER,OTHER,CLOUDY/OVERCAST,DAYLIGHT,PARKED MOTOR VEHICLE,NOT DIVIDED,STRAIGHT AND LEVEL,DRY,NO DEFECTS,ON SCENE,NO INJURY / DRIVE AWAY,,"$501 - $1,500",IMPROPER BACKING,UNABLE TO DETERMINE,3067,N,CENTRAL PARK AVE,1412,2,NO INDICATION OF INJURY,0,0,0,0,0,1,0,16,1,6,41.93718487,-87.71718098
6/11/2019 8:50,30,TRAFFIC SIGNAL,FUNCTIONING PROPERLY,UNKNOWN,DAYLIGHT,SIDESWIPE SAME DIRECTION,NOT DIVIDED,STRAIGHT AND LEVEL,UNKNOWN,UNKNOWN,NOT ON SCENE (DESK REPORT),NO INJURY / DRIVE AWAY,,"OVER $1,500",IMPROPER TURNING/NO SIGNAL,IMPROPER TURNING/NO SIGNAL,2300,S,ASHLAND AVE,1034,2,NO INDICATION OF INJURY,0,0,0,0,0,2,0,8,3,6,41.85023286,-87.66615776
6/4/2019 10:44,30,NO CONTROLS,NO CONTROLS,UNKNOWN,DAYLIGHT,ANGLE,NOT DIVIDED,STRAIGHT AND LEVEL,UNKNOWN,UNKNOWN,ON SCENE,NO INJURY / DRIVE AWAY,,"OVER $1,500",UNABLE TO DETERMINE,NOT APPLICABLE,1298,E,83RD ST,411,2,NO INDICATION OF INJURY,0,0,0,0,0,3,0,10,3,6,41.74422412,-87.59294345
6/14/2019 15:39,45,NO CONTROLS,NO CONTROLS,CLEAR,DAYLIGHT,SIDESWIPE SAME DIRECTION,DIVIDED - W/MEDIAN (NOT RAISED),STRAIGHT AND LEVEL,DRY,NO DEFECTS,ON SCENE,INJURY AND / OR TOW DUE TO CRASH,,"OVER $1,500",FAILING TO YIELD RIGHT-OF-WAY,IMPROPER LANE USAGE,5600,N,LAKE SHORE DR NB,2022,3,NO INDICATION OF INJURY,0,0,0,0,0,5,0,15,6,6,41.983976,-87.6528362
6/4/2019 9:37,30,NO CONTROLS,NO CONTROLS,RAIN,DAYLIGHT,PARKED MOTOR VEHICLE,NOT DIVIDED,STRAIGHT AND LEVEL,WET,NO DEFECTS,ON SCENE,NO INJURY / DRIVE AWAY,,"OVER $1,500",IMPROPER BACKING,DRIVING SKILLS/KNOWLEDGE/EXPERIENCE,2614,N,SHEFFIELD AVE,1935,2,NO INDICATION OF INJURY,0,0,0,0,0,1,0,9,3,6,41.92937761,-87.65389437
6/11/2019 18:40,30,TRAFFIC SIGNAL,FUNCTIONING PROPERLY,CLEAR,DAYLIGHT,REAR END,NOT DIVIDED,STRAIGHT AND LEVEL,DRY,UNKNOWN,NOT ON SCENE (DESK REPORT),NO INJURY / DRIVE AWAY,,"OVER $1,500",UNABLE TO DETERMINE,UNABLE TO DETERMINE,1903,W,BELMONT AVE,1931,2,NO INDICATION OF INJURY,0,0,0,0,0,2,0,18,3,6,41.93948975,-87.67612563
6/9/2019 5:15,30,TRAFFIC SIGNAL,FUNCTIONING PROPERLY,CLEAR,UNKNOWN,PARKED MOTOR VEHICLE,DIVIDED - W/MEDIAN (NOT RAISED),STRAIGHT AND LEVEL,DRY,NO DEFECTS,NOT ON SCENE (DESK REPORT),NO INJURY / DRIVE AWAY,,"$501 - $1,500",IMPROPER LANE USAGE,NOT APPLICABLE,3359,N,HALSTED ST,1925,2,NO INDICATION OF INJURY,0,0,0,0,0,2,0,5,1,6,41.94357316,-87.64922664
6/15/2019 3:30,35,NO CONTROLS,NO CONTROLS,CLEAR,"DARKNESS, LIGHTED ROAD",PARKED MOTOR VEHICLE,NOT DIVIDED,STRAIGHT AND LEVEL,DRY,"RUT, HOLES",ON SCENE,INJURY AND / OR TOW DUE TO CRASH,,"OVER $1,500",ROAD ENGINEERING/SURFACE/MARKING DEFECTS,UNABLE TO DETERMINE,2510,N,CALIFORNIA AVE,1414,2,NO INDICATION OF INJURY,0,0,0,0,0,1,0,3,7,6,41.92695235,-87.69762044
6/4/2019 22:25,30,NO CONTROLS,NO CONTROLS,CLEAR,"DARKNESS, LIGHTED ROAD",PEDESTRIAN,NOT DIVIDED,STRAIGHT AND LEVEL,DRY,NO DEFECTS,ON SCENE,INJURY AND / OR TOW DUE TO CRASH,,$500 OR LESS,IMPROPER BACKING,NOT APPLICABLE,742,N,LOREL AVE,1524,2,NONINCAPACITATING INJURY,1,0,0,1,0,1,0,22,3,6,41.89424075,-87.75945859
6/14/2019 9:00,30,NO CONTROLS,UNKNOWN,CLEAR,DAYLIGHT,SIDESWIPE SAME DIRECTION,DIVIDED - W/MEDIAN (NOT RAISED),STRAIGHT AND LEVEL,DRY,NO DEFECTS,NOT ON SCENE (DESK REPORT),NO INJURY / DRIVE AWAY,,"$501 - $1,500",IMPROPER OVERTAKING/PASSING,NOT APPLICABLE,555,W,KINZIE ST,1214,2,NO INDICATION OF INJURY,0,0,0,0,0,2,0,9,6,6,41.88894308,-87.64173602
6/3/2019 13:16,35,NO CONTROLS,NO CONTROLS,CLEAR,DAYLIGHT,REAR END,NOT DIVIDED,STRAIGHT AND LEVEL,DRY,NO DEFECTS,NOT ON SCENE (DESK REPORT),NO INJURY / DRIVE AWAY,,"$501 - $1,500",UNABLE TO DETERMINE,UNABLE TO DETERMINE,4021,S,KEDZIE AVE,921,2,NO INDICATION OF INJURY,0,0,0,0,0,2,0,13,2,6,41.82007418,-87.70429514
6/7/2019 18:00,30,NO CONTROLS,NO CONTROLS,CLEAR,DAYLIGHT,TURNING,DIVIDED - W/MEDIAN (NOT RAISED),STRAIGHT AND LEVEL,DRY,NO DEFECTS,ON SCENE,INJURY AND / OR TOW DUE TO CRASH,,"$501 - $1,500",FAILING TO YIELD RIGHT-OF-WAY,FAILING TO YIELD RIGHT-OF-WAY,152,W,MARQUETTE RD,722,2,"REPORTED, NOT EVIDENT",5,0,0,0,5,1,0,18,6,6,41.77282664,-87.62950268
6/3/2019 11:57,30,NO CONTROLS,NO CONTROLS,CLEAR,DAYLIGHT,FIXED OBJECT,OTHER,STRAIGHT AND LEVEL,DRY,NO DEFECTS,ON SCENE,NO INJURY / DRIVE AWAY,,"OVER $1,500","OPERATING VEHICLE IN ERRATIC, RECKLESS, CARELESS, NEGLIGENT OR AGGRESSIVE MANNER",NOT APPLICABLE,1659,N,ASHLAND AVE,1433,1,NO INDICATION OF INJURY,0,0,0,0,0,1,0,11,2,6,41.91236133,-87.66759255
6/6/2019 10:20,30,NO CONTROLS,NO CONTROLS,CLEAR,DAYLIGHT,PARKED MOTOR VEHICLE,PARKING LOT,STRAIGHT AND LEVEL,DRY,NO DEFECTS,NOT ON SCENE (DESK REPORT),NO INJURY / DRIVE AWAY,,"$501 - $1,500",UNABLE TO DETERMINE,UNABLE TO DETERMINE,3333,W,26TH ST,1032,2,NO INDICATION OF INJURY,0,0,0,0,0,1,0,10,5,6,41.84435627,-87.70874699
6/2/2019 6:55,30,NO CONTROLS,NO CONTROLS,CLEAR,DAYLIGHT,SIDESWIPE SAME DIRECTION,DIVIDED - W/MEDIAN (NOT RAISED),STRAIGHT AND LEVEL,DRY,NO DEFECTS,ON SCENE,NO INJURY / DRIVE AWAY,,$500 OR LESS,DISREGARDING YIELD SIGN,UNABLE TO DETERMINE,5802,S,ASHLAND AVE,715,2,NO INDICATION OF INJURY,0,0,0,0,0,2,0,6,1,6,41.78846154,-87.66458548