CRASH_DATE,POSTED_SPEED_LIMIT,TRAFFIC_CONTROL_DEVICE,DEVICE_CONDITION,WEATHER_CONDITION,LIGHTING_CONDITION,FIRST_CRASH_TYPE,TRAFFICWAY_TYPE,ALIGNMENT,ROADWAY_SURFACE_COND,ROAD_DEFECT,REPORT_TYPE,CRASH_TYPE,INTERSECTION_RELATED_I,DAMAGE,PRIM_CONTRIBUTORY_CAUSE,SEC_CONTRIBUTORY_CAUSE,STREET_NO,STREET_DIRECTION,STREET_NAME,BEAT_OF_OCCURRENCE,NUM_UNITS,MOST_SEVERE_INJURY,INJURIES_TOTAL,INJURIES_FATAL,INJURIES_INCAPACITATING,INJURIES_NON_INCAPACITATING,INJURIES_REPORTED_NOT_EVIDENT,INJURIES_NO_INDICATION,INJURIES_UNKNOWN,CRASH_HOUR,CRASH_DAY_OF_WEEK,CRASH_MONTH,LATITUDE,LONGITUDE
6/14/2019 11:50,30,TRAFFIC SIGNAL,FUNCTIONING PROPERLY,CLEAR,DAYLIGHT,REAR END,FOUR WAY,STRAIGHT ON GRADE,DRY,WORN SURFACE,ON SCENE,INJURY AND / OR TOW DUE TO CRASH,Y,"OVER $1,500",FAILING TO REDUCE SPEED TO AVOID CRASH,UNABLE TO DETERMINE,4400,W,OGDEN AVE,1013,3,INCAPACITATING INJURY,3,0,3,0,0,1,0,11,6,6,41.84777752,-87.73450597
6/4/2019 11:05,30,STOP SIGN/FLASHER,FUNCTIONING PROPERLY,RAIN,DAYLIGHT,ANGLE,FOUR WAY,STRAIGHT AND LEVEL,SNOW OR SLUSH,NO DEFECTS,ON SCENE,NO INJURY / DRIVE AWAY,Y,"$501 - $1,500",DISREGARDING STOP SIGN,NOT APPLICABLE,1900,N,KEDZIE AVE,1421,2,NO INDICATION OF INJURY,0,0,0,0,0,2,0,11,3,6,41.91562241,-87.70706394
6/3/2019 17:40,30,UNKNOWN,UNKNOWN,CLEAR,DAYLIGHT,REAR END,NOT DIVIDED,STRAIGHT AND LEVEL,DRY,NO DEFECTS,NOT ON SCENE (DESK REPORT),NO INJURY / DRIVE AWAY,,"$501 - $1,500",FOLLOWING TOO CLOSELY,NOT APPLICABLE,3228,N,CICERO AVE,1634,2,NO INDICATION OF INJURY,0,0,0,0,0,5,0,17,2,6,41.93969017,-87.74703642
6/2/2019 5:10,30,NO CONTROLS,NO CONTROLS,CLEAR,DAWN,SIDESWIPE SAME DIRECTION,DIVIDED - W/MEDIAN (NOT RAISED),STRAIGHT AND LEVEL,DRY,NO DEFECTS,NOT ON SCENE (DESK REPORT),NO INJURY / DRIVE AWAY,,"OVER $1,500",NOT APPLICABLE,NOT APPLICABLE,7100,S,JEFFERY BLVD,333,2,NO INDICATION OF INJURY,0,0,0,0,0,2,0,5,1,6,41.76602778,-87.57644312
6/6/2019 20:45,30,NO CONTROLS,NO CONTROLS,CLEAR,"DARKNESS, LIGHTED ROAD",REAR TO SIDE,NOT DIVIDED,STRAIGHT AND LEVEL,DRY,NO DEFECTS,NOT ON SCENE (DESK REPORT),NO INJURY / DRIVE AWAY,,"$501 - $1,500",NOT APPLICABLE,NOT APPLICABLE,141,W,ERIE ST,1832,2,NO INDICATION OF INJURY,0,0,0,0,0,2,0,20,5,6,41.89390026,-87.63273169
6/14/2019 17:00,30,UNKNOWN,UNKNOWN,CLEAR,DAYLIGHT,REAR END,DIVIDED - W/MEDIAN (NOT RAISED),STRAIGHT AND LEVEL,DRY,UNKNOWN,ON SCENE,NO INJURY / DRIVE AWAY,,"$501 - $1,500",FAILING TO REDUCE SPEED TO AVOID CRASH,FOLLOWING TOO CLOSELY,3601,W,ADDISON ST,1732,2,NO INDICATION OF INJURY,0,0,0,0,0,2,0,17,6,6,41.94639266,-87.71769893
6/4/2019 9:58,30,TRAFFIC SIGNAL,FUNCTIONING PROPERLY,RAIN,DAYLIGHT,SIDESWIPE SAME DIRECTION,OTHER,STRAIGHT AND LEVEL,WET,NO DEFECTS,ON SCENE,INJURY AND / OR TOW DUE TO CRASH,Y,"$501 - $1,500",FAILING TO YIELD RIGHT-OF-WAY,FAILING TO REDUCE SPEED TO AVOID CRASH,65,E,ONTARIO ST,1834,2,"REPORTED, NOT EVIDENT",1,0,0,0,1,2,0,9,3,6,41.89320435,-87.62548219
6/10/2019 7:45,30,NO CONTROLS,NO CONTROLS,CLEAR,DAYLIGHT,SIDESWIPE SAME DIRECTION,DIVIDED - W/MEDIAN (NOT RAISED),STRAIGHT AND LEVEL,DRY,NO DEFECTS,NOT ON SCENE (DESK REPORT),NO INJURY / DRIVE AWAY,,"$501 - $1,500",UNABLE TO DETERMINE,NOT APPLICABLE,3101,N,WESTERN AVE,1931,2,NO INDICATION OF INJURY,0,0,0,0,0,2,0,7,2,6,41.93768962,-87.68773947
6/2/2019 7:30,45,NO CONTROLS,NO CONTROLS,CLEAR,DAYLIGHT,OTHER OBJECT,DIVIDED - W/MEDIAN BARRIER,STRAIGHT AND LEVEL,DRY,NO DEFECTS,ON SCENE,INJURY AND / OR TOW DUE TO CRASH,,"OVER $1,500","EVASIVE ACTION DUE TO ANIMAL, OBJECT, NONMOTORIST",NOT APPLICABLE,4100,S,LAKE SHORE DR NB,214,1,NONINCAPACITATING INJURY,1,0,0,1,0,1,0,7,1,6,41.81997886,-87.59738828
6/11/2019 11:37,30,STOP SIGN/FLASHER,FUNCTIONING PROPERLY,CLEAR,DAYLIGHT,ANGLE,NOT DIVIDED,STRAIGHT AND LEVEL,DRY,NO DEFECTS,ON SCENE,INJURY AND / OR TOW DUE TO CRASH,Y,"OVER $1,500",DISREGARDING STOP SIGN,NOT APPLICABLE,2900,W,MADISON ST,1222,2,NO INDICATION OF INJURY,0,0,0,0,0,2,0,11,3,6,41.8811606,-87.69885305
6/1/2019 2:15,30,NO CONTROLS,NO CONTROLS,CLEAR,"DARKNESS, LIGHTED ROAD",PARKED MOTOR VEHICLE,NOT DIVIDED,STRAIGHT AND LEVEL,DRY,NO DEFECTS,NOT ON SCENE (DESK REPORT),NO INJURY / DRIVE AWAY,,"OVER $1,500",UNABLE TO DETERMINE,UNABLE TO DETERMINE,640,N,CENTRAL AVE,1511,2,NO INDICATION OF INJURY,0,0,0,0,0,1,0,2,7,6,41.89232051,-87.76544348
6/13/2019 23:54,30,TRAFFIC SIGNAL,FUNCTIONING PROPERLY,CLEAR,"DARKNESS, LIGHTED ROAD",PEDALCYCLIST,NOT DIVIDED,STRAIGHT AND LEVEL,DRY,NO DEFECTS,ON SCENE,INJURY AND / OR TOW DUE TO CRASH,Y,$500 OR LESS,UNABLE TO DETERMINE,UNABLE TO DETERMINE,1602,W,CHICAGO AVE,1213,2,NONINCAPACITATING INJURY,1,0,0,1,0,1,0,23,5,6,41.89618087,-87.66744076
6/2/2019 2:30,30,NO CONTROLS,NO CONTROLS,CLEAR,"DARKNESS, LIGHTED ROAD",TURNING,NOT DIVIDED,STRAIGHT AND LEVEL,DRY,NO DEFECTS,NOT ON SCENE (DESK REPORT),NO INJURY / DRIVE AWAY,,"OVER $1,500",IMPROPER TURNING/NO SIGNAL,NOT APPLICABLE,3722,S,RACINE AVE,912,2,NO INDICATION OF INJURY,0,0,0,0,0,5,0,2,1,6,41.82624297,-87.65574546
6/7/2019 13:00,0,NO CONTROLS,NO CONTROLS,CLEAR,DAYLIGHT,PARKED MOTOR VEHICLE,PARKING LOT,STRAIGHT AND LEVEL,DRY,NO DEFECTS,NOT ON SCENE (DESK REPORT),NO INJURY / DRIVE AWAY,,"$501 - $1,500",IMPROPER BACKING,DRIVING SKILLS/KNOWLEDGE/EXPERIENCE,3040,S,HARDING AVE,1031,2,NO INDICATION OF INJURY,0,0,0,0,0,1,0,13,6,6,41.83750706,-87.72329169
6/7/2019 10:42,30,STOP SIGN/FLASHER,FUNCTIONING PROPERLY,CLEAR,DAYLIGHT,ANGLE,NOT DIVIDED,STRAIGHT AND LEVEL,DRY,NO DEFECTS,ON SCENE,INJURY AND / OR TOW DUE TO CRASH,Y,"OVER $1,500",FAILING TO YIELD RIGHT-OF-WAY,DRIVING SKILLS/KNOWLEDGE/EXPERIENCE,6401,S,ASHLAND AVE,725,2,"REPORTED, NOT EVIDENT",1,0,0,0,1,2,0,10,6,6,41.77756687,-87.66402057
6/2/2019 10:30,10,NO CONTROLS,NO CONTROLS,CLEAR,DAYLIGHT,PARKED MOTOR VEHICLE,PARKING LOT,STRAIGHT AND LEVEL,DRY,NO DEFECTS,NOT ON SCENE (DESK REPORT),NO INJURY / DRIVE AWAY,,"OVER $1,500",UNABLE TO DETERMINE,IMPROPER BACKING,1513,E,75TH ST,411,2,NO INDICATION OF INJURY,0,0,0,0,0,1,0,10,1,6,41.75863988,-87.58783875
6/5/2019 10:30,30,NO CONTROLS,NO CONTROLS,CLEAR,DAYLIGHT,TURNING,NOT DIVIDED,STRAIGHT AND LEVEL,DRY,NO DEFECTS,ON SCENE,NO INJURY / DRIVE AWAY,,"OVER $1,500",UNABLE TO DETERMINE,NOT APPLICABLE,2898,W,PETERSON AVE,2413,2,NO INDICATION OF INJURY,0,0,0,0,0,2,0,10,4,6,41.99053942,-87.70176663
6/2/2019 23:40,30,NO CONTROLS,NO CONTROLS,CLEAR,"DARKNESS, LIGHTED ROAD",PARKED MOTOR VEHICLE,DIVIDED - W/MEDIAN (NOT RAISED),STRAIGHT AND LEVEL,DRY,NO DEFECTS,,INJURY AND / OR TOW DUE TO CRASH,,$500 OR LESS,PHYSICAL CONDITION OF DRIVER,FAILING TO REDUCE SPEED TO AVOID CRASH,2337,W,GRAND AVE,1221,,,,,,,,,,23,1,6,41.89056665,-87.68572757
6/14/2019 16:30,30,STOP SIGN/FLASHER,FUNCTIONING PROPERLY,CLEAR,DAYLIGHT,REAR END,NOT DIVIDED,STRAIGHT AND LEVEL,DRY,NO DEFECTS,,NO INJURY / DRIVE AWAY,Y,$500 OR LESS,UNABLE TO DETERMINE,UNABLE TO DETERMINE,1457,N,LARRABEE ST,1821,2,NO INDICATION OF INJURY,0,0,0,0,0,2,0,16,6,6,41.90808107,-87.64319915
6/9/2019 14:30,15,NO CONTROLS,NO CONTROLS,CLEAR,DAYLIGHT,PARKED MOTOR VEHICLE,ALLEY,STRAIGHT AND LEVEL,DRY,NO DEFECTS,NOT ON SCENE (DESK REPORT),NO INJURY / DRIVE AWAY,,"OVER $1,500",IMPROPER BACKING,NOT APPLICABLE,2841,W,SUMMERDALE AVE,2011,2,NO INDICATION OF INJURY,0,0,0,0,0,1,0,14,1,6,41.97843892,-87.70064242
6/11/2019 17:11,30,TRAFFIC SIGNAL,FUNCTIONING PROPERLY,CLEAR,DAYLIGHT,TURNING,FOUR WAY,STRAIGHT AND LEVEL,DRY,NO DEFECTS,ON SCENE,NO INJURY / DRIVE AWAY,Y,"OVER $1,500",FAILING TO YIELD RIGHT-OF-WAY,NOT APPLICABLE,1730,W,FULLERTON AVE,1931,2,NO INDICATION OF INJURY,0,0,0,0,0,2,0,17,3,6,41.92521233,-87.67192543
6/2/2019 16:00,20,NO CONTROLS,NO CONTROLS,CLEAR,"DARKNESS, LIGHTED ROAD",PARKED MOTOR VEHICLE,NOT DIVIDED,STRAIGHT AND LEVEL,DRY,NO DEFECTS,NOT ON SCENE (DESK REPORT),NO INJURY / DRIVE AWAY,,"OVER $1,500",FOLLOWING TOO CLOSELY,UNABLE TO DETERMINE,10642,S,WOOD ST,2212,2,NO INDICATION OF INJURY,0,0,0,0,0,1,0,16,1,6,41.69974133,-87.66704411
6/4/2019 5:05,30,NO CONTROLS,NO CONTROLS,CLEAR,UNKNOWN,PARKED MOTOR VEHICLE,ONE-WAY,STRAIGHT AND LEVEL,DRY,NO DEFECTS,ON SCENE,NO INJURY / DRIVE AWAY,,"OVER $1,500",UNABLE TO DETERMINE,NOT APPLICABLE,1602,S,HAMLIN AVE,1014,2,NO INDICATION OF INJURY,0,0,0,0,0,1,0,5,3,6,41.85877148,-87.72019324
6/15/2019 12:40,30,NO CONTROLS,NO CONTROLS,RAIN,DAYLIGHT,ANGLE,RAMP,STRAIGHT AND LEVEL,WET,NO DEFECTS,ON SCENE,NO INJURY / DRIVE AWAY,,"OVER $1,500",DISREGARDING YIELD SIGN,NOT APPLICABLE,6400,N,OAK PARK AVE,1611,2,NO INDICATION OF INJURY,0,0,0,0,0,2,0,12,7,6,41.99732984,-87.79572963
6/7/2019 16:25,30,NO CONTROLS,NO CONTROLS,CLEAR,DAYLIGHT,REAR END,NOT DIVIDED,STRAIGHT AND LEVEL,DRY,NO DEFECTS,NOT ON SCENE (DESK REPORT),NO INJURY / DRIVE AWAY,,"$501 - $1,500",UNABLE TO DETERMINE,UNABLE TO DETERMINE,410,W,ONTARIO ST,1831,2,NO INDICATION OF INJURY,0,0,0,0,0,2,0,16,6,6,41.89323141,-87.63910688
6/10/2019 11:30,30,NO CONTROLS,NO CONTROLS,CLEAR,DAYLIGHT,PARKED MOTOR VEHICLE,NOT DIVIDED,STRAIGHT AND LEVEL,DRY,NO DEFECTS,ON SCENE,NO INJURY / DRIVE AWAY,,$500 OR LESS,IMPROPER BACKING,UNABLE TO DETERMINE,13352,S,AVENUE N,433,2,NO INDICATION OF INJURY,0,0,0,0,0,1,0,11,2,6,41.65210298,-87.53881537
6/12/2019 9:00,30,NO CONTROLS,NO CONTROLS,CLEAR,DAYLIGHT,ANGLE,FOUR WAY,STRAIGHT AND LEVEL,DRY,NO DEFECTS,ON SCENE,INJURY AND / OR TOW DUE TO CRASH,Y,"OVER $1,500","VISION OBSCURED (SIGNS, TREE LIMBS, BUILDINGS, ETC.)",UNABLE TO DETERMINE,4630,S,GREENWOOD AVE,222,2,"REPORTED, NOT EVIDENT",1,0,0,0,1,1,0,9,4,6,41.81049511,-87.59943202
6/14/2019 18:19,30,TRAFFIC SIGNAL,FUNCTIONING PROPERLY,CLEAR,DUSK,REAR END,DIVIDED - W/MEDIAN (NOT RAISED),STRAIGHT AND LEVEL,DRY,NO DEFECTS,NOT ON SCENE (DESK REPORT),INJURY AND / OR TOW DUE TO CRASH,Y,$500 OR LESS,UNABLE TO DETERMINE,UNABLE TO DETERMINE,7100,S,INDIANA AVE,323,2,NO INDICATION OF INJURY,0,0,0,0,0,2,0,18,6,6,41.76551904,-87.62022786
6/4/2019 18:15,30,TRAFFIC SIGNAL,FUNCTIONING PROPERLY,CLEAR,DAYLIGHT,ANGLE,CENTER TURN LANE,STRAIGHT AND LEVEL,DRY,NO DEFECTS,ON SCENE,NO INJURY / DRIVE AWAY,,"$501 - $1,500",FAILING TO YIELD RIGHT-OF-WAY,IMPROPER OVERTAKING/PASSING,3154,W,111TH ST,2211,2,NO INDICATION OF INJURY,0,0,0,0,0,2,0,18,3,6,41.69167989,-87.70060041
6/10/2019 11:35,35,STOP SIGN/FLASHER,FUNCTIONING PROPERLY,CLEAR,DAWN,PEDESTRIAN,NOT DIVIDED,STRAIGHT AND LEVEL,DRY,NO DEFECTS,ON SCENE,NO INJURY / DRIVE AWAY,,$500 OR LESS,FAILING TO YIELD RIGHT-OF-WAY,NOT APPLICABLE,2400,W,RICE ST,1212,3,NO INDICATION OF INJURY,0,0,0,0,0,3,0,11,2,6,41.8967625,-87.68699429
6/10/2019 16:55,30,TRAFFIC SIGNAL,FUNCTIONING PROPERLY,CLEAR,DAYLIGHT,SIDESWIPE SAME DIRECTION,NOT DIVIDED,STRAIGHT AND LEVEL,DRY,NO DEFECTS,NOT ON SCENE (DESK REPORT),NO INJURY / DRIVE AWAY,Y,"OVER $1,500",UNABLE TO DETERMINE,NOT APPLICABLE,2800,W,31ST ST,1033,2,NO INDICATION OF INJURY,0,0,0,0,0,4,0,16,2,6,41.83752077,-87.69515841
6/8/2019 15:55,20,NO CONTROLS,NO CONTROLS,CLEAR,DAYLIGHT,PARKED MOTOR VEHICLE,DIVIDED - W/MEDIAN (NOT RAISED),STRAIGHT AND LEVEL,DRY,NO DEFECTS,NOT ON SCENE (DESK REPORT),NO INJURY / DRIVE AWAY,,"OVER $1,500",DRIVING SKILLS/KNOWLEDGE/EXPERIENCE,DRIVING SKILLS/KNOWLEDGE/EXPERIENCE,4647,N,MARINE DR,1914,2,NO INDICATION OF INJURY,0,0,0,0,0,2,0,15,7,6,41.96686548,-87.64883558
6/2/2019 1:07,30,NO CONTROLS,NO CONTROLS,CLEAR,"DARKNESS, LIGHTED ROAD",SIDESWIPE SAME DIRECTION,ONE-WAY,STRAIGHT AND LEVEL,DRY,NO DEFECTS,ON SCENE,NO INJURY / DRIVE AWAY,,"OVER $1,500",IMPROPER BACKING,IMPROPER BACKING,1226,W,OAKDALE AVE,1933,2,NO INDICATION OF INJURY,0,0,0,0,0,3,0,1,1,6,41.93537032,-87.65990874
6/3/2019 17:49,30,TRAFFIC SIGNAL,FUNCTIONING PROPERLY,CLEAR,DAYLIGHT,REAR END,NOT DIVIDED,STRAIGHT AND LEVEL,DRY,NO DEFECTS,NOT ON SCENE (DESK REPORT),INJURY AND / OR TOW DUE TO CRASH,Y,"$501 - $1,500",UNABLE TO DETERMINE,NOT APPLICABLE,3951,N,KIMBALL AVE,1733,2,"REPORTED, NOT EVIDENT",1,0,0,0,1,1,0,17,2,6,41.95354369,-87.71274347
6/5/2019 8:16,30,NO CONTROLS,NO CONTROLS,CLEAR,DAYLIGHT,TURNING,NOT DIVIDED,STRAIGHT AND LEVEL,WET,UNKNOWN,ON SCENE,INJURY AND / OR TOW DUE TO CRASH,Y,"OVER $1,500",FAILING TO YIELD RIGHT-OF-WAY,DRIVING SKILLS/KNOWLEDGE/EXPERIENCE,5298,S,WESTERN BLVD,923,2,NO INDICATION OF INJURY,0,0,0,0,0,2,0,8,4,6,41.79758043,-87.6837158
6/6/2019 7:30,30,TRAFFIC SIGNAL,FUNCTIONING PROPERLY,CLEAR,DAYLIGHT,REAR END,NOT DIVIDED,STRAIGHT AND LEVEL,DRY,NO DEFECTS,ON SCENE,INJURY AND / OR TOW DUE TO CRASH,,"OVER $1,500",FAILING TO REDUCE SPEED TO AVOID CRASH,UNABLE TO DETERMINE,950,W,59TH ST,712,2,NONINCAPACITATING INJURY,1,0,0,1,0,3,0,7,5,6,41.7870711,-87.6494356
6/2/2019 14:30,25,UNKNOWN,UNKNOWN,CLEAR,DAYLIGHT,TURNING,NOT DIVIDED,STRAIGHT AND LEVEL,DRY,NO DEFECTS,NOT ON SCENE (DESK REPORT),NO INJURY / DRIVE AWAY,Y,"$501 - $1,500",FAILING TO YIELD RIGHT-OF-WAY,NOT APPLICABLE,7400,S,ASHLAND AVE,735,1,NO INDICATION OF INJURY,0,0,0,0,0,1,0,14,1,6,41.7593684,-87.66378572
6/14/2019 15:35,30,TRAFFIC SIGNAL,FUNCTIONING PROPERLY,CLEAR,DAYLIGHT,TURNING,DIVIDED - W/MEDIAN (NOT RAISED),STRAIGHT AND LEVEL,DRY,NO DEFECTS,,NO INJURY / DRIVE AWAY,Y,"OVER $1,500",FAILING TO YIELD RIGHT-OF-WAY,NOT APPLICABLE,4606,S,ARCHER AVE,821,2,NO INDICATION OF INJURY,0,0,0,0,0,2,0,15,6,6,41.80979509,-87.71147391
6/8/2019 2:15,30,NO CONTROLS,NO CONTROLS,CLEAR,"DARKNESS, LIGHTED ROAD",PARKED MOTOR VEHICLE,DIVIDED - W/MEDIAN BARRIER,STRAIGHT AND LEVEL,DRY,NO DEFECTS,ON SCENE,INJURY AND / OR TOW DUE TO CRASH,,"OVER $1,500",UNABLE TO DETERMINE,UNABLE TO DETERMINE,2516,S,DR MARTIN LUTHER KING JR DR,133,3,NO INDICATION OF INJURY,0,0,0,0,0,1,0,2,7,6,41.84705992,-87.6178518
6/6/2019 2:50,30,TRAFFIC SIGNAL,FUNCTIONING PROPERLY,CLEAR,"DARKNESS, LIGHTED ROAD",REAR END,NOT DIVIDED,STRAIGHT AND LEVEL,DRY,NO DEFECTS,NOT ON SCENE (DESK REPORT),NO INJURY / DRIVE AWAY,,$500 OR LESS,FOLLOWING TOO CLOSELY,FAILING TO REDUCE SPEED TO AVOID CRASH,2,N,PULASKI RD,1115,2,NO INDICATION OF INJURY,0,0,0,0,0,3,0,2,5,6,41.8807858,-87.72581841
6/3/2019 18:40,30,NO CONTROLS,NO CONTROLS,CLEAR,DAYLIGHT,PARKED MOTOR VEHICLE,NOT DIVIDED,STRAIGHT AND LEVEL,DRY,NO DEFECTS,NOT ON SCENE (DESK REPORT),NO INJURY / DRIVE AWAY,,"OVER $1,500",IMPROPER OVERTAKING/PASSING,UNABLE TO DETERMINE,17,E,BELLEVUE PL,1824,2,NO INDICATION OF INJURY,0,0,0,0,0,1,0,18,2,6,41.9014593,-87.62764832
6/1/2019 9:55,25,NO CONTROLS,NO CONTROLS,UNKNOWN,UNKNOWN,PARKED MOTOR VEHICLE,OTHER,STRAIGHT AND LEVEL,DRY,NO DEFECTS,ON SCENE,NO INJURY / DRIVE AWAY,,"OVER $1,500",UNABLE TO DETERMINE,UNABLE TO DETERMINE,8908,S,ABERDEEN ST,2222,2,NO INDICATION OF INJURY,0,0,0,0,0,1,0,9,7,6,41.73200174,-87.65095017
6/14/2019 21:30,30,NO CONTROLS,NO CONTROLS,RAIN,"DARKNESS, LIGHTED ROAD",REAR END,DIVIDED - W/MEDIAN BARRIER,STRAIGHT AND LEVEL,WET,NO DEFECTS,NOT ON SCENE (DESK REPORT),INJURY AND / OR TOW DUE TO CRASH,,"$501 - $1,500",FOLLOWING TOO CLOSELY,NOT APPLICABLE,810,W,87TH ST,613,2,"REPORTED, NOT EVIDENT",1,0,0,0,1,1,0,21,6,6,41.73617625,-87.64416453
6/14/2019 7:45,30,NO CONTROLS,NO CONTROLS,CLEAR,DAYLIGHT,PARKED MOTOR VEHICLE,NOT DIVIDED,STRAIGHT AND LEVEL,DRY,NO DEFECTS,ON SCENE,INJURY AND / OR TOW DUE TO CRASH,,"OVER $1,500",UNABLE TO DETERMINE,NOT APPLICABLE,6042,W,ADDISON ST,1633,3,NO INDICATION OF INJURY,0,0,0,0,0,1,0,7,6,6,41.94586429,-87.77821441
6/11/2019 15:50,30,TRAFFIC SIGNAL,NO CONTROLS,CLEAR,DAYLIGHT,TURNING,CENTER TURN LANE,STRAIGHT AND LEVEL,DRY,NO DEFECTS,ON SCENE,INJURY AND / OR TOW DUE TO CRASH,Y,"OVER $1,500",DISREGARDING TRAFFIC SIGNALS,NOT APPLICABLE,7199,W,63RD ST,812,2,NO INDICATION OF INJURY,0,0,0,0,0,3,0,15,3,6,41.77718494,-87.80082331
6/5/2019 4:53,30,TRAFFIC SIGNAL,FUNCTIONING PROPERLY,RAIN,DUSK,FIXED OBJECT,FOUR WAY,STRAIGHT AND LEVEL,WET,NO DEFECTS,ON SCENE,INJURY AND / OR TOW DUE TO CRASH,Y,"$501 - $1,500",FAILING TO REDUCE SPEED TO AVOID CRASH,PHYSICAL CONDITION OF DRIVER,6300,S,YALE AVE,722,1,NO INDICATION OF INJURY,0,0,0,0,0,1,0,4,4,6,41.77992652,-87.63197933
6/1/2019 12:15,30,TRAFFIC SIGNAL,FUNCTIONING PROPERLY,CLEAR,DAYLIGHT,REAR END,NOT DIVIDED,STRAIGHT AND LEVEL,DRY,NO DEFECTS,NOT ON SCENE (DESK REPORT),NO INJURY / DRIVE AWAY,,"OVER $1,500",FOLLOWING TOO CLOSELY,UNABLE TO DETERMINE,4600,N,CICERO AVE,1623,2,NO INDICATION OF INJURY,0,0,0,0,0,2,0,12,7,6,41.96445117,-87.74777643
6/3/2019 11:20,30,NO CONTROLS,NO CONTROLS,CLEAR,DAYLIGHT,REAR END,DIVIDED - W/MEDIAN (NOT RAISED),STRAIGHT AND LEVEL,DRY,NO DEFECTS,ON SCENE,NO INJURY / DRIVE AWAY,,"OVER $1,500",FAILING TO REDUCE SPEED TO AVOID CRASH,UNABLE TO DETERMINE,5333,N,ELSTON AVE,1621,3,NO INDICATION OF INJURY,0,0,0,0,0,2,0,11,2,6,41.97830433,-87.75649042
6/1/2019 8:55,30,TRAFFIC SIGNAL,FUNCTIONING PROPERLY,CLEAR,DAYLIGHT,PEDESTRIAN,NOT DIVIDED,STRAIGHT AND LEVEL,DRY,NO DEFECTS,ON SCENE,INJURY AND / OR TOW DUE TO CRASH,Y,$500 OR LESS,NOT APPLICABLE,NOT APPLICABLE,5000,W,IRVING PARK RD,1624,2,NONINCAPACITATING INJURY,1,0,0,1,0,1,0,8,7,6,41.95346817,-87.75230593
6/3/2019 16:46,15,NO CONTROLS,NO CONTROLS,CLEAR,DAYLIGHT,PARKED MOTOR VEHICLE,PARKING LOT,STRAIGHT AND LEVEL,DRY,UNKNOWN,ON SCENE,NO INJURY / DRIVE AWAY,,$500 OR LESS,IMPROPER BACKING,NOT APPLICABLE,4627,W,DIVERSEY AVE,2521,2,NO INDICATION OF INJURY,0,0,0,0,0,1,0,16,2,6,41.93146944,-87.74301063
6/8/2019 2:30,30,TRAFFIC SIGNAL,FUNCTIONING PROPERLY,CLEAR,"DARKNESS, LIGHTED ROAD",SIDESWIPE SAME DIRECTION,DIVIDED - W/MEDIAN BARRIER,STRAIGHT AND LEVEL,DRY,NO DEFECTS,NOT ON SCENE (DESK REPORT),NO INJURY / DRIVE AWAY,,"OVER $1,500",UNABLE TO DETERMINE,UNABLE TO DETERMINE,800,N,LAKE SHORE DR SB,1833,2,NO INDICATION OF INJURY,0,0,0,0,0,2,0,2,7,6,41.89680497,-87.61702742
6/5/2019 7:00,30,NO CONTROLS,NO CONTROLS,CLEAR,DAYLIGHT,SIDESWIPE SAME DIRECTION,NOT DIVIDED,STRAIGHT AND LEVEL,DRY,NO DEFECTS,NOT ON SCENE (DESK REPORT),NO INJURY / DRIVE AWAY,,"$501 - $1,500",IMPROPER OVERTAKING/PASSING,FAILING TO REDUCE SPEED TO AVOID CRASH,2000,W,GRAND AVE,1221,2,NO INDICATION OF INJURY,0,0,0,0,0,4,0,7,4,6,41.89093109,-87.67703497
6/1/2019 16:55,30,NO CONTROLS,NO CONTROLS,RAIN,DAYLIGHT,TURNING,DIVIDED - W/MEDIAN (NOT RAISED),STRAIGHT AND LEVEL,WET,NO DEFECTS,ON SCENE,INJURY AND / OR TOW DUE TO CRASH,,"OVER $1,500",IMPROPER TURNING/NO SIGNAL,IMPROPER LANE USAGE,1129,S,CANAL ST,124,2,NONINCAPACITATING INJURY,1,0,0,1,0,4,0,16,7,6,41.86814165,-87.63907362
6/6/2019 17:45,15,NO CONTROLS,NO CONTROLS,CLEAR,DAYLIGHT,ANGLE,PARKING LOT,STRAIGHT AND LEVEL,DRY,NO DEFECTS,NOT ON SCENE (DESK REPORT),NO INJURY / DRIVE AWAY,,"$501 - $1,500",IMPROPER BACKING,UNABLE TO DETERMINE,7430,S,STONY ISLAND AVE,324,2,NO INDICATION OF INJURY,0,0,0,0,0,2,0,17,5,6,41.75972064,-87.58631045
6/4/2019 11:15,30,TRAFFIC SIGNAL,FUNCTIONING PROPERLY,RAIN,DAYLIGHT,SIDESWIPE SAME DIRECTION,NOT DIVIDED,STRAIGHT AND LEVEL,WET,NO DEFECTS,NOT ON SCENE (DESK REPORT),NO INJURY / DRIVE AWAY,,"OVER $1,500",FAILING TO YIELD RIGHT-OF-WAY,UNABLE TO DETERMINE,2800,W,CHICAGO AVE,1211,2,NO INDICATION OF INJURY,0,0,0,0,0,2,0,11,3,6,41.89576324,-87.69676492