CRASH_DATE,POSTED_SPEED_LIMIT,TRAFFIC_CONTROL_DEVICE,DEVICE_CONDITION,WEATHER_CONDITION,LIGHTING_CONDITION,FIRST_CRASH_TYPE,TRAFFICWAY_TYPE,ALIGNMENT,ROADWAY_SURFACE_COND,ROAD_DEFECT,REPORT_TYPE,CRASH_TYPE,INTERSECTION_RELATED_I,DAMAGE,PRIM_CONTRIBUTORY_CAUSE,SEC_CONTRIBUTORY_CAUSE,STREET_NO,STREET_DIRECTION,STREET_NAME,BEAT_OF_OCCURRENCE,NUM_UNITS,MOST_SEVERE_INJURY,INJURIES_TOTAL,INJURIES_FATAL,INJURIES_INCAPACITATING,INJURIES_NON_INCAPACITATING,INJURIES_REPORTED_NOT_EVIDENT,INJURIES_NO_INDICATION,INJURIES_UNKNOWN,CRASH_HOUR,CRASH_DAY_OF_WEEK,CRASH_MONTH,LATITUDE,LONGITUDE
6/4/2019 20:45,30,NO CONTROLS,NO CONTROLS,CLEAR,"DARKNESS, LIGHTED ROAD",PEDALCYCLIST,NOT DIVIDED,STRAIGHT AND LEVEL,DRY,NO DEFECTS,ON SCENE,NO INJURY / DRIVE AWAY,,"$501 - $1,500",FAILING TO YIELD RIGHT-OF-WAY,NOT APPLICABLE,2514,N,CALIFORNIA AVE,1414,2,NO INDICATION OF INJURY,0,0,0,0,0,2,0,20,3,6,41.9270617,-87.69762374
6/3/2019 16:30,30,NO CONTROLS,NO CONTROLS,CLEAR,DAYLIGHT,PARKED MOTOR VEHICLE,PARKING LOT,STRAIGHT AND LEVEL,DRY,NO DEFECTS,NOT ON SCENE (DESK REPORT),NO INJURY / DRIVE AWAY,,"OVER $1,500",UNABLE TO DETERMINE,UNABLE TO DETERMINE,820,S,WELLS ST,123,2,NO INDICATION OF INJURY,0,0,0,0,0,1,0,16,2,6,41.87169927,-87.63370747
6/9/2019 2:15,15,NO CONTROLS,NO CONTROLS,CLEAR,DARKNESS,HEAD ON,ONE-WAY,STRAIGHT AND LEVEL,DRY,NO DEFECTS,NOT ON SCENE (DESK REPORT),NO INJURY / DRIVE AWAY,,$500 OR LESS,IMPROPER BACKING,IMPROPER BACKING,1415,S,KARLOV AVE,1011,2,NO INDICATION OF INJURY,0,0,0,0,0,2,0,2,1,6,41.8619982,-87.72734647
6/6/2019 15:12,30,TRAFFIC SIGNAL,FUNCTIONING PROPERLY,CLEAR,DAYLIGHT,ANGLE,NOT DIVIDED,STRAIGHT AND LEVEL,DRY,NO DEFECTS,ON SCENE,NO INJURY / DRIVE AWAY,Y,"OVER $1,500",FAILING TO YIELD RIGHT-OF-WAY,NOT APPLICABLE,5201,N,HARLEM AVE,1613,2,NO INDICATION OF INJURY,0,0,0,0,0,2,0,15,5,6,41.97553426,-87.80691186
6/1/2019 14:30,30,NO CONTROLS,NO CONTROLS,CLEAR,DAYLIGHT,REAR END,NOT DIVIDED,STRAIGHT AND LEVEL,DRY,NO DEFECTS,NOT ON SCENE (DESK REPORT),NO INJURY / DRIVE AWAY,,"$501 - $1,500",NOT APPLICABLE,NOT APPLICABLE,5801,S,HARLEM AVE,811,2,NO INDICATION OF INJURY,0,0,0,0,0,4,0,14,7,6,41.78647616,-87.80114682
6/13/2019 19:00,20,NO CONTROLS,NO CONTROLS,CLEAR,DAYLIGHT,PARKED MOTOR VEHICLE,ONE-WAY,STRAIGHT AND LEVEL,DRY,"RUT, HOLES",NOT ON SCENE (DESK REPORT),NO INJURY / DRIVE AWAY,,"$501 - $1,500",ROAD CONSTRUCTION/MAINTENANCE,DISTRACTION - FROM INSIDE VEHICLE,10645,S,HALE AVE,2212,3,NO INDICATION OF INJURY,0,0,0,0,0,1,0,19,5,6,41.6996535,-87.66929789
6/6/2019 4:34,30,NO CONTROLS,NO CONTROLS,CLEAR,"DARKNESS, LIGHTED ROAD",PARKED MOTOR VEHICLE,NOT DIVIDED,STRAIGHT AND LEVEL,DRY,NO DEFECTS,ON SCENE,INJURY AND / OR TOW DUE TO CRASH,,"OVER $1,500",FAILING TO REDUCE SPEED TO AVOID CRASH,NOT APPLICABLE,4037,N,PULASKI RD,1723,3,NO INDICATION OF INJURY,0,0,0,0,0,2,0,4,5,6,41.95476314,-87.72750186
6/14/2019 8:25,25,STOP SIGN/FLASHER,NO CONTROLS,CLEAR,DAYLIGHT,REAR END,ONE-WAY,STRAIGHT AND LEVEL,DRY,NO DEFECTS,ON SCENE,NO INJURY / DRIVE AWAY,,$500 OR LESS,FOLLOWING TOO CLOSELY,EQUIPMENT - VEHICLE CONDITION,3001,W,FRANKLIN BLVD,1221,2,NO INDICATION OF INJURY,0,0,0,0,0,4,0,8,6,6,41.89006298,-87.70168487
6/1/2019 9:24,30,TRAFFIC SIGNAL,FUNCTIONING PROPERLY,CLEAR,DAYLIGHT,ANGLE,FOUR WAY,STRAIGHT AND LEVEL,DRY,NO DEFECTS,ON SCENE,INJURY AND / OR TOW DUE TO CRASH,,"OVER $1,500",UNABLE TO DETERMINE,NOT APPLICABLE,4858,S,DR MARTIN LUTHER KING JR DR,224,2,NO INDICATION OF INJURY,0,0,0,0,0,5,0,9,7,6,41.80583073,-87.61664551
6/2/2019 15:56,30,TRAFFIC SIGNAL,FUNCTIONING PROPERLY,CLEAR,DAYLIGHT,TURNING,NOT DIVIDED,STRAIGHT AND LEVEL,DRY,NO DEFECTS,NOT ON SCENE (DESK REPORT),NO INJURY / DRIVE AWAY,Y,"$501 - $1,500",IMPROPER TURNING/NO SIGNAL,UNABLE TO DETERMINE,1701,W,PETERSON AVE,2012,2,NO INDICATION OF INJURY,0,0,0,0,0,2,0,15,1,6,41.99065524,-87.67180414
6/15/2019 17:58,30,NO CONTROLS,NO CONTROLS,RAIN,DAWN,SIDESWIPE SAME DIRECTION,NOT DIVIDED,STRAIGHT AND LEVEL,WET,NO DEFECTS,ON SCENE,INJURY AND / OR TOW DUE TO CRASH,,"$501 - $1,500",UNABLE TO DETERMINE,NOT APPLICABLE,1199,W,WILSON AVE,1913,2,NO INDICATION OF INJURY,0,0,0,0,0,2,0,17,7,6,41.96525846,-87.65958456
6/10/2019 10:13,30,NO CONTROLS,NO CONTROLS,CLEAR,DAYLIGHT,PEDESTRIAN,NOT DIVIDED,STRAIGHT AND LEVEL,DRY,NO DEFECTS,ON SCENE,INJURY AND / OR TOW DUE TO CRASH,,"OVER $1,500",FAILING TO YIELD RIGHT-OF-WAY,NOT APPLICABLE,5101,W,HARRISON ST,1533,2,NONINCAPACITATING INJURY,1,0,0,1,0,1,0,10,2,6,41.87285714,-87.75335467
6/6/2019 10:55,10,NO CONTROLS,NO CONTROLS,CLEAR,DAYLIGHT,REAR TO FRONT,NOT DIVIDED,STRAIGHT AND LEVEL,DRY,NO DEFECTS,ON SCENE,NO INJURY / DRIVE AWAY,,"$501 - $1,500",IMPROPER BACKING,IMPROPER BACKING,1939,W,BRYN MAWR AVE,2012,2,NO INDICATION OF INJURY,0,0,0,0,0,2,0,10,5,6,41.98315155,-87.67815826
6/3/2019 15:45,30,UNKNOWN,UNKNOWN,CLEAR,DAYLIGHT,SIDESWIPE SAME DIRECTION,NOT DIVIDED,STRAIGHT AND LEVEL,DRY,UNKNOWN,NOT ON SCENE (DESK REPORT),NO INJURY / DRIVE AWAY,,"OVER $1,500",UNABLE TO DETERMINE,UNABLE TO DETERMINE,4600,S,ST LAWRENCE AVE,221,2,NO INDICATION OF INJURY,0,0,0,0,0,2,0,15,2,6,41.81123302,-87.61164477
6/4/2019 8:30,30,NO CONTROLS,NO CONTROLS,RAIN,DAYLIGHT,REAR END,NOT DIVIDED,STRAIGHT AND LEVEL,DRY,NO DEFECTS,NOT ON SCENE (DESK REPORT),NO INJURY / DRIVE AWAY,,"OVER $1,500",UNABLE TO DETERMINE,NOT APPLICABLE,7,E,ILLINOIS ST,1834,2,NO INDICATION OF INJURY,0,0,0,0,0,2,0,8,3,6,41.89076097,-87.62771747
6/5/2019 9:00,30,NO CONTROLS,NO CONTROLS,CLEAR,DAYLIGHT,PARKED MOTOR VEHICLE,NOT DIVIDED,STRAIGHT AND LEVEL,DRY,NO DEFECTS,ON SCENE,INJURY AND / OR TOW DUE TO CRASH,,"OVER $1,500",NOT APPLICABLE,NOT APPLICABLE,2005,S,ALBANY AVE,1022,2,NO INDICATION OF INJURY,0,0,0,0,0,1,0,9,4,6,41.85439124,-87.70275096
6/14/2019 14:55,30,TRAFFIC SIGNAL,FUNCTIONING PROPERLY,CLEAR,DAYLIGHT,SIDESWIPE SAME DIRECTION,NOT DIVIDED,STRAIGHT AND LEVEL,DRY,NO DEFECTS,NOT ON SCENE (DESK REPORT),NO INJURY / DRIVE AWAY,,"$501 - $1,500",IMPROPER OVERTAKING/PASSING,FAILING TO REDUCE SPEED TO AVOID CRASH,5558,W,BELMONT AVE,1633,2,NO INDICATION OF INJURY,0,0,0,0,0,2,0,14,6,6,41.93868512,-87.76644027
6/2/2019 18:28,30,TRAFFIC SIGNAL,FUNCTIONING PROPERLY,CLEAR,DAYLIGHT,REAR END,NOT DIVIDED,STRAIGHT AND LEVEL,DRY,NO DEFECTS,ON SCENE,INJURY AND / OR TOW DUE TO CRASH,,"OVER $1,500",FOLLOWING TOO CLOSELY,FOLLOWING TOO CLOSELY,11200,S,MICHIGAN AVE,531,2,NO INDICATION OF INJURY,0,0,0,0,0,4,0,18,1,6,41.6907476,-87.62117331
6/2/2019 10:00,30,NO CONTROLS,NO CONTROLS,CLEAR,DAYLIGHT,PARKED MOTOR VEHICLE,NOT DIVIDED,STRAIGHT AND LEVEL,DRY,NO DEFECTS,NOT ON SCENE (DESK REPORT),NO INJURY / DRIVE AWAY,,"OVER $1,500",NOT APPLICABLE,NOT APPLICABLE,7928,S,ADA ST,612,2,NO INDICATION OF INJURY,0,0,0,0,0,1,0,10,1,6,41.7495227,-87.65749732
6/8/2019 14:00,20,NO CONTROLS,NO CONTROLS,CLEAR,DAYLIGHT,PARKED MOTOR VEHICLE,ONE-WAY,STRAIGHT AND LEVEL,DRY,NO DEFECTS,ON SCENE,INJURY AND / OR TOW DUE TO CRASH,,$500 OR LESS,UNABLE TO DETERMINE,NOT APPLICABLE,5621,W,WABANSIA AVE,2531,2,NO INDICATION OF INJURY,0,0,0,0,0,1,0,14,7,6,41.91108096,-87.76655757
6/10/2019 17:00,30,TRAFFIC SIGNAL,FUNCTIONING PROPERLY,CLEAR,DAYLIGHT,TURNING,FOUR WAY,STRAIGHT AND LEVEL,DRY,NO DEFECTS,NOT ON SCENE (DESK REPORT),NO INJURY / DRIVE AWAY,Y,"OVER $1,500",DISREGARDING ROAD MARKINGS,UNABLE TO DETERMINE,300,E,ROOSEVELT DR,114,2,NO INDICATION OF INJURY,0,0,0,0,0,2,0,17,2,6,41.86762343,-87.6203324
6/4/2019 12:05,45,NO CONTROLS,NO CONTROLS,RAIN,DAYLIGHT,SIDESWIPE SAME DIRECTION,NOT DIVIDED,STRAIGHT AND LEVEL,WET,NO DEFECTS,ON SCENE,INJURY AND / OR TOW DUE TO CRASH,,"OVER $1,500",UNABLE TO DETERMINE,NOT APPLICABLE,1548,W,FULLERTON AVE,1932,2,NO INDICATION OF INJURY,0,0,0,0,0,3,0,12,3,6,41.92526694,-87.66771876
6/11/2019 11:45,20,NO CONTROLS,NO CONTROLS,CLEAR,DAYLIGHT,PARKED MOTOR VEHICLE,NOT DIVIDED,STRAIGHT AND LEVEL,DRY,"RUT, HOLES",ON SCENE,NO INJURY / DRIVE AWAY,,$500 OR LESS,UNABLE TO DETERMINE,UNABLE TO DETERMINE,1813,N,MC VICKER AVE,2513,2,NO INDICATION OF INJURY,0,0,0,0,0,1,0,11,3,6,41.91330812,-87.77682721
6/7/2019 18:45,35,TRAFFIC SIGNAL,FUNCTIONING PROPERLY,CLEAR,DAYLIGHT,REAR END,FOUR WAY,STRAIGHT AND LEVEL,DRY,NO DEFECTS,NOT ON SCENE (DESK REPORT),NO INJURY / DRIVE AWAY,N,$500 OR LESS,UNABLE TO DETERMINE,NOT APPLICABLE,11058,S,MICHIGAN AVE,513,2,NO INDICATION OF INJURY,0,0,0,0,0,2,0,18,6,6,41.69267395,-87.62119496
6/4/2019 9:25,30,NO CONTROLS,NO CONTROLS,RAIN,DAYLIGHT,PARKED MOTOR VEHICLE,NOT DIVIDED,STRAIGHT AND LEVEL,WET,NO DEFECTS,ON SCENE,NO INJURY / DRIVE AWAY,,"OVER $1,500",DISTRACTION - FROM OUTSIDE VEHICLE,UNABLE TO DETERMINE,2723,N,PULASKI RD,2524,2,NO INDICATION OF INJURY,0,0,0,0,0,1,0,9,3,6,41.93066028,-87.72680033
6/11/2019 7:44,30,STOP SIGN/FLASHER,FUNCTIONING PROPERLY,CLEAR,DAYLIGHT,ANGLE,NOT DIVIDED,STRAIGHT AND LEVEL,DRY,NO DEFECTS,ON SCENE,INJURY AND / OR TOW DUE TO CRASH,Y,"OVER $1,500",FAILING TO YIELD RIGHT-OF-WAY,UNABLE TO DETERMINE,8400,S,PRAIRIE AVE,632,2,NO INDICATION OF INJURY,0,0,0,0,0,4,0,7,3,6,41.74183981,-87.61804869
6/5/2019 18:45,30,UNKNOWN,UNKNOWN,CLEAR,UNKNOWN,PEDALCYCLIST,UNKNOWN,STRAIGHT AND LEVEL,UNKNOWN,UNKNOWN,ON SCENE,INJURY AND / OR TOW DUE TO CRASH,,$500 OR LESS,NOT APPLICABLE,NOT APPLICABLE,3535,N,ROCKWELL ST,1921,2,NONINCAPACITATING INJURY,1,0,0,1,0,1,0,18,4,6,41.94588149,-87.69396897
6/4/2019 7:33,30,TRAFFIC SIGNAL,FUNCTIONING PROPERLY,CLEAR,DAYLIGHT,TURNING,NOT DIVIDED,STRAIGHT AND LEVEL,DRY,NO DEFECTS,ON SCENE,NO INJURY / DRIVE AWAY,Y,$500 OR LESS,FAILING TO YIELD RIGHT-OF-WAY,NOT APPLICABLE,3737,W,GRAND AVE,2535,2,NO INDICATION OF INJURY,0,0,0,0,0,4,0,7,3,6,41.90398321,-87.7212449
6/14/2019 10:00,30,NO CONTROLS,NO CONTROLS,CLEAR,DAYLIGHT,PARKED MOTOR VEHICLE,NOT DIVIDED,STRAIGHT AND LEVEL,DRY,NO DEFECTS,NOT ON SCENE (DESK REPORT),NO INJURY / DRIVE AWAY,,"$501 - $1,500",UNABLE TO DETERMINE,NOT APPLICABLE,6410,N,GLENWOOD AVE,2432,2,NO INDICATION OF INJURY,0,0,0,0,0,1,0,10,6,6,41.99850804,-87.66566554
6/6/2019 12:45,10,DELINEATORS,FUNCTIONING PROPERLY,CLOUDY/OVERCAST,DAYLIGHT,PARKED MOTOR VEHICLE,PARKING LOT,STRAIGHT AND LEVEL,DRY,NO DEFECTS,ON SCENE,NO INJURY / DRIVE AWAY,,"OVER $1,500",UNABLE TO DETERMINE,NOT APPLICABLE,7601,S,CICERO AVE,833,2,NO INDICATION OF INJURY,0,0,0,0,0,1,0,12,5,6,41.75466012,-87.74138476
6/4/2019 14:15,25,NO CONTROLS,NO CONTROLS,RAIN,DAYLIGHT,PARKED MOTOR VEHICLE,ONE-WAY,STRAIGHT AND LEVEL,WET,NO DEFECTS,NOT ON SCENE (DESK REPORT),NO INJURY / DRIVE AWAY,,"OVER $1,500",NOT APPLICABLE,NOT APPLICABLE,5930,N,TALMAN AVE,2011,2,NO INDICATION OF INJURY,0,0,0,0,0,1,0,14,3,6,41.98955698,-87.69586873
6/5/2019 6:30,30,TRAFFIC SIGNAL,FUNCTIONING PROPERLY,RAIN,DAYLIGHT,SIDESWIPE SAME DIRECTION,DIVIDED - W/MEDIAN BARRIER,STRAIGHT AND LEVEL,WET,NO DEFECTS,ON SCENE,NO INJURY / DRIVE AWAY,Y,"$501 - $1,500",IMPROPER LANE USAGE,UNABLE TO DETERMINE,3904,S,WESTERN AVE,921,2,NO INDICATION OF INJURY,0,0,0,0,0,2,0,6,4,6,41.82288709,-87.68498477
6/1/2019 0:30,30,NO CONTROLS,NO CONTROLS,CLEAR,DARKNESS,PARKED MOTOR VEHICLE,NOT DIVIDED,STRAIGHT AND LEVEL,DRY,NO DEFECTS,NOT ON SCENE (DESK REPORT),INJURY AND / OR TOW DUE TO CRASH,,"OVER $1,500",UNABLE TO DETERMINE,NOT APPLICABLE,126,N,LONG AVE,1523,3,NO INDICATION OF INJURY,0,0,0,0,0,2,0,0,7,6,41.88307118,-87.76036442
6/10/2019 16:27,35,NO CONTROLS,NO CONTROLS,CLEAR,DAYLIGHT,REAR END,DIVIDED - W/MEDIAN BARRIER,STRAIGHT AND LEVEL,DRY,NO DEFECTS,ON SCENE,INJURY AND / OR TOW DUE TO CRASH,,"OVER $1,500",DISTRACTION - FROM OUTSIDE VEHICLE,FOLLOWING TOO CLOSELY,1299,N,LA SALLE DR,1821,3,NO INDICATION OF INJURY,0,0,0,0,0,3,0,16,2,6,41.90566489,-87.63283587
6/12/2019 9:45,25,NO CONTROLS,NO CONTROLS,CLEAR,DAYLIGHT,OTHER OBJECT,NOT DIVIDED,STRAIGHT AND LEVEL,DRY,NO DEFECTS,NOT ON SCENE (DESK REPORT),NO INJURY / DRIVE AWAY,,$500 OR LESS,IMPROPER OVERTAKING/PASSING,NOT APPLICABLE,5710,N,SHERIDAN RD,2022,2,NO INDICATION OF INJURY,0,0,0,0,0,2,0,9,4,6,41.98591413,-87.6554088
6/14/2019 9:45,30,NO CONTROLS,NO CONTROLS,CLEAR,DAYLIGHT,ANGLE,NOT DIVIDED,STRAIGHT AND LEVEL,DRY,NO DEFECTS,NOT ON SCENE (DESK REPORT),NO INJURY / DRIVE AWAY,,"OVER $1,500",FAILING TO YIELD RIGHT-OF-WAY,NOT APPLICABLE,5439,W,LE MOYNE ST,2532,2,NO INDICATION OF INJURY,0,0,0,0,0,2,0,9,6,6,41.90749783,-87.76235162
6/8/2019 9:00,30,NO CONTROLS,NO CONTROLS,CLEAR,DARKNESS,PARKED MOTOR VEHICLE,DIVIDED - W/MEDIAN (NOT RAISED),STRAIGHT AND LEVEL,DRY,NO DEFECTS,NOT ON SCENE (DESK REPORT),NO INJURY / DRIVE AWAY,,"OVER $1,500",UNABLE TO DETERMINE,NOT APPLICABLE,4537,S,WHIPPLE ST,922,2,NO INDICATION OF INJURY,0,0,0,0,0,1,0,9,7,6,41.81071312,-87.70024968
6/13/2019 11:00,10,NO CONTROLS,NO CONTROLS,CLEAR,DAYLIGHT,PARKED MOTOR VEHICLE,PARKING LOT,STRAIGHT AND LEVEL,DRY,NO DEFECTS,NOT ON SCENE (DESK REPORT),NO INJURY / DRIVE AWAY,,"OVER $1,500",UNABLE TO DETERMINE,UNABLE TO DETERMINE,1900,W,JACKSON BLVD,1225,2,NO INDICATION OF INJURY,0,0,0,0,0,1,0,11,5,6,41.87761166,-87.67422787
6/10/2019 14:30,30,TRAFFIC SIGNAL,FUNCTIONING PROPERLY,CLEAR,DAYLIGHT,REAR END,NOT DIVIDED,STRAIGHT AND LEVEL,DRY,NO DEFECTS,NOT ON SCENE (DESK REPORT),NO INJURY / DRIVE AWAY,,"OVER $1,500",UNABLE TO DETERMINE,UNABLE TO DETERMINE,8650,S,WESTERN AVE,835,2,NO INDICATION OF INJURY,0,0,0,0,0,2,0,14,2,6,41.73584929,-87.68267037
6/5/2019 21:00,30,TRAFFIC SIGNAL,FUNCTIONING PROPERLY,CLEAR,"DARKNESS, LIGHTED ROAD",TURNING,NOT DIVIDED,STRAIGHT AND LEVEL,DRY,NO DEFECTS,NOT ON SCENE (DESK REPORT),NO INJURY / DRIVE AWAY,Y,"OVER $1,500",DISREGARDING TRAFFIC SIGNALS,NOT APPLICABLE,6300,S,CICERO AVE,813,2,NO INDICATION OF INJURY,0,0,0,0,0,2,0,21,4,6,41.77833539,-87.74243649
6/5/2019 16:00,35,TRAFFIC SIGNAL,FUNCTIONING PROPERLY,CLEAR,DAYLIGHT,REAR END,NOT DIVIDED,STRAIGHT AND LEVEL,DRY,NO DEFECTS,NOT ON SCENE (DESK REPORT),NO INJURY / DRIVE AWAY,,"$501 - $1,500",UNABLE TO DETERMINE,UNABLE TO DETERMINE,2600,S,KOSTNER AVE,1031,2,NO INDICATION OF INJURY,0,0,0,0,0,2,0,16,4,6,41.84401942,-87.73442573
6/1/2019 12:40,30,NO CONTROLS,NO CONTROLS,CLEAR,DAYLIGHT,PARKED MOTOR VEHICLE,NOT DIVIDED,STRAIGHT AND LEVEL,DRY,NO DEFECTS,ON SCENE,NO INJURY / DRIVE AWAY,,"OVER $1,500",NOT APPLICABLE,NOT APPLICABLE,6304,W,PETERSON AVE,1611,2,NO INDICATION OF INJURY,0,0,0,0,0,1,0,12,7,6,41.99025256,-87.78540454
6/14/2019 22:45,35,TRAFFIC SIGNAL,FUNCTIONING PROPERLY,CLEAR,"DARKNESS, LIGHTED ROAD",TURNING,OTHER,STRAIGHT AND LEVEL,OTHER,UNKNOWN,ON SCENE,NO INJURY / DRIVE AWAY,Y,"$501 - $1,500",IMPROPER TURNING/NO SIGNAL,FAILING TO YIELD RIGHT-OF-WAY,81,E,WACKER PL,111,2,NO INDICATION OF INJURY,0,0,0,0,0,3,0,22,6,6,41.88669971,-87.6246285
6/14/2019 22:30,30,STOP SIGN/FLASHER,NO CONTROLS,CLEAR,DARKNESS,TURNING,DIVIDED - W/MEDIAN (NOT RAISED),STRAIGHT AND LEVEL,WET,NO DEFECTS,NOT ON SCENE (DESK REPORT),NO INJURY / DRIVE AWAY,,"OVER $1,500",FAILING TO YIELD RIGHT-OF-WAY,IMPROPER OVERTAKING/PASSING,2300,S,DAMEN AVE,1034,2,NO INDICATION OF INJURY,0,0,0,0,0,2,0,22,6,6,41.85031569,-87.67593597
6/10/2019 15:30,0,NO CONTROLS,NO CONTROLS,CLEAR,DAYLIGHT,FIXED OBJECT,PARKING LOT,STRAIGHT AND LEVEL,UNKNOWN,UNKNOWN,ON SCENE,NO INJURY / DRIVE AWAY,,"OVER $1,500",EQUIPMENT - VEHICLE CONDITION,UNABLE TO DETERMINE,300,E,26TH ST,133,1,NO INDICATION OF INJURY,0,0,0,0,0,1,0,15,2,6,41.8457959,-87.62040338
6/12/2019 14:56,30,NO CONTROLS,NO CONTROLS,RAIN,DAYLIGHT,SIDESWIPE SAME DIRECTION,NOT DIVIDED,STRAIGHT AND LEVEL,DRY,NO DEFECTS,NOT ON SCENE (DESK REPORT),NO INJURY / DRIVE AWAY,,"OVER $1,500",UNABLE TO DETERMINE,UNABLE TO DETERMINE,5521,N,PULASKI RD,1712,2,NO INDICATION OF INJURY,0,0,0,0,0,2,0,14,4,6,41.98164361,-87.72825423
6/7/2019 6:10,10,NO CONTROLS,NO CONTROLS,CLEAR,DAYLIGHT,PARKED MOTOR VEHICLE,ALLEY,STRAIGHT AND LEVEL,DRY,NO DEFECTS,NOT ON SCENE (DESK REPORT),NO INJURY / DRIVE AWAY,,$500 OR LESS,IMPROPER BACKING,NOT APPLICABLE,1005,N,PULASKI RD,1112,2,NO INDICATION OF INJURY,0,0,0,0,0,1,0,6,6,6,41.8992278,-87.72605227
6/3/2019 6:00,35,NO CONTROLS,NO CONTROLS,CLEAR,DAYLIGHT,PARKED MOTOR VEHICLE,NOT DIVIDED,STRAIGHT AND LEVEL,DRY,NO DEFECTS,NOT ON SCENE (DESK REPORT),NO INJURY / DRIVE AWAY,,"OVER $1,500",UNABLE TO DETERMINE,UNABLE TO DETERMINE,5614,S,PULASKI RD,813,2,NO INDICATION OF INJURY,0,0,0,0,0,1,0,6,2,6,41.79087085,-87.72324197
6/3/2019 12:30,30,STOP SIGN/FLASHER,FUNCTIONING PROPERLY,CLEAR,DAYLIGHT,ANGLE,NOT DIVIDED,STRAIGHT AND LEVEL,UNKNOWN,UNKNOWN,NOT ON SCENE (DESK REPORT),NO INJURY / DRIVE AWAY,Y,"$501 - $1,500",FAILING TO YIELD RIGHT-OF-WAY,IMPROPER OVERTAKING/PASSING,2932,N,ASHLAND AVE,1931,2,NO INDICATION OF INJURY,0,0,0,0,0,2,0,12,2,6,41.93523757,-87.66864555
6/1/2019 18:25,30,NO CONTROLS,NO CONTROLS,RAIN,DAYLIGHT,REAR END,DIVIDED - W/MEDIAN (NOT RAISED),STRAIGHT AND LEVEL,WET,NO DEFECTS,ON SCENE,NO INJURY / DRIVE AWAY,,"OVER $1,500",DRIVING SKILLS/KNOWLEDGE/EXPERIENCE,FOLLOWING TOO CLOSELY,5411,S,LAKE PARK AVE,234,3,NO INDICATION OF INJURY,0,0,0,0,0,4,0,18,7,6,41.7976808,-87.58710191
6/12/2019 17:30,30,TRAFFIC SIGNAL,FUNCTIONING PROPERLY,CLEAR,DAYLIGHT,REAR END,NOT DIVIDED,STRAIGHT AND LEVEL,DRY,NO DEFECTS,NOT ON SCENE (DESK REPORT),NO INJURY / DRIVE AWAY,,"$501 - $1,500",FOLLOWING TOO CLOSELY,FAILING TO REDUCE SPEED TO AVOID CRASH,1,N,WESTERN AVE,1223,2,NO INDICATION OF INJURY,0,0,0,0,0,3,0,17,4,6,41.88121083,-87.68628581
6/5/2019 8:45,30,TRAFFIC SIGNAL,FUNCTIONING PROPERLY,CLEAR,DAYLIGHT,SIDESWIPE SAME DIRECTION,ONE-WAY,STRAIGHT AND LEVEL,DRY,NO DEFECTS,NOT ON SCENE (DESK REPORT),NO INJURY / DRIVE AWAY,,$500 OR LESS,IMPROPER OVERTAKING/PASSING,NOT APPLICABLE,315,W,ONTARIO ST,1831,2,NO INDICATION OF INJURY,0,0,0,0,0,3,0,8,4,6,41.89304987,-87.63630072
6/4/2019 10:40,30,NO CONTROLS,NO CONTROLS,RAIN,DAYLIGHT,SIDESWIPE SAME DIRECTION,DIVIDED - W/MEDIAN (NOT RAISED),STRAIGHT AND LEVEL,WET,NO DEFECTS,ON SCENE,INJURY AND / OR TOW DUE TO CRASH,,"OVER $1,500",EQUIPMENT - VEHICLE CONDITION,NOT APPLICABLE,3515,W,MADISON ST,1123,2,"REPORTED, NOT EVIDENT",1,0,0,0,1,1,0,10,3,6,41.8807669,-87.71422124
6/7/2019 7:20,30,STOP SIGN/FLASHER,FUNCTIONING PROPERLY,CLEAR,DAYLIGHT,REAR END,NOT DIVIDED,STRAIGHT AND LEVEL,DRY,NO DEFECTS,NOT ON SCENE (DESK REPORT),NO INJURY / DRIVE AWAY,,"OVER $1,500",FOLLOWING TOO CLOSELY,FOLLOWING TOO CLOSELY,3901,W,83RD ST,834,2,NO INDICATION OF INJURY,0,0,0,0,0,2,0,7,6,6,41.74210647,-87.71936145
6/5/2019 12:45,30,NO CONTROLS,NO CONTROLS,CLEAR,DAYLIGHT,PARKED MOTOR VEHICLE,ONE-WAY,STRAIGHT AND LEVEL,DRY,NO DEFECTS,ON SCENE,NO INJURY / DRIVE AWAY,,"$501 - $1,500",UNABLE TO DETERMINE,UNABLE TO DETERMINE,1558,E,65TH PL,321,2,NO INDICATION OF INJURY,0,0,0,0,0,1,0,12,4,6,41.77619432,-87.58657706
6/14/2019 8:11,30,PEDESTRIAN CROSSING SIGN,NO CONTROLS,CLEAR,DAYLIGHT,REAR END,NOT DIVIDED,STRAIGHT AND LEVEL,DRY,NO DEFECTS,NOT ON SCENE (DESK REPORT),NO INJURY / DRIVE AWAY,,"OVER $1,500",UNABLE TO DETERMINE,UNABLE TO DETERMINE,7117,W,ADDISON ST,1632,2,NO INDICATION OF INJURY,0,0,0,0,0,2,0,8,6,6,41.94521291,-87.8040017
6/5/2019 16:45,25,TRAFFIC SIGNAL,FUNCTIONING PROPERLY,CLEAR,DAYLIGHT,SIDESWIPE SAME DIRECTION,FOUR WAY,STRAIGHT AND LEVEL,DRY,NO DEFECTS,NOT ON SCENE (DESK REPORT),NO INJURY / DRIVE AWAY,Y,"$501 - $1,500",UNABLE TO DETERMINE,UNABLE TO DETERMINE,1200,W,GRANVILLE AVE,2433,2,NO INDICATION OF INJURY,0,0,0,0,0,6,0,16,4,6,41.99466174,-87.66047235