CRASH_DATE,POSTED_SPEED_LIMIT,TRAFFIC_CONTROL_DEVICE,DEVICE_CONDITION,WEATHER_CONDITION,LIGHTING_CONDITION,FIRST_CRASH_TYPE,TRAFFICWAY_TYPE,ALIGNMENT,ROADWAY_SURFACE_COND,ROAD_DEFECT,REPORT_TYPE,CRASH_TYPE,INTERSECTION_RELATED_I,DAMAGE,PRIM_CONTRIBUTORY_CAUSE,SEC_CONTRIBUTORY_CAUSE,STREET_NO,STREET_DIRECTION,STREET_NAME,BEAT_OF_OCCURRENCE,NUM_UNITS,MOST_SEVERE_INJURY,INJURIES_TOTAL,INJURIES_FATAL,INJURIES_INCAPACITATING,INJURIES_NON_INCAPACITATING,INJURIES_REPORTED_NOT_EVIDENT,INJURIES_NO_INDICATION,INJURIES_UNKNOWN,CRASH_HOUR,CRASH_DAY_OF_WEEK,CRASH_MONTH,LATITUDE,LONGITUDE
6/1/2019 17:10,35,NO CONTROLS,NO CONTROLS,RAIN,DAYLIGHT,SIDESWIPE SAME DIRECTION,NOT DIVIDED,STRAIGHT AND LEVEL,WET,NO DEFECTS,ON SCENE,NO INJURY / DRIVE AWAY,,"OVER $1,500",FAILING TO YIELD RIGHT-OF-WAY,UNABLE TO DETERMINE,3100,S,KEDZIE AVE,1032,2,NO INDICATION OF INJURY,0,0,0,0,0,7,0,17,7,6,41.83713267,-87.70496712
6/4/2019 23:56,30,TRAFFIC SIGNAL,FUNCTIONING PROPERLY,CLEAR,"DARKNESS, LIGHTED ROAD",TURNING,FOUR WAY,STRAIGHT AND LEVEL,DRY,NO DEFECTS,ON SCENE,NO INJURY / DRIVE AWAY,Y,"$501 - $1,500",IMPROPER TURNING/NO SIGNAL,FOLLOWING TOO CLOSELY,4800,W,NORTH AVE,2533,2,NO INDICATION OF INJURY,0,0,0,0,0,3,0,23,3,6,41.90973389,-87.74624497
6/13/2019 8:15,30,NO CONTROLS,NO CONTROLS,CLEAR,DAYLIGHT,SIDESWIPE SAME DIRECTION,ONE-WAY,STRAIGHT AND LEVEL,DRY,NO DEFECTS,NOT ON SCENE (DESK REPORT),NO INJURY / DRIVE AWAY,,$500 OR LESS,FAILING TO YIELD RIGHT-OF-WAY,NOT APPLICABLE,75,E,RANDOLPH ST,111,2,NO INDICATION OF INJURY,0,0,0,0,0,2,0,8,5,6,41.88438818,-87.62520109
6/9/2019 11:49,15,STOP SIGN/FLASHER,FUNCTIONING PROPERLY,RAIN,DAYLIGHT,ANGLE,UNKNOWN INTERSECTION TYPE,STRAIGHT AND LEVEL,WET,UNKNOWN,ON SCENE,INJURY AND / OR TOW DUE TO CRASH,Y,"OVER $1,500",UNABLE TO DETERMINE,UNABLE TO DETERMINE,5400,S,SAWYER AVE,822,2,NO INDICATION OF INJURY,0,0,0,0,0,3,0,11,1,6,41.79522834,-87.70497575
6/2/2019 14:19,30,NO CONTROLS,NO CONTROLS,CLEAR,DAYLIGHT,PEDESTRIAN,NOT DIVIDED,STRAIGHT AND LEVEL,DRY,NO DEFECTS,NOT ON SCENE (DESK REPORT),NO INJURY / DRIVE AWAY,,$500 OR LESS,NOT APPLICABLE,NOT APPLICABLE,6300,S,KEDZIE AVE,823,2,NO INDICATION OF INJURY,0,0,0,0,0,3,0,14,1,6,41.77894575,-87.70328312
6/7/2019 1:05,30,UNKNOWN,UNKNOWN,CLEAR,"DARKNESS, LIGHTED ROAD",SIDESWIPE SAME DIRECTION,ONE-WAY,STRAIGHT AND LEVEL,DRY,NO DEFECTS,ON SCENE,NO INJURY / DRIVE AWAY,,"OVER $1,500",IMPROPER OVERTAKING/PASSING,"OPERATING VEHICLE IN ERRATIC, RECKLESS, CARELESS, NEGLIGENT OR AGGRESSIVE MANNER",5105,S,MICHIGAN AVE,231,2,NO INDICATION OF INJURY,0,0,0,0,0,2,0,1,6,6,41.8017929,-87.62249715
6/5/2019 1:58,25,NO CONTROLS,NO CONTROLS,RAIN,"DARKNESS, LIGHTED ROAD",FIXED OBJECT,DIVIDED - W/MEDIAN BARRIER,"CURVE, LEVEL",WET,NO DEFECTS,ON SCENE,INJURY AND / OR TOW DUE TO CRASH,,"$501 - $1,500",FAILING TO REDUCE SPEED TO AVOID CRASH,WEATHER,1000,N,LAKE SHORE DR SB,1824,1,NO INDICATION OF INJURY,0,0,0,0,0,2,0,1,4,6,41.90095892,-87.61992817
6/13/2019 15:47,30,NO CONTROLS,NO CONTROLS,CLEAR,DAYLIGHT,SIDESWIPE SAME DIRECTION,ONE-WAY,STRAIGHT AND LEVEL,DRY,NO DEFECTS,ON SCENE,INJURY AND / OR TOW DUE TO CRASH,,"OVER $1,500",FAILING TO REDUCE SPEED TO AVOID CRASH,NOT APPLICABLE,915,W,CARMEN AVE,2024,2,NO INDICATION OF INJURY,0,0,0,0,0,2,0,15,5,6,41.97421478,-87.65321434
6/11/2019 18:25,30,NO CONTROLS,NO CONTROLS,CLEAR,DAYLIGHT,PARKED MOTOR VEHICLE,DIVIDED - W/MEDIAN (NOT RAISED),STRAIGHT AND LEVEL,DRY,NO DEFECTS,NOT ON SCENE (DESK REPORT),NO INJURY / DRIVE AWAY,,"$501 - $1,500",DISTRACTION - FROM OUTSIDE VEHICLE,UNABLE TO DETERMINE,4246,S,KEDZIE AVE,821,2,NO INDICATION OF INJURY,0,0,0,0,0,1,0,18,3,6,41.81582521,-87.70442656
6/3/2019 8:30,30,NO CONTROLS,NO CONTROLS,CLEAR,DAYLIGHT,SIDESWIPE SAME DIRECTION,ONE-WAY,STRAIGHT AND LEVEL,DRY,NO DEFECTS,NOT ON SCENE (DESK REPORT),NO INJURY / DRIVE AWAY,,$500 OR LESS,UNABLE TO DETERMINE,NOT APPLICABLE,500,W,WASHINGTON BLVD,121,2,NO INDICATION OF INJURY,0,0,0,0,0,2,0,8,2,6,41.88329092,-87.63978476
6/4/2019 2:08,15,NO CONTROLS,NO CONTROLS,CLEAR,"DARKNESS, LIGHTED ROAD",TURNING,T-INTERSECTION,STRAIGHT AND LEVEL,DRY,NO DEFECTS,ON SCENE,NO INJURY / DRIVE AWAY,Y,$500 OR LESS,IMPROPER BACKING,DRIVING SKILLS/KNOWLEDGE/EXPERIENCE,5900,N,MERRIMAC AVE,1622,2,NO INDICATION OF INJURY,0,0,0,0,0,3,0,2,3,6,41.98851506,-87.78413848
6/1/2019 4:00,30,STOP SIGN/FLASHER,FUNCTIONING PROPERLY,CLEAR,"DARKNESS, LIGHTED ROAD",FIXED OBJECT,NOT DIVIDED,STRAIGHT AND LEVEL,DRY,NO DEFECTS,ON SCENE,INJURY AND / OR TOW DUE TO CRASH,,"OVER $1,500",FAILING TO REDUCE SPEED TO AVOID CRASH,UNABLE TO DETERMINE,2450,E,75TH ST,334,1,NO INDICATION OF INJURY,0,0,0,0,0,1,0,4,7,6,41.75912215,-87.56439928
6/11/2019 18:36,30,NO CONTROLS,NO CONTROLS,CLEAR,DAYLIGHT,PEDESTRIAN,DIVIDED - W/MEDIAN (NOT RAISED),STRAIGHT AND LEVEL,DRY,NO DEFECTS,ON SCENE,INJURY AND / OR TOW DUE TO CRASH,,"$501 - $1,500",UNABLE TO DETERMINE,UNABLE TO DETERMINE,6901,S,JUSTINE ST,734,3,INCAPACITATING INJURY,1,0,1,0,0,2,0,18,3,6,41.76848048,-87.66255543
6/13/2019 8:25,45,NO CONTROLS,NO CONTROLS,CLEAR,DAYLIGHT,SIDESWIPE SAME DIRECTION,DIVIDED - W/MEDIAN (NOT RAISED),STRAIGHT AND LEVEL,WET,NO DEFECTS,ON SCENE,NO INJURY / DRIVE AWAY,,"OVER $1,500",IMPROPER OVERTAKING/PASSING,NOT APPLICABLE,1555,N,LAKE SHORE DR NB,1824,2,NO INDICATION OF INJURY,0,0,0,0,0,3,0,8,5,6,41.9111277,-87.62558349
6/7/2019 17:10,30,NO CONTROLS,NO CONTROLS,CLEAR,DAYLIGHT,SIDESWIPE SAME DIRECTION,DIVIDED - W/MEDIAN (NOT RAISED),STRAIGHT AND LEVEL,DRY,NO DEFECTS,NOT ON SCENE (DESK REPORT),NO INJURY / DRIVE AWAY,,"OVER $1,500",FAILING TO YIELD RIGHT-OF-WAY,DRIVING SKILLS/KNOWLEDGE/EXPERIENCE,6800,S,PULASKI RD,833,2,NO INDICATION OF INJURY,0,0,0,0,0,2,0,17,6,6,41.76950722,-87.72267327
6/14/2019 12:30,30,STOP SIGN/FLASHER,NO CONTROLS,CLEAR,DAYLIGHT,TURNING,OTHER,STRAIGHT AND LEVEL,DRY,NO DEFECTS,ON SCENE,NO INJURY / DRIVE AWAY,Y,$500 OR LESS,UNABLE TO DETERMINE,NOT APPLICABLE,2700,W,DIVERSEY AVE,1411,2,NO INDICATION OF INJURY,0,0,0,0,0,2,0,12,6,6,41.93222013,-87.69498617
6/11/2019 17:00,30,TRAFFIC SIGNAL,FUNCTIONING PROPERLY,CLEAR,DAYLIGHT,TURNING,NOT DIVIDED,STRAIGHT AND LEVEL,DRY,NO DEFECTS,NOT ON SCENE (DESK REPORT),NO INJURY / DRIVE AWAY,,"OVER $1,500",UNABLE TO DETERMINE,UNABLE TO DETERMINE,4755,W,JACKSON BLVD,1131,2,NO INDICATION OF INJURY,0,0,0,0,0,3,0,17,3,6,41.87671948,-87.74485853
6/9/2019 2:42,35,TRAFFIC SIGNAL,FUNCTIONING PROPERLY,CLEAR,"DARKNESS, LIGHTED ROAD",OTHER NONCOLLISION,NOT DIVIDED,STRAIGHT AND LEVEL,DRY,NO DEFECTS,ON SCENE,INJURY AND / OR TOW DUE TO CRASH,N,"OVER $1,500",NOT APPLICABLE,NOT APPLICABLE,1757,W,87TH ST,2221,1,NONINCAPACITATING INJURY,1,0,0,1,0,0,0,2,1,6,41.73561695,-87.6677833
6/15/2019 13:30,30,TRAFFIC SIGNAL,FUNCTIONING PROPERLY,CLOUDY/OVERCAST,DAYLIGHT,SIDESWIPE SAME DIRECTION,NOT DIVIDED,STRAIGHT AND LEVEL,DRY,NO DEFECTS,NOT ON SCENE (DESK REPORT),NO INJURY / DRIVE AWAY,,"$501 - $1,500",IMPROPER LANE USAGE,UNABLE TO DETERMINE,620,N,FAIRBANKS CT,1834,2,NO INDICATION OF INJURY,0,0,0,0,0,2,0,13,7,6,41.8933654,-87.62042206
6/5/2019 9:50,30,TRAFFIC SIGNAL,FUNCTIONING PROPERLY,CLEAR,DAYLIGHT,TURNING,DIVIDED - W/MEDIAN (NOT RAISED),STRAIGHT AND LEVEL,DRY,NO DEFECTS,NOT ON SCENE (DESK REPORT),NO INJURY / DRIVE AWAY,Y,"OVER $1,500",UNABLE TO DETERMINE,UNABLE TO DETERMINE,1201,W,63RD ST,724,2,NO INDICATION OF INJURY,0,0,0,0,0,3,0,9,4,6,41.77949816,-87.6545623
6/1/2019 20:30,30,TRAFFIC SIGNAL,UNKNOWN,UNKNOWN,UNKNOWN,SIDESWIPE SAME DIRECTION,NOT DIVIDED,STRAIGHT AND LEVEL,UNKNOWN,UNKNOWN,NOT ON SCENE (DESK REPORT),NO INJURY / DRIVE AWAY,,"$501 - $1,500",IMPROPER OVERTAKING/PASSING,DRIVING SKILLS/KNOWLEDGE/EXPERIENCE,3755,N,ASHLAND AVE,1922,2,NO INDICATION OF INJURY,0,0,0,0,0,2,0,20,7,6,41.95043757,-87.66880103
6/12/2019 13:30,30,NO CONTROLS,NO CONTROLS,RAIN,DAYLIGHT,SIDESWIPE SAME DIRECTION,DIVIDED - W/MEDIAN BARRIER,STRAIGHT AND LEVEL,WET,NO DEFECTS,NOT ON SCENE (DESK REPORT),NO INJURY / DRIVE AWAY,,"$501 - $1,500",UNABLE TO DETERMINE,NOT APPLICABLE,433,N,WESTERN AVE,1221,2,NO INDICATION OF INJURY,0,0,0,0,0,5,0,13,4,6,41.88951755,-87.68650779
6/9/2019 14:45,30,NO CONTROLS,NO CONTROLS,CLEAR,DAYLIGHT,REAR END,DIVIDED - W/MEDIAN (NOT RAISED),STRAIGHT AND LEVEL,WET,NO DEFECTS,NOT ON SCENE (DESK REPORT),NO INJURY / DRIVE AWAY,,"OVER $1,500",UNABLE TO DETERMINE,UNABLE TO DETERMINE,4719,S,LOOMIS BLVD,933,2,NO INDICATION OF INJURY,0,0,0,0,0,3,0,14,1,6,41.80807076,-87.65994365
6/7/2019 7:30,20,STOP SIGN/FLASHER,FUNCTIONING PROPERLY,CLEAR,DAYLIGHT,REAR END,NOT DIVIDED,STRAIGHT AND LEVEL,DRY,NO DEFECTS,NOT ON SCENE (DESK REPORT),NO INJURY / DRIVE AWAY,Y,"$501 - $1,500",UNABLE TO DETERMINE,FOLLOWING TOO CLOSELY,3900,W,83RD ST,834,2,NO INDICATION OF INJURY,0,0,0,0,0,2,0,7,6,6,41.74232592,-87.71936971
6/2/2019 11:45,30,NO CONTROLS,NO CONTROLS,CLEAR,DAYLIGHT,SIDESWIPE SAME DIRECTION,DIVIDED - W/MEDIAN (NOT RAISED),STRAIGHT AND LEVEL,DRY,NO DEFECTS,NOT ON SCENE (DESK REPORT),NO INJURY / DRIVE AWAY,,"$501 - $1,500",FOLLOWING TOO CLOSELY,UNABLE TO DETERMINE,3647,W,NORTH AVE,2535,2,NO INDICATION OF INJURY,0,0,0,0,0,2,0,11,1,6,41.90986049,-87.71863625
6/10/2019 17:00,30,NO CONTROLS,NO CONTROLS,CLEAR,DAYLIGHT,PARKED MOTOR VEHICLE,ONE-WAY,STRAIGHT AND LEVEL,DRY,NO DEFECTS,NOT ON SCENE (DESK REPORT),NO INJURY / DRIVE AWAY,,"$501 - $1,500",UNABLE TO DETERMINE,UNABLE TO DETERMINE,1214,W,ROSEDALE AVE,2013,2,NO INDICATION OF INJURY,0,0,0,0,0,1,0,17,2,6,41.98916722,-87.66092546
6/13/2019 9:40,30,TRAFFIC SIGNAL,FUNCTIONING PROPERLY,CLOUDY/OVERCAST,DAYLIGHT,REAR END,NOT DIVIDED,STRAIGHT AND LEVEL,DRY,NO DEFECTS,NOT ON SCENE (DESK REPORT),NO INJURY / DRIVE AWAY,,"$501 - $1,500",UNABLE TO DETERMINE,NOT APPLICABLE,2200,W,IRVING PARK RD,1911,2,NO INDICATION OF INJURY,0,0,0,0,0,2,0,9,5,6,41.95419359,-87.68367527
6/6/2019 17:45,30,NO CONTROLS,NO CONTROLS,CLEAR,DAYLIGHT,TURNING,ONE-WAY,STRAIGHT AND LEVEL,DRY,NO DEFECTS,NOT ON SCENE (DESK REPORT),NO INJURY / DRIVE AWAY,Y,"OVER $1,500",IMPROPER TURNING/NO SIGNAL,UNABLE TO DETERMINE,1201,S,RUBLE ST,1232,2,NO INDICATION OF INJURY,0,0,0,0,0,2,0,17,5,6,41.86712898,-87.64394391
6/7/2019 16:00,30,NO CONTROLS,NO CONTROLS,CLEAR,DAYLIGHT,SIDESWIPE SAME DIRECTION,DIVIDED - W/MEDIAN (NOT RAISED),STRAIGHT AND LEVEL,DRY,NO DEFECTS,NOT ON SCENE (DESK REPORT),NO INJURY / DRIVE AWAY,,"$501 - $1,500",IMPROPER LANE USAGE,UNABLE TO DETERMINE,799,N,MICHIGAN AVE,1833,2,NO INDICATION OF INJURY,0,0,0,0,0,2,0,16,6,6,41.89669019,-87.62410215
6/10/2019 13:18,30,NO CONTROLS,NO CONTROLS,CLEAR,DAYLIGHT,PARKED MOTOR VEHICLE,NOT DIVIDED,STRAIGHT AND LEVEL,DRY,NO DEFECTS,,INJURY AND / OR TOW DUE TO CRASH,,$500 OR LESS,UNABLE TO DETERMINE,NOT APPLICABLE,1650,S,FAIRFIELD AVE,1023,1,NO INDICATION OF INJURY,0,0,0,0,0,1,0,13,2,6,41.85772319,-87.69454478
6/10/2019 7:30,20,NO CONTROLS,NO CONTROLS,CLEAR,DAYLIGHT,SIDESWIPE SAME DIRECTION,ONE-WAY,STRAIGHT AND LEVEL,DRY,NO DEFECTS,NOT ON SCENE (DESK REPORT),NO INJURY / DRIVE AWAY,,"OVER $1,500",IMPROPER LANE USAGE,NOT APPLICABLE,10000,W,OHARE ST,1651,2,NO INDICATION OF INJURY,0,0,0,0,0,2,0,7,2,6,41.97620114,-87.90530913
6/5/2019 12:36,25,NO CONTROLS,NO CONTROLS,CLEAR,DAYLIGHT,TURNING,ONE-WAY,STRAIGHT AND LEVEL,DRY,NO DEFECTS,ON SCENE,NO INJURY / DRIVE AWAY,,$500 OR LESS,FAILING TO YIELD RIGHT-OF-WAY,NOT APPLICABLE,60,E,DELAWARE PL,1833,2,NO INDICATION OF INJURY,0,0,0,0,0,2,0,12,4,6,41.89929158,-87.62605733
6/9/2019 12:30,30,STOP SIGN/FLASHER,FUNCTIONING PROPERLY,RAIN,DAYLIGHT,REAR END,NOT DIVIDED,STRAIGHT AND LEVEL,WET,NO DEFECTS,NOT ON SCENE (DESK REPORT),NO INJURY / DRIVE AWAY,,"OVER $1,500",UNABLE TO DETERMINE,UNABLE TO DETERMINE,7900,S,CONSTANCE AVE,414,2,NO INDICATION OF INJURY,0,0,0,0,0,2,0,12,1,6,41.75146251,-87.58019677
6/7/2019 15:43,20,NO CONTROLS,NO CONTROLS,CLEAR,DAYLIGHT,PARKED MOTOR VEHICLE,NOT DIVIDED,STRAIGHT AND LEVEL,DRY,NO DEFECTS,NOT ON SCENE (DESK REPORT),NO INJURY / DRIVE AWAY,,"OVER $1,500",UNABLE TO DETERMINE,UNABLE TO DETERMINE,5231,S,WOODLAWN AVE,234,2,NO INDICATION OF INJURY,0,0,0,0,0,3,0,15,6,6,41.79995223,-87.59650592
6/15/2019 7:30,20,NO CONTROLS,NO CONTROLS,CLEAR,DAYLIGHT,ANGLE,DIVIDED - W/MEDIAN (NOT RAISED),STRAIGHT AND LEVEL,DRY,NO DEFECTS,ON SCENE,INJURY AND / OR TOW DUE TO CRASH,,"OVER $1,500",FAILING TO REDUCE SPEED TO AVOID CRASH,IMPROPER OVERTAKING/PASSING,4250,W,40TH ST,815,2,NONINCAPACITATING INJURY,2,0,0,1,1,2,0,7,7,6,41.81938403,-87.73009426
6/6/2019 13:33,30,TRAFFIC SIGNAL,FUNCTIONING PROPERLY,CLEAR,DAYLIGHT,ANGLE,DIVIDED - W/MEDIAN (NOT RAISED),STRAIGHT AND LEVEL,DRY,NO DEFECTS,NOT ON SCENE (DESK REPORT),NO INJURY / DRIVE AWAY,,"$501 - $1,500",FAILING TO YIELD RIGHT-OF-WAY,IMPROPER OVERTAKING/PASSING,2310,W,LOGAN BLVD,1432,2,NO INDICATION OF INJURY,0,0,0,0,0,2,0,13,5,6,41.93029546,-87.68581874
6/8/2019 23:15,30,TRAFFIC SIGNAL,FUNCTIONING PROPERLY,CLEAR,"DARKNESS, LIGHTED ROAD",REAR END,NOT DIVIDED,STRAIGHT AND LEVEL,DRY,NO DEFECTS,NOT ON SCENE (DESK REPORT),NO INJURY / DRIVE AWAY,,"OVER $1,500",UNABLE TO DETERMINE,UNABLE TO DETERMINE,3000,N,LINCOLN AVE,1932,2,NO INDICATION OF INJURY,0,0,0,0,0,2,0,23,7,6,41.93612294,-87.66391411
6/5/2019 17:06,30,TRAFFIC SIGNAL,FUNCTIONING PROPERLY,CLEAR,DAYLIGHT,REAR END,DIVIDED - W/MEDIAN (NOT RAISED),STRAIGHT AND LEVEL,DRY,NO DEFECTS,NOT ON SCENE (DESK REPORT),INJURY AND / OR TOW DUE TO CRASH,,$500 OR LESS,UNABLE TO DETERMINE,UNABLE TO DETERMINE,600,E,47TH ST,221,2,INCAPACITATING INJURY,1,0,1,0,0,1,0,17,4,6,41.80957252,-87.61139462
6/8/2019 11:55,30,NO CONTROLS,NO CONTROLS,CLEAR,DAYLIGHT,SIDESWIPE SAME DIRECTION,DIVIDED - W/MEDIAN (NOT RAISED),STRAIGHT AND LEVEL,DRY,NO DEFECTS,ON SCENE,INJURY AND / OR TOW DUE TO CRASH,,"OVER $1,500",IMPROPER OVERTAKING/PASSING,NOT APPLICABLE,5715,S,WESTERN AVE,824,4,NO INDICATION OF INJURY,0,0,0,0,0,2,0,11,7,6,41.78971983,-87.68377712
6/14/2019 14:05,30,TRAFFIC SIGNAL,FUNCTIONING PROPERLY,CLEAR,DAYLIGHT,REAR END,NOT DIVIDED,STRAIGHT AND LEVEL,DRY,NO DEFECTS,NOT ON SCENE (DESK REPORT),INJURY AND / OR TOW DUE TO CRASH,,"OVER $1,500",FOLLOWING TOO CLOSELY,FOLLOWING TOO CLOSELY,11300,S,HALSTED ST,2234,2,NO INDICATION OF INJURY,0,0,0,0,0,2,0,14,6,6,41.68862635,-87.64240883
6/6/2019 17:53,30,NO CONTROLS,NO CONTROLS,CLEAR,DAYLIGHT,REAR END,DIVIDED - W/MEDIAN (NOT RAISED),STRAIGHT AND LEVEL,DRY,NO DEFECTS,NOT ON SCENE (DESK REPORT),NO INJURY / DRIVE AWAY,,"OVER $1,500",NOT APPLICABLE,NOT APPLICABLE,5501,S,RICHMOND ST,824,2,NO INDICATION OF INJURY,0,0,0,0,0,2,0,17,5,6,41.79353747,-87.69731172
6/10/2019 15:30,30,TRAFFIC SIGNAL,UNKNOWN,CLEAR,DAYLIGHT,REAR END,FOUR WAY,STRAIGHT AND LEVEL,DRY,UNKNOWN,NOT ON SCENE (DESK REPORT),NO INJURY / DRIVE AWAY,Y,"$501 - $1,500",UNABLE TO DETERMINE,NOT APPLICABLE,3559,N,CICERO AVE,1731,2,NO INDICATION OF INJURY,0,0,0,0,0,2,0,15,2,6,41.94608754,-87.74691498
6/8/2019 0:30,30,NO CONTROLS,NO CONTROLS,CLEAR,"DARKNESS, LIGHTED ROAD",PARKED MOTOR VEHICLE,ONE-WAY,STRAIGHT AND LEVEL,DRY,NO DEFECTS,NOT ON SCENE (DESK REPORT),NO INJURY / DRIVE AWAY,,"$501 - $1,500",UNABLE TO DETERMINE,UNABLE TO DETERMINE,5200,S,UNIVERSITY AVE,233,2,NO INDICATION OF INJURY,0,0,0,0,0,1,0,0,7,6,41.80083114,-87.59835491
6/3/2019 14:30,30,NO CONTROLS,NO CONTROLS,CLEAR,DAYLIGHT,SIDESWIPE SAME DIRECTION,DIVIDED - W/MEDIAN BARRIER,STRAIGHT AND LEVEL,DRY,NO DEFECTS,ON SCENE,NO INJURY / DRIVE AWAY,,"$501 - $1,500",FAILING TO YIELD RIGHT-OF-WAY,NOT APPLICABLE,116,S,ASHLAND AVE,1224,2,NO INDICATION OF INJURY,0,0,0,0,0,5,0,14,2,6,41.87962299,-87.66689776
6/12/2019 14:50,30,NO CONTROLS,NO CONTROLS,RAIN,DAYLIGHT,REAR END,NOT DIVIDED,STRAIGHT AND LEVEL,WET,NO DEFECTS,NOT ON SCENE (DESK REPORT),NO INJURY / DRIVE AWAY,,"$501 - $1,500",UNABLE TO DETERMINE,UNABLE TO DETERMINE,100,W,ONTARIO ST,1832,2,NO INDICATION OF INJURY,0,0,0,0,0,3,0,14,4,6,41.89333774,-87.6312445
6/13/2019 5:45,30,NO CONTROLS,NO CONTROLS,CLEAR,DAWN,TURNING,DIVIDED - W/MEDIAN (NOT RAISED),STRAIGHT AND LEVEL,DRY,NO DEFECTS,ON SCENE,INJURY AND / OR TOW DUE TO CRASH,,"OVER $1,500",IMPROPER TURNING/NO SIGNAL,NOT APPLICABLE,3606,W,87TH ST,834,2,NO INDICATION OF INJURY,0,0,0,0,0,2,0,5,5,6,41.73513194,-87.71232315
6/10/2019 9:00,30,NO CONTROLS,NO CONTROLS,CLEAR,DAYLIGHT,SIDESWIPE SAME DIRECTION,NOT DIVIDED,STRAIGHT AND LEVEL,DRY,NO DEFECTS,NOT ON SCENE (DESK REPORT),NO INJURY / DRIVE AWAY,,"OVER $1,500",UNABLE TO DETERMINE,UNABLE TO DETERMINE,4700,S,LAWNDALE AVE,821,2,NO INDICATION OF INJURY,0,0,0,0,0,2,0,9,2,6,41.80790245,-87.71637597
6/11/2019 15:30,30,NO CONTROLS,NO CONTROLS,CLEAR,DAYLIGHT,PARKED MOTOR VEHICLE,DIVIDED - W/MEDIAN (NOT RAISED),STRAIGHT AND LEVEL,DRY,NO DEFECTS,NOT ON SCENE (DESK REPORT),NO INJURY / DRIVE AWAY,,"$501 - $1,500",NOT APPLICABLE,NOT APPLICABLE,6621,S,COTTAGE GROVE AVE,321,2,NO INDICATION OF INJURY,0,0,0,0,0,4,0,15,3,6,41.77430588,-87.60564803
6/6/2019 21:01,30,NO CONTROLS,NO CONTROLS,FOG/SMOKE/HAZE,"DARKNESS, LIGHTED ROAD",SIDESWIPE SAME DIRECTION,NOT DIVIDED,STRAIGHT AND LEVEL,DRY,NO DEFECTS,ON SCENE,NO INJURY / DRIVE AWAY,,$500 OR LESS,UNABLE TO DETERMINE,UNABLE TO DETERMINE,600,W,CHICAGO AVE,1822,2,NO INDICATION OF INJURY,0,0,0,0,0,2,0,21,5,6,41.89658519,-87.64299618
6/3/2019 10:40,20,NO CONTROLS,NO CONTROLS,CLEAR,DAYLIGHT,SIDESWIPE SAME DIRECTION,NOT DIVIDED,STRAIGHT AND LEVEL,DRY,NO DEFECTS,ON SCENE,NO INJURY / DRIVE AWAY,,"OVER $1,500",IMPROPER OVERTAKING/PASSING,IMPROPER LANE USAGE,316,W,24TH ST,914,2,NO INDICATION OF INJURY,0,0,0,0,0,2,0,10,2,6,41.84922073,-87.63542103
6/1/2019 18:05,30,NO CONTROLS,NO CONTROLS,CLOUDY/OVERCAST,DAYLIGHT,PARKED MOTOR VEHICLE,NOT DIVIDED,STRAIGHT AND LEVEL,DRY,NO DEFECTS,ON SCENE,NO INJURY / DRIVE AWAY,,"$501 - $1,500",UNABLE TO DETERMINE,UNABLE TO DETERMINE,5349,N,LOVEJOY AVE,1622,4,NO INDICATION OF INJURY,0,0,0,0,0,1,0,18,7,6,41.97925564,-87.76935703
6/6/2019 13:25,30,TRAFFIC SIGNAL,FUNCTIONING PROPERLY,CLEAR,DAYLIGHT,SIDESWIPE OPPOSITE DIRECTION,CENTER TURN LANE,STRAIGHT AND LEVEL,DRY,NO DEFECTS,ON SCENE,NO INJURY / DRIVE AWAY,,"OVER $1,500",IMPROPER OVERTAKING/PASSING,UNABLE TO DETERMINE,350,E,35TH ST,211,2,NO INDICATION OF INJURY,0,0,0,0,0,2,0,13,5,6,41.83121203,-87.61735262
6/11/2019 15:30,25,NO CONTROLS,NO CONTROLS,CLEAR,DAYLIGHT,TURNING,T-INTERSECTION,STRAIGHT AND LEVEL,DRY,NO DEFECTS,NOT ON SCENE (DESK REPORT),NO INJURY / DRIVE AWAY,,"$501 - $1,500",FAILING TO YIELD RIGHT-OF-WAY,UNABLE TO DETERMINE,3101,W,63RD ST,823,2,NO INDICATION OF INJURY,0,0,0,0,0,2,0,15,3,6,41.77889694,-87.70075758
6/12/2019 10:00,30,NO CONTROLS,NO CONTROLS,UNKNOWN,DAYLIGHT,PARKED MOTOR VEHICLE,ONE-WAY,STRAIGHT AND LEVEL,UNKNOWN,NO DEFECTS,NOT ON SCENE (DESK REPORT),NO INJURY / DRIVE AWAY,,"OVER $1,500",UNABLE TO DETERMINE,NOT APPLICABLE,2262,N,MEADE AVE,2512,2,NO INDICATION OF INJURY,0,0,0,0,0,1,0,10,4,6,41.92186171,-87.77823096
6/8/2019 12:30,30,NO CONTROLS,NO CONTROLS,CLEAR,DAYLIGHT,REAR END,NOT DIVIDED,STRAIGHT AND LEVEL,DRY,NO DEFECTS,NOT ON SCENE (DESK REPORT),NO INJURY / DRIVE AWAY,,"$501 - $1,500",NOT APPLICABLE,NOT APPLICABLE,6101,S,PULASKI RD,823,2,NO INDICATION OF INJURY,0,0,0,0,0,4,0,12,7,6,41.78225249,-87.72271491