CRASH_DATE,POSTED_SPEED_LIMIT,TRAFFIC_CONTROL_DEVICE,DEVICE_CONDITION,WEATHER_CONDITION,LIGHTING_CONDITION,FIRST_CRASH_TYPE,TRAFFICWAY_TYPE,ALIGNMENT,ROADWAY_SURFACE_COND,ROAD_DEFECT,REPORT_TYPE,CRASH_TYPE,INTERSECTION_RELATED_I,DAMAGE,PRIM_CONTRIBUTORY_CAUSE,SEC_CONTRIBUTORY_CAUSE,STREET_NO,STREET_DIRECTION,STREET_NAME,BEAT_OF_OCCURRENCE,NUM_UNITS,MOST_SEVERE_INJURY,INJURIES_TOTAL,INJURIES_FATAL,INJURIES_INCAPACITATING,INJURIES_NON_INCAPACITATING,INJURIES_REPORTED_NOT_EVIDENT,INJURIES_NO_INDICATION,INJURIES_UNKNOWN,CRASH_HOUR,CRASH_DAY_OF_WEEK,CRASH_MONTH,LATITUDE,LONGITUDE
6/6/2019 13:09,30,NO CONTROLS,NO CONTROLS,CLOUDY/OVERCAST,DAYLIGHT,PARKED MOTOR VEHICLE,ONE-WAY,STRAIGHT AND LEVEL,DRY,NO DEFECTS,ON SCENE,NO INJURY / DRIVE AWAY,,"OVER $1,500",DRIVING SKILLS/KNOWLEDGE/EXPERIENCE,NOT APPLICABLE,2954,W,65TH ST,823,2,NO INDICATION OF INJURY,0,0,0,0,0,1,0,13,5,6,41.77551197,-87.69794394
6/7/2019 9:08,30,STOP SIGN/FLASHER,FUNCTIONING PROPERLY,CLEAR,DAYLIGHT,TURNING,NOT DIVIDED,STRAIGHT AND LEVEL,DRY,NO DEFECTS,ON SCENE,INJURY AND / OR TOW DUE TO CRASH,Y,"$501 - $1,500","VISION OBSCURED (SIGNS, TREE LIMBS, BUILDINGS, ETC.)",FAILING TO YIELD RIGHT-OF-WAY,2621,W,LAKE ST,1222,2,NO INDICATION OF INJURY,0,0,0,0,0,2,0,9,6,6,41.88429617,-87.69223757
6/12/2019 19:12,35,STOP SIGN/FLASHER,FUNCTIONING PROPERLY,RAIN,DAYLIGHT,REAR TO SIDE,FOUR WAY,STRAIGHT AND LEVEL,WET,NO DEFECTS,ON SCENE,INJURY AND / OR TOW DUE TO CRASH,Y,"OVER $1,500",UNABLE TO DETERMINE,UNABLE TO DETERMINE,1602,E,74TH ST,324,2,NONINCAPACITATING INJURY,1,0,0,1,0,3,0,19,4,6,41.76070433,-87.58559359
6/1/2019 21:01,30,TRAFFIC SIGNAL,FUNCTIONING PROPERLY,CLOUDY/OVERCAST,"DARKNESS, LIGHTED ROAD",SIDESWIPE SAME DIRECTION,NOT DIVIDED,STRAIGHT AND LEVEL,WET,NO DEFECTS,NOT ON SCENE (DESK REPORT),NO INJURY / DRIVE AWAY,Y,"OVER $1,500",IMPROPER LANE USAGE,NOT APPLICABLE,1212,W,99TH ST,2213,2,NO INDICATION OF INJURY,0,0,0,0,0,3,0,21,7,6,41.71419377,-87.65330851
6/1/2019 13:42,30,NO CONTROLS,NO CONTROLS,CLEAR,DAYLIGHT,REAR END,NOT DIVIDED,STRAIGHT AND LEVEL,DRY,NO DEFECTS,NOT ON SCENE (DESK REPORT),NO INJURY / DRIVE AWAY,,"$501 - $1,500",NOT APPLICABLE,NOT APPLICABLE,5801,S,HARLEM AVE,811,2,NO INDICATION OF INJURY,0,0,0,0,0,3,0,13,7,6,41.78647616,-87.80114682
6/12/2019 8:30,30,NO CONTROLS,NO CONTROLS,CLEAR,DAYLIGHT,FIXED OBJECT,NOT DIVIDED,STRAIGHT AND LEVEL,DRY,"RUT, HOLES",NOT ON SCENE (DESK REPORT),NO INJURY / DRIVE AWAY,,"OVER $1,500",NOT APPLICABLE,NOT APPLICABLE,1430,S,ASHLAND AVE,1233,1,NO INDICATION OF INJURY,0,0,0,0,0,1,0,8,4,6,41.86240243,-87.66641897
6/3/2019 23:50,30,TRAFFIC SIGNAL,FUNCTIONING PROPERLY,CLEAR,"DARKNESS, LIGHTED ROAD",ANGLE,DIVIDED - W/MEDIAN BARRIER,STRAIGHT AND LEVEL,DRY,NO DEFECTS,,INJURY AND / OR TOW DUE TO CRASH,,"OVER $1,500","OPERATING VEHICLE IN ERRATIC, RECKLESS, CARELESS, NEGLIGENT OR AGGRESSIVE MANNER",NOT APPLICABLE,800,W,99TH ST,2232,,,,,,,,,,23,2,6,41.71432334,-87.64306671
6/8/2019 15:21,30,TRAFFIC SIGNAL,FUNCTIONING PROPERLY,CLEAR,DAYLIGHT,REAR END,NOT DIVIDED,STRAIGHT AND LEVEL,DRY,NO DEFECTS,ON SCENE,NO INJURY / DRIVE AWAY,N,"$501 - $1,500",FOLLOWING TOO CLOSELY,UNABLE TO DETERMINE,1600,E,87TH ST,412,2,NO INDICATION OF INJURY,0,0,0,0,0,2,0,15,7,6,41.73703099,-87.58508645
6/7/2019 16:45,20,NO CONTROLS,NO CONTROLS,CLEAR,DAYLIGHT,SIDESWIPE SAME DIRECTION,OTHER,STRAIGHT ON GRADE,DRY,NO DEFECTS,ON SCENE,NO INJURY / DRIVE AWAY,,"$501 - $1,500",IMPROPER LANE USAGE,NOT APPLICABLE,1,W,TERMINAL ST,1651,2,NO INDICATION OF INJURY,0,0,0,0,0,2,0,16,6,6,,
6/7/2019 17:45,30,NO CONTROLS,NO CONTROLS,CLEAR,DAWN,PEDALCYCLIST,DIVIDED - W/MEDIAN (NOT RAISED),STRAIGHT AND LEVEL,DRY,UNKNOWN,ON SCENE,INJURY AND / OR TOW DUE TO CRASH,Y,$500 OR LESS,FOLLOWING TOO CLOSELY,NOT APPLICABLE,3501,W,ARMITAGE AVE,1422,2,INCAPACITATING INJURY,1,0,1,0,0,1,0,17,6,6,41.9172112,-87.71359763
6/13/2019 18:05,30,NO CONTROLS,NO CONTROLS,CLEAR,DAYLIGHT,PARKED MOTOR VEHICLE,ONE-WAY,STRAIGHT AND LEVEL,DRY,NO DEFECTS,NOT ON SCENE (DESK REPORT),NO INJURY / DRIVE AWAY,,"OVER $1,500",UNABLE TO DETERMINE,UNABLE TO DETERMINE,2408,N,RIDGEWAY AVE,2524,2,NO INDICATION OF INJURY,0,0,0,0,0,1,0,18,5,6,41.92487144,-87.72081511
6/5/2019 9:00,30,TRAFFIC SIGNAL,FUNCTIONING PROPERLY,CLEAR,DAYLIGHT,REAR END,NOT DIVIDED,STRAIGHT AND LEVEL,DRY,NO DEFECTS,NOT ON SCENE (DESK REPORT),NO INJURY / DRIVE AWAY,Y,"OVER $1,500",FOLLOWING TOO CLOSELY,FAILING TO REDUCE SPEED TO AVOID CRASH,4501,W,MONTROSE AVE,1722,2,NO INDICATION OF INJURY,0,0,0,0,0,3,0,9,4,6,41.96068703,-87.74124509
6/5/2019 19:49,30,TRAFFIC SIGNAL,FUNCTIONING PROPERLY,CLEAR,"DARKNESS, LIGHTED ROAD",ANGLE,FOUR WAY,STRAIGHT AND LEVEL,DRY,NO DEFECTS,ON SCENE,INJURY AND / OR TOW DUE TO CRASH,Y,"OVER $1,500",DISREGARDING TRAFFIC SIGNALS,NOT APPLICABLE,6732,W,FOSTER AVE,1613,2,NONINCAPACITATING INJURY,2,0,0,2,0,0,0,19,4,6,41.97569157,-87.796424
6/5/2019 9:55,15,NO CONTROLS,NO CONTROLS,CLEAR,DAYLIGHT,PARKED MOTOR VEHICLE,PARKING LOT,STRAIGHT AND LEVEL,DRY,NO DEFECTS,ON SCENE,INJURY AND / OR TOW DUE TO CRASH,,"OVER $1,500",IMPROPER BACKING,NOT APPLICABLE,2731,N,ELSTON AVE,1432,2,NO INDICATION OF INJURY,0,0,0,0,0,1,0,9,4,6,41.93126646,-87.68627205
6/2/2019 15:00,10,NO CONTROLS,NO CONTROLS,CLEAR,DAYLIGHT,REAR TO FRONT,PARKING LOT,STRAIGHT AND LEVEL,DRY,NO DEFECTS,NOT ON SCENE (DESK REPORT),NO INJURY / DRIVE AWAY,,"$501 - $1,500",IMPROPER BACKING,UNABLE TO DETERMINE,207,E,35TH ST,212,2,NO INDICATION OF INJURY,0,0,0,0,0,2,0,15,1,6,41.83095279,-87.62144916
6/4/2019 13:00,30,NO CONTROLS,NO CONTROLS,CLEAR,DAYLIGHT,FIXED OBJECT,NOT DIVIDED,STRAIGHT AND LEVEL,WET,"RUT, HOLES",NOT ON SCENE (DESK REPORT),NO INJURY / DRIVE AWAY,,"$501 - $1,500",NOT APPLICABLE,NOT APPLICABLE,1230,S,ASHLAND AVE,1233,1,NO INDICATION OF INJURY,0,0,0,0,0,1,0,13,3,6,41.86603026,-87.66651659
6/6/2019 12:00,0,NO CONTROLS,NO CONTROLS,CLEAR,DAYLIGHT,REAR TO FRONT,OTHER,STRAIGHT AND LEVEL,DRY,NO DEFECTS,NOT ON SCENE (DESK REPORT),NO INJURY / DRIVE AWAY,,"$501 - $1,500",FAILING TO REDUCE SPEED TO AVOID CRASH,IMPROPER BACKING,9155,S,STONY ISLAND AVE,413,2,NO INDICATION OF INJURY,0,0,0,0,0,4,0,12,5,6,41.72803849,-87.58486722
6/13/2019 18:30,30,STOP SIGN/FLASHER,FUNCTIONING PROPERLY,CLEAR,DAYLIGHT,ANGLE,T-INTERSECTION,STRAIGHT AND LEVEL,DRY,NO DEFECTS,ON SCENE,INJURY AND / OR TOW DUE TO CRASH,Y,"OVER $1,500",DISREGARDING STOP SIGN,NOT APPLICABLE,5900,W,WASHINGTON BLVD,1512,2,NO INDICATION OF INJURY,0,0,0,0,0,2,0,18,5,6,41.8822574,-87.77193108
6/8/2019 2:50,30,TRAFFIC SIGNAL,FUNCTIONING PROPERLY,CLEAR,"DARKNESS, LIGHTED ROAD",SIDESWIPE SAME DIRECTION,NOT DIVIDED,STRAIGHT AND LEVEL,DRY,NO DEFECTS,NOT ON SCENE (DESK REPORT),NO INJURY / DRIVE AWAY,,"$501 - $1,500",IMPROPER OVERTAKING/PASSING,UNABLE TO DETERMINE,1200,N,DEARBORN ST,1824,2,NO INDICATION OF INJURY,0,0,0,0,0,2,0,2,7,6,41.90401478,-87.63013572
6/12/2019 23:06,30,NO CONTROLS,UNKNOWN,RAIN,"DARKNESS, LIGHTED ROAD",FIXED OBJECT,NOT DIVIDED,"CURVE, LEVEL",WET,NO DEFECTS,ON SCENE,INJURY AND / OR TOW DUE TO CRASH,,"OVER $1,500",UNABLE TO DETERMINE,NOT APPLICABLE,4408,W,ROOSEVELT RD,1131,1,NO INDICATION OF INJURY,0,0,0,0,0,1,0,23,4,6,41.86613645,-87.73539238
6/1/2019 15:19,30,TRAFFIC SIGNAL,FUNCTIONING PROPERLY,CLEAR,DAYLIGHT,REAR END,DIVIDED - W/MEDIAN (NOT RAISED),STRAIGHT AND LEVEL,DRY,NO DEFECTS,NOT ON SCENE (DESK REPORT),NO INJURY / DRIVE AWAY,,"OVER $1,500",FOLLOWING TOO CLOSELY,UNABLE TO DETERMINE,142,W,35TH ST,915,2,NO INDICATION OF INJURY,0,0,0,0,0,2,0,15,7,6,41.83106201,-87.63073935
6/9/2019 22:30,10,NO CONTROLS,NO CONTROLS,CLEAR,DARKNESS,PARKED MOTOR VEHICLE,PARKING LOT,STRAIGHT AND LEVEL,DRY,NO DEFECTS,NOT ON SCENE (DESK REPORT),NO INJURY / DRIVE AWAY,,"$501 - $1,500",FAILING TO YIELD RIGHT-OF-WAY,UNABLE TO DETERMINE,5952,N,LINCOLN AVE,2011,2,NO INDICATION OF INJURY,0,0,0,0,0,1,0,22,1,6,41.98925832,-87.70571435
6/14/2019 6:47,30,TRAFFIC SIGNAL,FUNCTIONING PROPERLY,CLEAR,DAYLIGHT,REAR END,NOT DIVIDED,STRAIGHT AND LEVEL,DRY,NO DEFECTS,ON SCENE,INJURY AND / OR TOW DUE TO CRASH,,"OVER $1,500",DISTRACTION - FROM OUTSIDE VEHICLE,NOT APPLICABLE,2400,W,74TH ST,835,2,"REPORTED, NOT EVIDENT",1,0,0,0,1,1,0,6,6,6,41.75934157,-87.68316442
6/9/2019 1:37,10,NO CONTROLS,NO CONTROLS,CLOUDY/OVERCAST,"DARKNESS, LIGHTED ROAD",TURNING,PARKING LOT,STRAIGHT AND LEVEL,DRY,NO DEFECTS,ON SCENE,NO INJURY / DRIVE AWAY,,"$501 - $1,500","OPERATING VEHICLE IN ERRATIC, RECKLESS, CARELESS, NEGLIGENT OR AGGRESSIVE MANNER",DRIVING ON WRONG SIDE/WRONG WAY,132,W,OHIO ST,1832,2,NO INDICATION OF INJURY,0,0,0,0,0,2,0,1,1,6,41.89251945,-87.63253711
6/4/2019 12:40,25,TRAFFIC SIGNAL,FUNCTIONING PROPERLY,OTHER,DAYLIGHT,FIXED OBJECT,FOUR WAY,STRAIGHT AND LEVEL,WET,NO DEFECTS,ON SCENE,INJURY AND / OR TOW DUE TO CRASH,Y,"$501 - $1,500","EVASIVE ACTION DUE TO ANIMAL, OBJECT, NONMOTORIST",UNABLE TO DETERMINE,2112,N,MAGNOLIA AVE,1811,1,NO INDICATION OF INJURY,0,0,0,0,0,1,0,12,3,6,41.92026308,-87.65965817
6/13/2019 18:00,30,NO CONTROLS,NO CONTROLS,CLEAR,DAYLIGHT,REAR TO REAR,PARKING LOT,STRAIGHT AND LEVEL,DRY,NO DEFECTS,NOT ON SCENE (DESK REPORT),NO INJURY / DRIVE AWAY,,"$501 - $1,500",NOT APPLICABLE,NOT APPLICABLE,10900,S,DOTY AVE W,513,2,NO INDICATION OF INJURY,0,0,0,0,0,2,0,18,5,6,41.69631368,-87.59663224
6/11/2019 17:15,35,NO CONTROLS,NO CONTROLS,CLEAR,DAYLIGHT,TURNING,DIVIDED - W/MEDIAN (NOT RAISED),STRAIGHT AND LEVEL,DRY,NO DEFECTS,ON SCENE,INJURY AND / OR TOW DUE TO CRASH,,"OVER $1,500",FAILING TO YIELD RIGHT-OF-WAY,FAILING TO YIELD RIGHT-OF-WAY,437,E,PERSHING RD,214,2,"REPORTED, NOT EVIDENT",1,0,0,0,1,2,0,17,3,6,41.82374783,-87.61529192
6/5/2019 15:15,35,TRAFFIC SIGNAL,FUNCTIONING PROPERLY,CLEAR,DAYLIGHT,REAR TO FRONT,FOUR WAY,STRAIGHT AND LEVEL,DRY,NO DEFECTS,NOT ON SCENE (DESK REPORT),NO INJURY / DRIVE AWAY,Y,$500 OR LESS,"OPERATING VEHICLE IN ERRATIC, RECKLESS, CARELESS, NEGLIGENT OR AGGRESSIVE MANNER",IMPROPER BACKING,9500,S,STATE ST,511,2,NO INDICATION OF INJURY,0,0,0,0,0,4,0,15,4,6,41.72157071,-87.62387335
6/6/2019 12:50,30,TRAFFIC SIGNAL,FUNCTIONING PROPERLY,CLEAR,DAYLIGHT,PEDALCYCLIST,FOUR WAY,STRAIGHT AND LEVEL,DRY,NO DEFECTS,ON SCENE,NO INJURY / DRIVE AWAY,Y,$500 OR LESS,IMPROPER LANE USAGE,UNABLE TO DETERMINE,149,N,STATE ST,111,2,NO INDICATION OF INJURY,0,0,0,0,0,3,0,12,5,6,41.88446083,-87.62776308
6/6/2019 17:45,30,STOP SIGN/FLASHER,FUNCTIONING PROPERLY,CLEAR,DAYLIGHT,TURNING,FOUR WAY,STRAIGHT AND LEVEL,DRY,NO DEFECTS,NOT ON SCENE (DESK REPORT),NO INJURY / DRIVE AWAY,Y,"$501 - $1,500",DRIVING SKILLS/KNOWLEDGE/EXPERIENCE,NOT APPLICABLE,7032,S,HAMLIN AVE,833,2,NO INDICATION OF INJURY,0,0,0,0,0,2,0,17,5,6,41.76502802,-87.7176639
6/10/2019 12:20,20,NO CONTROLS,NO CONTROLS,CLEAR,DAYLIGHT,REAR TO SIDE,PARKING LOT,STRAIGHT AND LEVEL,DRY,NO DEFECTS,NOT ON SCENE (DESK REPORT),NO INJURY / DRIVE AWAY,,$500 OR LESS,IMPROPER BACKING,UNABLE TO DETERMINE,2329,W,95TH ST,2213,2,NO INDICATION OF INJURY,0,0,0,0,0,2,0,12,2,6,41.7208486,-87.68077037
6/10/2019 0:05,30,STOP SIGN/FLASHER,UNKNOWN,CLEAR,"DARKNESS, LIGHTED ROAD",FIXED OBJECT,T-INTERSECTION,"CURVE, LEVEL",DRY,NO DEFECTS,ON SCENE,NO INJURY / DRIVE AWAY,Y,$500 OR LESS,UNABLE TO DETERMINE,UNABLE TO DETERMINE,932,W,99TH ST,2232,1,,,,,,,,,0,2,6,41.71427096,-87.64672663
6/6/2019 18:40,3,NO CONTROLS,NO CONTROLS,CLEAR,DAYLIGHT,SIDESWIPE SAME DIRECTION,DIVIDED - W/MEDIAN BARRIER,STRAIGHT AND LEVEL,DRY,NO DEFECTS,ON SCENE,INJURY AND / OR TOW DUE TO CRASH,,"OVER $1,500",IMPROPER OVERTAKING/PASSING,FAILING TO YIELD RIGHT-OF-WAY,499,W,NORTH AVE,1821,2,NO INDICATION OF INJURY,0,0,0,0,0,2,0,18,5,6,41.91097039,-87.64095313
6/3/2019 15:00,30,TRAFFIC SIGNAL,FUNCTIONING PROPERLY,CLEAR,DAYLIGHT,ANGLE,NOT DIVIDED,STRAIGHT AND LEVEL,DRY,NO DEFECTS,ON SCENE,NO INJURY / DRIVE AWAY,,"OVER $1,500",UNABLE TO DETERMINE,UNABLE TO DETERMINE,3900,S,MICHIGAN AVE,213,2,NO INDICATION OF INJURY,0,0,0,0,0,4,0,15,2,6,41.82368919,-87.62331241
6/3/2019 6:04,30,STOP SIGN/FLASHER,FUNCTIONING PROPERLY,CLEAR,DAWN,ANGLE,ONE-WAY,STRAIGHT AND LEVEL,DRY,NO DEFECTS,ON SCENE,INJURY AND / OR TOW DUE TO CRASH,Y,"OVER $1,500",FAILING TO YIELD RIGHT-OF-WAY,NOT APPLICABLE,828,W,JACKSON BLVD,1232,2,"REPORTED, NOT EVIDENT",1,0,0,0,1,1,0,6,2,6,41.87804091,-87.64835564
6/7/2019 9:34,30,NO CONTROLS,NO CONTROLS,CLEAR,DAYLIGHT,SIDESWIPE SAME DIRECTION,ONE-WAY,STRAIGHT AND LEVEL,DRY,NO DEFECTS,ON SCENE,NO INJURY / DRIVE AWAY,,"OVER $1,500",FAILING TO YIELD RIGHT-OF-WAY,DRIVING SKILLS/KNOWLEDGE/EXPERIENCE,330,W,DIVERSEY PKWY,1934,2,NO INDICATION OF INJURY,0,0,0,0,0,2,0,9,6,6,41.93304199,-87.63802271
6/3/2019 18:15,35,NO CONTROLS,NO CONTROLS,CLEAR,DUSK,PEDALCYCLIST,DIVIDED - W/MEDIAN (NOT RAISED),STRAIGHT AND LEVEL,DRY,NO DEFECTS,ON SCENE,INJURY AND / OR TOW DUE TO CRASH,,$500 OR LESS,UNABLE TO DETERMINE,UNABLE TO DETERMINE,1057,N,CALIFORNIA AVE,1211,2,NONINCAPACITATING INJURY,1,0,0,1,0,0,0,18,2,6,41.9010234,-87.69668758
6/15/2019 15:04,30,NO CONTROLS,NO CONTROLS,RAIN,DAYLIGHT,TURNING,NOT DIVIDED,STRAIGHT ON GRADE,DRY,NO DEFECTS,ON SCENE,NO INJURY / DRIVE AWAY,,"$501 - $1,500","OPERATING VEHICLE IN ERRATIC, RECKLESS, CARELESS, NEGLIGENT OR AGGRESSIVE MANNER",NOT APPLICABLE,1839,N,STOCKTON DR,1814,3,NO INDICATION OF INJURY,0,0,0,0,0,2,0,15,7,6,41.91625868,-87.63336619
6/4/2019 16:15,20,NO CONTROLS,NO CONTROLS,CLEAR,DAYLIGHT,SIDESWIPE OPPOSITE DIRECTION,NOT DIVIDED,STRAIGHT AND LEVEL,DRY,NO DEFECTS,ON SCENE,INJURY AND / OR TOW DUE TO CRASH,,"$501 - $1,500",EQUIPMENT - VEHICLE CONDITION,PHYSICAL CONDITION OF DRIVER,3747,E,112TH ST,433,2,NO INDICATION OF INJURY,0,0,0,0,0,2,0,16,3,6,41.6917203,-87.53222474
6/3/2019 8:20,35,NO CONTROLS,NO CONTROLS,CLEAR,DAYLIGHT,TURNING,NOT DIVIDED,STRAIGHT AND LEVEL,DRY,NO DEFECTS,NOT ON SCENE (DESK REPORT),NO INJURY / DRIVE AWAY,,"OVER $1,500",UNABLE TO DETERMINE,UNABLE TO DETERMINE,8315,S,CICERO AVE,834,2,NO INDICATION OF INJURY,0,0,0,0,0,2,0,8,2,6,41.74141305,-87.74094001
6/2/2019 17:00,30,NO CONTROLS,NO CONTROLS,CLEAR,DAYLIGHT,ANGLE,PARKING LOT,STRAIGHT AND LEVEL,DRY,NO DEFECTS,ON SCENE,NO INJURY / DRIVE AWAY,,"OVER $1,500",IMPROPER BACKING,FAILING TO YIELD RIGHT-OF-WAY,240,W,DIVERSEY PKWY,1934,2,NO INDICATION OF INJURY,0,0,0,0,0,2,0,17,1,6,41.93329386,-87.63596589
6/11/2019 12:45,30,NO CONTROLS,NO CONTROLS,CLEAR,DAYLIGHT,SIDESWIPE SAME DIRECTION,NOT DIVIDED,STRAIGHT AND LEVEL,DRY,NO DEFECTS,NOT ON SCENE (DESK REPORT),NO INJURY / DRIVE AWAY,,"OVER $1,500",FAILING TO YIELD RIGHT-OF-WAY,NOT APPLICABLE,6400,S,STEWART AVE,722,2,NO INDICATION OF INJURY,0,0,0,0,0,2,0,12,3,6,41.77799887,-87.6351434
6/9/2019 12:50,30,NO CONTROLS,NO CONTROLS,RAIN,DAYLIGHT,SIDESWIPE OPPOSITE DIRECTION,NOT DIVIDED,STRAIGHT AND LEVEL,WET,NO DEFECTS,NOT ON SCENE (DESK REPORT),NO INJURY / DRIVE AWAY,,"$501 - $1,500",UNABLE TO DETERMINE,UNABLE TO DETERMINE,620,N,DEARBORN ST,1832,2,NO INDICATION OF INJURY,0,0,0,0,0,2,0,12,1,6,41.89320754,-87.62984221
6/11/2019 21:39,30,NO CONTROLS,NO CONTROLS,CLEAR,"DARKNESS, LIGHTED ROAD",PARKED MOTOR VEHICLE,ONE-WAY,STRAIGHT AND LEVEL,DRY,NO DEFECTS,ON SCENE,NO INJURY / DRIVE AWAY,,"OVER $1,500",CELL PHONE USE OTHER THAN TEXTING,NOT APPLICABLE,4730,W,WRIGHTWOOD AVE,2521,2,NO INDICATION OF INJURY,0,0,0,0,0,3,0,21,3,6,41.92866195,-87.74529144
6/14/2019 8:55,10,NO CONTROLS,NO CONTROLS,CLEAR,DAYLIGHT,PARKED MOTOR VEHICLE,PARKING LOT,STRAIGHT AND LEVEL,DRY,NO DEFECTS,NOT ON SCENE (DESK REPORT),NO INJURY / DRIVE AWAY,,"OVER $1,500",UNABLE TO DETERMINE,UNABLE TO DETERMINE,50,E,OHIO ST,1834,2,NO INDICATION OF INJURY,0,0,0,0,0,1,0,8,6,6,41.89261824,-87.62616035
6/14/2019 13:55,30,TRAFFIC SIGNAL,FUNCTIONING PROPERLY,CLEAR,DAYLIGHT,ANGLE,NOT DIVIDED,STRAIGHT AND LEVEL,DRY,NO DEFECTS,ON SCENE,INJURY AND / OR TOW DUE TO CRASH,Y,"$501 - $1,500",DISREGARDING TRAFFIC SIGNALS,NOT APPLICABLE,658,N,STATE ST,1832,2,NO INDICATION OF INJURY,0,0,0,0,0,6,0,13,6,6,41.8941093,-87.62828316
6/4/2019 9:30,30,NO CONTROLS,NO CONTROLS,UNKNOWN,UNKNOWN,PARKED MOTOR VEHICLE,ONE-WAY,STRAIGHT AND LEVEL,UNKNOWN,UNKNOWN,NOT ON SCENE (DESK REPORT),NO INJURY / DRIVE AWAY,,"$501 - $1,500",UNABLE TO DETERMINE,UNABLE TO DETERMINE,9516,S,PRAIRIE AVE,511,2,NO INDICATION OF INJURY,0,0,0,0,0,1,0,9,3,6,41.72128412,-87.61790275
6/10/2019 13:15,30,STOP SIGN/FLASHER,FUNCTIONING PROPERLY,CLEAR,DAYLIGHT,PARKED MOTOR VEHICLE,NOT DIVIDED,STRAIGHT AND LEVEL,DRY,NO DEFECTS,NOT ON SCENE (DESK REPORT),NO INJURY / DRIVE AWAY,,"OVER $1,500",DRIVING ON WRONG SIDE/WRONG WAY,FOLLOWING TOO CLOSELY,1226,E,64TH ST,314,2,NO INDICATION OF INJURY,0,0,0,0,0,1,0,13,2,6,41.77883287,-87.59501774
6/3/2019 8:04,30,NO CONTROLS,NO CONTROLS,CLEAR,DAYLIGHT,SIDESWIPE SAME DIRECTION,DIVIDED - W/MEDIAN (NOT RAISED),STRAIGHT ON GRADE,DRY,NO DEFECTS,NOT ON SCENE (DESK REPORT),NO INJURY / DRIVE AWAY,,$500 OR LESS,UNABLE TO DETERMINE,UNABLE TO DETERMINE,1076,W,ROOSEVELT RD,1232,2,NO INDICATION OF INJURY,0,0,0,0,0,2,0,8,2,6,41.86714939,-87.65404495
6/10/2019 8:00,30,NO CONTROLS,NO CONTROLS,CLEAR,DAYLIGHT,ANGLE,NOT DIVIDED,STRAIGHT AND LEVEL,DRY,NO DEFECTS,ON SCENE,NO INJURY / DRIVE AWAY,,"OVER $1,500",FAILING TO REDUCE SPEED TO AVOID CRASH,UNABLE TO DETERMINE,5915,S,CALIFORNIA AVE,824,2,NO INDICATION OF INJURY,0,0,0,0,0,3,0,8,2,6,41.78592221,-87.69343392
6/4/2019 11:22,30,TRAFFIC SIGNAL,FUNCTIONING PROPERLY,RAIN,DAYLIGHT,ANGLE,NOT DIVIDED,STRAIGHT ON GRADE,WET,NO DEFECTS,ON SCENE,NO INJURY / DRIVE AWAY,Y,"OVER $1,500",FAILING TO REDUCE SPEED TO AVOID CRASH,UNABLE TO DETERMINE,2501,S,KEDZIE AVE,1033,2,NO INDICATION OF INJURY,0,0,0,0,0,2,0,11,3,6,41.84624564,-87.70494537
6/13/2019 15:45,25,NO CONTROLS,NO CONTROLS,CLEAR,DAYLIGHT,REAR END,ONE-WAY,STRAIGHT AND LEVEL,DRY,NO DEFECTS,NOT ON SCENE (DESK REPORT),NO INJURY / DRIVE AWAY,,"$501 - $1,500",NOT APPLICABLE,NOT APPLICABLE,3350,W,WASHINGTON BLVD,1123,2,NO INDICATION OF INJURY,0,0,0,0,0,2,0,15,5,6,41.88285583,-87.71066471
6/14/2019 14:30,35,NO CONTROLS,NO CONTROLS,CLEAR,DAYLIGHT,TURNING,PARKING LOT,STRAIGHT AND LEVEL,DRY,NO DEFECTS,ON SCENE,NO INJURY / DRIVE AWAY,,"$501 - $1,500",UNABLE TO DETERMINE,UNABLE TO DETERMINE,7598,S,VINCENNES AVE,623,2,NO INDICATION OF INJURY,0,0,0,0,0,2,0,14,6,6,41.75639678,-87.6323537
6/14/2019 17:50,30,NO CONTROLS,NO CONTROLS,CLEAR,DAYLIGHT,SIDESWIPE OPPOSITE DIRECTION,NOT DIVIDED,STRAIGHT AND LEVEL,DRY,NO DEFECTS,ON SCENE,NO INJURY / DRIVE AWAY,,"$501 - $1,500",DRIVING SKILLS/KNOWLEDGE/EXPERIENCE,NOT APPLICABLE,1966,W,DEVON AVE,2412,2,NO INDICATION OF INJURY,0,0,0,0,0,2,0,17,6,6,41.99801685,-87.67945428
6/15/2019 12:30,30,NO CONTROLS,NO CONTROLS,RAIN,DAYLIGHT,REAR END,NOT DIVIDED,STRAIGHT AND LEVEL,WET,NO DEFECTS,NOT ON SCENE (DESK REPORT),NO INJURY / DRIVE AWAY,,"OVER $1,500",UNABLE TO DETERMINE,UNABLE TO DETERMINE,2238,W,FOSTER AVE,2012,2,NO INDICATION OF INJURY,0,0,0,0,0,2,0,12,7,6,41.97604903,-87.6858549
6/13/2019 5:42,35,NO CONTROLS,NO CONTROLS,CLEAR,DAYLIGHT,SIDESWIPE SAME DIRECTION,DIVIDED - W/MEDIAN BARRIER,STRAIGHT AND LEVEL,WET,NO DEFECTS,NOT ON SCENE (DESK REPORT),NO INJURY / DRIVE AWAY,,$500 OR LESS,FAILING TO YIELD RIGHT-OF-WAY,NOT APPLICABLE,3120,S,LAKE SHORE DR SB,211,2,NO INDICATION OF INJURY,0,0,0,0,0,2,0,5,5,6,41.83755352,-87.6084717