CRASH_DATE,POSTED_SPEED_LIMIT,TRAFFIC_CONTROL_DEVICE,DEVICE_CONDITION,WEATHER_CONDITION,LIGHTING_CONDITION,FIRST_CRASH_TYPE,TRAFFICWAY_TYPE,ALIGNMENT,ROADWAY_SURFACE_COND,ROAD_DEFECT,REPORT_TYPE,CRASH_TYPE,INTERSECTION_RELATED_I,DAMAGE,PRIM_CONTRIBUTORY_CAUSE,SEC_CONTRIBUTORY_CAUSE,STREET_NO,STREET_DIRECTION,STREET_NAME,BEAT_OF_OCCURRENCE,NUM_UNITS,MOST_SEVERE_INJURY,INJURIES_TOTAL,INJURIES_FATAL,INJURIES_INCAPACITATING,INJURIES_NON_INCAPACITATING,INJURIES_REPORTED_NOT_EVIDENT,INJURIES_NO_INDICATION,INJURIES_UNKNOWN,CRASH_HOUR,CRASH_DAY_OF_WEEK,CRASH_MONTH,LATITUDE,LONGITUDE
6/14/2019 22:15,30,NO CONTROLS,NO CONTROLS,CLEAR,DARKNESS,PARKED MOTOR VEHICLE,PARKING LOT,STRAIGHT AND LEVEL,DRY,NO DEFECTS,NOT ON SCENE (DESK REPORT),NO INJURY / DRIVE AWAY,,$500 OR LESS,UNABLE TO DETERMINE,UNABLE TO DETERMINE,1220,S,ASHLAND AVE,1233,2,,,,,,,,,22,6,6,41.86625418,-87.66652414
6/2/2019 17:00,30,TRAFFIC SIGNAL,FUNCTIONING PROPERLY,CLEAR,DAYLIGHT,TURNING,DIVIDED - W/MEDIAN BARRIER,STRAIGHT AND LEVEL,DRY,NO DEFECTS,NOT ON SCENE (DESK REPORT),INJURY AND / OR TOW DUE TO CRASH,,"OVER $1,500",FAILING TO YIELD RIGHT-OF-WAY,UNABLE TO DETERMINE,1149,E,59TH ST,235,2,"REPORTED, NOT EVIDENT",1,0,0,0,1,1,0,17,1,6,41.78767948,-87.59773612
6/8/2019 14:14,30,UNKNOWN,UNKNOWN,UNKNOWN,UNKNOWN,OTHER NONCOLLISION,UNKNOWN,STRAIGHT AND LEVEL,UNKNOWN,"RUT, HOLES",NOT ON SCENE (DESK REPORT),INJURY AND / OR TOW DUE TO CRASH,,$500 OR LESS,UNABLE TO DETERMINE,UNABLE TO DETERMINE,6308,S,WESTERN AVE,825,1,NO INDICATION OF INJURY,0,0,0,0,0,1,0,14,7,6,41.77889309,-87.68377698
6/13/2019 11:22,30,NO CONTROLS,NO CONTROLS,CLEAR,DAYLIGHT,REAR END,NOT DIVIDED,STRAIGHT AND LEVEL,WET,NO DEFECTS,NOT ON SCENE (DESK REPORT),NO INJURY / DRIVE AWAY,,"$501 - $1,500",UNABLE TO DETERMINE,UNABLE TO DETERMINE,7020,S,JEFFERY BLVD,332,2,NO INDICATION OF INJURY,0,0,0,0,0,2,0,11,5,6,41.76735296,-87.57647796
6/10/2019 10:00,10,NO CONTROLS,NO CONTROLS,CLEAR,DAYLIGHT,FIXED OBJECT,PARKING LOT,STRAIGHT AND LEVEL,DRY,NO DEFECTS,ON SCENE,NO INJURY / DRIVE AWAY,,$500 OR LESS,UNABLE TO DETERMINE,NOT APPLICABLE,8225,S,COTTAGE GROVE AVE,631,1,NO INDICATION OF INJURY,0,0,0,0,0,1,0,10,2,6,41.74502792,-87.6049157
6/8/2019 15:50,45,NO CONTROLS,NO CONTROLS,CLEAR,DAYLIGHT,REAR END,DIVIDED - W/MEDIAN BARRIER,STRAIGHT AND LEVEL,DRY,NO DEFECTS,NOT ON SCENE (DESK REPORT),NO INJURY / DRIVE AWAY,,"$501 - $1,500",UNABLE TO DETERMINE,UNABLE TO DETERMINE,1501,S,LAKE SHORE DR E,132,2,NO INDICATION OF INJURY,0,0,0,0,0,5,0,15,7,6,41.86205243,-87.61813635
6/1/2019 1:05,30,TRAFFIC SIGNAL,FUNCTIONING PROPERLY,CLEAR,DAYLIGHT,REAR END,DIVIDED - W/MEDIAN (NOT RAISED),STRAIGHT AND LEVEL,DRY,NO DEFECTS,NOT ON SCENE (DESK REPORT),NO INJURY / DRIVE AWAY,,"$501 - $1,500",UNABLE TO DETERMINE,NOT APPLICABLE,2500,S,DR MARTIN LUTHER KING JR DR,133,2,NO INDICATION OF INJURY,0,0,0,0,0,2,0,1,7,6,41.84751666,-87.61786267
6/12/2019 8:07,35,TRAFFIC SIGNAL,FUNCTIONING PROPERLY,CLOUDY/OVERCAST,DAYLIGHT,SIDESWIPE SAME DIRECTION,DIVIDED - W/MEDIAN BARRIER,STRAIGHT AND LEVEL,DRY,NO DEFECTS,NOT ON SCENE (DESK REPORT),NO INJURY / DRIVE AWAY,,"OVER $1,500",UNABLE TO DETERMINE,UNABLE TO DETERMINE,9509,S,STONY ISLAND AVE,431,2,NO INDICATION OF INJURY,0,0,0,0,0,2,0,8,4,6,41.72198447,-87.58493993
6/5/2019 9:10,30,TRAFFIC SIGNAL,FUNCTIONING PROPERLY,CLEAR,DAYLIGHT,ANGLE,DIVIDED - W/MEDIAN (NOT RAISED),STRAIGHT AND LEVEL,DRY,NO DEFECTS,ON SCENE,INJURY AND / OR TOW DUE TO CRASH,Y,"OVER $1,500",FAILING TO YIELD RIGHT-OF-WAY,ROAD CONSTRUCTION/MAINTENANCE,2400,S,WESTERN AVE,1034,2,NO INDICATION OF INJURY,0,0,0,0,0,2,0,9,4,6,41.84835204,-87.68568193
6/1/2019 10:30,30,NO CONTROLS,NO CONTROLS,CLEAR,DAYLIGHT,PARKED MOTOR VEHICLE,ONE-WAY,STRAIGHT AND LEVEL,DRY,NO DEFECTS,ON SCENE,NO INJURY / DRIVE AWAY,,"OVER $1,500",UNABLE TO DETERMINE,UNABLE TO DETERMINE,4834,S,WALLACE ST,935,2,NO INDICATION OF INJURY,0,0,0,0,0,1,0,10,7,6,41.80612054,-87.64075008
6/12/2019 16:30,30,NO CONTROLS,NO CONTROLS,CLOUDY/OVERCAST,DAYLIGHT,REAR END,NOT DIVIDED,STRAIGHT AND LEVEL,WET,UNKNOWN,ON SCENE,NO INJURY / DRIVE AWAY,,"OVER $1,500",IMPROPER BACKING,NOT APPLICABLE,701,N,SACRAMENTO BLVD,1221,2,NO INDICATION OF INJURY,0,0,0,0,0,2,0,16,4,6,41.89379723,-87.70200421
6/7/2019 23:40,30,TRAFFIC SIGNAL,UNKNOWN,CLEAR,DAWN,REAR END,ONE-WAY,STRAIGHT AND LEVEL,DRY,UNKNOWN,ON SCENE,INJURY AND / OR TOW DUE TO CRASH,N,"OVER $1,500",FAILING TO REDUCE SPEED TO AVOID CRASH,IMPROPER OVERTAKING/PASSING,1400,S,PULASKI RD,1011,2,NONINCAPACITATING INJURY,3,0,0,3,0,1,0,23,6,6,41.86242823,-87.72520294
6/5/2019 16:20,5,NO CONTROLS,NO CONTROLS,CLEAR,DAYLIGHT,PEDESTRIAN,PARKING LOT,STRAIGHT AND LEVEL,DRY,UNKNOWN,NOT ON SCENE (DESK REPORT),INJURY AND / OR TOW DUE TO CRASH,,"$501 - $1,500",UNABLE TO DETERMINE,UNABLE TO DETERMINE,200,W,87TH ST,622,2,"REPORTED, NOT EVIDENT",1,0,0,0,1,1,0,16,4,6,41.7362617,-87.62906472
6/14/2019 15:49,30,UNKNOWN,UNKNOWN,UNKNOWN,UNKNOWN,SIDESWIPE SAME DIRECTION,DIVIDED - W/MEDIAN (NOT RAISED),STRAIGHT AND LEVEL,UNKNOWN,UNKNOWN,NOT ON SCENE (DESK REPORT),NO INJURY / DRIVE AWAY,,"OVER $1,500",FAILING TO YIELD RIGHT-OF-WAY,NOT APPLICABLE,4700,W,MADISON ST,1113,2,NO INDICATION OF INJURY,0,0,0,0,0,3,0,15,6,6,41.88063406,-87.74295473
6/8/2019 0:01,30,NO CONTROLS,NO CONTROLS,CLEAR,"DARKNESS, LIGHTED ROAD",PARKED MOTOR VEHICLE,DIVIDED - W/MEDIAN (NOT RAISED),STRAIGHT AND LEVEL,DRY,NO DEFECTS,ON SCENE,INJURY AND / OR TOW DUE TO CRASH,,"OVER $1,500",NOT APPLICABLE,NOT APPLICABLE,2335,W,TOUHY AVE,2411,3,NO INDICATION OF INJURY,0,0,0,0,0,1,0,0,7,6,42.01215941,-87.68905259
6/6/2019 8:10,30,PEDESTRIAN CROSSING SIGN,OTHER,CLEAR,DAYLIGHT,REAR END,DIVIDED - W/MEDIAN (NOT RAISED),STRAIGHT AND LEVEL,DRY,NO DEFECTS,ON SCENE,NO INJURY / DRIVE AWAY,Y,"OVER $1,500",FOLLOWING TOO CLOSELY,FAILING TO YIELD RIGHT-OF-WAY,5800,S,PULASKI RD,813,2,NO INDICATION OF INJURY,0,0,0,0,0,3,0,8,5,6,41.78770896,-87.72315467
6/2/2019 19:30,30,TRAFFIC SIGNAL,FUNCTIONING PROPERLY,CLEAR,DAYLIGHT,FIXED OBJECT,ONE-WAY,STRAIGHT AND LEVEL,DRY,NO DEFECTS,ON SCENE,INJURY AND / OR TOW DUE TO CRASH,Y,"OVER $1,500",DRIVING SKILLS/KNOWLEDGE/EXPERIENCE,DRIVING SKILLS/KNOWLEDGE/EXPERIENCE,100,E,LOWER WACKER DR,114,1,NO INDICATION OF INJURY,0,0,0,0,0,1,0,19,1,6,41.88843209,-87.62442469
6/13/2019 22:30,30,STOP SIGN/FLASHER,FUNCTIONING PROPERLY,CLEAR,DARKNESS,REAR END,NOT DIVIDED,STRAIGHT AND LEVEL,DRY,NO DEFECTS,NOT ON SCENE (DESK REPORT),NO INJURY / DRIVE AWAY,Y,"$501 - $1,500",FOLLOWING TOO CLOSELY,IMPROPER LANE USAGE,649,N,HAMLIN AVE,1122,2,NO INDICATION OF INJURY,0,0,0,0,0,2,0,22,5,6,41.89325477,-87.72097803
6/2/2019 12:40,15,NO CONTROLS,NO CONTROLS,CLEAR,DAYLIGHT,FIXED OBJECT,ALLEY,STRAIGHT AND LEVEL,DRY,NO DEFECTS,NOT ON SCENE (DESK REPORT),NO INJURY / DRIVE AWAY,,"$501 - $1,500",UNABLE TO DETERMINE,NOT APPLICABLE,1056,N,CENTRAL AVE,1511,1,NO INDICATION OF INJURY,0,0,0,0,0,1,0,12,1,6,41.90021286,-87.76573204
6/10/2019 16:00,30,TRAFFIC SIGNAL,FUNCTIONING PROPERLY,CLEAR,DAYLIGHT,TURNING,DIVIDED - W/MEDIAN (NOT RAISED),STRAIGHT AND LEVEL,DRY,NO DEFECTS,ON SCENE,NO INJURY / DRIVE AWAY,Y,"OVER $1,500",IMPROPER LANE USAGE,IMPROPER TURNING/NO SIGNAL,6402,N,SHERIDAN RD,2432,2,NO INDICATION OF INJURY,0,0,0,0,0,2,0,16,2,6,41.99827176,-87.66070278
6/14/2019 13:30,30,TRAFFIC SIGNAL,NO CONTROLS,CLEAR,DAYLIGHT,REAR END,DIVIDED - W/MEDIAN (NOT RAISED),STRAIGHT AND LEVEL,DRY,NO DEFECTS,NOT ON SCENE (DESK REPORT),NO INJURY / DRIVE AWAY,Y,"OVER $1,500",FOLLOWING TOO CLOSELY,NOT APPLICABLE,5500,S,CICERO AVE,813,2,NO INDICATION OF INJURY,0,0,0,0,0,2,0,13,6,6,41.79291088,-87.74207734
6/1/2019 13:57,20,NO CONTROLS,NO CONTROLS,CLOUDY/OVERCAST,DAYLIGHT,SIDESWIPE SAME DIRECTION,ONE-WAY,STRAIGHT AND LEVEL,DRY,NO DEFECTS,ON SCENE,NO INJURY / DRIVE AWAY,,"$501 - $1,500",IMPROPER LANE USAGE,NOT APPLICABLE,5,W,TERMINAL ST,1655,2,NO INDICATION OF INJURY,0,0,0,0,0,2,0,13,7,6,,
6/7/2019 20:37,35,NO CONTROLS,NO CONTROLS,CLEAR,"DARKNESS, LIGHTED ROAD",PARKED MOTOR VEHICLE,ONE-WAY,STRAIGHT AND LEVEL,DRY,NO DEFECTS,ON SCENE,NO INJURY / DRIVE AWAY,,"$501 - $1,500",UNABLE TO DETERMINE,NOT APPLICABLE,7310,S,RHODES AVE,323,2,NO INDICATION OF INJURY,0,0,0,0,0,1,0,20,6,6,41.76174767,-87.61168885
6/13/2019 16:15,30,NO CONTROLS,NO CONTROLS,CLEAR,DAYLIGHT,REAR END,ONE-WAY,STRAIGHT AND LEVEL,DRY,NO DEFECTS,NOT ON SCENE (DESK REPORT),NO INJURY / DRIVE AWAY,,"OVER $1,500",NOT APPLICABLE,NOT APPLICABLE,5900,S,KOLMAR AVE,813,2,NO INDICATION OF INJURY,0,0,0,0,0,2,0,16,5,6,41.78570397,-87.73656064
6/7/2019 8:50,30,TRAFFIC SIGNAL,FUNCTIONING PROPERLY,CLEAR,DAYLIGHT,SIDESWIPE SAME DIRECTION,DIVIDED - W/MEDIAN BARRIER,STRAIGHT AND LEVEL,DRY,NO DEFECTS,NOT ON SCENE (DESK REPORT),NO INJURY / DRIVE AWAY,Y,"OVER $1,500",FAILING TO YIELD RIGHT-OF-WAY,UNABLE TO DETERMINE,500,S,MICHIGAN AVE,123,2,NO INDICATION OF INJURY,0,0,0,0,0,2,0,8,6,6,41.87565854,-87.62440494
6/9/2019 13:20,30,NO CONTROLS,NO CONTROLS,RAIN,DAYLIGHT,PARKED MOTOR VEHICLE,ALLEY,STRAIGHT AND LEVEL,WET,NO DEFECTS,ON SCENE,INJURY AND / OR TOW DUE TO CRASH,,"OVER $1,500",UNABLE TO DETERMINE,UNABLE TO DETERMINE,544,E,44TH ST,221,2,NONINCAPACITATING INJURY,3,0,0,3,0,0,0,13,1,6,41.81500955,-87.6122884
6/2/2019 15:55,30,NO CONTROLS,NO CONTROLS,CLEAR,DAYLIGHT,PARKED MOTOR VEHICLE,PARKING LOT,STRAIGHT AND LEVEL,DRY,NO DEFECTS,NOT ON SCENE (DESK REPORT),NO INJURY / DRIVE AWAY,,"OVER $1,500",IMPROPER OVERTAKING/PASSING,IMPROPER OVERTAKING/PASSING,2020,W,GARFIELD BLVD,932,2,NO INDICATION OF INJURY,0,0,0,0,0,1,0,15,1,6,41.79401719,-87.6752777
6/6/2019 12:07,35,STOP SIGN/FLASHER,FUNCTIONING PROPERLY,CLEAR,DAYLIGHT,ANGLE,NOT DIVIDED,STRAIGHT AND LEVEL,DRY,NO DEFECTS,ON SCENE,INJURY AND / OR TOW DUE TO CRASH,Y,"OVER $1,500",FAILING TO YIELD RIGHT-OF-WAY,NOT APPLICABLE,3027,W,ADDISON ST,1733,2,NONINCAPACITATING INJURY,1,0,0,1,0,1,0,12,5,6,41.94654177,-87.70408822
6/4/2019 16:00,30,NO CONTROLS,NO CONTROLS,CLEAR,DAYLIGHT,TURNING,NOT DIVIDED,STRAIGHT AND LEVEL,DRY,NO DEFECTS,NOT ON SCENE (DESK REPORT),NO INJURY / DRIVE AWAY,,"$501 - $1,500",FOLLOWING TOO CLOSELY,NOT APPLICABLE,10301,S,COTTAGE GROVE AVE,512,2,NO INDICATION OF INJURY,0,0,0,0,0,2,0,16,3,6,41.70736935,-87.60638316
6/15/2019 12:30,30,NO CONTROLS,NO CONTROLS,RAIN,DAYLIGHT,REAR END,ONE-WAY,STRAIGHT AND LEVEL,WET,NO DEFECTS,NOT ON SCENE (DESK REPORT),NO INJURY / DRIVE AWAY,,"OVER $1,500",FOLLOWING TOO CLOSELY,NOT APPLICABLE,2405,N,LOWELL AVE,2524,2,NO INDICATION OF INJURY,0,0,0,0,0,2,0,12,7,6,41.92458756,-87.73519912
6/15/2019 17:00,30,NO CONTROLS,NO CONTROLS,RAIN,DAYLIGHT,SIDESWIPE SAME DIRECTION,DIVIDED - W/MEDIAN (NOT RAISED),STRAIGHT AND LEVEL,WET,NO DEFECTS,NOT ON SCENE (DESK REPORT),INJURY AND / OR TOW DUE TO CRASH,,"OVER $1,500",UNABLE TO DETERMINE,UNABLE TO DETERMINE,2301,N,LARAMIE AVE,2522,2,"REPORTED, NOT EVIDENT",1,0,0,0,1,2,0,17,7,6,41.92232736,-87.75594672
6/13/2019 15:05,30,NO CONTROLS,NO CONTROLS,CLEAR,DAYLIGHT,PARKED MOTOR VEHICLE,NOT DIVIDED,STRAIGHT AND LEVEL,DRY,NO DEFECTS,NOT ON SCENE (DESK REPORT),NO INJURY / DRIVE AWAY,,$500 OR LESS,DRIVING SKILLS/KNOWLEDGE/EXPERIENCE,UNABLE TO DETERMINE,1400,W,BRYN MAWR AVE,2013,2,NO INDICATION OF INJURY,0,0,0,0,0,1,0,15,5,6,41.98365598,-87.66508534
6/12/2019 8:00,30,TRAFFIC SIGNAL,FUNCTIONING PROPERLY,CLOUDY/OVERCAST,DAWN,ANGLE,NOT DIVIDED,STRAIGHT AND LEVEL,DRY,NO DEFECTS,NOT ON SCENE (DESK REPORT),NO INJURY / DRIVE AWAY,Y,"OVER $1,500",UNABLE TO DETERMINE,UNABLE TO DETERMINE,500,S,HOMAN AVE,1133,2,NO INDICATION OF INJURY,0,0,0,0,0,2,0,8,4,6,41.87453294,-87.71095404
6/2/2019 18:30,35,TRAFFIC SIGNAL,FUNCTIONING PROPERLY,CLEAR,DAWN,SIDESWIPE SAME DIRECTION,DIVIDED - W/MEDIAN BARRIER,STRAIGHT AND LEVEL,DRY,NO DEFECTS,ON SCENE,NO INJURY / DRIVE AWAY,,"$501 - $1,500",IMPROPER TURNING/NO SIGNAL,IMPROPER OVERTAKING/PASSING,8000,S,STONY ISLAND AVE,411,2,NO INDICATION OF INJURY,0,0,0,0,0,2,0,18,1,6,41.74969958,-87.58595724
6/6/2019 14:30,30,STOP SIGN/FLASHER,FUNCTIONING PROPERLY,CLEAR,DAYLIGHT,SIDESWIPE SAME DIRECTION,DIVIDED - W/MEDIAN (NOT RAISED),STRAIGHT AND LEVEL,DRY,NO DEFECTS,,INJURY AND / OR TOW DUE TO CRASH,Y,"OVER $1,500",EQUIPMENT - VEHICLE CONDITION,NOT APPLICABLE,11900,S,HALSTED ST,524,2,"REPORTED, NOT EVIDENT",2,0,0,0,2,5,0,14,5,6,41.67772083,-87.64205185
6/5/2019 8:02,30,TRAFFIC SIGNAL,FUNCTIONING PROPERLY,CLEAR,DAYLIGHT,TURNING,NOT DIVIDED,STRAIGHT AND LEVEL,DRY,NO DEFECTS,NOT ON SCENE (DESK REPORT),NO INJURY / DRIVE AWAY,,"$501 - $1,500",IMPROPER OVERTAKING/PASSING,NOT APPLICABLE,4259,S,CICERO AVE,815,2,NO INDICATION OF INJURY,0,0,0,0,0,4,0,8,4,6,41.81501174,-87.74321342
6/7/2019 13:11,30,TRAFFIC SIGNAL,FUNCTIONING PROPERLY,CLEAR,DAYLIGHT,TURNING,ONE-WAY,STRAIGHT AND LEVEL,DRY,NO DEFECTS,NOT ON SCENE (DESK REPORT),NO INJURY / DRIVE AWAY,Y,"$501 - $1,500",IMPROPER OVERTAKING/PASSING,NOT APPLICABLE,1,E,MONROE ST,112,2,NO INDICATION OF INJURY,0,0,0,0,0,2,0,13,6,6,41.8806621,-87.62760104
6/3/2019 7:27,30,NO CONTROLS,NO CONTROLS,CLEAR,DAYLIGHT,ANGLE,NOT DIVIDED,STRAIGHT AND LEVEL,DRY,NO DEFECTS,NOT ON SCENE (DESK REPORT),NO INJURY / DRIVE AWAY,Y,$500 OR LESS,UNABLE TO DETERMINE,UNABLE TO DETERMINE,3932,W,DIVERSEY AVE,2523,2,NO INDICATION OF INJURY,0,0,0,0,0,2,0,7,2,6,41.93191407,-87.72590229
6/8/2019 18:00,35,TRAFFIC SIGNAL,FUNCTIONING PROPERLY,CLEAR,DAYLIGHT,REAR END,NOT DIVIDED,STRAIGHT AND LEVEL,DRY,NO DEFECTS,NOT ON SCENE (DESK REPORT),NO INJURY / DRIVE AWAY,Y,$500 OR LESS,FAILING TO REDUCE SPEED TO AVOID CRASH,NOT APPLICABLE,2023,S,CLARK ST,131,2,NO INDICATION OF INJURY,0,0,0,0,0,2,0,18,7,6,41.85465394,-87.62999932
6/5/2019 16:05,30,NO CONTROLS,NO CONTROLS,CLEAR,DAYLIGHT,FIXED OBJECT,DIVIDED - W/MEDIAN (NOT RAISED),STRAIGHT AND LEVEL,DRY,"RUT, HOLES",ON SCENE,NO INJURY / DRIVE AWAY,,$500 OR LESS,ROAD CONSTRUCTION/MAINTENANCE,NOT APPLICABLE,7025,W,63RD ST,812,1,NO INDICATION OF INJURY,0,0,0,0,0,1,0,16,4,6,41.77727358,-87.79700451
6/3/2019 14:30,30,TRAFFIC SIGNAL,FUNCTIONING PROPERLY,CLEAR,DAYLIGHT,REAR END,NOT DIVIDED,STRAIGHT AND LEVEL,DRY,UNKNOWN,NOT ON SCENE (DESK REPORT),NO INJURY / DRIVE AWAY,,"$501 - $1,500",FOLLOWING TOO CLOSELY,UNABLE TO DETERMINE,6401,N,RIDGE BLVD,2432,2,NO INDICATION OF INJURY,0,0,0,0,0,2,0,14,2,6,41.99808892,-87.67674037
6/7/2019 9:30,30,NO CONTROLS,NO CONTROLS,CLEAR,DAYLIGHT,ANGLE,ONE-WAY,STRAIGHT AND LEVEL,DRY,OTHER,ON SCENE,NO INJURY / DRIVE AWAY,,"OVER $1,500",FAILING TO YIELD RIGHT-OF-WAY,FAILING TO REDUCE SPEED TO AVOID CRASH,30,N,CLINTON ST,121,2,NO INDICATION OF INJURY,0,0,0,0,0,2,0,9,6,6,41.88279704,-87.64136948
6/12/2019 23:30,30,TRAFFIC SIGNAL,FUNCTIONING PROPERLY,RAIN,"DARKNESS, LIGHTED ROAD",TURNING,FOUR WAY,STRAIGHT ON GRADE,WET,NO DEFECTS,ON SCENE,NO INJURY / DRIVE AWAY,,"OVER $1,500",FAILING TO REDUCE SPEED TO AVOID CRASH,NOT APPLICABLE,8659,S,CICERO AVE,834,2,NO INDICATION OF INJURY,0,0,0,0,0,2,0,23,4,6,41.73453772,-87.74091899
6/4/2019 10:00,45,TRAFFIC SIGNAL,FUNCTIONING PROPERLY,RAIN,DAYLIGHT,REAR END,DIVIDED - W/MEDIAN BARRIER,STRAIGHT AND LEVEL,WET,NO DEFECTS,ON SCENE,NO INJURY / DRIVE AWAY,,"$501 - $1,500",FOLLOWING TOO CLOSELY,NOT APPLICABLE,5600,S,LAKE SHORE DR SB,331,2,NO INDICATION OF INJURY,0,0,0,0,0,2,0,10,3,6,41.79345625,-87.58031854
6/7/2019 17:00,30,NO CONTROLS,NO CONTROLS,CLEAR,DUSK,REAR END,NOT DIVIDED,STRAIGHT AND LEVEL,DRY,NO DEFECTS,ON SCENE,NO INJURY / DRIVE AWAY,Y,"OVER $1,500","OPERATING VEHICLE IN ERRATIC, RECKLESS, CARELESS, NEGLIGENT OR AGGRESSIVE MANNER",IMPROPER OVERTAKING/PASSING,700,E,87TH ST,632,2,NO INDICATION OF INJURY,0,0,0,0,0,2,0,17,6,6,41.73672538,-87.60716633
6/14/2019 16:30,30,NO CONTROLS,NO CONTROLS,CLEAR,DAYLIGHT,PEDALCYCLIST,NOT DIVIDED,STRAIGHT AND LEVEL,DRY,NO DEFECTS,ON SCENE,INJURY AND / OR TOW DUE TO CRASH,,$500 OR LESS,FAILING TO YIELD RIGHT-OF-WAY,DISTRACTION - FROM INSIDE VEHICLE,1430,N,MILWAUKEE AVE,1424,2,NONINCAPACITATING INJURY,1,0,0,1,0,1,0,16,6,6,41.90783976,-87.67372397
6/10/2019 10:16,30,NO CONTROLS,NO CONTROLS,CLEAR,DAYLIGHT,ANGLE,NOT DIVIDED,STRAIGHT AND LEVEL,DRY,NO DEFECTS,ON SCENE,INJURY AND / OR TOW DUE TO CRASH,Y,"OVER $1,500",UNABLE TO DETERMINE,UNABLE TO DETERMINE,4700,S,KARLOV AVE,815,2,"REPORTED, NOT EVIDENT",1,0,0,0,1,2,0,10,2,6,41.80774685,-87.72617573
6/3/2019 17:00,30,TRAFFIC SIGNAL,FUNCTIONING PROPERLY,CLEAR,DAYLIGHT,REAR END,NOT DIVIDED,STRAIGHT AND LEVEL,DRY,NO DEFECTS,NOT ON SCENE (DESK REPORT),NO INJURY / DRIVE AWAY,,"OVER $1,500",UNABLE TO DETERMINE,UNABLE TO DETERMINE,3599,W,ADDISON ST,1732,2,NO INDICATION OF INJURY,0,0,0,0,0,2,0,17,2,6,41.94639421,-87.71758227
6/8/2019 14:30,30,NO CONTROLS,NO CONTROLS,CLEAR,DAYLIGHT,TURNING,NOT DIVIDED,STRAIGHT AND LEVEL,DRY,NO DEFECTS,NOT ON SCENE (DESK REPORT),NO INJURY / DRIVE AWAY,,"$501 - $1,500",DRIVING SKILLS/KNOWLEDGE/EXPERIENCE,NOT APPLICABLE,25,E,87TH ST,632,2,NO INDICATION OF INJURY,0,0,0,0,0,2,0,14,7,6,41.73624476,-87.62307968
6/9/2019 0:15,30,UNKNOWN,UNKNOWN,CLEAR,DUSK,TURNING,UNKNOWN,STRAIGHT AND LEVEL,DRY,UNKNOWN,NOT ON SCENE (DESK REPORT),NO INJURY / DRIVE AWAY,,"$501 - $1,500",FOLLOWING TOO CLOSELY,NOT APPLICABLE,707,W,MAXWELL ST,1232,2,NO INDICATION OF INJURY,0,0,0,0,0,2,0,0,1,6,41.86469432,-87.6453547
6/3/2019 17:30,30,NO CONTROLS,NO CONTROLS,CLEAR,DAYLIGHT,TURNING,ONE-WAY,STRAIGHT AND LEVEL,UNKNOWN,UNKNOWN,NOT ON SCENE (DESK REPORT),NO INJURY / DRIVE AWAY,,"OVER $1,500",IMPROPER TURNING/NO SIGNAL,IMPROPER TURNING/NO SIGNAL,536,E,GRAND AVE,1834,2,NO INDICATION OF INJURY,0,0,0,0,0,4,0,17,2,6,41.89205407,-87.6128405
6/10/2019 18:15,10,NO CONTROLS,NO CONTROLS,CLEAR,DAYLIGHT,ANGLE,PARKING LOT,STRAIGHT AND LEVEL,DRY,NO DEFECTS,NOT ON SCENE (DESK REPORT),NO INJURY / DRIVE AWAY,,"OVER $1,500",IMPROPER BACKING,DRIVING SKILLS/KNOWLEDGE/EXPERIENCE,4363,S,ARCHER AVE,922,2,NO INDICATION OF INJURY,0,0,0,0,0,2,0,18,2,6,41.81421181,-87.7038199
6/1/2019 11:00,30,NO CONTROLS,NO CONTROLS,CLEAR,DAYLIGHT,SIDESWIPE SAME DIRECTION,NOT DIVIDED,STRAIGHT AND LEVEL,UNKNOWN,UNKNOWN,NOT ON SCENE (DESK REPORT),NO INJURY / DRIVE AWAY,,"OVER $1,500",UNABLE TO DETERMINE,UNABLE TO DETERMINE,4735,N,MARINE DR,1914,2,NO INDICATION OF INJURY,0,0,0,0,0,2,0,11,7,6,41.96843978,-87.64928166
6/14/2019 16:08,10,NO CONTROLS,NO CONTROLS,CLEAR,DAYLIGHT,PARKED MOTOR VEHICLE,PARKING LOT,STRAIGHT AND LEVEL,DRY,UNKNOWN,ON SCENE,NO INJURY / DRIVE AWAY,,"OVER $1,500",IMPROPER BACKING,DRIVING SKILLS/KNOWLEDGE/EXPERIENCE,2008,W,63RD ST,714,2,NO INDICATION OF INJURY,0,0,0,0,0,1,0,16,6,6,41.77942004,-87.67433255
6/1/2019 14:00,30,NO CONTROLS,NO CONTROLS,UNKNOWN,UNKNOWN,FIXED OBJECT,DIVIDED - W/MEDIAN (NOT RAISED),STRAIGHT AND LEVEL,UNKNOWN,"RUT, HOLES",NOT ON SCENE (DESK REPORT),NO INJURY / DRIVE AWAY,,"OVER $1,500",NOT APPLICABLE,NOT APPLICABLE,2051,N,AUSTIN AVE,2515,1,NO INDICATION OF INJURY,0,0,0,0,0,1,0,14,7,6,41.91784503,-87.77536612
6/9/2019 0:49,30,STOP SIGN/FLASHER,FUNCTIONING PROPERLY,CLEAR,"DARKNESS, LIGHTED ROAD",ANGLE,FOUR WAY,STRAIGHT AND LEVEL,DRY,NO DEFECTS,ON SCENE,INJURY AND / OR TOW DUE TO CRASH,Y,"OVER $1,500",NOT APPLICABLE,NOT APPLICABLE,7750,W,ADDISON ST,1631,2,NO INDICATION OF INJURY,0,0,0,0,0,2,0,0,1,6,41.94527926,-87.82162936