CRASH_DATE,POSTED_SPEED_LIMIT,TRAFFIC_CONTROL_DEVICE,DEVICE_CONDITION,WEATHER_CONDITION,LIGHTING_CONDITION,FIRST_CRASH_TYPE,TRAFFICWAY_TYPE,ALIGNMENT,ROADWAY_SURFACE_COND,ROAD_DEFECT,REPORT_TYPE,CRASH_TYPE,INTERSECTION_RELATED_I,DAMAGE,PRIM_CONTRIBUTORY_CAUSE,SEC_CONTRIBUTORY_CAUSE,STREET_NO,STREET_DIRECTION,STREET_NAME,BEAT_OF_OCCURRENCE,NUM_UNITS,MOST_SEVERE_INJURY,INJURIES_TOTAL,INJURIES_FATAL,INJURIES_INCAPACITATING,INJURIES_NON_INCAPACITATING,INJURIES_REPORTED_NOT_EVIDENT,INJURIES_NO_INDICATION,INJURIES_UNKNOWN,CRASH_HOUR,CRASH_DAY_OF_WEEK,CRASH_MONTH,LATITUDE,LONGITUDE
6/13/2019 19:35,20,TRAFFIC SIGNAL,FUNCTIONING PROPERLY,CLEAR,DAYLIGHT,SIDESWIPE SAME DIRECTION,ONE-WAY,STRAIGHT AND LEVEL,DRY,NO DEFECTS,ON SCENE,NO INJURY / DRIVE AWAY,Y,"$501 - $1,500",IMPROPER LANE USAGE,NOT APPLICABLE,5,W,TERMINAL ST,1655,2,NO INDICATION OF INJURY,0,0,0,0,0,5,0,19,5,6,,
6/10/2019 15:00,30,NO CONTROLS,NO CONTROLS,CLEAR,DAYLIGHT,PARKED MOTOR VEHICLE,ALLEY,STRAIGHT AND LEVEL,DRY,NO DEFECTS,NOT ON SCENE (DESK REPORT),NO INJURY / DRIVE AWAY,,"$501 - $1,500",UNABLE TO DETERMINE,UNABLE TO DETERMINE,1650,W,FARWELL AVE,2431,2,NO INDICATION OF INJURY,0,0,0,0,0,1,0,15,2,6,42.00669394,-87.67194653
6/9/2019 21:07,30,NO CONTROLS,NO CONTROLS,FOG/SMOKE/HAZE,"DARKNESS, LIGHTED ROAD",FIXED OBJECT,DIVIDED - W/MEDIAN (NOT RAISED),STRAIGHT AND LEVEL,WET,NO DEFECTS,ON SCENE,INJURY AND / OR TOW DUE TO CRASH,,"OVER $1,500",UNABLE TO DETERMINE,UNABLE TO DETERMINE,72,E,69TH ST,322,1,NO INDICATION OF INJURY,0,0,0,0,0,1,0,21,1,6,41.76931721,-87.62219573
6/12/2019 20:38,20,NO CONTROLS,FUNCTIONING PROPERLY,RAIN,"DARKNESS, LIGHTED ROAD",PARKED MOTOR VEHICLE,NOT DIVIDED,STRAIGHT AND LEVEL,WET,NO DEFECTS,ON SCENE,INJURY AND / OR TOW DUE TO CRASH,Y,"OVER $1,500",FAILING TO YIELD RIGHT-OF-WAY,NOT APPLICABLE,2875,W,85TH ST,835,2,NO INDICATION OF INJURY,0,0,0,0,0,1,0,20,4,6,41.73912276,-87.69513013
6/12/2019 16:00,30,NO CONTROLS,NO CONTROLS,CLEAR,DAYLIGHT,REAR END,DIVIDED - W/MEDIAN (NOT RAISED),STRAIGHT AND LEVEL,WET,NO DEFECTS,NOT ON SCENE (DESK REPORT),NO INJURY / DRIVE AWAY,,"$501 - $1,500",WEATHER,NOT APPLICABLE,6200,S,PULASKI RD,813,2,NO INDICATION OF INJURY,0,0,0,0,0,3,0,16,4,6,41.7804238,-87.72295662
6/5/2019 15:15,30,STOP SIGN/FLASHER,NO CONTROLS,CLEAR,DAYLIGHT,REAR END,FOUR WAY,STRAIGHT AND LEVEL,DRY,UNKNOWN,,INJURY AND / OR TOW DUE TO CRASH,Y,"OVER $1,500",UNABLE TO DETERMINE,PHYSICAL CONDITION OF DRIVER,11500,S,AVENUE J,433,2,INCAPACITATING INJURY,1,0,1,0,0,3,0,15,4,6,41.6863006,-87.53421049
6/13/2019 17:45,30,NO CONTROLS,NO CONTROLS,CLEAR,DAYLIGHT,PARKED MOTOR VEHICLE,ONE-WAY,STRAIGHT AND LEVEL,DRY,NO DEFECTS,NOT ON SCENE (DESK REPORT),NO INJURY / DRIVE AWAY,,"$501 - $1,500",UNABLE TO DETERMINE,NOT APPLICABLE,3002,W,VAN BUREN ST,1124,2,NO INDICATION OF INJURY,0,0,0,0,0,1,0,17,5,6,41.87603706,-87.70123152
6/15/2019 1:00,20,NO CONTROLS,NO CONTROLS,RAIN,"DARKNESS, LIGHTED ROAD",PARKED MOTOR VEHICLE,NOT DIVIDED,STRAIGHT AND LEVEL,WET,NO DEFECTS,NOT ON SCENE (DESK REPORT),NO INJURY / DRIVE AWAY,,"OVER $1,500",UNABLE TO DETERMINE,UNABLE TO DETERMINE,3110,E,81ST ST,422,2,NO INDICATION OF INJURY,0,0,0,0,0,1,0,1,7,6,41.748442,-87.54871627
6/3/2019 13:20,30,STOP SIGN/FLASHER,FUNCTIONING PROPERLY,CLEAR,DAYLIGHT,SIDESWIPE SAME DIRECTION,NOT DIVIDED,STRAIGHT AND LEVEL,DRY,NO DEFECTS,ON SCENE,NO INJURY / DRIVE AWAY,Y,$500 OR LESS,IMPROPER BACKING,NOT APPLICABLE,4300,S,PACKERS AVE,924,2,NO INDICATION OF INJURY,0,0,0,0,0,2,0,13,2,6,41.81589389,-87.65879725
6/8/2019 10:40,30,TRAFFIC SIGNAL,FUNCTIONING PROPERLY,CLEAR,DAYLIGHT,REAR END,CENTER TURN LANE,STRAIGHT AND LEVEL,DRY,NO DEFECTS,ON SCENE,NO INJURY / DRIVE AWAY,N,"OVER $1,500",FOLLOWING TOO CLOSELY,UNABLE TO DETERMINE,458,N,WESTERN AVE,1221,2,NO INDICATION OF INJURY,0,0,0,0,0,2,0,10,7,6,41.89021179,-87.68682708
6/10/2019 17:00,10,NO CONTROLS,NO CONTROLS,CLEAR,DUSK,FIXED OBJECT,ALLEY,STRAIGHT AND LEVEL,DRY,NO DEFECTS,ON SCENE,NO INJURY / DRIVE AWAY,,"OVER $1,500",UNABLE TO DETERMINE,NOT APPLICABLE,5812,N,KENNETH AVE,1711,1,NO INDICATION OF INJURY,0,0,0,0,0,1,0,17,2,6,41.98628207,-87.73963032
6/12/2019 21:30,30,NO CONTROLS,NO CONTROLS,RAIN,DARKNESS,PARKED MOTOR VEHICLE,DIVIDED - W/MEDIAN (NOT RAISED),STRAIGHT AND LEVEL,WET,NO DEFECTS,ON SCENE,NO INJURY / DRIVE AWAY,,"OVER $1,500",UNABLE TO DETERMINE,UNABLE TO DETERMINE,921,S,SPRINGFIELD AVE,1133,2,NO INDICATION OF INJURY,0,0,0,0,0,1,0,21,4,6,41.86913744,-87.72268417
6/2/2019 15:00,30,TRAFFIC SIGNAL,FUNCTIONING PROPERLY,CLEAR,DAYLIGHT,SIDESWIPE SAME DIRECTION,NOT DIVIDED,STRAIGHT AND LEVEL,UNKNOWN,UNKNOWN,NOT ON SCENE (DESK REPORT),NO INJURY / DRIVE AWAY,,"$501 - $1,500",IMPROPER LANE USAGE,IMPROPER OVERTAKING/PASSING,3600,N,CICERO AVE,1634,2,NO INDICATION OF INJURY,0,0,0,0,0,2,0,15,1,6,41.94616352,-87.74721517
6/9/2019 11:45,30,NO CONTROLS,NO CONTROLS,CLEAR,DAYLIGHT,PARKED MOTOR VEHICLE,PARKING LOT,STRAIGHT AND LEVEL,DRY,NO DEFECTS,NOT ON SCENE (DESK REPORT),NO INJURY / DRIVE AWAY,,"$501 - $1,500",IMPROPER BACKING,FAILING TO REDUCE SPEED TO AVOID CRASH,5530,W,HOMER ST,2515,2,NO INDICATION OF INJURY,0,0,0,0,0,4,0,11,1,6,41.91515826,-87.76446913
6/4/2019 13:00,30,NO CONTROLS,NO CONTROLS,RAIN,DAYLIGHT,SIDESWIPE SAME DIRECTION,CENTER TURN LANE,STRAIGHT AND LEVEL,WET,NO DEFECTS,NOT ON SCENE (DESK REPORT),NO INJURY / DRIVE AWAY,,"$501 - $1,500",FOLLOWING TOO CLOSELY,UNABLE TO DETERMINE,3955,N,CENTRAL AVE,1633,2,NO INDICATION OF INJURY,0,0,0,0,0,2,0,13,3,6,41.9530184,-87.76684633
6/12/2019 23:40,30,STOP SIGN/FLASHER,NO CONTROLS,RAIN,"DARKNESS, LIGHTED ROAD",ANGLE,FOUR WAY,STRAIGHT AND LEVEL,WET,NO DEFECTS,ON SCENE,INJURY AND / OR TOW DUE TO CRASH,Y,"OVER $1,500",WEATHER,UNABLE TO DETERMINE,1232,W,70TH ST,734,2,NO INDICATION OF INJURY,0,0,0,0,0,2,0,23,4,6,41.76696438,-87.65544164
6/5/2019 14:15,30,NO CONTROLS,NO CONTROLS,CLEAR,DAYLIGHT,SIDESWIPE SAME DIRECTION,NOT DIVIDED,STRAIGHT AND LEVEL,DRY,NO DEFECTS,NOT ON SCENE (DESK REPORT),NO INJURY / DRIVE AWAY,,"OVER $1,500",IMPROPER LANE USAGE,NOT APPLICABLE,9500,S,BISHOP ST,2213,2,NO INDICATION OF INJURY,0,0,0,0,0,2,0,14,4,6,41.72115705,-87.65925417
6/3/2019 12:25,45,NO CONTROLS,NO CONTROLS,CLEAR,DAWN,OTHER OBJECT,DIVIDED - W/MEDIAN BARRIER,STRAIGHT AND LEVEL,DRY,NO DEFECTS,ON SCENE,INJURY AND / OR TOW DUE TO CRASH,,"OVER $1,500",DRIVING SKILLS/KNOWLEDGE/EXPERIENCE,FAILING TO REDUCE SPEED TO AVOID CRASH,3100,S,LAKE SHORE DR NB,211,1,NONINCAPACITATING INJURY,2,0,0,2,0,0,0,12,2,6,41.83841192,-87.60843282
6/10/2019 9:40,30,TRAFFIC SIGNAL,FUNCTIONING PROPERLY,CLEAR,DAYLIGHT,TURNING,NOT DIVIDED,STRAIGHT AND LEVEL,DRY,NO DEFECTS,NOT ON SCENE (DESK REPORT),NO INJURY / DRIVE AWAY,Y,"OVER $1,500",UNABLE TO DETERMINE,NOT APPLICABLE,130,W,SCHILLER ST,1821,2,NO INDICATION OF INJURY,0,0,0,0,0,3,0,9,2,6,41.90783253,-87.63282975
6/6/2019 18:59,10,NO CONTROLS,NO CONTROLS,CLEAR,DAYLIGHT,FIXED OBJECT,ALLEY,STRAIGHT AND LEVEL,DRY,NO DEFECTS,ON SCENE,INJURY AND / OR TOW DUE TO CRASH,,"OVER $1,500",UNABLE TO DETERMINE,UNABLE TO DETERMINE,6710,S,RIDGELAND AVE,332,1,NO INDICATION OF INJURY,0,0,0,0,0,2,0,18,5,6,41.77299379,-87.58278464
6/15/2019 14:50,30,NO CONTROLS,NO CONTROLS,CLOUDY/OVERCAST,DAYLIGHT,PARKED MOTOR VEHICLE,PARKING LOT,STRAIGHT AND LEVEL,WET,NO DEFECTS,ON SCENE,INJURY AND / OR TOW DUE TO CRASH,,"OVER $1,500",IMPROPER BACKING,NOT APPLICABLE,5820,N,MILWAUKEE AVE,1622,2,NO INDICATION OF INJURY,0,0,0,0,0,1,0,14,7,6,41.98726964,-87.77851571
6/1/2019 13:00,35,TRAFFIC SIGNAL,FUNCTIONING PROPERLY,UNKNOWN,DAYLIGHT,TURNING,CENTER TURN LANE,STRAIGHT AND LEVEL,UNKNOWN,UNKNOWN,,INJURY AND / OR TOW DUE TO CRASH,N,"$501 - $1,500",UNABLE TO DETERMINE,UNABLE TO DETERMINE,5500,S,PULASKI RD,813,1,NO INDICATION OF INJURY,0,0,0,0,0,1,0,13,7,6,41.79315506,-87.72330377
6/6/2019 9:15,30,NO CONTROLS,NO CONTROLS,CLOUDY/OVERCAST,DAYLIGHT,PARKED MOTOR VEHICLE,DIVIDED - W/MEDIAN BARRIER,STRAIGHT AND LEVEL,DRY,NO DEFECTS,ON SCENE,NO INJURY / DRIVE AWAY,,"OVER $1,500","OPERATING VEHICLE IN ERRATIC, RECKLESS, CARELESS, NEGLIGENT OR AGGRESSIVE MANNER",IMPROPER LANE USAGE,8619,S,STONY ISLAND AVE,412,2,NO INDICATION OF INJURY,0,0,0,0,0,1,0,9,5,6,41.73813216,-87.58508267
6/11/2019 14:30,30,TRAFFIC SIGNAL,FUNCTIONING PROPERLY,CLEAR,DAYLIGHT,SIDESWIPE SAME DIRECTION,NOT DIVIDED,STRAIGHT AND LEVEL,DRY,NO DEFECTS,NOT ON SCENE (DESK REPORT),NO INJURY / DRIVE AWAY,Y,"$501 - $1,500",UNABLE TO DETERMINE,UNABLE TO DETERMINE,954,W,WILLOW ST,1813,2,NO INDICATION OF INJURY,0,0,0,0,0,2,0,14,3,6,41.91386562,-87.65302272
6/1/2019 14:45,30,TRAFFIC SIGNAL,FUNCTIONING PROPERLY,CLEAR,DAYLIGHT,SIDESWIPE SAME DIRECTION,DIVIDED - W/MEDIAN BARRIER,STRAIGHT AND LEVEL,DRY,NO DEFECTS,NOT ON SCENE (DESK REPORT),NO INJURY / DRIVE AWAY,,"OVER $1,500",IMPROPER LANE USAGE,FAILING TO REDUCE SPEED TO AVOID CRASH,5549,N,HARLEM AVE,1613,2,NO INDICATION OF INJURY,0,0,0,0,0,2,0,14,7,6,41.98218755,-87.8067942
6/11/2019 10:30,15,NO CONTROLS,NO CONTROLS,CLEAR,DAYLIGHT,REAR TO SIDE,PARKING LOT,STRAIGHT AND LEVEL,DRY,NO DEFECTS,NOT ON SCENE (DESK REPORT),NO INJURY / DRIVE AWAY,,"$501 - $1,500",FAILING TO YIELD RIGHT-OF-WAY,FAILING TO YIELD RIGHT-OF-WAY,4608,W,BELMONT AVE,1731,2,NO INDICATION OF INJURY,0,0,0,0,0,2,0,10,3,6,41.93899382,-87.74269899
6/10/2019 11:15,35,NO CONTROLS,NO CONTROLS,CLEAR,DAYLIGHT,PARKED MOTOR VEHICLE,NOT DIVIDED,STRAIGHT AND LEVEL,DRY,NO DEFECTS,NOT ON SCENE (DESK REPORT),NO INJURY / DRIVE AWAY,,"$501 - $1,500",FAILING TO YIELD RIGHT-OF-WAY,UNABLE TO DETERMINE,4876,N,CLARK ST,2032,2,NO INDICATION OF INJURY,0,0,0,0,0,2,0,11,2,6,41.97111624,-87.66789732
6/2/2019 1:00,15,NO CONTROLS,NO CONTROLS,UNKNOWN,DARKNESS,FIXED OBJECT,ALLEY,STRAIGHT AND LEVEL,UNKNOWN,NO DEFECTS,ON SCENE,NO INJURY / DRIVE AWAY,,"OVER $1,500",UNABLE TO DETERMINE,UNABLE TO DETERMINE,6537,N,CAMPBELL AVE,2412,1,NO INDICATION OF INJURY,0,0,0,0,0,1,0,1,1,6,42.00061282,-87.69225305
6/7/2019 21:15,30,TRAFFIC SIGNAL,FUNCTIONING PROPERLY,CLEAR,"DARKNESS, LIGHTED ROAD",REAR END,NOT DIVIDED,STRAIGHT AND LEVEL,DRY,NO DEFECTS,NOT ON SCENE (DESK REPORT),INJURY AND / OR TOW DUE TO CRASH,,"$501 - $1,500",FAILING TO YIELD RIGHT-OF-WAY,UNABLE TO DETERMINE,1612,W,99TH ST,2213,2,"REPORTED, NOT EVIDENT",1,0,0,0,1,1,0,21,6,6,41.71405477,-87.66390722
6/12/2019 8:00,20,NO CONTROLS,NO CONTROLS,CLEAR,DAYLIGHT,FIXED OBJECT,NOT DIVIDED,"CURVE, LEVEL",DRY,NO DEFECTS,ON SCENE,INJURY AND / OR TOW DUE TO CRASH,,"OVER $1,500",FAILING TO REDUCE SPEED TO AVOID CRASH,DRIVING SKILLS/KNOWLEDGE/EXPERIENCE,1359,W,EARLY AVE,2013,1,NONINCAPACITATING INJURY,1,0,0,1,0,2,0,8,4,6,41.98761585,-87.66496399
6/14/2019 20:25,30,TRAFFIC SIGNAL,FUNCTIONING PROPERLY,CLEAR,DUSK,TURNING,CENTER TURN LANE,STRAIGHT AND LEVEL,DRY,NO DEFECTS,NOT ON SCENE (DESK REPORT),NO INJURY / DRIVE AWAY,,"$501 - $1,500",FAILING TO YIELD RIGHT-OF-WAY,NOT APPLICABLE,5958,W,ROOSEVELT RD,1513,2,NO INDICATION OF INJURY,0,0,0,0,0,3,0,20,6,6,41.8655695,-87.77407857
6/14/2019 23:45,30,TRAFFIC SIGNAL,FUNCTIONING PROPERLY,RAIN,DARKNESS,SIDESWIPE SAME DIRECTION,ONE-WAY,STRAIGHT AND LEVEL,WET,UNKNOWN,NOT ON SCENE (DESK REPORT),NO INJURY / DRIVE AWAY,,"OVER $1,500",IMPROPER LANE USAGE,NOT APPLICABLE,320,W,ONTARIO ST,1831,2,NO INDICATION OF INJURY,0,0,0,0,0,2,0,23,6,6,41.89326536,-87.63657183
6/2/2019 12:20,20,NO CONTROLS,NO CONTROLS,CLEAR,DAYLIGHT,PARKED MOTOR VEHICLE,NOT DIVIDED,STRAIGHT ON GRADE,DRY,NO DEFECTS,ON SCENE,NO INJURY / DRIVE AWAY,,"$501 - $1,500",FAILING TO REDUCE SPEED TO AVOID CRASH,NOT APPLICABLE,1032,E,41ST PL,214,2,NO INDICATION OF INJURY,0,0,0,0,0,1,0,12,1,6,41.81971391,-87.60123291
6/1/2019 16:00,30,NO CONTROLS,NO CONTROLS,CLEAR,DAYLIGHT,SIDESWIPE SAME DIRECTION,DIVIDED - W/MEDIAN (NOT RAISED),STRAIGHT AND LEVEL,DRY,NO DEFECTS,NOT ON SCENE (DESK REPORT),NO INJURY / DRIVE AWAY,,"$501 - $1,500",FOLLOWING TOO CLOSELY,NOT APPLICABLE,4399,N,ELSTON AVE,1722,2,NO INDICATION OF INJURY,0,0,0,0,0,3,0,16,7,6,41.96091138,-87.72945458
6/12/2019 8:35,30,STOP SIGN/FLASHER,NO CONTROLS,CLEAR,DAYLIGHT,REAR END,NOT DIVIDED,STRAIGHT AND LEVEL,DRY,NO DEFECTS,ON SCENE,INJURY AND / OR TOW DUE TO CRASH,,"$501 - $1,500",FOLLOWING TOO CLOSELY,NOT APPLICABLE,3451,W,WRIGHTWOOD AVE,1413,2,NONINCAPACITATING INJURY,1,0,0,1,0,1,0,8,4,6,41.92818161,-87.71426645
6/3/2019 8:17,30,NO CONTROLS,NO CONTROLS,CLEAR,DAYLIGHT,TURNING,ONE-WAY,STRAIGHT AND LEVEL,DRY,UNKNOWN,NOT ON SCENE (DESK REPORT),NO INJURY / DRIVE AWAY,,"$501 - $1,500",IMPROPER TURNING/NO SIGNAL,NOT APPLICABLE,445,E,OHIO ST,1834,2,NO INDICATION OF INJURY,0,0,0,0,0,2,0,8,2,6,41.89255916,-87.61605888
6/15/2019 12:20,35,NO CONTROLS,NO CONTROLS,CLEAR,DAYLIGHT,PARKED MOTOR VEHICLE,NOT DIVIDED,STRAIGHT AND LEVEL,DRY,NO DEFECTS,ON SCENE,INJURY AND / OR TOW DUE TO CRASH,,"OVER $1,500",UNABLE TO DETERMINE,NOT APPLICABLE,3165,W,MADISON ST,1124,2,NONINCAPACITATING INJURY,2,0,0,2,0,2,0,12,7,6,41.88087042,-87.70549688
6/7/2019 23:50,30,NO CONTROLS,NO CONTROLS,CLEAR,"DARKNESS, LIGHTED ROAD",PARKED MOTOR VEHICLE,ONE-WAY,STRAIGHT AND LEVEL,DRY,NO DEFECTS,ON SCENE,NO INJURY / DRIVE AWAY,,"$501 - $1,500",UNABLE TO DETERMINE,UNABLE TO DETERMINE,5443,N,WINTHROP AVE,2023,2,NO INDICATION OF INJURY,0,0,0,0,0,2,0,23,6,6,41.98128926,-87.65780361
6/15/2019 0:01,40,NO CONTROLS,NO CONTROLS,RAIN,"DARKNESS, LIGHTED ROAD",SIDESWIPE SAME DIRECTION,DIVIDED - W/MEDIAN BARRIER,"CURVE, LEVEL",WET,WORN SURFACE,ON SCENE,NO INJURY / DRIVE AWAY,,"OVER $1,500",FAILING TO YIELD RIGHT-OF-WAY,IMPROPER LANE USAGE,4100,N,LAKE SHORE DR NB,1915,2,NO INDICATION OF INJURY,0,0,0,0,0,3,0,0,7,6,41.95571911,-87.64498107
6/3/2019 20:45,30,NO CONTROLS,NO CONTROLS,CLEAR,"DARKNESS, LIGHTED ROAD",REAR END,DIVIDED - W/MEDIAN (NOT RAISED),STRAIGHT AND LEVEL,DRY,NO DEFECTS,NOT ON SCENE (DESK REPORT),NO INJURY / DRIVE AWAY,,"OVER $1,500",FOLLOWING TOO CLOSELY,NOT APPLICABLE,4728,W,MONTROSE AVE,1722,2,NO INDICATION OF INJURY,0,0,0,0,0,2,0,20,2,6,41.96084702,-87.74633271
6/9/2019 20:39,30,TRAFFIC SIGNAL,FUNCTIONING PROPERLY,CLEAR,"DARKNESS, LIGHTED ROAD",REAR END,DIVIDED - W/MEDIAN BARRIER,STRAIGHT AND LEVEL,DRY,NO DEFECTS,NOT ON SCENE (DESK REPORT),NO INJURY / DRIVE AWAY,Y,"OVER $1,500",DISTRACTION - FROM INSIDE VEHICLE,FOLLOWING TOO CLOSELY,2358,W,95TH ST,2221,2,NO INDICATION OF INJURY,0,0,0,0,0,3,0,20,1,6,41.72104771,-87.68200483
6/2/2019 7:19,30,NO CONTROLS,NO CONTROLS,CLEAR,DAYLIGHT,HEAD ON,NOT DIVIDED,STRAIGHT AND LEVEL,DRY,NO DEFECTS,ON SCENE,INJURY AND / OR TOW DUE TO CRASH,,"OVER $1,500",DRIVING SKILLS/KNOWLEDGE/EXPERIENCE,FAILING TO REDUCE SPEED TO AVOID CRASH,2018,W,NORTH AVE,1434,2,NONINCAPACITATING INJURY,9,0,0,1,8,1,0,7,1,6,41.91058364,-87.67810342
6/7/2019 6:55,30,UNKNOWN,UNKNOWN,CLEAR,DAYLIGHT,SIDESWIPE SAME DIRECTION,NOT DIVIDED,STRAIGHT AND LEVEL,DRY,UNKNOWN,ON SCENE,NO INJURY / DRIVE AWAY,,$500 OR LESS,FOLLOWING TOO CLOSELY,IMPROPER OVERTAKING/PASSING,7105,S,EXCHANGE AVE,334,2,NO INDICATION OF INJURY,0,0,0,0,0,2,0,6,6,6,41.76612752,-87.56620283
6/4/2019 22:23,30,NO CONTROLS,NO CONTROLS,CLEAR,"DARKNESS, LIGHTED ROAD",ANGLE,ONE-WAY,STRAIGHT AND LEVEL,DRY,UNKNOWN,NOT ON SCENE (DESK REPORT),NO INJURY / DRIVE AWAY,,"OVER $1,500",FAILING TO YIELD RIGHT-OF-WAY,FAILING TO REDUCE SPEED TO AVOID CRASH,1220,N,ROCKWELL ST,1423,2,NO INDICATION OF INJURY,0,0,0,0,0,4,0,22,3,6,41.90372113,-87.69211767
6/11/2019 10:00,30,NO CONTROLS,NO CONTROLS,CLEAR,DAYLIGHT,TURNING,DRIVEWAY,STRAIGHT AND LEVEL,DRY,NO DEFECTS,NOT ON SCENE (DESK REPORT),NO INJURY / DRIVE AWAY,,"OVER $1,500",UNABLE TO DETERMINE,UNABLE TO DETERMINE,7901,S,DAMEN AVE,611,2,NO INDICATION OF INJURY,0,0,0,0,0,2,0,10,3,6,41.75018934,-87.67298584
6/7/2019 12:20,30,NO CONTROLS,NO CONTROLS,CLEAR,DAYLIGHT,PEDALCYCLIST,NOT DIVIDED,STRAIGHT AND LEVEL,DRY,NO DEFECTS,ON SCENE,INJURY AND / OR TOW DUE TO CRASH,,"OVER $1,500",UNABLE TO DETERMINE,UNABLE TO DETERMINE,4810,W,ARMITAGE AVE,2522,2,NONINCAPACITATING INJURY,1,0,0,1,0,1,0,12,6,6,41.91703862,-87.74661854
6/6/2019 16:40,30,TRAFFIC SIGNAL,FUNCTIONING PROPERLY,CLEAR,DAYLIGHT,PEDESTRIAN,DIVIDED - W/MEDIAN (NOT RAISED),STRAIGHT AND LEVEL,DRY,NO DEFECTS,ON SCENE,INJURY AND / OR TOW DUE TO CRASH,Y,"$501 - $1,500",UNABLE TO DETERMINE,UNABLE TO DETERMINE,1000,W,HOLLYWOOD AVE,2022,2,INCAPACITATING INJURY,1,0,1,0,0,1,0,16,5,6,41.9856498,-87.65533581
6/12/2019 16:51,25,NO CONTROLS,NO CONTROLS,CLEAR,DAYLIGHT,REAR END,DIVIDED - W/MEDIAN (NOT RAISED),STRAIGHT AND LEVEL,DRY,NO DEFECTS,NOT ON SCENE (DESK REPORT),NO INJURY / DRIVE AWAY,,"$501 - $1,500",FOLLOWING TOO CLOSELY,UNABLE TO DETERMINE,5215,S,KNOX AVE,815,2,NO INDICATION OF INJURY,0,0,0,0,0,5,0,16,4,6,41.79822316,-87.73908516
6/11/2019 6:42,25,NO CONTROLS,NO CONTROLS,CLEAR,DAYLIGHT,SIDESWIPE OPPOSITE DIRECTION,NOT DIVIDED,STRAIGHT AND LEVEL,DRY,NO DEFECTS,NOT ON SCENE (DESK REPORT),NO INJURY / DRIVE AWAY,,"$501 - $1,500",IMPROPER OVERTAKING/PASSING,UNABLE TO DETERMINE,6600,N,DAMEN AVE,2412,2,NO INDICATION OF INJURY,0,0,0,0,0,5,0,6,3,6,42.00167006,-87.68040584
6/12/2019 18:40,30,STOP SIGN/FLASHER,FUNCTIONING PROPERLY,RAIN,DAYLIGHT,PARKED MOTOR VEHICLE,FOUR WAY,STRAIGHT AND LEVEL,WET,NO DEFECTS,ON SCENE,NO INJURY / DRIVE AWAY,Y,"OVER $1,500",DRIVING SKILLS/KNOWLEDGE/EXPERIENCE,NOT APPLICABLE,4456,N,DRAKE AVE,1723,2,NO INDICATION OF INJURY,0,0,0,0,0,1,0,18,4,6,41.96275752,-87.71700753
6/9/2019 16:25,30,UNKNOWN,UNKNOWN,CLEAR,DAYLIGHT,FIXED OBJECT,NOT DIVIDED,STRAIGHT AND LEVEL,DRY,"RUT, HOLES",NOT ON SCENE (DESK REPORT),INJURY AND / OR TOW DUE TO CRASH,,"$501 - $1,500",NOT APPLICABLE,NOT APPLICABLE,6344,W,ADDISON ST,1633,1,NO INDICATION OF INJURY,0,0,0,0,0,1,0,16,1,6,41.94578339,-87.78553489
6/15/2019 7:00,20,TRAFFIC SIGNAL,UNKNOWN,UNKNOWN,UNKNOWN,PARKED MOTOR VEHICLE,NOT DIVIDED,STRAIGHT AND LEVEL,UNKNOWN,NO DEFECTS,ON SCENE,NO INJURY / DRIVE AWAY,,"OVER $1,500",UNABLE TO DETERMINE,UNABLE TO DETERMINE,444,W,FULLERTON PKWY,1935,2,NO INDICATION OF INJURY,0,0,0,0,0,1,0,7,7,6,41.92568726,-87.64095824
6/3/2019 11:57,10,NO CONTROLS,NO CONTROLS,CLEAR,DAYLIGHT,OTHER OBJECT,PARKING LOT,STRAIGHT AND LEVEL,DRY,NO DEFECTS,ON SCENE,NO INJURY / DRIVE AWAY,,$500 OR LESS,DRIVING SKILLS/KNOWLEDGE/EXPERIENCE,IMPROPER BACKING,5694,N,RIDGE AVE,2013,2,NO INDICATION OF INJURY,0,0,0,0,0,2,0,11,2,6,41.98537209,-87.66314936
6/4/2019 19:24,15,NO CONTROLS,NO CONTROLS,CLEAR,DAYLIGHT,OTHER OBJECT,DIVIDED - W/MEDIAN (NOT RAISED),STRAIGHT AND LEVEL,DRY,UNKNOWN,ON SCENE,INJURY AND / OR TOW DUE TO CRASH,,"OVER $1,500",UNABLE TO DETERMINE,UNABLE TO DETERMINE,700,E,GRAND AVE,1834,1,NONINCAPACITATING INJURY,1,0,0,1,0,0,0,19,3,6,41.89224916,-87.60951805
6/9/2019 8:00,30,NO CONTROLS,NO CONTROLS,CLEAR,DAYLIGHT,PARKED MOTOR VEHICLE,NOT DIVIDED,STRAIGHT AND LEVEL,DRY,NO DEFECTS,NOT ON SCENE (DESK REPORT),NO INJURY / DRIVE AWAY,,"OVER $1,500",UNABLE TO DETERMINE,UNABLE TO DETERMINE,3650,W,POLK ST,1133,2,NO INDICATION OF INJURY,0,0,0,0,0,1,0,8,1,6,41.8709306,-87.71757946