CRASH_DATE,POSTED_SPEED_LIMIT,TRAFFIC_CONTROL_DEVICE,DEVICE_CONDITION,WEATHER_CONDITION,LIGHTING_CONDITION,FIRST_CRASH_TYPE,TRAFFICWAY_TYPE,ALIGNMENT,ROADWAY_SURFACE_COND,ROAD_DEFECT,REPORT_TYPE,CRASH_TYPE,INTERSECTION_RELATED_I,DAMAGE,PRIM_CONTRIBUTORY_CAUSE,SEC_CONTRIBUTORY_CAUSE,STREET_NO,STREET_DIRECTION,STREET_NAME,BEAT_OF_OCCURRENCE,NUM_UNITS,MOST_SEVERE_INJURY,INJURIES_TOTAL,INJURIES_FATAL,INJURIES_INCAPACITATING,INJURIES_NON_INCAPACITATING,INJURIES_REPORTED_NOT_EVIDENT,INJURIES_NO_INDICATION,INJURIES_UNKNOWN,CRASH_HOUR,CRASH_DAY_OF_WEEK,CRASH_MONTH,LATITUDE,LONGITUDE
6/3/2019 15:45,20,NO CONTROLS,NO CONTROLS,CLEAR,DAYLIGHT,PARKED MOTOR VEHICLE,ONE-WAY,STRAIGHT AND LEVEL,DRY,NO DEFECTS,NOT ON SCENE (DESK REPORT),NO INJURY / DRIVE AWAY,,"OVER $1,500",UNABLE TO DETERMINE,NOT APPLICABLE,2118,N,WHIPPLE ST,1414,2,NO INDICATION OF INJURY,0,0,0,0,0,1,0,15,2,6,41.91987655,-87.70403123
6/1/2019 7:40,30,TRAFFIC SIGNAL,FUNCTIONING PROPERLY,CLEAR,DAYLIGHT,SIDESWIPE SAME DIRECTION,NOT DIVIDED,STRAIGHT AND LEVEL,DRY,NO DEFECTS,ON SCENE,NO INJURY / DRIVE AWAY,,"$501 - $1,500",UNABLE TO DETERMINE,NOT APPLICABLE,355,W,CHICAGO AVE,1831,2,NO INDICATION OF INJURY,0,0,0,0,0,2,0,7,7,6,41.89643188,-87.63785132
6/4/2019 11:40,30,NO CONTROLS,NO CONTROLS,RAIN,DAYLIGHT,TURNING,DIVIDED - W/MEDIAN (NOT RAISED),STRAIGHT AND LEVEL,WET,NO DEFECTS,,INJURY AND / OR TOW DUE TO CRASH,Y,"OVER $1,500","VISION OBSCURED (SIGNS, TREE LIMBS, BUILDINGS, ETC.)",UNABLE TO DETERMINE,627,W,119TH ST,524,2,NONINCAPACITATING INJURY,1,0,0,1,0,1,0,11,3,6,41.67774499,-87.63823476
6/3/2019 15:33,30,NO CONTROLS,NO CONTROLS,CLEAR,DAYLIGHT,SIDESWIPE SAME DIRECTION,DIVIDED - W/MEDIAN (NOT RAISED),STRAIGHT AND LEVEL,DRY,NO DEFECTS,ON SCENE,NO INJURY / DRIVE AWAY,,$500 OR LESS,NOT APPLICABLE,NOT APPLICABLE,3031,W,NORTH AVE,1423,2,NO INDICATION OF INJURY,0,0,0,0,0,3,0,15,2,6,41.91005214,-87.70343181
6/2/2019 10:07,5,NO CONTROLS,NO CONTROLS,CLEAR,DAYLIGHT,PARKED MOTOR VEHICLE,PARKING LOT,STRAIGHT AND LEVEL,DRY,NO DEFECTS,NOT ON SCENE (DESK REPORT),NO INJURY / DRIVE AWAY,,"$501 - $1,500",UNABLE TO DETERMINE,UNABLE TO DETERMINE,1650,W,HARRISON ST,1231,2,NO INDICATION OF INJURY,0,0,0,0,0,1,0,10,1,6,41.87427499,-87.66867411
6/5/2019 10:50,30,TRAFFIC SIGNAL,FUNCTIONING PROPERLY,CLEAR,DAYLIGHT,TURNING,NOT DIVIDED,STRAIGHT AND LEVEL,DRY,NO DEFECTS,ON SCENE,INJURY AND / OR TOW DUE TO CRASH,,"$501 - $1,500",FAILING TO YIELD RIGHT-OF-WAY,UNABLE TO DETERMINE,2351,N,CLYBOURN AVE,1811,2,NO INDICATION OF INJURY,0,0,0,0,0,2,0,10,4,6,41.92487089,-87.66872557
6/11/2019 10:40,30,NO CONTROLS,NO CONTROLS,CLEAR,DAYLIGHT,PARKED MOTOR VEHICLE,PARKING LOT,STRAIGHT AND LEVEL,DRY,NO DEFECTS,ON SCENE,INJURY AND / OR TOW DUE TO CRASH,,"OVER $1,500",IMPROPER BACKING,FAILING TO REDUCE SPEED TO AVOID CRASH,1156,N,ASHLAND AVE,1213,2,NO INDICATION OF INJURY,0,0,0,0,0,1,0,10,3,6,41.9032982,-87.66764081
6/5/2019 9:50,30,NO CONTROLS,NO CONTROLS,CLEAR,DAYLIGHT,ANGLE,ALLEY,STRAIGHT AND LEVEL,DRY,NO DEFECTS,ON SCENE,NO INJURY / DRIVE AWAY,,"$501 - $1,500",FAILING TO YIELD RIGHT-OF-WAY,UNABLE TO DETERMINE,2330,W,72ND ST,832,2,NO INDICATION OF INJURY,0,0,0,0,0,2,0,9,4,6,41.76300859,-87.68180996
6/5/2019 5:32,30,NO CONTROLS,NO CONTROLS,RAIN,DAWN,FIXED OBJECT,NOT DIVIDED,STRAIGHT AND LEVEL,WET,NO DEFECTS,NOT ON SCENE (DESK REPORT),INJURY AND / OR TOW DUE TO CRASH,,"$501 - $1,500",FAILING TO REDUCE SPEED TO AVOID CRASH,CELL PHONE USE OTHER THAN TEXTING,1817,W,MONTROSE AVE,1912,1,NO INDICATION OF INJURY,0,0,0,0,0,1,0,5,4,6,41.96139692,-87.67513254
6/12/2019 5:45,30,STOP SIGN/FLASHER,FUNCTIONING PROPERLY,CLEAR,DAYLIGHT,TURNING,NOT DIVIDED,STRAIGHT AND LEVEL,DRY,NO DEFECTS,ON SCENE,NO INJURY / DRIVE AWAY,Y,"OVER $1,500",DISREGARDING STOP SIGN,UNABLE TO DETERMINE,900,W,103RD ST,2232,2,NO INDICATION OF INJURY,0,0,0,0,0,2,0,5,4,6,41.70700326,-87.64532733
6/9/2019 19:49,30,TRAFFIC SIGNAL,FUNCTIONING PROPERLY,CLEAR,DAYLIGHT,REAR END,NOT DIVIDED,STRAIGHT AND LEVEL,DRY,NO DEFECTS,NOT ON SCENE (DESK REPORT),NO INJURY / DRIVE AWAY,,"$501 - $1,500",DRIVING SKILLS/KNOWLEDGE/EXPERIENCE,DRIVING SKILLS/KNOWLEDGE/EXPERIENCE,9801,S,AVENUE G,432,2,NO INDICATION OF INJURY,0,0,0,0,0,2,0,19,1,6,41.71772004,-87.53150812
6/3/2019 17:12,30,NO CONTROLS,NO CONTROLS,CLEAR,DAYLIGHT,SIDESWIPE SAME DIRECTION,NOT DIVIDED,STRAIGHT AND LEVEL,DRY,NO DEFECTS,NOT ON SCENE (DESK REPORT),NO INJURY / DRIVE AWAY,,"$501 - $1,500",UNABLE TO DETERMINE,UNABLE TO DETERMINE,3200,N,LAKE SHORE DR,1925,2,NO INDICATION OF INJURY,0,0,0,0,0,2,0,17,2,6,41.94090916,-87.63936916
6/7/2019 11:25,30,NO CONTROLS,NO CONTROLS,CLEAR,DAYLIGHT,REAR END,DIVIDED - W/MEDIAN BARRIER,STRAIGHT AND LEVEL,DRY,NO DEFECTS,NOT ON SCENE (DESK REPORT),NO INJURY / DRIVE AWAY,,"$501 - $1,500",UNABLE TO DETERMINE,UNABLE TO DETERMINE,815,W,RANDOLPH ST,1224,2,NO INDICATION OF INJURY,0,0,0,0,0,2,0,11,6,6,41.88428668,-87.64810436
6/4/2019 11:10,25,NO CONTROLS,NO CONTROLS,RAIN,DAYLIGHT,REAR END,NOT DIVIDED,STRAIGHT AND LEVEL,WET,NO DEFECTS,ON SCENE,NO INJURY / DRIVE AWAY,,"OVER $1,500",WEATHER,FOLLOWING TOO CLOSELY,1021,W,FOSTER AVE,2024,2,NO INDICATION OF INJURY,0,0,0,0,0,2,0,11,3,6,41.97627329,-87.65585021
6/2/2019 16:49,45,NO CONTROLS,NO CONTROLS,CLEAR,DAYLIGHT,SIDESWIPE SAME DIRECTION,DIVIDED - W/MEDIAN BARRIER,STRAIGHT ON HILLCREST,DRY,NO DEFECTS,ON SCENE,NO INJURY / DRIVE AWAY,,"$501 - $1,500",FAILING TO YIELD RIGHT-OF-WAY,IMPROPER OVERTAKING/PASSING,1801,S,LAKE SHORE DR E,132,2,NO INDICATION OF INJURY,0,0,0,0,0,2,0,16,1,6,41.85798635,-87.61631898
6/8/2019 14:43,30,UNKNOWN,UNKNOWN,CLEAR,DAYLIGHT,FIXED OBJECT,OTHER,STRAIGHT AND LEVEL,DRY,UNKNOWN,NOT ON SCENE (DESK REPORT),NO INJURY / DRIVE AWAY,,$500 OR LESS,UNABLE TO DETERMINE,UNABLE TO DETERMINE,4501,N,CLARENDON AVE,1914,1,NO INDICATION OF INJURY,0,0,0,0,0,3,0,14,7,6,41.96371269,-87.64981992
6/9/2019 14:15,25,NO CONTROLS,NO CONTROLS,CLEAR,DAYLIGHT,PARKED MOTOR VEHICLE,NOT DIVIDED,STRAIGHT AND LEVEL,DRY,NO DEFECTS,NOT ON SCENE (DESK REPORT),NO INJURY / DRIVE AWAY,,"$501 - $1,500",UNABLE TO DETERMINE,UNABLE TO DETERMINE,7100,S,KEDZIE AVE,831,2,NO INDICATION OF INJURY,0,0,0,0,0,1,0,14,1,6,41.76429504,-87.70295716
6/1/2019 22:45,30,TRAFFIC SIGNAL,FUNCTIONING PROPERLY,CLEAR,"DARKNESS, LIGHTED ROAD",TURNING,ONE-WAY,STRAIGHT AND LEVEL,DRY,NO DEFECTS,ON SCENE,INJURY AND / OR TOW DUE TO CRASH,N,"OVER $1,500",IMPROPER LANE USAGE,DISREGARDING TRAFFIC SIGNALS,4801,W,LEXINGTON ST,1533,2,NO INDICATION OF INJURY,0,0,0,0,0,2,0,22,7,6,41.87107048,-87.74497391
6/13/2019 15:30,30,STOP SIGN/FLASHER,FUNCTIONING PROPERLY,CLEAR,DAYLIGHT,ANGLE,NOT DIVIDED,STRAIGHT AND LEVEL,DRY,NO DEFECTS,NOT ON SCENE (DESK REPORT),NO INJURY / DRIVE AWAY,Y,"OVER $1,500",FAILING TO YIELD RIGHT-OF-WAY,NOT APPLICABLE,5700,W,BELMONT AVE,1633,2,NO INDICATION OF INJURY,0,0,0,0,0,2,0,15,5,6,41.93865262,-87.7689932
6/4/2019 18:23,30,TRAFFIC SIGNAL,FUNCTIONING PROPERLY,CLEAR,DAYLIGHT,REAR END,NOT DIVIDED,STRAIGHT AND LEVEL,DRY,NO DEFECTS,ON SCENE,NO INJURY / DRIVE AWAY,,"OVER $1,500",DISTRACTION - FROM INSIDE VEHICLE,FAILING TO REDUCE SPEED TO AVOID CRASH,1358,S,KEDZIE AVE,1022,2,NO INDICATION OF INJURY,0,0,0,0,0,7,0,18,3,6,41.86252938,-87.70570454
6/3/2019 18:27,30,TRAFFIC SIGNAL,FUNCTIONING PROPERLY,CLEAR,DAYLIGHT,ANGLE,DIVIDED - W/MEDIAN (NOT RAISED),STRAIGHT AND LEVEL,DRY,NO DEFECTS,ON SCENE,INJURY AND / OR TOW DUE TO CRASH,Y,"OVER $1,500",DISREGARDING TRAFFIC SIGNALS,FAILING TO YIELD RIGHT-OF-WAY,5600,N,ASHLAND AVE,2012,3,NONINCAPACITATING INJURY,2,0,0,2,0,1,0,18,2,6,41.98351514,-87.66996498
6/4/2019 21:50,30,TRAFFIC SIGNAL,FUNCTIONING PROPERLY,CLEAR,"DARKNESS, LIGHTED ROAD",TURNING,T-INTERSECTION,STRAIGHT AND LEVEL,DRY,NO DEFECTS,NOT ON SCENE (DESK REPORT),INJURY AND / OR TOW DUE TO CRASH,Y,"OVER $1,500",FAILING TO YIELD RIGHT-OF-WAY,IMPROPER TURNING/NO SIGNAL,6200,N,SHERIDAN RD,2433,2,NO INDICATION OF INJURY,0,0,0,0,0,2,0,21,3,6,41.9946871,-87.65567455
6/4/2019 15:30,30,NO CONTROLS,NO CONTROLS,CLEAR,DAYLIGHT,SIDESWIPE SAME DIRECTION,NOT DIVIDED,STRAIGHT AND LEVEL,DRY,NO DEFECTS,ON SCENE,NO INJURY / DRIVE AWAY,,$500 OR LESS,UNABLE TO DETERMINE,NOT APPLICABLE,2900,W,47TH ST,922,2,NO INDICATION OF INJURY,0,0,0,0,0,2,0,15,3,6,41.80834687,-87.69671425
6/8/2019 2:58,15,FLASHING CONTROL SIGNAL,FUNCTIONING PROPERLY,CLEAR,"DARKNESS, LIGHTED ROAD",FIXED OBJECT,ONE-WAY,STRAIGHT AND LEVEL,DRY,NO DEFECTS,ON SCENE,NO INJURY / DRIVE AWAY,,"OVER $1,500",UNABLE TO DETERMINE,UNABLE TO DETERMINE,8800,S,CHICAGO SKYWAY OB,412,1,NO INDICATION OF INJURY,0,0,0,0,0,1,0,2,7,6,,
6/7/2019 14:30,30,NO CONTROLS,NO CONTROLS,CLEAR,DAYLIGHT,SIDESWIPE SAME DIRECTION,DIVIDED - W/MEDIAN BARRIER,STRAIGHT AND LEVEL,DRY,NO DEFECTS,NOT ON SCENE (DESK REPORT),NO INJURY / DRIVE AWAY,,"OVER $1,500",IMPROPER LANE USAGE,UNABLE TO DETERMINE,505,N,MICHIGAN AVE,1834,2,NO INDICATION OF INJURY,0,0,0,0,0,2,0,14,6,6,41.89112059,-87.6239887
6/12/2019 14:35,30,TRAFFIC SIGNAL,FUNCTIONING PROPERLY,CLEAR,DAYLIGHT,TURNING,UNKNOWN,STRAIGHT AND LEVEL,WET,NO DEFECTS,NOT ON SCENE (DESK REPORT),NO INJURY / DRIVE AWAY,Y,"OVER $1,500",DRIVING SKILLS/KNOWLEDGE/EXPERIENCE,UNABLE TO DETERMINE,2010,W,KINZIE ST,1221,2,NO INDICATION OF INJURY,0,0,0,0,0,2,0,14,4,6,41.88882344,-87.67730169
6/8/2019 8:00,30,NO CONTROLS,NO CONTROLS,CLEAR,"DARKNESS, LIGHTED ROAD",PARKED MOTOR VEHICLE,NOT DIVIDED,STRAIGHT AND LEVEL,DRY,NO DEFECTS,NOT ON SCENE (DESK REPORT),NO INJURY / DRIVE AWAY,,"$501 - $1,500",UNABLE TO DETERMINE,UNABLE TO DETERMINE,5114,S,WOODLAWN AVE,233,2,NO INDICATION OF INJURY,0,0,0,0,0,1,0,8,7,6,41.80185931,-87.5968464
6/6/2019 16:42,30,TRAFFIC SIGNAL,FUNCTIONING PROPERLY,CLEAR,DAYLIGHT,TURNING,NOT DIVIDED,STRAIGHT AND LEVEL,DRY,NO DEFECTS,NOT ON SCENE (DESK REPORT),NO INJURY / DRIVE AWAY,,$500 OR LESS,IMPROPER TURNING/NO SIGNAL,DRIVING SKILLS/KNOWLEDGE/EXPERIENCE,1,N,PULASKI RD,1122,2,NO INDICATION OF INJURY,0,0,0,0,0,2,0,16,5,6,41.88078925,-87.72552469
6/5/2019 18:30,30,STOP SIGN/FLASHER,FUNCTIONING PROPERLY,CLEAR,DAYLIGHT,ANGLE,NOT DIVIDED,STRAIGHT AND LEVEL,DRY,NO DEFECTS,NOT ON SCENE (DESK REPORT),NO INJURY / DRIVE AWAY,Y,"OVER $1,500",FAILING TO YIELD RIGHT-OF-WAY,FAILING TO YIELD RIGHT-OF-WAY,4401,S,MICHIGAN AVE,215,2,NO INDICATION OF INJURY,0,0,0,0,0,2,0,18,4,6,41.81464691,-87.62283332
6/8/2019 15:00,30,STOP SIGN/FLASHER,FUNCTIONING PROPERLY,CLEAR,DAYLIGHT,PEDALCYCLIST,NOT DIVIDED,STRAIGHT AND LEVEL,DRY,NO DEFECTS,ON SCENE,INJURY AND / OR TOW DUE TO CRASH,Y,$500 OR LESS,UNABLE TO DETERMINE,NOT APPLICABLE,4800,S,WESTERN BLVD,922,2,NONINCAPACITATING INJURY,1,0,0,1,0,1,0,15,7,6,41.80655585,-87.68395536
6/15/2019 16:31,30,NO CONTROLS,NO CONTROLS,RAIN,DAYLIGHT,ANGLE,NOT DIVIDED,STRAIGHT AND LEVEL,WET,NO DEFECTS,NOT ON SCENE (DESK REPORT),NO INJURY / DRIVE AWAY,,"$501 - $1,500",NOT APPLICABLE,NOT APPLICABLE,5900,S,PULASKI RD,813,2,NO INDICATION OF INJURY,0,0,0,0,0,3,0,16,7,6,41.78588849,-87.72310659
6/4/2019 6:15,30,TRAFFIC SIGNAL,FUNCTIONING PROPERLY,CLEAR,DAYLIGHT,TURNING,FOUR WAY,STRAIGHT AND LEVEL,DRY,NO DEFECTS,ON SCENE,NO INJURY / DRIVE AWAY,Y,"$501 - $1,500",FAILING TO YIELD RIGHT-OF-WAY,FAILING TO REDUCE SPEED TO AVOID CRASH,1200,S,ASHLAND AVE,1233,2,NO INDICATION OF INJURY,0,0,0,0,0,5,0,6,3,6,41.86681578,-87.66652926
6/6/2019 15:10,15,NO CONTROLS,NO CONTROLS,CLEAR,DAYLIGHT,REAR TO FRONT,PARKING LOT,STRAIGHT AND LEVEL,DRY,NO DEFECTS,NOT ON SCENE (DESK REPORT),NO INJURY / DRIVE AWAY,,$500 OR LESS,IMPROPER BACKING,IMPROPER BACKING,11721,S,HALSTED ST,524,2,NO INDICATION OF INJURY,0,0,0,0,0,4,0,15,5,6,41.68109747,-87.64187248
6/12/2019 7:00,30,NO CONTROLS,NO CONTROLS,CLEAR,DAYLIGHT,PARKED MOTOR VEHICLE,ONE-WAY,STRAIGHT AND LEVEL,DRY,NO DEFECTS,ON SCENE,NO INJURY / DRIVE AWAY,,"OVER $1,500","OPERATING VEHICLE IN ERRATIC, RECKLESS, CARELESS, NEGLIGENT OR AGGRESSIVE MANNER","OPERATING VEHICLE IN ERRATIC, RECKLESS, CARELESS, NEGLIGENT OR AGGRESSIVE MANNER",458,E,109TH ST,513,2,NO INDICATION OF INJURY,0,0,0,0,0,2,0,7,4,6,41.69651308,-87.6110944
6/9/2019 5:11,30,NO CONTROLS,NO CONTROLS,CLEAR,DAWN,PARKED MOTOR VEHICLE,NOT DIVIDED,STRAIGHT AND LEVEL,DRY,NO DEFECTS,ON SCENE,INJURY AND / OR TOW DUE TO CRASH,,"OVER $1,500",IMPROPER LANE USAGE,IMPROPER LANE USAGE,4448,N,KEDZIE AVE,1724,3,NONINCAPACITATING INJURY,1,0,0,1,0,0,0,5,1,6,41.96266236,-87.70843594
6/4/2019 19:17,35,TRAFFIC SIGNAL,FUNCTIONING PROPERLY,CLEAR,DAYLIGHT,TURNING,NOT DIVIDED,STRAIGHT AND LEVEL,DRY,NO DEFECTS,NOT ON SCENE (DESK REPORT),NO INJURY / DRIVE AWAY,,"$501 - $1,500",UNABLE TO DETERMINE,UNABLE TO DETERMINE,2400,W,WASHINGTON BLVD,1222,2,NO INDICATION OF INJURY,0,0,0,0,0,2,0,19,3,6,41.88310686,-87.6865851
6/11/2019 22:35,30,NO CONTROLS,NO CONTROLS,CLEAR,"DARKNESS, LIGHTED ROAD",PARKED MOTOR VEHICLE,DIVIDED - W/MEDIAN (NOT RAISED),STRAIGHT AND LEVEL,DRY,NO DEFECTS,ON SCENE,INJURY AND / OR TOW DUE TO CRASH,,"OVER $1,500",FOLLOWING TOO CLOSELY,NOT APPLICABLE,68,E,WACKER PL,111,2,NONINCAPACITATING INJURY,1,0,0,1,0,1,0,22,3,6,41.88692307,-87.62527794
6/6/2019 12:45,30,NO CONTROLS,NO CONTROLS,CLEAR,DAYLIGHT,PARKED MOTOR VEHICLE,ONE-WAY,STRAIGHT AND LEVEL,DRY,NO DEFECTS,NOT ON SCENE (DESK REPORT),NO INJURY / DRIVE AWAY,,"$501 - $1,500",UNABLE TO DETERMINE,UNABLE TO DETERMINE,9330,S,RHODES AVE,633,2,NO INDICATION OF INJURY,0,0,0,0,0,1,0,12,5,6,41.72464219,-87.61073282
6/7/2019 14:25,30,NO CONTROLS,NO CONTROLS,CLEAR,DAYLIGHT,TURNING,DIVIDED - W/MEDIAN (NOT RAISED),STRAIGHT AND LEVEL,DRY,NO DEFECTS,ON SCENE,INJURY AND / OR TOW DUE TO CRASH,,"$501 - $1,500",UNABLE TO DETERMINE,UNABLE TO DETERMINE,833,W,115TH ST,524,2,NO INDICATION OF INJURY,0,0,0,0,0,2,0,14,6,6,41.68495486,-87.64347113
6/6/2019 17:15,25,TRAFFIC SIGNAL,UNKNOWN,CLEAR,DAYLIGHT,REAR END,NOT DIVIDED,STRAIGHT AND LEVEL,DRY,UNKNOWN,NOT ON SCENE (DESK REPORT),NO INJURY / DRIVE AWAY,Y,"$501 - $1,500",IMPROPER TURNING/NO SIGNAL,NOT APPLICABLE,450,W,MADISON ST,121,2,NO INDICATION OF INJURY,0,0,0,0,0,2,0,17,5,6,41.88199341,-87.63963625
6/11/2019 11:10,30,NO CONTROLS,NO CONTROLS,CLEAR,DAYLIGHT,PARKED MOTOR VEHICLE,NOT DIVIDED,STRAIGHT AND LEVEL,DRY,NO DEFECTS,ON SCENE,NO INJURY / DRIVE AWAY,,"OVER $1,500",DISTRACTION - FROM INSIDE VEHICLE,NOT APPLICABLE,437,W,ENGLEWOOD AVE,711,3,NO INDICATION OF INJURY,0,0,0,0,0,1,0,11,3,6,41.7807075,-87.6365462
6/8/2019 13:24,30,STOP SIGN/FLASHER,FUNCTIONING PROPERLY,CLEAR,DAYLIGHT,ANGLE,DIVIDED - W/MEDIAN (NOT RAISED),STRAIGHT AND LEVEL,DRY,NO DEFECTS,ON SCENE,INJURY AND / OR TOW DUE TO CRASH,,$500 OR LESS,FAILING TO YIELD RIGHT-OF-WAY,FAILING TO YIELD RIGHT-OF-WAY,6200,S,LOOMIS BLVD,713,2,NONINCAPACITATING INJURY,1,0,0,1,0,3,0,13,7,6,41.78119143,-87.65954773
6/12/2019 0:15,30,NO CONTROLS,NO CONTROLS,CLEAR,"DARKNESS, LIGHTED ROAD",PEDALCYCLIST,DIVIDED - W/MEDIAN (NOT RAISED),STRAIGHT AND LEVEL,DRY,NO DEFECTS,ON SCENE,INJURY AND / OR TOW DUE TO CRASH,N,"OVER $1,500",UNABLE TO DETERMINE,UNABLE TO DETERMINE,1356,N,MILWAUKEE AVE,1424,2,NONINCAPACITATING INJURY,1,0,0,1,0,2,0,0,4,6,41.90636873,-87.67141984
6/5/2019 19:30,30,NO CONTROLS,NO CONTROLS,UNKNOWN,UNKNOWN,PARKED MOTOR VEHICLE,ONE-WAY,STRAIGHT AND LEVEL,UNKNOWN,UNKNOWN,NOT ON SCENE (DESK REPORT),NO INJURY / DRIVE AWAY,,"OVER $1,500",UNABLE TO DETERMINE,UNABLE TO DETERMINE,7808,S,HERMITAGE AVE,611,2,NO INDICATION OF INJURY,0,0,0,0,0,1,0,19,4,6,41.75180944,-87.66726385
6/4/2019 1:00,30,NO CONTROLS,NO CONTROLS,CLEAR,"DARKNESS, LIGHTED ROAD",ANGLE,T-INTERSECTION,STRAIGHT AND LEVEL,DRY,NO DEFECTS,ON SCENE,INJURY AND / OR TOW DUE TO CRASH,Y,"OVER $1,500",DISREGARDING OTHER TRAFFIC SIGNS,FAILING TO REDUCE SPEED TO AVOID CRASH,2500,W,51ST ST,923,2,NONINCAPACITATING INJURY,1,0,0,1,0,3,0,1,3,6,41.80122255,-87.68674543
6/11/2019 12:00,30,UNKNOWN,NO CONTROLS,CLEAR,DARKNESS,PARKED MOTOR VEHICLE,ONE-WAY,STRAIGHT AND LEVEL,DRY,NO DEFECTS,NOT ON SCENE (DESK REPORT),NO INJURY / DRIVE AWAY,,"OVER $1,500","OPERATING VEHICLE IN ERRATIC, RECKLESS, CARELESS, NEGLIGENT OR AGGRESSIVE MANNER","OPERATING VEHICLE IN ERRATIC, RECKLESS, CARELESS, NEGLIGENT OR AGGRESSIVE MANNER",7150,S,VERNON AVE,323,2,NO INDICATION OF INJURY,0,0,0,0,0,1,0,12,3,6,41.7642215,-87.61416573
6/7/2019 18:00,30,STOP SIGN/FLASHER,NO CONTROLS,CLEAR,DAYLIGHT,REAR END,FOUR WAY,STRAIGHT ON GRADE,DRY,NO DEFECTS,NOT ON SCENE (DESK REPORT),INJURY AND / OR TOW DUE TO CRASH,Y,"$501 - $1,500",FAILING TO REDUCE SPEED TO AVOID CRASH,NOT APPLICABLE,500,E,MARQUETTE RD,321,2,"REPORTED, NOT EVIDENT",1,0,0,0,1,1,0,18,6,6,41.77494175,-87.61303935
6/9/2019 10:33,20,NO CONTROLS,NO CONTROLS,RAIN,DAYLIGHT,PARKED MOTOR VEHICLE,ONE-WAY,STRAIGHT AND LEVEL,WET,NO DEFECTS,NOT ON SCENE (DESK REPORT),NO INJURY / DRIVE AWAY,,$500 OR LESS,UNABLE TO DETERMINE,NOT APPLICABLE,8441,S,ST LAWRENCE AVE,632,2,NO INDICATION OF INJURY,0,0,0,0,0,3,0,10,1,6,41.74078998,-87.60964289
6/5/2019 13:00,10,NO CONTROLS,NO CONTROLS,CLEAR,DAYLIGHT,ANGLE,PARKING LOT,STRAIGHT AND LEVEL,UNKNOWN,UNKNOWN,NOT ON SCENE (DESK REPORT),NO INJURY / DRIVE AWAY,N,"OVER $1,500",UNABLE TO DETERMINE,NOT APPLICABLE,3033,S,HALSTED ST,914,2,NO INDICATION OF INJURY,0,0,0,0,0,2,0,13,4,6,41.83887233,-87.64615097
6/8/2019 15:00,35,NO CONTROLS,NO CONTROLS,CLEAR,DAYLIGHT,SIDESWIPE OPPOSITE DIRECTION,NOT DIVIDED,STRAIGHT AND LEVEL,DRY,NO DEFECTS,NOT ON SCENE (DESK REPORT),NO INJURY / DRIVE AWAY,,"OVER $1,500",FAILING TO REDUCE SPEED TO AVOID CRASH,NOT APPLICABLE,2233,S,DR MARTIN LUTHER KING JR DR,132,2,NO INDICATION OF INJURY,0,0,0,0,0,2,0,15,7,6,41.85207557,-87.6188508
6/8/2019 9:57,5,NO CONTROLS,NO CONTROLS,CLEAR,DAYLIGHT,FIXED OBJECT,PARKING LOT,STRAIGHT AND LEVEL,DRY,NO DEFECTS,ON SCENE,INJURY AND / OR TOW DUE TO CRASH,,"$501 - $1,500",NOT APPLICABLE,NOT APPLICABLE,6300,N,RIDGE AVE,2413,1,NONINCAPACITATING INJURY,1,0,0,1,0,0,0,9,7,6,41.9955792,-87.67587688
6/8/2019 9:30,30,STOP SIGN/FLASHER,FUNCTIONING PROPERLY,CLEAR,DAYLIGHT,ANGLE,NOT DIVIDED,STRAIGHT AND LEVEL,DRY,NO DEFECTS,NOT ON SCENE (DESK REPORT),NO INJURY / DRIVE AWAY,,"OVER $1,500",DISREGARDING STOP SIGN,FAILING TO YIELD RIGHT-OF-WAY,5462,N,DAMEN AVE,2012,2,NO INDICATION OF INJURY,0,0,0,0,0,4,0,9,7,6,41.98151021,-87.67971593
6/3/2019 16:30,35,NO CONTROLS,NO CONTROLS,CLEAR,DAYLIGHT,PARKED MOTOR VEHICLE,NOT DIVIDED,STRAIGHT AND LEVEL,DRY,NO DEFECTS,ON SCENE,NO INJURY / DRIVE AWAY,,"OVER $1,500",UNABLE TO DETERMINE,NOT APPLICABLE,7048,S,WESTERN AVE,832,2,NO INDICATION OF INJURY,0,0,0,0,0,1,0,16,2,6,41.76507211,-87.68339894
6/6/2019 18:28,30,YIELD,FUNCTIONING PROPERLY,CLEAR,DAYLIGHT,SIDESWIPE OPPOSITE DIRECTION,NOT DIVIDED,STRAIGHT AND LEVEL,DRY,NO DEFECTS,NOT ON SCENE (DESK REPORT),NO INJURY / DRIVE AWAY,Y,"OVER $1,500",FAILING TO YIELD RIGHT-OF-WAY,NOT APPLICABLE,2814,N,LARAMIE AVE,2514,2,NO INDICATION OF INJURY,0,0,0,0,0,2,0,18,5,6,41.93185533,-87.75658511
6/12/2019 16:20,20,YIELD,FUNCTIONING PROPERLY,RAIN,DAYLIGHT,PARKED MOTOR VEHICLE,ONE-WAY,STRAIGHT AND LEVEL,WET,NO DEFECTS,ON SCENE,NO INJURY / DRIVE AWAY,,$500 OR LESS,FAILING TO YIELD RIGHT-OF-WAY,NOT APPLICABLE,2026,N,LAPORTE AVE,2522,2,NO INDICATION OF INJURY,0,0,0,0,0,1,0,16,4,6,41.91770944,-87.74997707