CRASH_DATE,POSTED_SPEED_LIMIT,TRAFFIC_CONTROL_DEVICE,DEVICE_CONDITION,WEATHER_CONDITION,LIGHTING_CONDITION,FIRST_CRASH_TYPE,TRAFFICWAY_TYPE,ALIGNMENT,ROADWAY_SURFACE_COND,ROAD_DEFECT,REPORT_TYPE,CRASH_TYPE,INTERSECTION_RELATED_I,DAMAGE,PRIM_CONTRIBUTORY_CAUSE,SEC_CONTRIBUTORY_CAUSE,STREET_NO,STREET_DIRECTION,STREET_NAME,BEAT_OF_OCCURRENCE,NUM_UNITS,MOST_SEVERE_INJURY,INJURIES_TOTAL,INJURIES_FATAL,INJURIES_INCAPACITATING,INJURIES_NON_INCAPACITATING,INJURIES_REPORTED_NOT_EVIDENT,INJURIES_NO_INDICATION,INJURIES_UNKNOWN,CRASH_HOUR,CRASH_DAY_OF_WEEK,CRASH_MONTH,LATITUDE,LONGITUDE
6/3/2019 11:15,30,TRAFFIC SIGNAL,FUNCTIONING PROPERLY,CLEAR,DAYLIGHT,REAR END,NOT DIVIDED,STRAIGHT ON GRADE,DRY,NO DEFECTS,ON SCENE,INJURY AND / OR TOW DUE TO CRASH,,"OVER $1,500",DISTRACTION - FROM INSIDE VEHICLE,NOT APPLICABLE,3158,W,CERMAK RD,1022,3,"REPORTED, NOT EVIDENT",1,0,0,0,1,3,0,11,2,6,41.85187579,-87.70519652
6/5/2019 7:30,30,NO CONTROLS,NO CONTROLS,CLEAR,DAYLIGHT,REAR TO SIDE,NOT DIVIDED,STRAIGHT AND LEVEL,DRY,NO DEFECTS,NOT ON SCENE (DESK REPORT),NO INJURY / DRIVE AWAY,,"OVER $1,500",UNABLE TO DETERMINE,NOT APPLICABLE,2028,N,KIMBALL AVE,1413,2,NO INDICATION OF INJURY,0,0,0,0,0,2,0,7,4,6,41.91820575,-87.71205022
6/7/2019 23:32,30,NO CONTROLS,NO CONTROLS,CLEAR,"DARKNESS, LIGHTED ROAD",PARKED MOTOR VEHICLE,ONE-WAY,STRAIGHT AND LEVEL,DRY,NO DEFECTS,ON SCENE,NO INJURY / DRIVE AWAY,,"$501 - $1,500",IMPROPER BACKING,NOT APPLICABLE,3816,W,ADAMS ST,1122,2,NO INDICATION OF INJURY,0,0,0,0,0,1,0,23,6,6,41.87814238,-87.72141551
6/10/2019 6:12,30,NO CONTROLS,NO CONTROLS,CLEAR,DAYLIGHT,PARKED MOTOR VEHICLE,ONE-WAY,STRAIGHT AND LEVEL,DRY,NO DEFECTS,ON SCENE,INJURY AND / OR TOW DUE TO CRASH,,"OVER $1,500",PHYSICAL CONDITION OF DRIVER,NOT APPLICABLE,5561,W,GLADYS AVE,1522,2,NO INDICATION OF INJURY,0,0,0,0,0,1,0,6,2,6,41.87553024,-87.76402366
6/7/2019 8:09,30,TRAFFIC SIGNAL,FUNCTIONING PROPERLY,CLEAR,DAYLIGHT,TURNING,NOT DIVIDED,STRAIGHT AND LEVEL,DRY,NO DEFECTS,ON SCENE,NO INJURY / DRIVE AWAY,,"OVER $1,500",FAILING TO YIELD RIGHT-OF-WAY,UNABLE TO DETERMINE,6000,N,WESTERN AVE,2413,2,NO INDICATION OF INJURY,0,0,0,0,0,2,0,8,6,6,41.99058604,-87.68982247
6/10/2019 17:22,30,NO CONTROLS,NO CONTROLS,CLEAR,DAYLIGHT,REAR END,NOT DIVIDED,STRAIGHT AND LEVEL,DRY,NO DEFECTS,NOT ON SCENE (DESK REPORT),INJURY AND / OR TOW DUE TO CRASH,,"OVER $1,500",FOLLOWING TOO CLOSELY,NOT APPLICABLE,1223,W,63RD ST,724,3,"REPORTED, NOT EVIDENT",3,0,0,0,3,1,0,17,2,6,41.77948654,-87.65550458
6/14/2019 6:30,30,NO CONTROLS,NO CONTROLS,CLEAR,DAYLIGHT,PARKED MOTOR VEHICLE,NOT DIVIDED,STRAIGHT AND LEVEL,DRY,NO DEFECTS,NOT ON SCENE (DESK REPORT),NO INJURY / DRIVE AWAY,,"$501 - $1,500",UNABLE TO DETERMINE,UNABLE TO DETERMINE,2609,S,KEDZIE AVE,1033,2,NO INDICATION OF INJURY,0,0,0,0,0,1,0,6,6,6,41.84420224,-87.70488699
6/11/2019 2:30,30,NO CONTROLS,UNKNOWN,UNKNOWN,"DARKNESS, LIGHTED ROAD",PARKED MOTOR VEHICLE,NOT DIVIDED,STRAIGHT AND LEVEL,DRY,UNKNOWN,,NO INJURY / DRIVE AWAY,,"OVER $1,500",UNABLE TO DETERMINE,UNABLE TO DETERMINE,3225,W,WILSON AVE,1724,2,NO INDICATION OF INJURY,0,0,0,0,0,1,0,2,3,6,41.96458321,-87.70936126
6/9/2019 1:30,25,NO CONTROLS,NO CONTROLS,CLEAR,"DARKNESS, LIGHTED ROAD",PARKED MOTOR VEHICLE,NOT DIVIDED,STRAIGHT AND LEVEL,DRY,NO DEFECTS,NOT ON SCENE (DESK REPORT),NO INJURY / DRIVE AWAY,,"OVER $1,500",UNABLE TO DETERMINE,UNABLE TO DETERMINE,1752,W,MAYPOLE AVE,1224,2,NO INDICATION OF INJURY,0,0,0,0,0,1,0,1,1,6,41.88429233,-87.67153146
6/10/2019 19:55,0,NO CONTROLS,NO CONTROLS,CLEAR,DUSK,FIXED OBJECT,ONE-WAY,STRAIGHT AND LEVEL,DRY,NO DEFECTS,ON SCENE,INJURY AND / OR TOW DUE TO CRASH,,"OVER $1,500",UNABLE TO DETERMINE,UNABLE TO DETERMINE,1308,S,PLYMOUTH CT,131,1,NO INDICATION OF INJURY,0,0,0,0,0,1,0,19,2,6,41.86541558,-87.62861785
6/11/2019 9:30,15,NO CONTROLS,NO CONTROLS,CLEAR,UNKNOWN,PARKED MOTOR VEHICLE,NOT DIVIDED,STRAIGHT AND LEVEL,DRY,NO DEFECTS,ON SCENE,NO INJURY / DRIVE AWAY,,"OVER $1,500",UNABLE TO DETERMINE,UNABLE TO DETERMINE,340,E,132ND ST,533,2,NO INDICATION OF INJURY,0,0,0,0,0,1,0,9,3,6,41.65572134,-87.61333539
6/13/2019 16:54,30,TRAFFIC SIGNAL,FUNCTIONING PROPERLY,CLEAR,DAYLIGHT,SIDESWIPE SAME DIRECTION,FOUR WAY,STRAIGHT AND LEVEL,DRY,NO DEFECTS,ON SCENE,NO INJURY / DRIVE AWAY,Y,"OVER $1,500",DRIVING SKILLS/KNOWLEDGE/EXPERIENCE,NOT APPLICABLE,2159,S,CLARK ST,131,2,NO INDICATION OF INJURY,0,0,0,0,0,4,0,16,5,6,41.85295042,-87.62992143
6/11/2019 17:50,30,NO CONTROLS,NO CONTROLS,CLEAR,DAYLIGHT,REAR END,NOT DIVIDED,STRAIGHT AND LEVEL,DRY,NO DEFECTS,ON SCENE,INJURY AND / OR TOW DUE TO CRASH,Y,"OVER $1,500",UNDER THE INFLUENCE OF ALCOHOL/DRUGS (USE WHEN ARREST IS EFFECTED),NOT APPLICABLE,2932,W,59TH ST,824,3,NO INDICATION OF INJURY,0,0,0,0,0,3,0,17,3,6,41.78645606,-87.69731796
6/2/2019 2:25,30,TRAFFIC SIGNAL,FUNCTIONING PROPERLY,CLEAR,"DARKNESS, LIGHTED ROAD",ANGLE,FOUR WAY,STRAIGHT AND LEVEL,DRY,UNKNOWN,ON SCENE,INJURY AND / OR TOW DUE TO CRASH,,"OVER $1,500",DISREGARDING OTHER TRAFFIC SIGNS,NOT APPLICABLE,3800,W,LAKE ST,1122,2,INCAPACITATING INJURY,3,0,2,0,1,1,0,2,1,6,41.88531824,-87.72098685
6/9/2019 12:00,30,NO CONTROLS,NO CONTROLS,RAIN,DAYLIGHT,REAR TO SIDE,NOT DIVIDED,STRAIGHT AND LEVEL,WET,NO DEFECTS,NOT ON SCENE (DESK REPORT),NO INJURY / DRIVE AWAY,,"OVER $1,500",IMPROPER BACKING,IMPROPER LANE USAGE,1757,S,MICHIGAN AVE,132,2,NO INDICATION OF INJURY,0,0,0,0,0,2,0,12,1,6,41.8579389,-87.62378793
6/15/2019 13:35,30,NO CONTROLS,NO CONTROLS,CLEAR,DAYLIGHT,REAR END,NOT DIVIDED,STRAIGHT AND LEVEL,DRY,NO DEFECTS,NOT ON SCENE (DESK REPORT),NO INJURY / DRIVE AWAY,N,"OVER $1,500",UNABLE TO DETERMINE,UNABLE TO DETERMINE,3106,S,WESTERN AVE,911,2,NO INDICATION OF INJURY,0,0,0,0,0,2,0,13,7,6,41.83739297,-87.6850486
6/9/2019 15:00,10,NO CONTROLS,NO CONTROLS,CLEAR,DAYLIGHT,ANGLE,PARKING LOT,STRAIGHT AND LEVEL,DRY,NO DEFECTS,NOT ON SCENE (DESK REPORT),NO INJURY / DRIVE AWAY,,"OVER $1,500",FAILING TO YIELD RIGHT-OF-WAY,FOLLOWING TOO CLOSELY,1340,S,CANAL ST,124,2,NO INDICATION OF INJURY,0,0,0,0,0,2,0,15,1,6,41.86452119,-87.6393041
6/8/2019 6:00,30,NO CONTROLS,NO CONTROLS,CLEAR,DAYLIGHT,PARKED MOTOR VEHICLE,ONE-WAY,STRAIGHT AND LEVEL,DRY,NO DEFECTS,NOT ON SCENE (DESK REPORT),NO INJURY / DRIVE AWAY,,"OVER $1,500",UNABLE TO DETERMINE,UNABLE TO DETERMINE,5910,S,FRANCISCO AVE,824,2,NO INDICATION OF INJURY,0,0,0,0,0,1,0,6,7,6,41.78599052,-87.69616851
6/7/2019 9:00,30,NO CONTROLS,NO CONTROLS,CLEAR,DAYLIGHT,SIDESWIPE SAME DIRECTION,NOT DIVIDED,STRAIGHT AND LEVEL,DRY,NO DEFECTS,NOT ON SCENE (DESK REPORT),NO INJURY / DRIVE AWAY,,"OVER $1,500",UNABLE TO DETERMINE,UNABLE TO DETERMINE,1800,E,95TH ST,413,2,NO INDICATION OF INJURY,0,0,0,0,0,2,0,9,6,6,41.72251804,-87.58001573
6/6/2019 13:00,10,UNKNOWN,UNKNOWN,CLEAR,DAYLIGHT,REAR END,UNKNOWN,STRAIGHT AND LEVEL,UNKNOWN,UNKNOWN,NOT ON SCENE (DESK REPORT),NO INJURY / DRIVE AWAY,,"$501 - $1,500",UNABLE TO DETERMINE,UNABLE TO DETERMINE,10000,W,OHARE ST,1651,2,NO INDICATION OF INJURY,0,0,0,0,0,2,0,13,5,6,41.97620114,-87.90530913
6/5/2019 8:11,30,TRAFFIC SIGNAL,FUNCTIONING PROPERLY,RAIN,DAYLIGHT,REAR END,FOUR WAY,STRAIGHT AND LEVEL,WET,UNKNOWN,NOT ON SCENE (DESK REPORT),INJURY AND / OR TOW DUE TO CRASH,Y,"OVER $1,500",UNABLE TO DETERMINE,NOT APPLICABLE,10300,S,VINCENNES AVE,2212,2,"REPORTED, NOT EVIDENT",1,0,0,0,1,1,0,8,4,6,41.70672358,-87.65619454
6/13/2019 10:00,30,TRAFFIC SIGNAL,UNKNOWN,RAIN,DAYLIGHT,REAR END,ONE-WAY,STRAIGHT AND LEVEL,WET,UNKNOWN,NOT ON SCENE (DESK REPORT),NO INJURY / DRIVE AWAY,,$500 OR LESS,UNABLE TO DETERMINE,NOT APPLICABLE,8759,S,STONY ISLAND AVE,412,2,NO INDICATION OF INJURY,0,0,0,0,0,2,0,10,5,6,41.73518361,-87.58501606
6/4/2019 13:46,30,TRAFFIC SIGNAL,FUNCTIONING PROPERLY,CLEAR,DAYLIGHT,TURNING,FOUR WAY,STRAIGHT AND LEVEL,DRY,NO DEFECTS,ON SCENE,NO INJURY / DRIVE AWAY,Y,"$501 - $1,500",IMPROPER TURNING/NO SIGNAL,FAILING TO YIELD RIGHT-OF-WAY,8000,W,BELMONT AVE,1631,2,NO INDICATION OF INJURY,0,0,0,0,0,4,0,13,3,6,41.93785904,-87.82637772
6/6/2019 8:20,30,STOP SIGN/FLASHER,FUNCTIONING PROPERLY,CLEAR,DAYLIGHT,ANGLE,NOT DIVIDED,STRAIGHT AND LEVEL,DRY,NO DEFECTS,NOT ON SCENE (DESK REPORT),NO INJURY / DRIVE AWAY,,"OVER $1,500",FAILING TO YIELD RIGHT-OF-WAY,NOT APPLICABLE,4456,W,JACKSON BLVD,1113,2,NO INDICATION OF INJURY,0,0,0,0,0,2,0,8,5,6,41.87704835,-87.73760191
6/5/2019 16:02,30,TRAFFIC SIGNAL,FUNCTIONING PROPERLY,CLEAR,DAYLIGHT,REAR END,FOUR WAY,STRAIGHT AND LEVEL,DRY,NO DEFECTS,NOT ON SCENE (DESK REPORT),NO INJURY / DRIVE AWAY,Y,"OVER $1,500",NOT APPLICABLE,NOT APPLICABLE,7300,S,YATES BLVD,334,2,NO INDICATION OF INJURY,0,0,0,0,0,2,0,16,4,6,41.76252674,-87.56659498
6/12/2019 13:30,30,TRAFFIC SIGNAL,FUNCTIONING PROPERLY,UNKNOWN,UNKNOWN,SIDESWIPE SAME DIRECTION,T-INTERSECTION,STRAIGHT AND LEVEL,UNKNOWN,UNKNOWN,NOT ON SCENE (DESK REPORT),NO INJURY / DRIVE AWAY,Y,"OVER $1,500",IMPROPER OVERTAKING/PASSING,IMPROPER LANE USAGE,6000,N,WESTERN AVE,2413,2,NO INDICATION OF INJURY,0,0,0,0,0,2,0,13,4,6,41.99058604,-87.68982247
6/8/2019 7:30,30,NO CONTROLS,NO CONTROLS,CLEAR,UNKNOWN,FIXED OBJECT,OTHER,STRAIGHT AND LEVEL,DRY,"RUT, HOLES",ON SCENE,INJURY AND / OR TOW DUE TO CRASH,,"OVER $1,500",PHYSICAL CONDITION OF DRIVER,PHYSICAL CONDITION OF DRIVER,11740,S,FRONT AVE,532,1,NO INDICATION OF INJURY,0,0,0,0,0,1,0,7,7,6,41.6803014,-87.61378895
6/3/2019 15:40,30,TRAFFIC SIGNAL,FUNCTIONING PROPERLY,CLEAR,DAYLIGHT,REAR END,FOUR WAY,STRAIGHT AND LEVEL,DRY,NO DEFECTS,ON SCENE,NO INJURY / DRIVE AWAY,,$500 OR LESS,FAILING TO REDUCE SPEED TO AVOID CRASH,UNABLE TO DETERMINE,729,W,35TH ST,915,2,NO INDICATION OF INJURY,0,0,0,0,0,2,0,15,2,6,41.83065746,-87.64482564
6/10/2019 10:00,30,STOP SIGN/FLASHER,FUNCTIONING PROPERLY,CLEAR,DAYLIGHT,SIDESWIPE SAME DIRECTION,FOUR WAY,STRAIGHT AND LEVEL,DRY,NO DEFECTS,NOT ON SCENE (DESK REPORT),NO INJURY / DRIVE AWAY,,"OVER $1,500",UNABLE TO DETERMINE,UNABLE TO DETERMINE,7851,S,STONY ISLAND AVE,411,2,NO INDICATION OF INJURY,0,0,0,0,0,3,0,10,2,6,41.75177703,-87.58534728
6/10/2019 8:30,30,NO CONTROLS,NO CONTROLS,CLEAR,DAYLIGHT,TURNING,NOT DIVIDED,STRAIGHT AND LEVEL,DRY,NO DEFECTS,NOT ON SCENE (DESK REPORT),NO INJURY / DRIVE AWAY,,"OVER $1,500",UNABLE TO DETERMINE,UNABLE TO DETERMINE,3852,W,63RD ST,823,2,NO INDICATION OF INJURY,0,0,0,0,0,2,0,8,2,6,41.77881019,-87.71995927
6/15/2019 2:00,30,NO CONTROLS,NO CONTROLS,CLEAR,UNKNOWN,PARKED MOTOR VEHICLE,ONE-WAY,STRAIGHT AND LEVEL,DRY,NO DEFECTS,ON SCENE,NO INJURY / DRIVE AWAY,,$500 OR LESS,UNABLE TO DETERMINE,NOT APPLICABLE,10926,S,AVENUE D,432,4,NO INDICATION OF INJURY,0,0,0,0,0,1,0,2,7,6,41.69643168,-87.52837087
6/7/2019 0:02,30,STOP SIGN/FLASHER,FUNCTIONING PROPERLY,CLEAR,"DARKNESS, LIGHTED ROAD",PEDESTRIAN,ONE-WAY,STRAIGHT AND LEVEL,DRY,NO DEFECTS,ON SCENE,INJURY AND / OR TOW DUE TO CRASH,Y,$500 OR LESS,FAILING TO YIELD RIGHT-OF-WAY,UNABLE TO DETERMINE,6002,N,CLAREMONT AVE,2413,2,NONINCAPACITATING INJURY,1,0,0,1,0,1,0,0,6,6,41.99066018,-87.68858756
6/7/2019 14:55,30,TRAFFIC SIGNAL,FUNCTIONING PROPERLY,CLEAR,DAYLIGHT,SIDESWIPE SAME DIRECTION,DIVIDED - W/MEDIAN (NOT RAISED),STRAIGHT AND LEVEL,DRY,NO DEFECTS,NOT ON SCENE (DESK REPORT),NO INJURY / DRIVE AWAY,Y,$500 OR LESS,FAILING TO YIELD RIGHT-OF-WAY,NOT APPLICABLE,1800,S,STATE ST,131,2,NO INDICATION OF INJURY,0,0,0,0,0,3,0,14,6,6,41.85774485,-87.62734138
6/13/2019 20:04,30,NO CONTROLS,UNKNOWN,CLEAR,DAYLIGHT,SIDESWIPE SAME DIRECTION,DIVIDED - W/MEDIAN (NOT RAISED),STRAIGHT AND LEVEL,DRY,"RUT, HOLES",ON SCENE,INJURY AND / OR TOW DUE TO CRASH,,"OVER $1,500",NOT APPLICABLE,NOT APPLICABLE,4455,W,MADISON ST,1113,2,"REPORTED, NOT EVIDENT",1,0,0,0,1,2,0,20,5,6,41.88047644,-87.73765048
6/12/2019 12:45,30,TRAFFIC SIGNAL,FUNCTIONING PROPERLY,RAIN,DAYLIGHT,REAR END,DIVIDED - W/MEDIAN (NOT RAISED),STRAIGHT AND LEVEL,WET,NO DEFECTS,NOT ON SCENE (DESK REPORT),INJURY AND / OR TOW DUE TO CRASH,,"OVER $1,500",FAILING TO REDUCE SPEED TO AVOID CRASH,WEATHER,10002,S,WESTERN AVE,2211,2,NONINCAPACITATING INJURY,1,0,0,1,0,1,0,12,4,6,41.71171906,-87.68192665
6/1/2019 17:15,25,NO CONTROLS,NO CONTROLS,CLEAR,DAYLIGHT,PARKED MOTOR VEHICLE,ONE-WAY,STRAIGHT AND LEVEL,DRY,NO DEFECTS,NOT ON SCENE (DESK REPORT),NO INJURY / DRIVE AWAY,,"OVER $1,500",IMPROPER OVERTAKING/PASSING,DRIVING SKILLS/KNOWLEDGE/EXPERIENCE,7103,S,PAXTON AVE,333,2,NO INDICATION OF INJURY,0,0,0,0,0,3,0,17,7,6,41.76598171,-87.57122239
6/13/2019 10:45,30,TRAFFIC SIGNAL,FUNCTIONING PROPERLY,CLEAR,DAYLIGHT,SIDESWIPE SAME DIRECTION,ONE-WAY,STRAIGHT AND LEVEL,DRY,NO DEFECTS,NOT ON SCENE (DESK REPORT),NO INJURY / DRIVE AWAY,,"OVER $1,500",IMPROPER OVERTAKING/PASSING,NOT APPLICABLE,98,N,CLARK ST,122,2,NO INDICATION OF INJURY,0,0,0,0,0,2,0,10,5,6,41.88317524,-87.63105236
6/3/2019 18:15,30,TRAFFIC SIGNAL,FUNCTIONING PROPERLY,CLEAR,DAYLIGHT,SIDESWIPE SAME DIRECTION,NOT DIVIDED,STRAIGHT AND LEVEL,DRY,NO DEFECTS,NOT ON SCENE (DESK REPORT),NO INJURY / DRIVE AWAY,Y,"$501 - $1,500",IMPROPER OVERTAKING/PASSING,IMPROPER OVERTAKING/PASSING,5800,N,RIDGE AVE,2013,2,NO INDICATION OF INJURY,0,0,0,0,0,2,0,18,2,6,41.98728734,-87.66628215
6/14/2019 12:50,35,TRAFFIC SIGNAL,FUNCTIONING PROPERLY,CLEAR,DAYLIGHT,TURNING,DIVIDED - W/MEDIAN (NOT RAISED),STRAIGHT AND LEVEL,DRY,NO DEFECTS,ON SCENE,INJURY AND / OR TOW DUE TO CRASH,Y,"OVER $1,500",UNABLE TO DETERMINE,UNABLE TO DETERMINE,5675,S,ARCHER AVE,814,3,NO INDICATION OF INJURY,0,0,0,0,0,3,0,12,6,6,41.79704571,-87.75301293
6/2/2019 20:12,35,NO CONTROLS,NO CONTROLS,CLEAR,DUSK,REAR END,NOT DIVIDED,STRAIGHT ON GRADE,DRY,UNKNOWN,NOT ON SCENE (DESK REPORT),NO INJURY / DRIVE AWAY,,"OVER $1,500",UNABLE TO DETERMINE,UNABLE TO DETERMINE,2990,W,111TH ST,2211,2,NO INDICATION OF INJURY,0,0,0,0,0,4,0,20,1,6,41.69173216,-87.69614895
6/15/2019 2:00,20,NO CONTROLS,NO CONTROLS,CLEAR,DARKNESS,PARKED MOTOR VEHICLE,DIVIDED - W/MEDIAN (NOT RAISED),STRAIGHT AND LEVEL,DRY,NO DEFECTS,NOT ON SCENE (DESK REPORT),NO INJURY / DRIVE AWAY,,"OVER $1,500",UNABLE TO DETERMINE,NOT APPLICABLE,2330,W,42ND ST,924,2,NO INDICATION OF INJURY,0,0,0,0,0,1,0,2,7,6,41.81763746,-87.6835801
6/15/2019 12:20,30,NO CONTROLS,NO CONTROLS,RAIN,DAYLIGHT,REAR END,NOT DIVIDED,STRAIGHT AND LEVEL,WET,NO DEFECTS,NOT ON SCENE (DESK REPORT),NO INJURY / DRIVE AWAY,,"$501 - $1,500",FOLLOWING TOO CLOSELY,FAILING TO REDUCE SPEED TO AVOID CRASH,205,N,UNION AVE,1214,2,NO INDICATION OF INJURY,0,0,0,0,0,2,0,12,7,6,41.88588991,-87.64525676
6/9/2019 9:10,30,UNKNOWN,UNKNOWN,CLEAR,DAYLIGHT,TURNING,ONE-WAY,STRAIGHT AND LEVEL,DRY,NO DEFECTS,NOT ON SCENE (DESK REPORT),NO INJURY / DRIVE AWAY,,"OVER $1,500",IMPROPER TURNING/NO SIGNAL,NOT APPLICABLE,333,E,BENTON PL,114,2,NO INDICATION OF INJURY,0,0,0,0,0,2,0,9,1,6,41.88539005,-87.61898671
6/9/2019 8:35,30,NO CONTROLS,NO CONTROLS,CLEAR,DAYLIGHT,SIDESWIPE SAME DIRECTION,NOT DIVIDED,STRAIGHT AND LEVEL,DRY,NO DEFECTS,NOT ON SCENE (DESK REPORT),NO INJURY / DRIVE AWAY,,"OVER $1,500",UNABLE TO DETERMINE,NOT APPLICABLE,3601,W,79TH ST,834,2,NO INDICATION OF INJURY,0,0,0,0,0,2,0,8,1,6,41.74948281,-87.71219064
6/7/2019 16:10,25,TRAFFIC SIGNAL,FUNCTIONING PROPERLY,CLEAR,DAYLIGHT,SIDESWIPE SAME DIRECTION,NOT DIVIDED,STRAIGHT AND LEVEL,DRY,NO DEFECTS,NOT ON SCENE (DESK REPORT),NO INJURY / DRIVE AWAY,Y,"$501 - $1,500",UNABLE TO DETERMINE,UNABLE TO DETERMINE,7399,N,ROGERS AVE,2424,2,NO INDICATION OF INJURY,0,0,0,0,0,2,0,16,6,6,42.01594151,-87.67517023
6/7/2019 22:50,25,NO CONTROLS,NO CONTROLS,CLEAR,"DARKNESS, LIGHTED ROAD",REAR END,DIVIDED - W/MEDIAN (NOT RAISED),STRAIGHT AND LEVEL,DRY,NO DEFECTS,ON SCENE,INJURY AND / OR TOW DUE TO CRASH,,"OVER $1,500",EQUIPMENT - VEHICLE CONDITION,NOT APPLICABLE,10228,S,BEVERLY AVE,2213,2,"REPORTED, NOT EVIDENT",3,0,0,0,3,2,0,22,6,6,41.70802847,-87.65675782
6/5/2019 6:50,55,NO CONTROLS,OTHER,CLEAR,DAYLIGHT,REAR END,ONE-WAY,STRAIGHT ON GRADE,WET,NO DEFECTS,ON SCENE,INJURY AND / OR TOW DUE TO CRASH,,"$501 - $1,500",FAILING TO REDUCE SPEED TO AVOID CRASH,UNABLE TO DETERMINE,1600,N,LAKE SHORE DR,1814,3,NO INDICATION OF INJURY,0,0,0,0,0,3,0,6,4,6,41.91122456,-87.62648257
6/7/2019 1:25,30,NO CONTROLS,NO CONTROLS,CLEAR,"DARKNESS, LIGHTED ROAD",PEDESTRIAN,NOT DIVIDED,STRAIGHT AND LEVEL,DRY,NO DEFECTS,ON SCENE,INJURY AND / OR TOW DUE TO CRASH,Y,$500 OR LESS,UNABLE TO DETERMINE,UNABLE TO DETERMINE,3759,W,BELMONT AVE,2523,2,INCAPACITATING INJURY,1,0,1,0,0,1,0,1,6,6,41.93905033,-87.72195482
6/11/2019 17:52,40,TRAFFIC SIGNAL,FUNCTIONING PROPERLY,CLEAR,DARKNESS,PEDALCYCLIST,DIVIDED - W/MEDIAN BARRIER,STRAIGHT AND LEVEL,DRY,NO DEFECTS,ON SCENE,INJURY AND / OR TOW DUE TO CRASH,,$500 OR LESS,DISREGARDING TRAFFIC SIGNALS,NOT APPLICABLE,501,S,LAKE SHORE DR NB,114,2,NONINCAPACITATING INJURY,1,0,0,1,0,1,0,17,3,6,41.87576151,-87.61699209
6/9/2019 15:00,30,NO CONTROLS,NO CONTROLS,CLEAR,DAYLIGHT,PARKED MOTOR VEHICLE,NOT DIVIDED,STRAIGHT AND LEVEL,DRY,NO DEFECTS,NOT ON SCENE (DESK REPORT),NO INJURY / DRIVE AWAY,Y,"$501 - $1,500",UNABLE TO DETERMINE,NOT APPLICABLE,2402,N,KILDARE AVE,2524,2,NO INDICATION OF INJURY,0,0,0,0,0,1,0,15,1,6,41.9245414,-87.73427012
6/4/2019 21:40,30,TRAFFIC SIGNAL,FUNCTIONING PROPERLY,CLEAR,"DARKNESS, LIGHTED ROAD",TURNING,NOT DIVIDED,STRAIGHT AND LEVEL,DRY,NO DEFECTS,NOT ON SCENE (DESK REPORT),NO INJURY / DRIVE AWAY,Y,"OVER $1,500",IMPROPER TURNING/NO SIGNAL,IMPROPER LANE USAGE,7200,N,SHERIDAN RD,2423,2,NO INDICATION OF INJURY,0,0,0,0,0,2,0,21,3,6,42.01284733,-87.66361978
6/9/2019 18:57,30,TRAFFIC SIGNAL,FUNCTIONING PROPERLY,CLEAR,DAYLIGHT,SIDESWIPE SAME DIRECTION,FOUR WAY,STRAIGHT AND LEVEL,DRY,NO DEFECTS,ON SCENE,NO INJURY / DRIVE AWAY,Y,"OVER $1,500",IMPROPER TURNING/NO SIGNAL,IMPROPER TURNING/NO SIGNAL,1037,W,BRYN MAWR AVE,2023,2,NO INDICATION OF INJURY,0,0,0,0,0,3,0,18,1,6,41.98357252,-87.65667535
6/11/2019 12:54,35,TRAFFIC SIGNAL,FUNCTIONING PROPERLY,CLEAR,DAYLIGHT,REAR END,FOUR WAY,STRAIGHT AND LEVEL,DRY,UNKNOWN,ON SCENE,INJURY AND / OR TOW DUE TO CRASH,Y,"OVER $1,500",FAILING TO REDUCE SPEED TO AVOID CRASH,NOT APPLICABLE,9501,S,WESTERN AVE,2213,2,NONINCAPACITATING INJURY,1,0,0,1,0,2,0,12,3,6,41.72084893,-87.68191511
6/5/2019 5:30,30,TRAFFIC SIGNAL,FUNCTIONING PROPERLY,RAIN,DAYLIGHT,SIDESWIPE SAME DIRECTION,ONE-WAY,STRAIGHT AND LEVEL,WET,NO DEFECTS,NOT ON SCENE (DESK REPORT),INJURY AND / OR TOW DUE TO CRASH,,"$501 - $1,500",UNABLE TO DETERMINE,NOT APPLICABLE,1151,W,63RD ST,724,2,NO INDICATION OF INJURY,0,0,0,0,0,2,0,5,4,6,41.77950377,-87.65410179
6/12/2019 19:15,30,NO CONTROLS,NO CONTROLS,RAIN,DAYLIGHT,REAR END,FOUR WAY,STRAIGHT AND LEVEL,WET,UNKNOWN,NOT ON SCENE (DESK REPORT),NO INJURY / DRIVE AWAY,Y,"OVER $1,500",UNABLE TO DETERMINE,NOT APPLICABLE,1344,W,35TH ST,912,2,NO INDICATION OF INJURY,0,0,0,0,0,2,0,19,4,6,41.83068937,-87.65920932
6/14/2019 22:00,30,NO CONTROLS,NO CONTROLS,RAIN,"DARKNESS, LIGHTED ROAD",REAR END,DIVIDED - W/MEDIAN (NOT RAISED),STRAIGHT AND LEVEL,WET,NO DEFECTS,NOT ON SCENE (DESK REPORT),NO INJURY / DRIVE AWAY,,"OVER $1,500",UNABLE TO DETERMINE,DRIVING SKILLS/KNOWLEDGE/EXPERIENCE,5424,N,BROADWAY,2013,2,NO INDICATION OF INJURY,0,0,0,0,0,2,0,22,6,6,41.98074048,-87.66013649