CRASH_DATE,POSTED_SPEED_LIMIT,TRAFFIC_CONTROL_DEVICE,DEVICE_CONDITION,WEATHER_CONDITION,LIGHTING_CONDITION,FIRST_CRASH_TYPE,TRAFFICWAY_TYPE,ALIGNMENT,ROADWAY_SURFACE_COND,ROAD_DEFECT,REPORT_TYPE,CRASH_TYPE,INTERSECTION_RELATED_I,DAMAGE,PRIM_CONTRIBUTORY_CAUSE,SEC_CONTRIBUTORY_CAUSE,STREET_NO,STREET_DIRECTION,STREET_NAME,BEAT_OF_OCCURRENCE,NUM_UNITS,MOST_SEVERE_INJURY,INJURIES_TOTAL,INJURIES_FATAL,INJURIES_INCAPACITATING,INJURIES_NON_INCAPACITATING,INJURIES_REPORTED_NOT_EVIDENT,INJURIES_NO_INDICATION,INJURIES_UNKNOWN,CRASH_HOUR,CRASH_DAY_OF_WEEK,CRASH_MONTH,LATITUDE,LONGITUDE
6/12/2019 3:27,30,NO CONTROLS,NO CONTROLS,CLEAR,"DARKNESS, LIGHTED ROAD",PARKED MOTOR VEHICLE,ONE-WAY,STRAIGHT AND LEVEL,DRY,NO DEFECTS,ON SCENE,NO INJURY / DRIVE AWAY,,"OVER $1,500",DRIVING SKILLS/KNOWLEDGE/EXPERIENCE,UNABLE TO DETERMINE,5532,W,FLOURNOY ST,1522,2,NO INDICATION OF INJURY,0,0,0,0,0,1,0,3,4,6,41.87196369,-87.76281709
6/10/2019 17:37,25,NO CONTROLS,NO CONTROLS,CLEAR,DAYLIGHT,TURNING,NOT DIVIDED,STRAIGHT AND LEVEL,DRY,NO DEFECTS,NOT ON SCENE (DESK REPORT),NO INJURY / DRIVE AWAY,Y,"$501 - $1,500",DRIVING SKILLS/KNOWLEDGE/EXPERIENCE,UNABLE TO DETERMINE,5800,W,63RD ST,812,2,NO INDICATION OF INJURY,0,0,0,0,0,2,0,17,2,6,41.77806135,-87.76666581
6/3/2019 18:50,30,TRAFFIC SIGNAL,FUNCTIONING PROPERLY,CLEAR,DAYLIGHT,SIDESWIPE SAME DIRECTION,NOT DIVIDED,STRAIGHT AND LEVEL,UNKNOWN,UNKNOWN,NOT ON SCENE (DESK REPORT),NO INJURY / DRIVE AWAY,,"OVER $1,500",IMPROPER OVERTAKING/PASSING,IMPROPER OVERTAKING/PASSING,1350,W,IRVING PARK RD,1912,2,NO INDICATION OF INJURY,0,0,0,0,0,2,0,18,2,6,41.95446509,-87.66418466
6/7/2019 10:47,30,NO CONTROLS,NO CONTROLS,CLEAR,DAYLIGHT,PARKED MOTOR VEHICLE,NOT DIVIDED,STRAIGHT AND LEVEL,DRY,NO DEFECTS,ON SCENE,NO INJURY / DRIVE AWAY,,"OVER $1,500",NOT APPLICABLE,NOT APPLICABLE,1432,N,CENTRAL PARK AVE,2535,2,NO INDICATION OF INJURY,0,0,0,0,0,1,0,10,6,6,41.90737312,-87.71686393
6/7/2019 20:00,30,NO CONTROLS,NO CONTROLS,CLEAR,UNKNOWN,SIDESWIPE SAME DIRECTION,RAMP,STRAIGHT AND LEVEL,DRY,UNKNOWN,NOT ON SCENE (DESK REPORT),NO INJURY / DRIVE AWAY,,"OVER $1,500",FAILING TO YIELD RIGHT-OF-WAY,NOT APPLICABLE,540,N,LAKE SHORE DR NB,1834,2,NO INDICATION OF INJURY,0,0,0,0,0,4,0,20,6,6,41.89230273,-87.61408727
6/3/2019 14:20,15,NO CONTROLS,NO CONTROLS,CLEAR,DAYLIGHT,SIDESWIPE SAME DIRECTION,ONE-WAY,STRAIGHT AND LEVEL,DRY,NO DEFECTS,ON SCENE,INJURY AND / OR TOW DUE TO CRASH,,"OVER $1,500",NOT APPLICABLE,NOT APPLICABLE,5,W,TERMINAL ST,1655,2,NO INDICATION OF INJURY,0,0,0,0,0,2,0,14,2,6,,
6/14/2019 13:12,30,STOP SIGN/FLASHER,FUNCTIONING PROPERLY,CLEAR,DAYLIGHT,REAR END,DIVIDED - W/MEDIAN (NOT RAISED),STRAIGHT AND LEVEL,DRY,NO DEFECTS,NOT ON SCENE (DESK REPORT),NO INJURY / DRIVE AWAY,,"OVER $1,500",DRIVING SKILLS/KNOWLEDGE/EXPERIENCE,FOLLOWING TOO CLOSELY,1571,S,PULASKI RD,1014,2,NO INDICATION OF INJURY,0,0,0,0,0,2,0,13,6,6,41.85896169,-87.72481049
6/10/2019 17:25,30,NO CONTROLS,NO CONTROLS,CLEAR,DAYLIGHT,REAR END,DIVIDED - W/MEDIAN (NOT RAISED),STRAIGHT AND LEVEL,DRY,NO DEFECTS,NOT ON SCENE (DESK REPORT),NO INJURY / DRIVE AWAY,,"OVER $1,500",FOLLOWING TOO CLOSELY,UNABLE TO DETERMINE,7500,S,HALSTED ST,621,2,NO INDICATION OF INJURY,0,0,0,0,0,2,0,17,2,6,41.75765656,-87.64437006
6/5/2019 10:00,30,TRAFFIC SIGNAL,NO CONTROLS,CLEAR,DAYLIGHT,SIDESWIPE SAME DIRECTION,NOT DIVIDED,STRAIGHT AND LEVEL,DRY,NO DEFECTS,NOT ON SCENE (DESK REPORT),NO INJURY / DRIVE AWAY,Y,"OVER $1,500",IMPROPER LANE USAGE,NOT APPLICABLE,4300,S,CHAMPLAIN AVE,221,2,NO INDICATION OF INJURY,0,0,0,0,0,2,0,10,4,6,41.81665831,-87.61055798
6/10/2019 9:00,25,NO CONTROLS,NO CONTROLS,CLEAR,"DARKNESS, LIGHTED ROAD",PARKED MOTOR VEHICLE,ONE-WAY,STRAIGHT AND LEVEL,DRY,NO DEFECTS,NOT ON SCENE (DESK REPORT),NO INJURY / DRIVE AWAY,,"OVER $1,500",UNABLE TO DETERMINE,NOT APPLICABLE,2021,N,KEYSTONE AVE,2525,2,NO INDICATION OF INJURY,0,0,0,0,0,1,0,9,2,6,41.91781195,-87.72765612
6/1/2019 13:55,30,NO CONTROLS,NO CONTROLS,CLEAR,DAYLIGHT,PARKED MOTOR VEHICLE,DIVIDED - W/MEDIAN (NOT RAISED),STRAIGHT AND LEVEL,DRY,NO DEFECTS,ON SCENE,NO INJURY / DRIVE AWAY,,$500 OR LESS,UNABLE TO DETERMINE,UNABLE TO DETERMINE,1607,W,95TH ST,2213,2,NO INDICATION OF INJURY,0,0,0,0,0,1,0,13,7,6,41.72109941,-87.66301155
6/5/2019 13:30,30,TRAFFIC SIGNAL,FUNCTIONING PROPERLY,CLEAR,DAYLIGHT,REAR END,NOT DIVIDED,STRAIGHT AND LEVEL,DRY,UNKNOWN,NOT ON SCENE (DESK REPORT),NO INJURY / DRIVE AWAY,,"OVER $1,500",UNABLE TO DETERMINE,UNABLE TO DETERMINE,1435,W,MONTROSE AVE,1912,2,NO INDICATION OF INJURY,0,0,0,0,0,2,0,13,4,6,41.96152004,-87.66634371
6/11/2019 7:20,20,STOP SIGN/FLASHER,FUNCTIONING PROPERLY,CLEAR,DAYLIGHT,TURNING,NOT DIVIDED,STRAIGHT AND LEVEL,DRY,NO DEFECTS,NOT ON SCENE (DESK REPORT),NO INJURY / DRIVE AWAY,,"OVER $1,500",FOLLOWING TOO CLOSELY,UNABLE TO DETERMINE,9652,S,GENOA AVE,2223,2,NO INDICATION OF INJURY,0,0,0,0,0,3,0,7,3,6,41.71775879,-87.65080149
6/1/2019 17:00,30,NO CONTROLS,NO CONTROLS,CLEAR,DAYLIGHT,FIXED OBJECT,NOT DIVIDED,STRAIGHT AND LEVEL,DRY,OTHER,NOT ON SCENE (DESK REPORT),NO INJURY / DRIVE AWAY,,"$501 - $1,500",ROAD ENGINEERING/SURFACE/MARKING DEFECTS,NOT APPLICABLE,5700,W,CHICAGO AVE,1511,1,NO INDICATION OF INJURY,0,0,0,0,0,1,0,17,7,6,41.89492663,-87.76800833
6/8/2019 9:30,10,NO CONTROLS,NO CONTROLS,CLEAR,DAYLIGHT,ANGLE,PARKING LOT,STRAIGHT AND LEVEL,DRY,NO DEFECTS,NOT ON SCENE (DESK REPORT),NO INJURY / DRIVE AWAY,,"OVER $1,500",UNABLE TO DETERMINE,UNABLE TO DETERMINE,1401,S,STATE ST,131,2,NO INDICATION OF INJURY,0,0,0,0,0,2,0,9,7,6,41.86397298,-87.62719414
6/10/2019 20:30,30,NO CONTROLS,NO CONTROLS,CLEAR,"DARKNESS, LIGHTED ROAD",REAR END,NOT DIVIDED,STRAIGHT AND LEVEL,DRY,NO DEFECTS,ON SCENE,INJURY AND / OR TOW DUE TO CRASH,,"OVER $1,500",FAILING TO REDUCE SPEED TO AVOID CRASH,NOT APPLICABLE,1810,N,ASHLAND AVE,1433,2,NONINCAPACITATING INJURY,1,0,0,1,0,1,0,20,2,6,41.91454696,-87.66795554
6/14/2019 22:00,40,NO CONTROLS,NO CONTROLS,RAIN,"DARKNESS, LIGHTED ROAD",REAR END,DIVIDED - W/MEDIAN BARRIER,STRAIGHT AND LEVEL,WET,NO DEFECTS,NOT ON SCENE (DESK REPORT),NO INJURY / DRIVE AWAY,,"OVER $1,500",FOLLOWING TOO CLOSELY,NOT APPLICABLE,1800,S,LAKE SHORE DR E,132,7,NO INDICATION OF INJURY,0,0,0,0,0,7,0,22,6,6,41.85790967,-87.61659414
6/12/2019 1:00,25,NO CONTROLS,NO CONTROLS,CLEAR,"DARKNESS, LIGHTED ROAD",PARKED MOTOR VEHICLE,NOT DIVIDED,STRAIGHT AND LEVEL,DRY,NO DEFECTS,NOT ON SCENE (DESK REPORT),NO INJURY / DRIVE AWAY,,"OVER $1,500",UNABLE TO DETERMINE,NOT APPLICABLE,7215,W,BARRY AVE,2511,2,NO INDICATION OF INJURY,0,0,0,0,0,1,0,1,4,6,41.93622285,-87.80729363
6/10/2019 10:18,30,TRAFFIC SIGNAL,FUNCTIONING PROPERLY,CLEAR,DAYLIGHT,ANGLE,"FIVE POINT, OR MORE",STRAIGHT AND LEVEL,DRY,NO DEFECTS,ON SCENE,NO INJURY / DRIVE AWAY,Y,"$501 - $1,500",DISREGARDING TRAFFIC SIGNALS,FAILING TO YIELD RIGHT-OF-WAY,3628,W,IRVING PARK RD,1723,,,,,,,,,,10,2,6,41.9538423,-87.71903099
6/6/2019 7:45,35,TRAFFIC SIGNAL,FUNCTIONING PROPERLY,CLEAR,DAYLIGHT,SIDESWIPE SAME DIRECTION,NOT DIVIDED,STRAIGHT AND LEVEL,DRY,NO DEFECTS,NOT ON SCENE (DESK REPORT),NO INJURY / DRIVE AWAY,,"OVER $1,500",IMPROPER TURNING/NO SIGNAL,NOT APPLICABLE,2023,W,OGDEN AVE,1225,2,NO INDICATION OF INJURY,0,0,0,0,0,2,0,7,5,6,41.87221918,-87.67686258
6/9/2019 13:46,30,STOP SIGN/FLASHER,FUNCTIONING PROPERLY,CLEAR,DAYLIGHT,ANGLE,NOT DIVIDED,STRAIGHT AND LEVEL,DRY,NO DEFECTS,NOT ON SCENE (DESK REPORT),NO INJURY / DRIVE AWAY,Y,"$501 - $1,500",UNABLE TO DETERMINE,UNABLE TO DETERMINE,298,N,OGDEN AVE,1215,2,NO INDICATION OF INJURY,0,0,0,0,0,2,0,13,1,6,41.88584943,-87.66260397
6/14/2019 16:30,30,NO CONTROLS,NO CONTROLS,CLEAR,DAYLIGHT,PARKED MOTOR VEHICLE,NOT DIVIDED,STRAIGHT ON GRADE,DRY,NO DEFECTS,ON SCENE,NO INJURY / DRIVE AWAY,,"OVER $1,500",FAILING TO REDUCE SPEED TO AVOID CRASH,UNABLE TO DETERMINE,3635,W,58TH PL,822,2,NO INDICATION OF INJURY,0,0,0,0,0,1,0,16,6,6,41.78686527,-87.71482234
6/3/2019 22:22,30,UNKNOWN,UNKNOWN,CLEAR,"DARKNESS, LIGHTED ROAD",SIDESWIPE SAME DIRECTION,NOT DIVIDED,STRAIGHT AND LEVEL,UNKNOWN,UNKNOWN,ON SCENE,NO INJURY / DRIVE AWAY,,"$501 - $1,500",IMPROPER LANE USAGE,NOT APPLICABLE,5958,W,NORTH AVE,2531,2,NO INDICATION OF INJURY,0,0,0,0,0,2,0,22,2,6,41.90936558,-87.7754207
6/7/2019 16:30,35,TRAFFIC SIGNAL,FUNCTIONING PROPERLY,CLEAR,DAYLIGHT,REAR END,DIVIDED - W/MEDIAN (NOT RAISED),STRAIGHT AND LEVEL,DRY,NO DEFECTS,NOT ON SCENE (DESK REPORT),NO INJURY / DRIVE AWAY,,"$501 - $1,500",TEXTING,DRIVING SKILLS/KNOWLEDGE/EXPERIENCE,5100,S,LAKE PARK AVE,234,2,NO INDICATION OF INJURY,0,0,0,0,0,3,0,16,6,6,41.80237973,-87.58797941
6/13/2019 9:00,30,NO CONTROLS,NO CONTROLS,CLEAR,DAYLIGHT,TURNING,NOT DIVIDED,STRAIGHT AND LEVEL,DRY,UNKNOWN,NOT ON SCENE (DESK REPORT),NO INJURY / DRIVE AWAY,Y,"OVER $1,500",UNABLE TO DETERMINE,NOT APPLICABLE,800,N,SEDGWICK ST,1823,2,NO INDICATION OF INJURY,0,0,0,0,0,2,0,9,5,6,41.89663259,-87.6387939
6/2/2019 12:45,30,STOP SIGN/FLASHER,FUNCTIONING PROPERLY,CLEAR,DAYLIGHT,ANGLE,DIVIDED - W/MEDIAN (NOT RAISED),STRAIGHT AND LEVEL,DRY,NO DEFECTS,NOT ON SCENE (DESK REPORT),NO INJURY / DRIVE AWAY,Y,$500 OR LESS,FAILING TO YIELD RIGHT-OF-WAY,UNABLE TO DETERMINE,10300,S,ELIZABETH ST,2232,2,NO INDICATION OF INJURY,0,0,0,0,0,3,0,12,1,6,41.7067142,-87.65381347
6/8/2019 22:50,35,UNKNOWN,UNKNOWN,RAIN,"DARKNESS, LIGHTED ROAD",REAR END,DIVIDED - W/MEDIAN (NOT RAISED),STRAIGHT AND LEVEL,WET,NO DEFECTS,ON SCENE,INJURY AND / OR TOW DUE TO CRASH,N,"OVER $1,500",FAILING TO REDUCE SPEED TO AVOID CRASH,NOT APPLICABLE,5958,W,IRVING PARK RD,1624,4,INCAPACITATING INJURY,3,0,2,1,0,2,0,22,7,6,41.95317025,-87.77664726
6/9/2019 3:30,30,TRAFFIC SIGNAL,FUNCTIONING PROPERLY,CLEAR,"DARKNESS, LIGHTED ROAD",ANGLE,FOUR WAY,STRAIGHT AND LEVEL,DRY,NO DEFECTS,NOT ON SCENE (DESK REPORT),NO INJURY / DRIVE AWAY,,"OVER $1,500",DISREGARDING TRAFFIC SIGNALS,NOT APPLICABLE,3500,S,ASHLAND AVE,912,2,NO INDICATION OF INJURY,0,0,0,0,0,2,0,3,1,6,41.83040813,-87.66571276
6/4/2019 16:11,30,STOP SIGN/FLASHER,FUNCTIONING PROPERLY,CLEAR,DAYLIGHT,TURNING,NOT DIVIDED,STRAIGHT AND LEVEL,DRY,NO DEFECTS,ON SCENE,NO INJURY / DRIVE AWAY,,"$501 - $1,500",DRIVING SKILLS/KNOWLEDGE/EXPERIENCE,NOT APPLICABLE,9200,S,COMMERCIAL AVE,423,2,NO INDICATION OF INJURY,0,0,0,0,0,2,0,16,3,6,41.7281728,-87.55135937
6/13/2019 18:10,30,NO CONTROLS,NO CONTROLS,CLEAR,DAYLIGHT,SIDESWIPE SAME DIRECTION,ONE-WAY,STRAIGHT AND LEVEL,DRY,NO DEFECTS,ON SCENE,NO INJURY / DRIVE AWAY,,$500 OR LESS,FOLLOWING TOO CLOSELY,NOT APPLICABLE,4548,S,DR MARTIN LUTHER KING JR DR,215,2,NO INDICATION OF INJURY,0,0,0,0,0,2,0,18,5,6,41.81153407,-87.6167954
6/7/2019 8:15,30,NO CONTROLS,NO CONTROLS,CLEAR,DAYLIGHT,PEDALCYCLIST,DIVIDED - W/MEDIAN (NOT RAISED),STRAIGHT AND LEVEL,DRY,NO DEFECTS,NOT ON SCENE (DESK REPORT),INJURY AND / OR TOW DUE TO CRASH,,"OVER $1,500",UNABLE TO DETERMINE,UNABLE TO DETERMINE,4054,N,DAMEN AVE,1911,2,"REPORTED, NOT EVIDENT",1,0,0,0,1,1,0,8,6,6,41.9558296,-87.67895298
6/1/2019 7:12,25,STOP SIGN/FLASHER,FUNCTIONING PROPERLY,CLEAR,DAYLIGHT,REAR END,NOT DIVIDED,STRAIGHT AND LEVEL,DRY,NO DEFECTS,ON SCENE,INJURY AND / OR TOW DUE TO CRASH,Y,"OVER $1,500",FAILING TO REDUCE SPEED TO AVOID CRASH,UNABLE TO DETERMINE,2303,W,GRANVILLE AVE,2413,3,NONINCAPACITATING INJURY,2,0,0,2,0,1,0,7,7,6,41.99402186,-87.68745749
6/4/2019 15:40,30,TRAFFIC SIGNAL,FUNCTIONING PROPERLY,CLEAR,DAYLIGHT,REAR END,NOT DIVIDED,STRAIGHT AND LEVEL,DRY,NO DEFECTS,NOT ON SCENE (DESK REPORT),NO INJURY / DRIVE AWAY,,"$501 - $1,500",UNABLE TO DETERMINE,NOT APPLICABLE,2403,W,26TH ST,1034,2,NO INDICATION OF INJURY,0,0,0,0,0,2,0,15,3,6,41.84471176,-87.68558476
6/5/2019 13:30,30,NO CONTROLS,NO CONTROLS,CLEAR,DAYLIGHT,REAR END,DIVIDED - W/MEDIAN (NOT RAISED),STRAIGHT AND LEVEL,DRY,NO DEFECTS,NOT ON SCENE (DESK REPORT),NO INJURY / DRIVE AWAY,,$500 OR LESS,FOLLOWING TOO CLOSELY,UNABLE TO DETERMINE,4900,S,LAKE PARK AVE,222,2,NO INDICATION OF INJURY,0,0,0,0,0,2,0,13,4,6,41.80557147,-87.58927403
6/1/2019 13:20,30,NO CONTROLS,NO CONTROLS,CLEAR,DAYLIGHT,PEDALCYCLIST,NOT DIVIDED,STRAIGHT AND LEVEL,UNKNOWN,UNKNOWN,NOT ON SCENE (DESK REPORT),INJURY AND / OR TOW DUE TO CRASH,,$500 OR LESS,DRIVING SKILLS/KNOWLEDGE/EXPERIENCE,DRIVING SKILLS/KNOWLEDGE/EXPERIENCE,3150,N,HALSTED ST,1933,2,NONINCAPACITATING INJURY,1,0,0,1,0,2,0,13,7,6,41.9393554,-87.64939388
6/5/2019 17:40,30,STOP SIGN/FLASHER,NO CONTROLS,CLEAR,DAYLIGHT,ANGLE,NOT DIVIDED,STRAIGHT AND LEVEL,DRY,NO DEFECTS,NOT ON SCENE (DESK REPORT),NO INJURY / DRIVE AWAY,,"$501 - $1,500",UNABLE TO DETERMINE,NOT APPLICABLE,299,N,MAY ST,1214,2,NO INDICATION OF INJURY,0,0,0,0,0,2,0,17,4,6,41.88662916,-87.65552548
6/8/2019 12:00,10,NO CONTROLS,NO CONTROLS,CLEAR,DAYLIGHT,PARKED MOTOR VEHICLE,PARKING LOT,STRAIGHT AND LEVEL,DRY,NO DEFECTS,NOT ON SCENE (DESK REPORT),NO INJURY / DRIVE AWAY,,$500 OR LESS,IMPROPER BACKING,NOT APPLICABLE,2620,N,NARRAGANSETT AVE,2512,2,NO INDICATION OF INJURY,0,0,0,0,0,1,0,12,7,6,41.92799529,-87.78575237
6/8/2019 9:45,15,NO CONTROLS,NO CONTROLS,CLEAR,DAYLIGHT,ANGLE,ALLEY,STRAIGHT AND LEVEL,DRY,NO DEFECTS,NOT ON SCENE (DESK REPORT),NO INJURY / DRIVE AWAY,,$500 OR LESS,NOT APPLICABLE,NOT APPLICABLE,10259,S,AVENUE O,432,2,NO INDICATION OF INJURY,0,0,0,0,0,2,0,9,7,6,41.70817181,-87.53997076
6/5/2019 18:30,30,UNKNOWN,UNKNOWN,CLEAR,DAYLIGHT,ANGLE,NOT DIVIDED,STRAIGHT AND LEVEL,DRY,NO DEFECTS,NOT ON SCENE (DESK REPORT),NO INJURY / DRIVE AWAY,,"$501 - $1,500",FAILING TO YIELD RIGHT-OF-WAY,FAILING TO YIELD RIGHT-OF-WAY,7005,W,IRVING PARK RD,1632,2,NO INDICATION OF INJURY,0,0,0,0,0,2,0,18,4,6,41.9526376,-87.80138669
6/8/2019 11:30,10,NO CONTROLS,NO CONTROLS,CLEAR,DAYLIGHT,PARKED MOTOR VEHICLE,PARKING LOT,STRAIGHT AND LEVEL,DRY,NO DEFECTS,ON SCENE,NO INJURY / DRIVE AWAY,,"OVER $1,500",UNABLE TO DETERMINE,UNABLE TO DETERMINE,3414,S,ARCHER AVE,912,2,NO INDICATION OF INJURY,0,0,0,0,0,1,0,11,7,6,41.83183073,-87.67552719
6/13/2019 8:00,30,NO CONTROLS,NO CONTROLS,RAIN,DAYLIGHT,TURNING,NOT DIVIDED,STRAIGHT AND LEVEL,WET,NO DEFECTS,NOT ON SCENE (DESK REPORT),NO INJURY / DRIVE AWAY,,"OVER $1,500",FAILING TO YIELD RIGHT-OF-WAY,UNABLE TO DETERMINE,901,W,WAVELAND AVE,1923,2,NO INDICATION OF INJURY,0,0,0,0,0,2,0,8,5,6,41.94897013,-87.65202081
6/11/2019 13:00,30,NO CONTROLS,NO CONTROLS,CLEAR,DAYLIGHT,PARKED MOTOR VEHICLE,NOT DIVIDED,STRAIGHT AND LEVEL,DRY,NO DEFECTS,NOT ON SCENE (DESK REPORT),NO INJURY / DRIVE AWAY,,"$501 - $1,500",UNABLE TO DETERMINE,UNABLE TO DETERMINE,11203,S,ELLIS AVE,531,2,NO INDICATION OF INJURY,0,0,0,0,0,1,0,13,3,6,41.6909157,-87.60502192
6/2/2019 19:57,30,TRAFFIC SIGNAL,FUNCTIONING PROPERLY,CLEAR,DUSK,REAR END,NOT DIVIDED,STRAIGHT AND LEVEL,DRY,NO DEFECTS,ON SCENE,NO INJURY / DRIVE AWAY,,"$501 - $1,500",UNABLE TO DETERMINE,UNABLE TO DETERMINE,2000,E,95TH ST,413,3,NO INDICATION OF INJURY,0,0,0,0,0,3,0,19,1,6,41.72257947,-87.57529252
6/4/2019 11:51,30,NO CONTROLS,NO CONTROLS,CLEAR,DAYLIGHT,TURNING,NOT DIVIDED,STRAIGHT AND LEVEL,WET,NO DEFECTS,ON SCENE,INJURY AND / OR TOW DUE TO CRASH,Y,"OVER $1,500",FAILING TO YIELD RIGHT-OF-WAY,WEATHER,3257,N,HARLEM AVE,1632,2,"REPORTED, NOT EVIDENT",1,0,0,0,1,2,0,11,3,6,41.93966795,-87.80665975
6/2/2019 23:40,40,TRAFFIC SIGNAL,FUNCTIONING PROPERLY,CLEAR,"DARKNESS, LIGHTED ROAD",REAR END,DIVIDED - W/MEDIAN BARRIER,STRAIGHT AND LEVEL,DRY,NO DEFECTS,ON SCENE,NO INJURY / DRIVE AWAY,,"OVER $1,500",UNABLE TO DETERMINE,UNABLE TO DETERMINE,800,N,LAKE SHORE DR SB,1833,2,NO INDICATION OF INJURY,0,0,0,0,0,4,0,23,1,6,41.89680497,-87.61702742
6/7/2019 12:30,35,NO CONTROLS,NO CONTROLS,CLEAR,DAYLIGHT,SIDESWIPE SAME DIRECTION,NOT DIVIDED,STRAIGHT AND LEVEL,DRY,NO DEFECTS,NOT ON SCENE (DESK REPORT),NO INJURY / DRIVE AWAY,,"OVER $1,500",UNABLE TO DETERMINE,NOT APPLICABLE,5400,W,FOSTER AVE,1623,2,NO INDICATION OF INJURY,0,0,0,0,0,2,0,12,6,6,41.97527832,-87.76283076
6/4/2019 16:50,30,NO CONTROLS,NO CONTROLS,CLOUDY/OVERCAST,DAYLIGHT,PARKED MOTOR VEHICLE,PARKING LOT,STRAIGHT AND LEVEL,DRY,NO DEFECTS,NOT ON SCENE (DESK REPORT),NO INJURY / DRIVE AWAY,,"OVER $1,500",UNABLE TO DETERMINE,UNABLE TO DETERMINE,1655,E,95TH ST,431,2,NO INDICATION OF INJURY,0,0,0,0,0,1,0,16,3,6,41.7222632,-87.58291764
6/10/2019 17:59,30,TRAFFIC SIGNAL,FUNCTIONING PROPERLY,CLEAR,DAYLIGHT,PEDESTRIAN,NOT DIVIDED,STRAIGHT AND LEVEL,DRY,NO DEFECTS,ON SCENE,INJURY AND / OR TOW DUE TO CRASH,Y,"OVER $1,500",FAILING TO YIELD RIGHT-OF-WAY,UNABLE TO DETERMINE,7100,S,WESTERN AVE,832,3,NONINCAPACITATING INJURY,2,0,0,2,0,1,0,17,2,6,41.76460891,-87.68338705
6/12/2019 10:00,30,NO CONTROLS,NO CONTROLS,CLEAR,DAYLIGHT,REAR END,NOT DIVIDED,STRAIGHT AND LEVEL,DRY,NO DEFECTS,NOT ON SCENE (DESK REPORT),NO INJURY / DRIVE AWAY,,"OVER $1,500",IMPROPER BACKING,UNABLE TO DETERMINE,1628,W,CHELSEA PL,2212,2,NO INDICATION OF INJURY,0,0,0,0,0,2,0,10,4,6,41.69295671,-87.6626907
6/14/2019 16:45,30,STOP SIGN/FLASHER,NO CONTROLS,CLEAR,DAYLIGHT,TURNING,FOUR WAY,STRAIGHT AND LEVEL,DRY,NO DEFECTS,ON SCENE,INJURY AND / OR TOW DUE TO CRASH,Y,"OVER $1,500",FAILING TO YIELD RIGHT-OF-WAY,NOT APPLICABLE,500,W,107TH ST,2233,2,NO INDICATION OF INJURY,0,0,0,0,0,4,0,16,6,6,41.69983486,-87.63542721
6/13/2019 20:20,15,UNKNOWN,UNKNOWN,UNKNOWN,UNKNOWN,PARKED MOTOR VEHICLE,ALLEY,STRAIGHT AND LEVEL,UNKNOWN,UNKNOWN,NOT ON SCENE (DESK REPORT),NO INJURY / DRIVE AWAY,,"OVER $1,500",UNABLE TO DETERMINE,NOT APPLICABLE,13443,S,AVENUE O,433,2,NO INDICATION OF INJURY,0,0,0,0,0,1,0,20,5,6,41.6505642,-87.53973549
6/11/2019 13:00,30,NO CONTROLS,NO CONTROLS,CLEAR,DAYLIGHT,PARKED MOTOR VEHICLE,NOT DIVIDED,STRAIGHT AND LEVEL,DRY,UNKNOWN,NOT ON SCENE (DESK REPORT),NO INJURY / DRIVE AWAY,,"OVER $1,500",UNABLE TO DETERMINE,UNABLE TO DETERMINE,1541,W,WRIGHTWOOD AVE,1932,2,NO INDICATION OF INJURY,0,0,0,0,0,1,0,13,3,6,41.92867811,-87.66750766
6/8/2019 0:44,20,NO CONTROLS,NO CONTROLS,CLEAR,"DARKNESS, LIGHTED ROAD",PARKED MOTOR VEHICLE,ONE-WAY,STRAIGHT AND LEVEL,DRY,NO DEFECTS,ON SCENE,NO INJURY / DRIVE AWAY,,"OVER $1,500",UNABLE TO DETERMINE,UNABLE TO DETERMINE,6533,S,GREENWOOD AVE,321,2,NO INDICATION OF INJURY,0,0,0,0,0,3,0,0,7,6,41.77585095,-87.59959579
6/6/2019 10:00,30,NO CONTROLS,NO CONTROLS,CLEAR,DAYLIGHT,PARKED MOTOR VEHICLE,PARKING LOT,STRAIGHT AND LEVEL,DRY,NO DEFECTS,NOT ON SCENE (DESK REPORT),NO INJURY / DRIVE AWAY,,"OVER $1,500",NOT APPLICABLE,NOT APPLICABLE,2430,N,HALSTED ST,1935,2,NO INDICATION OF INJURY,0,0,0,0,0,1,0,10,5,6,41.92635215,-87.64893977
6/5/2019 17:40,25,NO CONTROLS,NO CONTROLS,CLEAR,DAYLIGHT,PEDALCYCLIST,DIVIDED - W/MEDIAN (NOT RAISED),STRAIGHT AND LEVEL,DRY,NO DEFECTS,ON SCENE,INJURY AND / OR TOW DUE TO CRASH,,"OVER $1,500",FAILING TO YIELD RIGHT-OF-WAY,FAILING TO REDUCE SPEED TO AVOID CRASH,2936,W,DEVON AVE,2412,2,NONINCAPACITATING INJURY,1,0,0,1,0,1,0,17,4,6,41.99760301,-87.70352821
6/1/2019 20:56,30,NO CONTROLS,NO CONTROLS,RAIN,DARKNESS,TURNING,DIVIDED - W/MEDIAN (NOT RAISED),STRAIGHT AND LEVEL,WET,NO DEFECTS,ON SCENE,INJURY AND / OR TOW DUE TO CRASH,N,"OVER $1,500",IMPROPER OVERTAKING/PASSING,UNABLE TO DETERMINE,4701,W,DIVERSEY AVE,2521,2,NO INDICATION OF INJURY,0,0,0,0,0,2,0,20,7,6,41.93145501,-87.74420341