CRASH_DATE,POSTED_SPEED_LIMIT,TRAFFIC_CONTROL_DEVICE,DEVICE_CONDITION,WEATHER_CONDITION,LIGHTING_CONDITION,FIRST_CRASH_TYPE,TRAFFICWAY_TYPE,ALIGNMENT,ROADWAY_SURFACE_COND,ROAD_DEFECT,REPORT_TYPE,CRASH_TYPE,INTERSECTION_RELATED_I,DAMAGE,PRIM_CONTRIBUTORY_CAUSE,SEC_CONTRIBUTORY_CAUSE,STREET_NO,STREET_DIRECTION,STREET_NAME,BEAT_OF_OCCURRENCE,NUM_UNITS,MOST_SEVERE_INJURY,INJURIES_TOTAL,INJURIES_FATAL,INJURIES_INCAPACITATING,INJURIES_NON_INCAPACITATING,INJURIES_REPORTED_NOT_EVIDENT,INJURIES_NO_INDICATION,INJURIES_UNKNOWN,CRASH_HOUR,CRASH_DAY_OF_WEEK,CRASH_MONTH,LATITUDE,LONGITUDE
6/4/2019 10:20,30,TRAFFIC SIGNAL,FUNCTIONING PROPERLY,RAIN,DAYLIGHT,PEDESTRIAN,FOUR WAY,STRAIGHT AND LEVEL,WET,NO DEFECTS,ON SCENE,INJURY AND / OR TOW DUE TO CRASH,Y,$500 OR LESS,FAILING TO YIELD RIGHT-OF-WAY,NOT APPLICABLE,6300,S,HALSTED ST,723,2,NONINCAPACITATING INJURY,1,0,0,1,0,1,0,10,3,6,41.7796575,-87.64493099
6/3/2019 13:00,30,TRAFFIC SIGNAL,FUNCTIONING PROPERLY,CLEAR,DAYLIGHT,REAR END,DIVIDED - W/MEDIAN (NOT RAISED),STRAIGHT AND LEVEL,DRY,NO DEFECTS,NOT ON SCENE (DESK REPORT),NO INJURY / DRIVE AWAY,,"OVER $1,500",FOLLOWING TOO CLOSELY,NOT APPLICABLE,8100,S,RACINE AVE,613,2,NO INDICATION OF INJURY,0,0,0,0,0,2,0,13,2,6,41.74676554,-87.65378557
6/2/2019 17:18,30,NO CONTROLS,NO CONTROLS,CLEAR,DAYLIGHT,REAR END,NOT DIVIDED,STRAIGHT AND LEVEL,DRY,NO DEFECTS,ON SCENE,INJURY AND / OR TOW DUE TO CRASH,Y,$500 OR LESS,FOLLOWING TOO CLOSELY,NOT APPLICABLE,2229,W,ADDISON ST,1921,2,NONINCAPACITATING INJURY,1,0,0,1,0,4,0,17,1,6,41.94667468,-87.6845562
6/15/2019 6:08,30,NO CONTROLS,NO CONTROLS,CLOUDY/OVERCAST,DAYLIGHT,PEDESTRIAN,DIVIDED - W/MEDIAN (NOT RAISED),STRAIGHT AND LEVEL,DRY,NO DEFECTS,ON SCENE,INJURY AND / OR TOW DUE TO CRASH,,"OVER $1,500",UNABLE TO DETERMINE,FAILING TO YIELD RIGHT-OF-WAY,6909,W,ARCHER AVE,811,2,NONINCAPACITATING INJURY,1,0,0,1,0,1,0,6,7,6,41.79199256,-87.7944407
6/10/2019 12:25,30,TRAFFIC SIGNAL,FUNCTIONING PROPERLY,CLEAR,DAYLIGHT,REAR END,NOT DIVIDED,STRAIGHT AND LEVEL,DRY,NO DEFECTS,ON SCENE,INJURY AND / OR TOW DUE TO CRASH,,"$501 - $1,500",UNABLE TO DETERMINE,UNABLE TO DETERMINE,1943,N,KEDZIE AVE,1421,2,"REPORTED, NOT EVIDENT",1,0,0,0,1,1,0,12,2,6,41.91685567,-87.70680429
6/4/2019 16:19,30,UNKNOWN,NO CONTROLS,CLEAR,DAYLIGHT,ANGLE,UNKNOWN,STRAIGHT AND LEVEL,DRY,UNKNOWN,NOT ON SCENE (DESK REPORT),NO INJURY / DRIVE AWAY,,"$501 - $1,500",UNABLE TO DETERMINE,UNABLE TO DETERMINE,3242,W,PETERSON AVE,1711,2,NO INDICATION OF INJURY,0,0,0,0,0,2,0,16,3,6,41.99047355,-87.71084608
6/8/2019 15:00,30,NO CONTROLS,NO CONTROLS,CLEAR,DAYLIGHT,PARKED MOTOR VEHICLE,ONE-WAY,STRAIGHT AND LEVEL,DRY,NO DEFECTS,ON SCENE,NO INJURY / DRIVE AWAY,,"OVER $1,500",UNABLE TO DETERMINE,UNABLE TO DETERMINE,2610,S,DRAKE AVE,1032,2,NO INDICATION OF INJURY,0,0,0,0,0,1,0,15,7,6,41.84402207,-87.71370529
6/5/2019 15:15,15,NO CONTROLS,NO CONTROLS,CLEAR,DAYLIGHT,PARKED MOTOR VEHICLE,PARKING LOT,STRAIGHT AND LEVEL,DRY,NO DEFECTS,NOT ON SCENE (DESK REPORT),NO INJURY / DRIVE AWAY,,"$501 - $1,500",NOT APPLICABLE,NOT APPLICABLE,3720,W,ARMITAGE AVE,2525,2,NO INDICATION OF INJURY,0,0,0,0,0,1,0,15,4,6,41.91735291,-87.72006848
6/1/2019 22:00,30,NO CONTROLS,NO CONTROLS,UNKNOWN,UNKNOWN,PARKED MOTOR VEHICLE,NOT DIVIDED,STRAIGHT AND LEVEL,UNKNOWN,UNKNOWN,NOT ON SCENE (DESK REPORT),NO INJURY / DRIVE AWAY,,"OVER $1,500",NOT APPLICABLE,NOT APPLICABLE,2916,W,52ND ST,923,2,NO INDICATION OF INJURY,0,0,0,0,0,1,0,22,7,6,41.79921613,-87.69718909
6/15/2019 2:00,20,NO CONTROLS,NO CONTROLS,CLEAR,DAWN,PARKED MOTOR VEHICLE,NOT DIVIDED,STRAIGHT AND LEVEL,DRY,NO DEFECTS,NOT ON SCENE (DESK REPORT),NO INJURY / DRIVE AWAY,,"$501 - $1,500",UNABLE TO DETERMINE,UNABLE TO DETERMINE,5500,S,CHRISTIANA AVE,822,2,NO INDICATION OF INJURY,0,0,0,0,0,1,0,2,7,6,41.79336704,-87.70737437
6/2/2019 15:30,30,NO CONTROLS,NO CONTROLS,CLEAR,DAYLIGHT,REAR END,NOT DIVIDED,STRAIGHT AND LEVEL,DRY,NO DEFECTS,NOT ON SCENE (DESK REPORT),NO INJURY / DRIVE AWAY,,"OVER $1,500",FOLLOWING TOO CLOSELY,FAILING TO REDUCE SPEED TO AVOID CRASH,2620,E,95TH ST,423,2,NO INDICATION OF INJURY,0,0,0,0,0,3,0,15,1,6,41.72276337,-87.56035459
6/13/2019 17:40,30,NO CONTROLS,NO CONTROLS,CLEAR,DUSK,FIXED OBJECT,ONE-WAY,STRAIGHT AND LEVEL,DRY,NO DEFECTS,ON SCENE,INJURY AND / OR TOW DUE TO CRASH,,"$501 - $1,500",IMPROPER TURNING/NO SIGNAL,UNABLE TO DETERMINE,3601,W,CONGRESS PKWY,1133,1,NO INDICATION OF INJURY,0,0,0,0,0,1,0,17,5,6,41.87437972,-87.71574955
6/12/2019 21:44,35,NO CONTROLS,NO CONTROLS,RAIN,"DARKNESS, LIGHTED ROAD",REAR END,DIVIDED - W/MEDIAN (NOT RAISED),STRAIGHT AND LEVEL,WET,NO DEFECTS,ON SCENE,NO INJURY / DRIVE AWAY,,"$501 - $1,500",FOLLOWING TOO CLOSELY,UNABLE TO DETERMINE,4202,W,FULLERTON AVE,2524,2,NO INDICATION OF INJURY,0,0,0,0,0,2,0,21,4,6,41.92453399,-87.73180879
6/4/2019 10:00,30,NO CONTROLS,NO CONTROLS,RAIN,DAYLIGHT,TURNING,NOT DIVIDED,STRAIGHT AND LEVEL,WET,NO DEFECTS,NOT ON SCENE (DESK REPORT),NO INJURY / DRIVE AWAY,,"$501 - $1,500",NOT APPLICABLE,NOT APPLICABLE,2351,W,FULTON ST,1223,2,NO INDICATION OF INJURY,0,0,0,0,0,3,0,10,3,6,41.88651803,-87.68620313
6/4/2019 12:30,30,TRAFFIC SIGNAL,FUNCTIONING PROPERLY,CLEAR,DAYLIGHT,ANGLE,DIVIDED - W/MEDIAN (NOT RAISED),STRAIGHT AND LEVEL,DRY,NO DEFECTS,ON SCENE,INJURY AND / OR TOW DUE TO CRASH,Y,"OVER $1,500",DISREGARDING OTHER TRAFFIC SIGNS,FAILING TO YIELD RIGHT-OF-WAY,800,W,71ST ST,733,2,"REPORTED, NOT EVIDENT",4,0,0,0,4,0,0,12,3,6,41.76531136,-87.64447748
6/3/2019 2:00,30,TRAFFIC SIGNAL,FUNCTIONING PROPERLY,CLEAR,"DARKNESS, LIGHTED ROAD",REAR END,FOUR WAY,STRAIGHT AND LEVEL,DRY,NO DEFECTS,ON SCENE,NO INJURY / DRIVE AWAY,Y,$500 OR LESS,FOLLOWING TOO CLOSELY,NOT APPLICABLE,3157,W,26TH ST,1033,2,NO INDICATION OF INJURY,0,0,0,0,0,2,0,2,2,6,41.84440882,-87.70489242
6/3/2019 2:00,35,NO CONTROLS,NO CONTROLS,CLEAR,DARKNESS,PARKED MOTOR VEHICLE,UNKNOWN,STRAIGHT AND LEVEL,UNKNOWN,NO DEFECTS,NOT ON SCENE (DESK REPORT),NO INJURY / DRIVE AWAY,,"$501 - $1,500",NOT APPLICABLE,NOT APPLICABLE,7439,S,HARVARD AVE,731,2,NO INDICATION OF INJURY,0,0,0,0,0,1,0,2,2,6,41.75875604,-87.63314273
6/6/2019 12:50,15,NO CONTROLS,NO CONTROLS,CLEAR,DAYLIGHT,PARKED MOTOR VEHICLE,ONE-WAY,STRAIGHT AND LEVEL,DRY,NO DEFECTS,ON SCENE,NO INJURY / DRIVE AWAY,,"$501 - $1,500",IMPROPER OVERTAKING/PASSING,UNABLE TO DETERMINE,8415,S,PAXTON AVE,412,2,NO INDICATION OF INJURY,0,0,0,0,0,1,0,12,5,6,41.74209289,-87.57080542
6/15/2019 13:30,30,NO CONTROLS,NO CONTROLS,CLEAR,DAYLIGHT,PARKED MOTOR VEHICLE,NOT DIVIDED,STRAIGHT AND LEVEL,DRY,NO DEFECTS,NOT ON SCENE (DESK REPORT),NO INJURY / DRIVE AWAY,,"OVER $1,500",NOT APPLICABLE,NOT APPLICABLE,8345,S,ASHLAND AVE,614,2,NO INDICATION OF INJURY,0,0,0,0,0,1,0,13,7,6,41.74174165,-87.66307333
6/10/2019 9:50,30,TRAFFIC SIGNAL,FUNCTIONING PROPERLY,CLEAR,DAYLIGHT,SIDESWIPE SAME DIRECTION,NOT DIVIDED,STRAIGHT AND LEVEL,DRY,NO DEFECTS,ON SCENE,NO INJURY / DRIVE AWAY,Y,"OVER $1,500",IMPROPER OVERTAKING/PASSING,NOT APPLICABLE,651,N,FAIRBANKS CT,1834,2,NO INDICATION OF INJURY,0,0,0,0,0,2,0,9,2,6,41.89416428,-87.62014473
6/6/2019 11:45,30,NO CONTROLS,NO CONTROLS,CLEAR,DAYLIGHT,OTHER NONCOLLISION,NOT DIVIDED,STRAIGHT AND LEVEL,DRY,"RUT, HOLES",NOT ON SCENE (DESK REPORT),NO INJURY / DRIVE AWAY,,"OVER $1,500",NOT APPLICABLE,NOT APPLICABLE,3800,W,115TH ST,2211,1,NO INDICATION OF INJURY,0,0,0,0,0,4,0,11,5,6,41.68415001,-87.71527905
6/6/2019 13:15,30,NO CONTROLS,NO CONTROLS,CLEAR,DAYLIGHT,REAR TO SIDE,NOT DIVIDED,STRAIGHT AND LEVEL,DRY,UNKNOWN,NOT ON SCENE (DESK REPORT),NO INJURY / DRIVE AWAY,,"OVER $1,500",UNABLE TO DETERMINE,UNABLE TO DETERMINE,4043,N,RAVENSWOOD AVE,1912,2,NO INDICATION OF INJURY,0,0,0,0,0,3,0,13,5,6,41.95551935,-87.67367965
6/1/2019 4:36,30,NO CONTROLS,NO CONTROLS,CLEAR,"DARKNESS, LIGHTED ROAD",OTHER OBJECT,ONE-WAY,STRAIGHT AND LEVEL,DRY,NO DEFECTS,ON SCENE,INJURY AND / OR TOW DUE TO CRASH,,"OVER $1,500",DISTRACTION - FROM INSIDE VEHICLE,UNABLE TO DETERMINE,9945,S,LOWE AVE,2232,1,NO INDICATION OF INJURY,0,0,0,0,0,1,0,4,7,6,41.71291976,-87.63920503
6/6/2019 20:35,15,NO CONTROLS,NO CONTROLS,CLEAR,"DARKNESS, LIGHTED ROAD",ANGLE,ALLEY,STRAIGHT AND LEVEL,DRY,NO DEFECTS,NOT ON SCENE (DESK REPORT),NO INJURY / DRIVE AWAY,,"OVER $1,500",FAILING TO YIELD RIGHT-OF-WAY,UNABLE TO DETERMINE,6354,N,ARTESIAN AVE,2413,2,NO INDICATION OF INJURY,0,0,0,0,0,2,0,20,5,6,41.99750402,-87.69124443
6/14/2019 11:30,20,NO CONTROLS,NO CONTROLS,CLEAR,DAYLIGHT,SIDESWIPE SAME DIRECTION,UNKNOWN,STRAIGHT AND LEVEL,DRY,NO DEFECTS,NOT ON SCENE (DESK REPORT),NO INJURY / DRIVE AWAY,,"OVER $1,500",UNABLE TO DETERMINE,NOT APPLICABLE,10408,S,EWING AVE,432,2,NO INDICATION OF INJURY,0,0,0,0,0,2,0,11,6,6,41.70607349,-87.53543292
6/5/2019 14:31,30,NO CONTROLS,FUNCTIONING PROPERLY,CLEAR,DAYLIGHT,SIDESWIPE SAME DIRECTION,NOT DIVIDED,STRAIGHT AND LEVEL,DRY,NO DEFECTS,ON SCENE,INJURY AND / OR TOW DUE TO CRASH,,"OVER $1,500",FAILING TO YIELD RIGHT-OF-WAY,IMPROPER LANE USAGE,1159,S,CALIFORNIA AVE,1135,2,NONINCAPACITATING INJURY,2,0,0,2,0,5,0,14,4,6,41.86660341,-87.69576249
6/15/2019 4:40,30,NO CONTROLS,NO CONTROLS,CLEAR,"DARKNESS, LIGHTED ROAD",PARKED MOTOR VEHICLE,DIVIDED - W/MEDIAN (NOT RAISED),STRAIGHT AND LEVEL,DRY,NO DEFECTS,ON SCENE,INJURY AND / OR TOW DUE TO CRASH,,"OVER $1,500",CELL PHONE USE OTHER THAN TEXTING,NOT APPLICABLE,6032,S,PULASKI RD,813,2,NO INDICATION OF INJURY,0,0,0,0,0,1,0,4,7,6,41.78315553,-87.72303324
6/9/2019 1:00,30,TRAFFIC SIGNAL,FUNCTIONING PROPERLY,CLEAR,DAYLIGHT,TURNING,DIVIDED - W/MEDIAN BARRIER,STRAIGHT AND LEVEL,DRY,NO DEFECTS,NOT ON SCENE (DESK REPORT),NO INJURY / DRIVE AWAY,,"OVER $1,500",IMPROPER TURNING/NO SIGNAL,IMPROPER TURNING/NO SIGNAL,50,W,GARFIELD BLVD,225,2,NO INDICATION OF INJURY,0,0,0,0,0,2,0,1,1,6,41.79472432,-87.62773719
6/14/2019 2:00,30,TRAFFIC SIGNAL,FUNCTIONING PROPERLY,CLEAR,"DARKNESS, LIGHTED ROAD",SIDESWIPE OPPOSITE DIRECTION,NOT DIVIDED,STRAIGHT AND LEVEL,DRY,NO DEFECTS,ON SCENE,INJURY AND / OR TOW DUE TO CRASH,,"OVER $1,500",DRIVING SKILLS/KNOWLEDGE/EXPERIENCE,UNABLE TO DETERMINE,2745,W,71ST ST,831,3,NO INDICATION OF INJURY,0,0,0,0,0,3,0,2,6,6,41.76444093,-87.69237089
6/10/2019 10:35,35,STOP SIGN/FLASHER,FUNCTIONING PROPERLY,CLEAR,DAYLIGHT,ANGLE,NOT DIVIDED,STRAIGHT AND LEVEL,DRY,NO DEFECTS,ON SCENE,INJURY AND / OR TOW DUE TO CRASH,Y,"OVER $1,500",FAILING TO YIELD RIGHT-OF-WAY,NOT APPLICABLE,7200,W,MYRTLE AVE,1612,2,NO INDICATION OF INJURY,0,0,0,0,0,2,0,10,2,6,41.99365793,-87.80701178
6/11/2019 20:45,30,NO CONTROLS,NO CONTROLS,CLEAR,DARKNESS,PARKED MOTOR VEHICLE,ONE-WAY,STRAIGHT AND LEVEL,DRY,NO DEFECTS,ON SCENE,NO INJURY / DRIVE AWAY,,"OVER $1,500","EVASIVE ACTION DUE TO ANIMAL, OBJECT, NONMOTORIST",DISTRACTION - FROM OUTSIDE VEHICLE,6341,S,FRANCISCO AVE,823,2,NO INDICATION OF INJURY,0,0,0,0,0,4,0,20,3,6,41.77785898,-87.69565099
6/9/2019 22:18,15,NO CONTROLS,NO CONTROLS,CLEAR,"DARKNESS, LIGHTED ROAD",REAR TO FRONT,ALLEY,STRAIGHT AND LEVEL,DRY,UNKNOWN,ON SCENE,INJURY AND / OR TOW DUE TO CRASH,,"$501 - $1,500",NOT APPLICABLE,NOT APPLICABLE,2036,W,52ND PL,932,2,NO INDICATION OF INJURY,0,0,0,0,0,3,0,22,1,6,41.79812602,-87.67598123
6/11/2019 12:05,25,NO CONTROLS,NO CONTROLS,CLEAR,DAYLIGHT,PARKED MOTOR VEHICLE,ONE-WAY,STRAIGHT AND LEVEL,DRY,NO DEFECTS,NOT ON SCENE (DESK REPORT),NO INJURY / DRIVE AWAY,,"$501 - $1,500",UNABLE TO DETERMINE,UNABLE TO DETERMINE,835,N,RUSH ST,1833,2,NO INDICATION OF INJURY,0,0,0,0,0,1,0,12,3,6,41.89769101,-87.62588684
6/11/2019 16:20,15,NO CONTROLS,NO CONTROLS,CLEAR,DAYLIGHT,FIXED OBJECT,PARKING LOT,STRAIGHT AND LEVEL,DRY,NO DEFECTS,ON SCENE,INJURY AND / OR TOW DUE TO CRASH,,"OVER $1,500",DRIVING SKILLS/KNOWLEDGE/EXPERIENCE,IMPROPER LANE USAGE,7010,S,PULASKI RD,833,1,NO INDICATION OF INJURY,0,0,0,0,0,1,0,16,3,6,41.76558422,-87.72258229
6/3/2019 10:00,35,NO CONTROLS,NO CONTROLS,CLEAR,DAYLIGHT,REAR END,DIVIDED - W/MEDIAN BARRIER,STRAIGHT AND LEVEL,DRY,NO DEFECTS,NOT ON SCENE (DESK REPORT),INJURY AND / OR TOW DUE TO CRASH,,"$501 - $1,500",FOLLOWING TOO CLOSELY,"OPERATING VEHICLE IN ERRATIC, RECKLESS, CARELESS, NEGLIGENT OR AGGRESSIVE MANNER",2201,S,LAKE SHORE DR W,132,2,"REPORTED, NOT EVIDENT",1,0,0,0,1,1,0,10,2,6,41.85295492,-87.61353407
6/5/2019 1:30,30,NO CONTROLS,NO CONTROLS,RAIN,DARKNESS,PARKED MOTOR VEHICLE,NOT DIVIDED,STRAIGHT AND LEVEL,WET,NO DEFECTS,NOT ON SCENE (DESK REPORT),NO INJURY / DRIVE AWAY,,"OVER $1,500",UNABLE TO DETERMINE,UNABLE TO DETERMINE,6721,N,CALIFORNIA AVE,2412,2,NO INDICATION OF INJURY,0,0,0,0,0,1,0,1,4,6,42.00368234,-87.69965569
6/14/2019 21:45,30,NO CONTROLS,NO CONTROLS,RAIN,"DARKNESS, LIGHTED ROAD",ANGLE,PARKING LOT,STRAIGHT AND LEVEL,WET,NO DEFECTS,NOT ON SCENE (DESK REPORT),NO INJURY / DRIVE AWAY,,"OVER $1,500",FAILING TO YIELD RIGHT-OF-WAY,WEATHER,155,W,85TH ST,622,2,NO INDICATION OF INJURY,0,0,0,0,0,3,0,21,6,6,41.7398515,-87.62888532
6/13/2019 12:48,30,STOP SIGN/FLASHER,FUNCTIONING PROPERLY,CLOUDY/OVERCAST,DAYLIGHT,TURNING,NOT DIVIDED,STRAIGHT AND LEVEL,DRY,NO DEFECTS,ON SCENE,NO INJURY / DRIVE AWAY,Y,"OVER $1,500",FAILING TO YIELD RIGHT-OF-WAY,NOT APPLICABLE,1337,W,MONTROSE AVE,1915,2,NO INDICATION OF INJURY,0,0,0,0,0,3,0,12,5,6,41.96155074,-87.66393866
6/2/2019 14:00,20,NO CONTROLS,NO CONTROLS,CLEAR,DAYLIGHT,PARKED MOTOR VEHICLE,NOT DIVIDED,STRAIGHT AND LEVEL,DRY,NO DEFECTS,NOT ON SCENE (DESK REPORT),NO INJURY / DRIVE AWAY,,"$501 - $1,500",UNABLE TO DETERMINE,UNABLE TO DETERMINE,5705,S,KARLOV AVE,813,2,NO INDICATION OF INJURY,0,0,0,0,0,1,0,14,1,6,41.78937369,-87.72535795
6/8/2019 20:30,45,NO CONTROLS,NO CONTROLS,CLEAR,DUSK,ANIMAL,DIVIDED - W/MEDIAN BARRIER,STRAIGHT AND LEVEL,DRY,NO DEFECTS,,INJURY AND / OR TOW DUE TO CRASH,,"OVER $1,500",ANIMAL,NOT APPLICABLE,8545,S,LAKE SHORE DR,424,1,NO INDICATION OF INJURY,0,0,0,0,0,1,0,20,7,6,41.73983876,-87.54021389
6/12/2019 18:00,30,NO CONTROLS,NO CONTROLS,CLEAR,DAYLIGHT,SIDESWIPE SAME DIRECTION,NOT DIVIDED,STRAIGHT AND LEVEL,DRY,NO DEFECTS,NOT ON SCENE (DESK REPORT),NO INJURY / DRIVE AWAY,,"$501 - $1,500",IMPROPER OVERTAKING/PASSING,FAILING TO REDUCE SPEED TO AVOID CRASH,3539,N,KEDZIE AVE,1733,2,NO INDICATION OF INJURY,0,0,0,0,0,3,0,18,4,6,41.94588826,-87.70765564
6/12/2019 17:00,20,NO CONTROLS,NO CONTROLS,RAIN,DAYLIGHT,TURNING,NOT DIVIDED,STRAIGHT AND LEVEL,WET,NO DEFECTS,ON SCENE,NO INJURY / DRIVE AWAY,Y,"OVER $1,500",FAILING TO YIELD RIGHT-OF-WAY,NOT APPLICABLE,2522,W,55TH ST,923,2,NO INDICATION OF INJURY,0,0,0,0,0,2,0,17,4,6,41.79391591,-87.68756744
6/9/2019 18:50,30,NO CONTROLS,NO CONTROLS,CLEAR,DAYLIGHT,REAR END,DIVIDED - W/MEDIAN (NOT RAISED),STRAIGHT AND LEVEL,DRY,NO DEFECTS,NOT ON SCENE (DESK REPORT),NO INJURY / DRIVE AWAY,,"OVER $1,500",FOLLOWING TOO CLOSELY,NOT APPLICABLE,3019,W,PETERSON AVE,2011,2,NO INDICATION OF INJURY,0,0,0,0,0,2,0,18,1,6,41.99029969,-87.70513321
6/6/2019 16:30,30,NO CONTROLS,NO CONTROLS,CLEAR,DAYLIGHT,SIDESWIPE SAME DIRECTION,ONE-WAY,STRAIGHT AND LEVEL,DRY,NO DEFECTS,NOT ON SCENE (DESK REPORT),INJURY AND / OR TOW DUE TO CRASH,,"OVER $1,500",UNABLE TO DETERMINE,UNABLE TO DETERMINE,5530,W,BYRON ST,1633,2,NONINCAPACITATING INJURY,1,0,0,1,0,1,0,16,5,6,41.95145767,-87.76574977
6/3/2019 5:00,30,NO CONTROLS,NO CONTROLS,CLEAR,DUSK,PARKED MOTOR VEHICLE,ONE-WAY,STRAIGHT AND LEVEL,DRY,UNKNOWN,NOT ON SCENE (DESK REPORT),NO INJURY / DRIVE AWAY,,"OVER $1,500",UNABLE TO DETERMINE,UNABLE TO DETERMINE,5928,N,CAMPBELL AVE,2011,2,NO INDICATION OF INJURY,0,0,0,0,0,1,0,5,2,6,41.98951894,-87.6922153
6/10/2019 22:00,30,NO CONTROLS,NO CONTROLS,CLEAR,DARKNESS,PARKED MOTOR VEHICLE,ONE-WAY,STRAIGHT AND LEVEL,DRY,NO DEFECTS,NOT ON SCENE (DESK REPORT),NO INJURY / DRIVE AWAY,,"OVER $1,500",UNABLE TO DETERMINE,UNABLE TO DETERMINE,7322,S,LAFAYETTE AVE,731,2,NO INDICATION OF INJURY,0,0,0,0,0,1,0,22,2,6,41.76113401,-87.62662015
6/5/2019 8:00,30,NO CONTROLS,NO CONTROLS,CLEAR,DAYLIGHT,ANGLE,OTHER,STRAIGHT AND LEVEL,DRY,NO DEFECTS,NOT ON SCENE (DESK REPORT),NO INJURY / DRIVE AWAY,,"$501 - $1,500",UNABLE TO DETERMINE,NOT APPLICABLE,949,N,ELSTON AVE,1213,2,NO INDICATION OF INJURY,0,0,0,0,0,2,0,8,4,6,41.89974387,-87.65649546
6/11/2019 0:01,30,NO CONTROLS,NO CONTROLS,UNKNOWN,"DARKNESS, LIGHTED ROAD",PARKED MOTOR VEHICLE,ONE-WAY,STRAIGHT AND LEVEL,UNKNOWN,UNKNOWN,NOT ON SCENE (DESK REPORT),NO INJURY / DRIVE AWAY,,"OVER $1,500",UNABLE TO DETERMINE,UNABLE TO DETERMINE,4208,W,DICKENS AVE,2522,2,NO INDICATION OF INJURY,0,0,0,0,0,1,0,0,3,6,41.91903384,-87.73193917
6/13/2019 23:00,30,NO CONTROLS,NO CONTROLS,CLEAR,"DARKNESS, LIGHTED ROAD",TURNING,NOT DIVIDED,STRAIGHT AND LEVEL,DRY,NO DEFECTS,NOT ON SCENE (DESK REPORT),NO INJURY / DRIVE AWAY,,"OVER $1,500",UNABLE TO DETERMINE,NOT APPLICABLE,2351,N,LINCOLN AVE,1812,2,NO INDICATION OF INJURY,0,0,0,0,0,2,0,23,5,6,41.92485724,-87.64772513
6/1/2019 13:21,15,NO CONTROLS,NO CONTROLS,CLEAR,DAYLIGHT,ANGLE,PARKING LOT,STRAIGHT AND LEVEL,DRY,NO DEFECTS,ON SCENE,INJURY AND / OR TOW DUE TO CRASH,,"$501 - $1,500",NOT APPLICABLE,UNABLE TO DETERMINE,4501,W,NORTH AVE,2533,2,NO INDICATION OF INJURY,0,0,0,0,0,2,0,13,7,6,41.90960039,-87.73935647
6/12/2019 16:05,30,STOP SIGN/FLASHER,OTHER,CLOUDY/OVERCAST,DAYLIGHT,SIDESWIPE SAME DIRECTION,NOT DIVIDED,STRAIGHT AND LEVEL,WET,NO DEFECTS,ON SCENE,INJURY AND / OR TOW DUE TO CRASH,,"OVER $1,500",IMPROPER OVERTAKING/PASSING,NOT APPLICABLE,3899,W,AUGUSTA BLVD,1112,3,NO INDICATION OF INJURY,0,0,0,0,0,4,0,16,4,6,41.89893438,-87.72369411
6/14/2019 19:45,30,NO CONTROLS,NO CONTROLS,CLEAR,"DARKNESS, LIGHTED ROAD",PEDALCYCLIST,NOT DIVIDED,STRAIGHT AND LEVEL,DRY,UNKNOWN,ON SCENE,INJURY AND / OR TOW DUE TO CRASH,,"OVER $1,500",NOT APPLICABLE,NOT APPLICABLE,257,N,WESTERN AVE,1223,2,NONINCAPACITATING INJURY,1,0,0,1,0,1,0,19,6,6,41.88632946,-87.68642568
6/2/2019 0:14,30,NO CONTROLS,NO CONTROLS,CLEAR,"DARKNESS, LIGHTED ROAD",REAR END,NOT DIVIDED,STRAIGHT AND LEVEL,DRY,NO DEFECTS,NOT ON SCENE (DESK REPORT),NO INJURY / DRIVE AWAY,,"OVER $1,500",FOLLOWING TOO CLOSELY,NOT APPLICABLE,2300,N,LINCOLN AVE,1812,2,NO INDICATION OF INJURY,0,0,0,0,0,2,0,0,1,6,41.92362447,-87.64642729
6/3/2019 22:05,30,NO CONTROLS,NO CONTROLS,CLEAR,"DARKNESS, LIGHTED ROAD",TURNING,NOT DIVIDED,STRAIGHT AND LEVEL,DRY,UNKNOWN,ON SCENE,INJURY AND / OR TOW DUE TO CRASH,,"OVER $1,500",FAILING TO YIELD RIGHT-OF-WAY,NOT APPLICABLE,1221,N,ASHLAND AVE,1433,2,INCAPACITATING INJURY,1,0,1,0,0,1,0,22,2,6,41.90411399,-87.66736881
6/10/2019 16:30,30,NO CONTROLS,NO CONTROLS,CLEAR,DAYLIGHT,PARKED MOTOR VEHICLE,NOT DIVIDED,STRAIGHT AND LEVEL,DRY,NO DEFECTS,NOT ON SCENE (DESK REPORT),NO INJURY / DRIVE AWAY,,"OVER $1,500",UNABLE TO DETERMINE,UNABLE TO DETERMINE,527,N,MAY ST,1214,2,NO INDICATION OF INJURY,0,0,0,0,0,1,0,16,2,6,41.89200764,-87.65566581
6/6/2019 16:35,30,TRAFFIC SIGNAL,FUNCTIONING PROPERLY,CLEAR,DAYLIGHT,REAR END,FOUR WAY,STRAIGHT AND LEVEL,DRY,NO DEFECTS,ON SCENE,NO INJURY / DRIVE AWAY,Y,"OVER $1,500",FAILING TO REDUCE SPEED TO AVOID CRASH,TEXTING,7158,W,IRVING PARK RD,1632,3,NO INDICATION OF INJURY,0,0,0,0,0,3,0,16,5,6,41.95287563,-87.80601124