CRASH_DATE,POSTED_SPEED_LIMIT,TRAFFIC_CONTROL_DEVICE,DEVICE_CONDITION,WEATHER_CONDITION,LIGHTING_CONDITION,FIRST_CRASH_TYPE,TRAFFICWAY_TYPE,ALIGNMENT,ROADWAY_SURFACE_COND,ROAD_DEFECT,REPORT_TYPE,CRASH_TYPE,INTERSECTION_RELATED_I,DAMAGE,PRIM_CONTRIBUTORY_CAUSE,SEC_CONTRIBUTORY_CAUSE,STREET_NO,STREET_DIRECTION,STREET_NAME,BEAT_OF_OCCURRENCE,NUM_UNITS,MOST_SEVERE_INJURY,INJURIES_TOTAL,INJURIES_FATAL,INJURIES_INCAPACITATING,INJURIES_NON_INCAPACITATING,INJURIES_REPORTED_NOT_EVIDENT,INJURIES_NO_INDICATION,INJURIES_UNKNOWN,CRASH_HOUR,CRASH_DAY_OF_WEEK,CRASH_MONTH,LATITUDE,LONGITUDE
6/5/2019 8:50,15,NO CONTROLS,NO CONTROLS,CLEAR,DAYLIGHT,PEDESTRIAN,PARKING LOT,STRAIGHT AND LEVEL,DRY,NO DEFECTS,ON SCENE,INJURY AND / OR TOW DUE TO CRASH,,$500 OR LESS,FAILING TO YIELD RIGHT-OF-WAY,IMPROPER BACKING,4346,N,KIMBALL AVE,1723,2,NONINCAPACITATING INJURY,1,0,0,1,0,1,0,8,4,6,41.96073136,-87.71327613
6/4/2019 18:00,25,NO CONTROLS,NO CONTROLS,CLEAR,DAYLIGHT,SIDESWIPE OPPOSITE DIRECTION,DIVIDED - W/MEDIAN (NOT RAISED),STRAIGHT AND LEVEL,DRY,NO DEFECTS,ON SCENE,INJURY AND / OR TOW DUE TO CRASH,Y,"OVER $1,500",IMPROPER OVERTAKING/PASSING,NOT APPLICABLE,2300,E,67TH ST,331,2,NO INDICATION OF INJURY,0,0,0,0,0,2,0,18,3,6,41.77363287,-87.56990406
6/11/2019 2:25,40,NO CONTROLS,NO CONTROLS,CLEAR,"DARKNESS, LIGHTED ROAD",FIXED OBJECT,DIVIDED - W/MEDIAN BARRIER,STRAIGHT ON HILLCREST,DRY,NO DEFECTS,ON SCENE,INJURY AND / OR TOW DUE TO CRASH,,"OVER $1,500",UNABLE TO DETERMINE,PHYSICAL CONDITION OF DRIVER,2500,N,LAKE SHORE DR NB,1935,1,NO INDICATION OF INJURY,0,0,0,0,0,1,0,2,3,6,41.92788079,-87.63184319
6/14/2019 17:15,30,NO CONTROLS,NO CONTROLS,CLEAR,DAYLIGHT,SIDESWIPE SAME DIRECTION,ONE-WAY,STRAIGHT AND LEVEL,DRY,NO DEFECTS,ON SCENE,NO INJURY / DRIVE AWAY,,$500 OR LESS,RELATED TO BUS STOP,UNABLE TO DETERMINE,3700,W,CONGRESS PKWY,1133,2,NO INDICATION OF INJURY,0,0,0,0,0,2,0,17,6,6,41.87459484,-87.71813629
6/15/2019 18:10,25,NO CONTROLS,NO CONTROLS,RAIN,DAYLIGHT,TURNING,NOT DIVIDED,STRAIGHT AND LEVEL,WET,NO DEFECTS,ON SCENE,NO INJURY / DRIVE AWAY,Y,"$501 - $1,500",IMPROPER OVERTAKING/PASSING,WEATHER,13200,S,GREENWOOD AVE,533,2,NO INDICATION OF INJURY,0,0,0,0,0,3,0,18,7,6,41.6559139,-87.5951307
6/2/2019 13:40,30,TRAFFIC SIGNAL,FUNCTIONING PROPERLY,CLEAR,DAYLIGHT,REAR END,DIVIDED - W/MEDIAN BARRIER,STRAIGHT AND LEVEL,DRY,NO DEFECTS,NOT ON SCENE (DESK REPORT),NO INJURY / DRIVE AWAY,,"OVER $1,500",UNABLE TO DETERMINE,NOT APPLICABLE,3600,W,DOUGLAS BLVD,1011,2,NO INDICATION OF INJURY,0,0,0,0,0,2,0,13,1,6,41.86296421,-87.71538061
6/4/2019 8:20,30,NO CONTROLS,NO CONTROLS,FOG/SMOKE/HAZE,DAYLIGHT,REAR END,NOT DIVIDED,STRAIGHT AND LEVEL,DRY,NO DEFECTS,NOT ON SCENE (DESK REPORT),NO INJURY / DRIVE AWAY,,"OVER $1,500",FOLLOWING TOO CLOSELY,NOT APPLICABLE,2750,W,COLUMBUS AVE,835,2,NO INDICATION OF INJURY,0,0,0,0,0,5,0,8,3,6,41.75520424,-87.69215101
6/13/2019 17:58,30,NO CONTROLS,NO CONTROLS,CLEAR,DAYLIGHT,SIDESWIPE SAME DIRECTION,NOT DIVIDED,STRAIGHT AND LEVEL,DRY,NO DEFECTS,NOT ON SCENE (DESK REPORT),NO INJURY / DRIVE AWAY,,"OVER $1,500",IMPROPER LANE USAGE,FAILING TO REDUCE SPEED TO AVOID CRASH,654,E,81ST ST,631,2,NO INDICATION OF INJURY,0,0,0,0,0,2,0,17,5,6,41.74769355,-87.60778987
6/12/2019 15:30,30,TRAFFIC SIGNAL,FUNCTIONING PROPERLY,CLEAR,DAYLIGHT,REAR END,DIVIDED - W/MEDIAN (NOT RAISED),STRAIGHT AND LEVEL,DRY,NO DEFECTS,NOT ON SCENE (DESK REPORT),NO INJURY / DRIVE AWAY,,"OVER $1,500",FAILING TO YIELD RIGHT-OF-WAY,FOLLOWING TOO CLOSELY,2321,W,BELMONT AVE,1931,2,NO INDICATION OF INJURY,0,0,0,0,0,2,0,15,4,6,41.9393638,-87.68647118
6/3/2019 14:35,30,NO CONTROLS,NO CONTROLS,CLEAR,DAYLIGHT,REAR END,NOT DIVIDED,STRAIGHT AND LEVEL,DRY,UNKNOWN,NOT ON SCENE (DESK REPORT),NO INJURY / DRIVE AWAY,,"OVER $1,500",FOLLOWING TOO CLOSELY,UNABLE TO DETERMINE,2100,W,ADDISON ST,1921,2,NO INDICATION OF INJURY,0,0,0,0,0,4,0,14,2,6,41.94694042,-87.68104458
6/12/2019 11:25,30,TRAFFIC SIGNAL,FUNCTIONING PROPERLY,RAIN,DAYLIGHT,TURNING,DIVIDED - W/MEDIAN BARRIER,STRAIGHT AND LEVEL,WET,NO DEFECTS,ON SCENE,INJURY AND / OR TOW DUE TO CRASH,Y,"OVER $1,500",FAILING TO YIELD RIGHT-OF-WAY,DRIVING SKILLS/KNOWLEDGE/EXPERIENCE,3201,N,WESTERN AVE,1921,2,NONINCAPACITATING INJURY,4,0,0,4,0,8,0,11,4,6,41.93950746,-87.68776521
6/5/2019 8:40,20,NO CONTROLS,NO CONTROLS,CLEAR,DAYLIGHT,PARKED MOTOR VEHICLE,NOT DIVIDED,STRAIGHT AND LEVEL,DRY,NO DEFECTS,ON SCENE,NO INJURY / DRIVE AWAY,,"OVER $1,500",PHYSICAL CONDITION OF DRIVER,PHYSICAL CONDITION OF DRIVER,1445,N,CLEAVER ST,1433,2,NO INDICATION OF INJURY,0,0,0,0,0,1,0,8,4,6,41.90836729,-87.6638315
6/10/2019 7:30,30,STOP SIGN/FLASHER,FUNCTIONING PROPERLY,CLEAR,DAYLIGHT,ANGLE,FOUR WAY,STRAIGHT AND LEVEL,DRY,NO DEFECTS,ON SCENE,NO INJURY / DRIVE AWAY,Y,$500 OR LESS,FAILING TO YIELD RIGHT-OF-WAY,FAILING TO REDUCE SPEED TO AVOID CRASH,3499,W,LAWRENCE AVE,1723,2,NO INDICATION OF INJURY,0,0,0,0,0,2,0,7,2,6,41.96826698,-87.71574547
6/14/2019 21:40,30,TRAFFIC SIGNAL,FUNCTIONING PROPERLY,CLEAR,DARKNESS,TURNING,OTHER,STRAIGHT AND LEVEL,WET,UNKNOWN,NOT ON SCENE (DESK REPORT),NO INJURY / DRIVE AWAY,Y,"OVER $1,500",DISREGARDING ROAD MARKINGS,NOT APPLICABLE,1401,S,LAKE SHORE DR W,132,2,NO INDICATION OF INJURY,0,0,0,0,0,3,0,21,6,6,41.86415309,-87.6186603
6/7/2019 5:40,30,NO CONTROLS,NO CONTROLS,CLEAR,DUSK,TURNING,NOT DIVIDED,STRAIGHT AND LEVEL,DRY,UNKNOWN,NOT ON SCENE (DESK REPORT),NO INJURY / DRIVE AWAY,,$500 OR LESS,UNABLE TO DETERMINE,UNABLE TO DETERMINE,7174,W,GRAND AVE,2512,2,NO INDICATION OF INJURY,0,0,0,0,0,2,0,5,6,6,41.92398766,-87.80540651
6/8/2019 17:20,25,STOP SIGN/FLASHER,FUNCTIONING PROPERLY,CLEAR,DAYLIGHT,SIDESWIPE SAME DIRECTION,FOUR WAY,STRAIGHT AND LEVEL,DRY,NO DEFECTS,ON SCENE,INJURY AND / OR TOW DUE TO CRASH,Y,"OVER $1,500",FAILING TO YIELD RIGHT-OF-WAY,UNABLE TO DETERMINE,1401,W,WINONA ST,2033,2,NO INDICATION OF INJURY,0,0,0,0,0,2,0,17,7,6,41.97524003,-87.66490487
6/8/2019 5:00,35,TRAFFIC SIGNAL,FUNCTIONING PROPERLY,CLEAR,DAYLIGHT,TURNING,NOT DIVIDED,STRAIGHT AND LEVEL,DRY,NO DEFECTS,ON SCENE,NO INJURY / DRIVE AWAY,Y,"OVER $1,500",NOT APPLICABLE,NOT APPLICABLE,3600,N,CUMBERLAND AVE,1631,2,NO INDICATION OF INJURY,0,0,0,0,0,2,0,5,7,6,41.94484818,-87.83658373
6/1/2019 7:48,30,TRAFFIC SIGNAL,FUNCTIONING PROPERLY,CLEAR,DAYLIGHT,HEAD ON,NOT DIVIDED,STRAIGHT AND LEVEL,DRY,NO DEFECTS,,INJURY AND / OR TOW DUE TO CRASH,Y,"OVER $1,500",DISREGARDING TRAFFIC SIGNALS,DISREGARDING TRAFFIC SIGNALS,5600,W,FOSTER AVE,1622,1,INCAPACITATING INJURY,1,0,1,0,0,1,0,7,7,6,41.97579235,-87.76852357
6/5/2019 13:30,30,STOP SIGN/FLASHER,NO CONTROLS,CLEAR,DAYLIGHT,PEDALCYCLIST,ONE-WAY,STRAIGHT ON HILLCREST,DRY,NO DEFECTS,NOT ON SCENE (DESK REPORT),INJURY AND / OR TOW DUE TO CRASH,,$500 OR LESS,DRIVING ON WRONG SIDE/WRONG WAY,UNABLE TO DETERMINE,5232,W,THOMAS ST,1524,2,NONINCAPACITATING INJURY,1,0,0,1,0,1,0,13,4,6,41.90051378,-87.75710755
6/7/2019 19:30,20,NO CONTROLS,NO CONTROLS,CLEAR,DAYLIGHT,PEDESTRIAN,ONE-WAY,STRAIGHT AND LEVEL,DRY,NO DEFECTS,ON SCENE,INJURY AND / OR TOW DUE TO CRASH,,$500 OR LESS,DISTRACTION - FROM INSIDE VEHICLE,UNABLE TO DETERMINE,2446,W,BRADLEY PL,1921,2,NONINCAPACITATING INJURY,1,0,0,1,0,1,0,19,6,6,41.94954759,-87.6902348
6/6/2019 3:35,30,NO CONTROLS,NO CONTROLS,FOG/SMOKE/HAZE,"DARKNESS, LIGHTED ROAD",FIXED OBJECT,NOT DIVIDED,STRAIGHT AND LEVEL,UNKNOWN,UNKNOWN,ON SCENE,INJURY AND / OR TOW DUE TO CRASH,,"OVER $1,500",FAILING TO REDUCE SPEED TO AVOID CRASH,UNABLE TO DETERMINE,11359,S,WENTWORTH AVE,522,1,NONINCAPACITATING INJURY,1,0,0,1,0,0,0,3,5,6,41.68718457,-87.62759868
6/14/2019 18:00,30,UNKNOWN,UNKNOWN,CLEAR,DAYLIGHT,REAR END,UNKNOWN,STRAIGHT AND LEVEL,DRY,UNKNOWN,NOT ON SCENE (DESK REPORT),NO INJURY / DRIVE AWAY,,"OVER $1,500",UNABLE TO DETERMINE,NOT APPLICABLE,2301,S,LAKE SHORE DR E,132,2,NO INDICATION OF INJURY,0,0,0,0,0,2,0,18,6,6,41.85110748,-87.61286663
6/3/2019 10:45,30,TRAFFIC SIGNAL,FUNCTIONING PROPERLY,CLEAR,DAYLIGHT,TURNING,NOT DIVIDED,STRAIGHT AND LEVEL,DRY,NO DEFECTS,NOT ON SCENE (DESK REPORT),NO INJURY / DRIVE AWAY,Y,"$501 - $1,500",IMPROPER LANE USAGE,NOT APPLICABLE,1210,N,CICERO AVE,2533,2,NO INDICATION OF INJURY,0,0,0,0,0,2,0,10,2,6,41.90273781,-87.74613142
6/1/2019 11:35,30,TRAFFIC SIGNAL,UNKNOWN,CLEAR,DAYLIGHT,REAR END,DIVIDED - W/MEDIAN BARRIER,STRAIGHT AND LEVEL,DRY,UNKNOWN,ON SCENE,NO INJURY / DRIVE AWAY,,$500 OR LESS,UNABLE TO DETERMINE,UNABLE TO DETERMINE,2799,W,CHICAGO AVE,1221,2,NO INDICATION OF INJURY,0,0,0,0,0,6,0,11,7,6,41.89554371,-87.69664101
6/14/2019 16:27,30,NO CONTROLS,NO CONTROLS,CLEAR,DAYLIGHT,PARKED MOTOR VEHICLE,DIVIDED - W/MEDIAN BARRIER,STRAIGHT AND LEVEL,DRY,NO DEFECTS,ON SCENE,NO INJURY / DRIVE AWAY,,$500 OR LESS,IMPROPER BACKING,UNABLE TO DETERMINE,7122,S,ASHLAND AVE,735,2,NO INDICATION OF INJURY,0,0,0,0,0,1,0,16,6,6,41.76426039,-87.6639063
6/7/2019 17:45,30,NO CONTROLS,NO CONTROLS,CLEAR,DAYLIGHT,REAR END,ALLEY,STRAIGHT AND LEVEL,DRY,NO DEFECTS,NOT ON SCENE (DESK REPORT),NO INJURY / DRIVE AWAY,,"OVER $1,500",UNABLE TO DETERMINE,UNABLE TO DETERMINE,5604,N,JERSEY AVE,1711,2,NO INDICATION OF INJURY,0,0,0,0,0,3,0,17,6,6,41.98322298,-87.7090414
6/13/2019 10:15,30,NO CONTROLS,NO CONTROLS,CLOUDY/OVERCAST,DAYLIGHT,SIDESWIPE SAME DIRECTION,NOT DIVIDED,STRAIGHT AND LEVEL,DRY,NO DEFECTS,NOT ON SCENE (DESK REPORT),NO INJURY / DRIVE AWAY,,"OVER $1,500",IMPROPER OVERTAKING/PASSING,UNABLE TO DETERMINE,3900,W,MADISON ST,1122,2,NO INDICATION OF INJURY,0,0,0,0,0,2,0,10,5,6,41.88086516,-87.72337597
6/6/2019 17:55,30,STOP SIGN/FLASHER,FUNCTIONING IMPROPERLY,CLEAR,DAYLIGHT,ANGLE,NOT DIVIDED,STRAIGHT AND LEVEL,DRY,NO DEFECTS,ON SCENE,NO INJURY / DRIVE AWAY,Y,"$501 - $1,500",FAILING TO YIELD RIGHT-OF-WAY,NOT APPLICABLE,4301,S,KEDZIE AVE,922,2,NO INDICATION OF INJURY,0,0,0,0,0,4,0,17,5,6,41.81535908,-87.70411295
6/3/2019 6:20,30,STOP SIGN/FLASHER,NO CONTROLS,CLEAR,DAYLIGHT,TURNING,NOT DIVIDED,STRAIGHT AND LEVEL,DRY,NO DEFECTS,ON SCENE,NO INJURY / DRIVE AWAY,,$500 OR LESS,UNABLE TO DETERMINE,NOT APPLICABLE,2357,W,52ND ST,932,,,,,,,,,,6,2,6,41.79871804,-87.68351092
6/9/2019 14:15,35,NO CONTROLS,NO CONTROLS,CLEAR,DAYLIGHT,SIDESWIPE SAME DIRECTION,NOT DIVIDED,STRAIGHT AND LEVEL,DRY,NO DEFECTS,NOT ON SCENE (DESK REPORT),NO INJURY / DRIVE AWAY,,"$501 - $1,500",UNABLE TO DETERMINE,NOT APPLICABLE,6055,N,NORTHWEST HWY,1611,2,NO INDICATION OF INJURY,0,0,0,0,0,3,0,14,1,6,41.99147762,-87.79732454
6/9/2019 7:40,20,NO CONTROLS,NO CONTROLS,CLEAR,DAYLIGHT,SIDESWIPE SAME DIRECTION,ONE-WAY,STRAIGHT AND LEVEL,DRY,NO DEFECTS,ON SCENE,INJURY AND / OR TOW DUE TO CRASH,,"OVER $1,500",FOLLOWING TOO CLOSELY,FAILING TO REDUCE SPEED TO AVOID CRASH,6216,S,RICHMOND ST,823,4,NO INDICATION OF INJURY,0,0,0,0,0,2,0,7,1,6,41.78033775,-87.697229
6/15/2019 6:05,25,TRAFFIC SIGNAL,FUNCTIONING PROPERLY,CLEAR,DAYLIGHT,ANGLE,NOT DIVIDED,STRAIGHT AND LEVEL,DRY,NO DEFECTS,ON SCENE,INJURY AND / OR TOW DUE TO CRASH,Y,"OVER $1,500",DISREGARDING TRAFFIC SIGNALS,UNABLE TO DETERMINE,6000,W,WRIGHTWOOD AVE,2512,2,NONINCAPACITATING INJURY,2,0,0,2,0,0,0,6,7,6,41.92759328,-87.77590386
6/6/2019 16:20,30,STOP SIGN/FLASHER,FUNCTIONING PROPERLY,CLEAR,DAYLIGHT,TURNING,NOT DIVIDED,STRAIGHT AND LEVEL,DRY,NO DEFECTS,ON SCENE,NO INJURY / DRIVE AWAY,Y,"$501 - $1,500",FAILING TO YIELD RIGHT-OF-WAY,NOT APPLICABLE,3243,S,WESTERN BLVD,911,3,NO INDICATION OF INJURY,0,0,0,0,0,3,0,16,5,6,41.83430182,-87.68481317
6/8/2019 14:10,30,TRAFFIC SIGNAL,FUNCTIONING PROPERLY,CLEAR,DAYLIGHT,TURNING,OTHER,STRAIGHT AND LEVEL,DRY,NO DEFECTS,NOT ON SCENE (DESK REPORT),NO INJURY / DRIVE AWAY,,"$501 - $1,500",UNABLE TO DETERMINE,UNABLE TO DETERMINE,15,W,83RD ST,622,2,NO INDICATION OF INJURY,0,0,0,0,0,2,0,14,7,6,41.7435355,-87.62497822
6/8/2019 0:00,30,UNKNOWN,UNKNOWN,UNKNOWN,UNKNOWN,PARKED MOTOR VEHICLE,DIVIDED - W/MEDIAN (NOT RAISED),STRAIGHT AND LEVEL,UNKNOWN,UNKNOWN,NOT ON SCENE (DESK REPORT),NO INJURY / DRIVE AWAY,,"OVER $1,500",UNABLE TO DETERMINE,NOT APPLICABLE,4924,N,SHERIDAN RD,2024,2,NO INDICATION OF INJURY,0,0,0,0,0,1,0,0,7,6,41.97233317,-87.6550516
6/11/2019 21:57,30,NO CONTROLS,NO CONTROLS,CLEAR,"DARKNESS, LIGHTED ROAD",PARKED MOTOR VEHICLE,NOT DIVIDED,STRAIGHT AND LEVEL,DRY,NO DEFECTS,,INJURY AND / OR TOW DUE TO CRASH,,"OVER $1,500","EVASIVE ACTION DUE TO ANIMAL, OBJECT, NONMOTORIST",NOT APPLICABLE,9431,S,HARVARD AVE,634,1,NO INDICATION OF INJURY,0,0,0,0,0,1,0,21,3,6,41.72334321,-87.63194135
6/8/2019 1:37,30,NO CONTROLS,NO CONTROLS,CLEAR,"DARKNESS, LIGHTED ROAD",SIDESWIPE SAME DIRECTION,NOT DIVIDED,STRAIGHT AND LEVEL,DRY,NO DEFECTS,NOT ON SCENE (DESK REPORT),NO INJURY / DRIVE AWAY,,"OVER $1,500",DISTRACTION - FROM INSIDE VEHICLE,NOT APPLICABLE,25,W,HUBBARD ST,1831,2,NO INDICATION OF INJURY,0,0,0,0,0,2,0,1,7,6,41.88994002,-87.62894827
6/4/2019 12:40,30,NO CONTROLS,NO CONTROLS,UNKNOWN,DAYLIGHT,TURNING,NOT DIVIDED,STRAIGHT AND LEVEL,UNKNOWN,UNKNOWN,NOT ON SCENE (DESK REPORT),NO INJURY / DRIVE AWAY,,"$501 - $1,500",UNABLE TO DETERMINE,NOT APPLICABLE,4247,S,KEDZIE AVE,921,2,NO INDICATION OF INJURY,0,0,0,0,0,4,0,12,3,6,41.81583223,-87.70413325
6/1/2019 12:20,25,TRAFFIC SIGNAL,FUNCTIONING PROPERLY,CLEAR,DAYLIGHT,ANGLE,TRAFFIC ROUTE,STRAIGHT AND LEVEL,DRY,NO DEFECTS,NOT ON SCENE (DESK REPORT),NO INJURY / DRIVE AWAY,,"$501 - $1,500",FAILING TO YIELD RIGHT-OF-WAY,UNABLE TO DETERMINE,22,E,87TH ST,632,2,NO INDICATION OF INJURY,0,0,0,0,0,2,0,12,7,6,41.73645094,-87.62327312
6/8/2019 7:15,25,NO CONTROLS,NO CONTROLS,CLEAR,DAYLIGHT,SIDESWIPE SAME DIRECTION,ONE-WAY,STRAIGHT AND LEVEL,DRY,NO DEFECTS,ON SCENE,NO INJURY / DRIVE AWAY,,"$501 - $1,500",IMPROPER BACKING,NOT APPLICABLE,5631,N,KENMORE AVE,2022,2,NO INDICATION OF INJURY,0,0,0,0,0,2,0,7,7,6,41.98462613,-87.65649611
6/9/2019 23:10,35,NO CONTROLS,NO CONTROLS,CLEAR,"DARKNESS, LIGHTED ROAD",PARKED MOTOR VEHICLE,DIVIDED - W/MEDIAN (NOT RAISED),STRAIGHT AND LEVEL,DRY,NO DEFECTS,ON SCENE,INJURY AND / OR TOW DUE TO CRASH,,"OVER $1,500",FAILING TO REDUCE SPEED TO AVOID CRASH,DRIVING SKILLS/KNOWLEDGE/EXPERIENCE,14,N,WESTERN AVE,1222,2,NO INDICATION OF INJURY,0,0,0,0,0,3,0,23,1,6,41.88159006,-87.68658828
6/5/2019 3:00,30,STOP SIGN/FLASHER,FUNCTIONING PROPERLY,UNKNOWN,DARKNESS,ANGLE,NOT DIVIDED,STRAIGHT AND LEVEL,UNKNOWN,UNKNOWN,NOT ON SCENE (DESK REPORT),NO INJURY / DRIVE AWAY,,"$501 - $1,500",FAILING TO YIELD RIGHT-OF-WAY,NOT APPLICABLE,9600,S,HALSTED ST,2223,2,NO INDICATION OF INJURY,0,0,0,0,0,2,0,3,4,6,41.71925798,-87.64330122
6/11/2019 7:50,30,TRAFFIC SIGNAL,FUNCTIONING PROPERLY,UNKNOWN,DAYLIGHT,REAR END,NOT DIVIDED,STRAIGHT AND LEVEL,UNKNOWN,UNKNOWN,NOT ON SCENE (DESK REPORT),NO INJURY / DRIVE AWAY,,"OVER $1,500",FOLLOWING TOO CLOSELY,FOLLOWING TOO CLOSELY,7400,S,HALSTED ST,733,2,NO INDICATION OF INJURY,0,0,0,0,0,2,0,7,3,6,41.75967458,-87.64442024
6/10/2019 14:30,25,TRAFFIC SIGNAL,FUNCTIONING PROPERLY,CLEAR,DAYLIGHT,SIDESWIPE SAME DIRECTION,NOT DIVIDED,STRAIGHT AND LEVEL,DRY,NO DEFECTS,ON SCENE,NO INJURY / DRIVE AWAY,,$500 OR LESS,UNABLE TO DETERMINE,UNABLE TO DETERMINE,2800,N,CLARK ST,1934,2,NO INDICATION OF INJURY,0,0,0,0,0,2,0,14,2,6,41.9328287,-87.64508035
6/1/2019 10:00,30,NO CONTROLS,NO CONTROLS,CLEAR,DAYLIGHT,REAR END,DIVIDED - W/MEDIAN (NOT RAISED),STRAIGHT AND LEVEL,DRY,NO DEFECTS,ON SCENE,NO INJURY / DRIVE AWAY,,$500 OR LESS,UNABLE TO DETERMINE,NOT APPLICABLE,2550,W,CERMAK RD,1023,2,NO INDICATION OF INJURY,0,0,0,0,0,2,0,10,7,6,41.85208878,-87.69001189
6/1/2019 23:00,30,UNKNOWN,UNKNOWN,CLEAR,"DARKNESS, LIGHTED ROAD",SIDESWIPE SAME DIRECTION,UNKNOWN,STRAIGHT AND LEVEL,DRY,UNKNOWN,NOT ON SCENE (DESK REPORT),NO INJURY / DRIVE AWAY,Y,"$501 - $1,500",IMPROPER LANE USAGE,IMPROPER LANE USAGE,5159,W,JACKSON BLVD,1533,2,NO INDICATION OF INJURY,0,0,0,0,0,2,0,23,7,6,41.8765507,-87.75485109
6/15/2019 4:00,30,NO CONTROLS,NO CONTROLS,CLEAR,"DARKNESS, LIGHTED ROAD",PARKED MOTOR VEHICLE,OTHER,STRAIGHT AND LEVEL,DRY,NO DEFECTS,NOT ON SCENE (DESK REPORT),NO INJURY / DRIVE AWAY,,"OVER $1,500",FOLLOWING TOO CLOSELY,NOT APPLICABLE,11838,S,WALLACE ST,524,2,NO INDICATION OF INJURY,0,0,0,0,0,1,0,4,7,6,41.67852593,-87.63725515
6/2/2019 18:53,15,NO CONTROLS,NO CONTROLS,CLEAR,DAYLIGHT,PARKED MOTOR VEHICLE,PARKING LOT,STRAIGHT AND LEVEL,DRY,NO DEFECTS,ON SCENE,INJURY AND / OR TOW DUE TO CRASH,,"OVER $1,500",EQUIPMENT - VEHICLE CONDITION,NOT APPLICABLE,8253,S,KEDZIE AVE,835,5,NO INDICATION OF INJURY,0,0,0,0,0,1,0,18,1,6,41.74276007,-87.70205802
6/4/2019 14:50,30,TRAFFIC SIGNAL,FUNCTIONING PROPERLY,CLEAR,DAYLIGHT,REAR END,DIVIDED - W/MEDIAN (NOT RAISED),STRAIGHT AND LEVEL,DRY,NO DEFECTS,NOT ON SCENE (DESK REPORT),NO INJURY / DRIVE AWAY,,"OVER $1,500",FOLLOWING TOO CLOSELY,FAILING TO YIELD RIGHT-OF-WAY,3433,W,LAWRENCE AVE,1723,2,NO INDICATION OF INJURY,0,0,0,0,0,3,0,14,3,6,41.96827686,-87.71472509
6/13/2019 12:19,20,NO CONTROLS,NO CONTROLS,CLEAR,DAYLIGHT,SIDESWIPE SAME DIRECTION,NOT DIVIDED,STRAIGHT AND LEVEL,DRY,NO DEFECTS,ON SCENE,NO INJURY / DRIVE AWAY,,"OVER $1,500",FAILING TO YIELD RIGHT-OF-WAY,NOT APPLICABLE,4852,N,MEADE AVE,1622,2,NO INDICATION OF INJURY,0,0,0,0,0,2,0,12,5,6,41.97008289,-87.78086331
6/12/2019 19:00,30,NO CONTROLS,NO CONTROLS,RAIN,DAWN,REAR END,NOT DIVIDED,STRAIGHT AND LEVEL,WET,NO DEFECTS,ON SCENE,NO INJURY / DRIVE AWAY,,$500 OR LESS,UNABLE TO DETERMINE,UNABLE TO DETERMINE,1240,W,47TH ST,924,2,NO INDICATION OF INJURY,0,0,0,0,0,2,0,19,4,6,41.80882219,-87.65679676
6/4/2019 16:40,30,TRAFFIC SIGNAL,FUNCTIONING PROPERLY,CLEAR,DAYLIGHT,REAR END,DIVIDED - W/MEDIAN (NOT RAISED),STRAIGHT AND LEVEL,DRY,NO DEFECTS,ON SCENE,NO INJURY / DRIVE AWAY,,"OVER $1,500",FOLLOWING TOO CLOSELY,NOT APPLICABLE,758,W,CERMAK RD,1235,2,NO INDICATION OF INJURY,0,0,0,0,0,2,0,16,3,6,41.85275664,-87.6464697
6/14/2019 9:13,35,NO CONTROLS,NO CONTROLS,CLEAR,DAYLIGHT,PARKED MOTOR VEHICLE,NOT DIVIDED,STRAIGHT AND LEVEL,DRY,NO DEFECTS,ON SCENE,NO INJURY / DRIVE AWAY,,"OVER $1,500",DRIVING SKILLS/KNOWLEDGE/EXPERIENCE,UNABLE TO DETERMINE,8001,S,ASHLAND AVE,612,2,NO INDICATION OF INJURY,0,0,0,0,0,1,0,9,6,6,41.74843891,-87.66324047
6/4/2019 16:38,30,TRAFFIC SIGNAL,FUNCTIONING PROPERLY,CLEAR,DAYLIGHT,PEDALCYCLIST,DIVIDED - W/MEDIAN (NOT RAISED),STRAIGHT AND LEVEL,DRY,NO DEFECTS,ON SCENE,INJURY AND / OR TOW DUE TO CRASH,Y,$500 OR LESS,UNABLE TO DETERMINE,NOT APPLICABLE,2400,N,CENTRAL AVE,2515,2,NONINCAPACITATING INJURY,1,0,0,1,0,1,0,16,3,6,41.92406892,-87.76614121
6/15/2019 10:55,20,NO CONTROLS,NO CONTROLS,CLOUDY/OVERCAST,DAYLIGHT,FIXED OBJECT,NOT DIVIDED,STRAIGHT AND LEVEL,DRY,NO DEFECTS,ON SCENE,NO INJURY / DRIVE AWAY,,"OVER $1,500",DRIVING SKILLS/KNOWLEDGE/EXPERIENCE,UNABLE TO DETERMINE,1223,N,MONITOR AVE,2531,1,NO INDICATION OF INJURY,0,0,0,0,0,1,0,10,7,6,41.90276469,-87.7715994
6/12/2019 7:40,35,NO CONTROLS,NO CONTROLS,CLEAR,DAYLIGHT,OTHER OBJECT,NOT DIVIDED,STRAIGHT AND LEVEL,UNKNOWN,UNKNOWN,ON SCENE,INJURY AND / OR TOW DUE TO CRASH,,"OVER $1,500",UNABLE TO DETERMINE,UNABLE TO DETERMINE,1838,E,95TH ST,413,1,NO INDICATION OF INJURY,0,0,0,0,0,1,0,7,4,6,41.72253551,-87.57880766
6/5/2019 19:00,30,NO CONTROLS,NO CONTROLS,UNKNOWN,UNKNOWN,PARKED MOTOR VEHICLE,ONE-WAY,STRAIGHT AND LEVEL,UNKNOWN,UNKNOWN,NOT ON SCENE (DESK REPORT),NO INJURY / DRIVE AWAY,,"OVER $1,500",UNABLE TO DETERMINE,NOT APPLICABLE,2417,S,DRAKE AVE,1024,2,NO INDICATION OF INJURY,0,0,0,0,0,1,0,19,4,6,41.84750546,-87.71351146