CRASH_DATE,POSTED_SPEED_LIMIT,TRAFFIC_CONTROL_DEVICE,DEVICE_CONDITION,WEATHER_CONDITION,LIGHTING_CONDITION,FIRST_CRASH_TYPE,TRAFFICWAY_TYPE,ALIGNMENT,ROADWAY_SURFACE_COND,ROAD_DEFECT,REPORT_TYPE,CRASH_TYPE,INTERSECTION_RELATED_I,DAMAGE,PRIM_CONTRIBUTORY_CAUSE,SEC_CONTRIBUTORY_CAUSE,STREET_NO,STREET_DIRECTION,STREET_NAME,BEAT_OF_OCCURRENCE,NUM_UNITS,MOST_SEVERE_INJURY,INJURIES_TOTAL,INJURIES_FATAL,INJURIES_INCAPACITATING,INJURIES_NON_INCAPACITATING,INJURIES_REPORTED_NOT_EVIDENT,INJURIES_NO_INDICATION,INJURIES_UNKNOWN,CRASH_HOUR,CRASH_DAY_OF_WEEK,CRASH_MONTH,LATITUDE,LONGITUDE
6/10/2019 19:00,30,STOP SIGN/FLASHER,OTHER,CLEAR,DAYLIGHT,ANGLE,NOT DIVIDED,STRAIGHT AND LEVEL,DRY,NO DEFECTS,NOT ON SCENE (DESK REPORT),INJURY AND / OR TOW DUE TO CRASH,Y,"OVER $1,500",DISREGARDING STOP SIGN,FAILING TO YIELD RIGHT-OF-WAY,45,E,83RD ST,632,2,"REPORTED, NOT EVIDENT",1,0,0,0,1,2,0,19,2,6,41.74357318,-87.62263624
6/15/2019 18:10,30,TRAFFIC SIGNAL,FUNCTIONING PROPERLY,CLOUDY/OVERCAST,DAYLIGHT,TURNING,NOT DIVIDED,STRAIGHT AND LEVEL,DRY,NO DEFECTS,NOT ON SCENE (DESK REPORT),NO INJURY / DRIVE AWAY,Y,"OVER $1,500",UNABLE TO DETERMINE,NOT APPLICABLE,1571,W,OGDEN AVE,1224,2,NO INDICATION OF INJURY,0,0,0,0,0,2,0,18,7,6,41.88136042,-87.66600527
6/3/2019 0:17,25,NO CONTROLS,NO CONTROLS,CLEAR,"DARKNESS, LIGHTED ROAD",PARKED MOTOR VEHICLE,ONE-WAY,STRAIGHT AND LEVEL,DRY,NO DEFECTS,ON SCENE,NO INJURY / DRIVE AWAY,,"OVER $1,500",UNABLE TO DETERMINE,UNABLE TO DETERMINE,10537,S,AVENUE F,432,4,NO INDICATION OF INJURY,0,0,0,0,0,2,0,0,2,6,41.70342845,-87.53030577
6/6/2019 18:00,30,TRAFFIC SIGNAL,FUNCTIONING PROPERLY,CLEAR,DAYLIGHT,SIDESWIPE SAME DIRECTION,DIVIDED - W/MEDIAN BARRIER,STRAIGHT ON GRADE,UNKNOWN,UNKNOWN,ON SCENE,NO INJURY / DRIVE AWAY,,"OVER $1,500",UNABLE TO DETERMINE,UNABLE TO DETERMINE,340,N,MICHIGAN AVE,111,2,NO INDICATION OF INJURY,0,0,0,0,0,2,0,18,5,6,41.88770577,-87.62470386
6/12/2019 15:50,20,TRAFFIC SIGNAL,FUNCTIONING PROPERLY,CLEAR,DAYLIGHT,TURNING,NOT DIVIDED,STRAIGHT AND LEVEL,DRY,NO DEFECTS,ON SCENE,INJURY AND / OR TOW DUE TO CRASH,Y,$500 OR LESS,IMPROPER TURNING/NO SIGNAL,UNABLE TO DETERMINE,11500,S,STATE ST,522,2,NO INDICATION OF INJURY,0,0,0,0,0,2,0,15,4,6,41.68526063,-87.62303448
6/12/2019 12:50,30,TRAFFIC SIGNAL,FUNCTIONING PROPERLY,RAIN,DAYLIGHT,FIXED OBJECT,DIVIDED - W/MEDIAN BARRIER,STRAIGHT AND LEVEL,WET,NO DEFECTS,ON SCENE,INJURY AND / OR TOW DUE TO CRASH,N,"OVER $1,500","EVASIVE ACTION DUE TO ANIMAL, OBJECT, NONMOTORIST",NOT APPLICABLE,200,N,OGDEN AVE,1215,2,INCAPACITATING INJURY,1,0,1,0,0,1,0,12,4,6,41.8854749,-87.66280519
6/15/2019 0:00,30,TRAFFIC SIGNAL,FUNCTIONING PROPERLY,RAIN,"DARKNESS, LIGHTED ROAD",TURNING,FOUR WAY,STRAIGHT AND LEVEL,WET,NO DEFECTS,NOT ON SCENE (DESK REPORT),INJURY AND / OR TOW DUE TO CRASH,Y,"OVER $1,500",DISREGARDING TRAFFIC SIGNALS,WEATHER,15,W,87TH ST,634,2,NO INDICATION OF INJURY,0,0,0,0,0,2,0,0,7,6,41.73617002,-87.62501116
6/12/2019 2:20,30,NO CONTROLS,NO CONTROLS,CLEAR,"DARKNESS, LIGHTED ROAD",PARKED MOTOR VEHICLE,NOT DIVIDED,STRAIGHT AND LEVEL,DRY,UNKNOWN,NOT ON SCENE (DESK REPORT),INJURY AND / OR TOW DUE TO CRASH,,"OVER $1,500",FAILING TO REDUCE SPEED TO AVOID CRASH,NOT APPLICABLE,3136,W,NORTH AVE,1421,3,NONINCAPACITATING INJURY,1,0,0,1,0,1,0,2,4,6,41.91023236,-87.70597968
6/9/2019 1:45,30,TRAFFIC SIGNAL,FUNCTIONING PROPERLY,CLEAR,"DARKNESS, LIGHTED ROAD",REAR TO FRONT,"FIVE POINT, OR MORE",STRAIGHT AND LEVEL,DRY,NO DEFECTS,ON SCENE,NO INJURY / DRIVE AWAY,Y,$500 OR LESS,EQUIPMENT - VEHICLE CONDITION,NOT APPLICABLE,2000,N,ELSTON AVE,1432,2,,,,,,,,,1,1,6,41.91788277,-87.66765509
6/7/2019 16:40,30,TRAFFIC SIGNAL,FUNCTIONING PROPERLY,CLEAR,DAYLIGHT,REAR END,NOT DIVIDED,STRAIGHT AND LEVEL,DRY,NO DEFECTS,NOT ON SCENE (DESK REPORT),NO INJURY / DRIVE AWAY,Y,$500 OR LESS,FOLLOWING TOO CLOSELY,NOT APPLICABLE,3399,N,HALSTED ST,1925,2,NO INDICATION OF INJURY,0,0,0,0,0,2,0,16,6,6,41.94357316,-87.64922664
6/15/2019 14:00,30,NO CONTROLS,NO CONTROLS,CLEAR,DAYLIGHT,REAR END,DIVIDED - W/MEDIAN (NOT RAISED),STRAIGHT AND LEVEL,WET,UNKNOWN,NOT ON SCENE (DESK REPORT),NO INJURY / DRIVE AWAY,,"OVER $1,500",FOLLOWING TOO CLOSELY,FAILING TO REDUCE SPEED TO AVOID CRASH,4025,W,MELROSE ST,1731,2,NO INDICATION OF INJURY,0,0,0,0,0,3,0,14,7,6,41.9398811,-87.72824424
6/2/2019 6:45,30,TRAFFIC SIGNAL,FUNCTIONING PROPERLY,CLEAR,DAYLIGHT,ANGLE,NOT DIVIDED,STRAIGHT AND LEVEL,DRY,NO DEFECTS,NOT ON SCENE (DESK REPORT),NO INJURY / DRIVE AWAY,Y,"$501 - $1,500",DISREGARDING TRAFFIC SIGNALS,UNABLE TO DETERMINE,3801,W,CHICAGO AVE,1112,2,NO INDICATION OF INJURY,0,0,0,0,0,2,0,6,1,6,41.89530274,-87.72125107
6/12/2019 12:15,20,STOP SIGN/FLASHER,NO CONTROLS,CLEAR,DAYLIGHT,REAR END,NOT DIVIDED,STRAIGHT AND LEVEL,DRY,NO DEFECTS,ON SCENE,NO INJURY / DRIVE AWAY,,"$501 - $1,500",IMPROPER OVERTAKING/PASSING,UNABLE TO DETERMINE,5825,W,BLOOMINGDALE AVE,2531,2,NO INDICATION OF INJURY,0,0,0,0,0,2,0,12,4,6,41.91248416,-87.77150895
6/2/2019 9:45,30,TRAFFIC SIGNAL,FUNCTIONING PROPERLY,CLEAR,DAYLIGHT,SIDESWIPE SAME DIRECTION,NOT DIVIDED,STRAIGHT AND LEVEL,UNKNOWN,UNKNOWN,NOT ON SCENE (DESK REPORT),NO INJURY / DRIVE AWAY,Y,$500 OR LESS,IMPROPER TURNING/NO SIGNAL,NOT APPLICABLE,3900,S,ARCHER AVE,921,2,NO INDICATION OF INJURY,0,0,0,0,0,2,0,9,1,6,41.82290968,-87.69009733
6/9/2019 3:38,30,TRAFFIC SIGNAL,FUNCTIONING PROPERLY,CLEAR,"DARKNESS, LIGHTED ROAD",TURNING,FOUR WAY,STRAIGHT AND LEVEL,DRY,NO DEFECTS,ON SCENE,NO INJURY / DRIVE AWAY,Y,"OVER $1,500",FAILING TO YIELD RIGHT-OF-WAY,FAILING TO YIELD RIGHT-OF-WAY,2398,N,MILWAUKEE AVE,1414,2,NO INDICATION OF INJURY,0,0,0,0,0,4,0,3,1,6,41.9246468,-87.7004206
6/15/2019 15:00,30,NO CONTROLS,NO CONTROLS,RAIN,DAYLIGHT,TURNING,ONE-WAY,STRAIGHT AND LEVEL,WET,NO DEFECTS,NOT ON SCENE (DESK REPORT),NO INJURY / DRIVE AWAY,,"OVER $1,500",IMPROPER TURNING/NO SIGNAL,FAILING TO YIELD RIGHT-OF-WAY,7900,S,LAFAYETTE AVE,623,2,NO INDICATION OF INJURY,0,0,0,0,0,3,0,15,7,6,41.75089105,-87.62596851
6/5/2019 18:19,30,TRAFFIC SIGNAL,FUNCTIONING PROPERLY,CLEAR,DAYLIGHT,ANGLE,NOT DIVIDED,STRAIGHT AND LEVEL,DRY,NO DEFECTS,ON SCENE,INJURY AND / OR TOW DUE TO CRASH,Y,"OVER $1,500",DISREGARDING TRAFFIC SIGNALS,NOT APPLICABLE,3800,W,HARRISON ST,1133,2,NO INDICATION OF INJURY,0,0,0,0,0,3,0,18,4,6,41.87362412,-87.72040656
6/2/2019 12:55,30,TRAFFIC SIGNAL,FUNCTIONING PROPERLY,CLEAR,DAYLIGHT,REAR END,NOT DIVIDED,STRAIGHT AND LEVEL,DRY,NO DEFECTS,NOT ON SCENE (DESK REPORT),NO INJURY / DRIVE AWAY,Y,$500 OR LESS,FOLLOWING TOO CLOSELY,DISTRACTION - FROM INSIDE VEHICLE,1601,W,FULLERTON AVE,1811,2,NO INDICATION OF INJURY,0,0,0,0,0,3,0,12,1,6,41.92504107,-87.66820133
6/11/2019 18:48,30,NO CONTROLS,NO CONTROLS,CLEAR,DAYLIGHT,REAR END,DIVIDED - W/MEDIAN (NOT RAISED),STRAIGHT AND LEVEL,DRY,NO DEFECTS,ON SCENE,NO INJURY / DRIVE AWAY,,"OVER $1,500",NOT APPLICABLE,UNABLE TO DETERMINE,10601,S,PULASKI RD,2211,3,NO INDICATION OF INJURY,0,0,0,0,0,3,0,18,3,6,41.70035527,-87.7205409
6/3/2019 7:15,30,POLICE/FLAGMAN,OTHER,CLEAR,DAYLIGHT,SIDESWIPE SAME DIRECTION,NOT DIVIDED,STRAIGHT AND LEVEL,DRY,OTHER,ON SCENE,NO INJURY / DRIVE AWAY,N,"OVER $1,500",ROAD CONSTRUCTION/MAINTENANCE,NOT APPLICABLE,6401,N,RIDGE BLVD,2432,2,NO INDICATION OF INJURY,0,0,0,0,0,3,0,7,2,6,41.99808892,-87.67674037
6/2/2019 14:05,40,NO CONTROLS,NO CONTROLS,CLEAR,DAYLIGHT,REAR END,DIVIDED - W/MEDIAN BARRIER,STRAIGHT AND LEVEL,DRY,NO DEFECTS,NOT ON SCENE (DESK REPORT),NO INJURY / DRIVE AWAY,,"OVER $1,500",FOLLOWING TOO CLOSELY,NOT APPLICABLE,1200,N,LAKE SHORE DR NB,1824,2,NO INDICATION OF INJURY,0,0,0,0,0,3,0,14,1,6,41.90412258,-87.62457001
6/10/2019 8:30,30,TRAFFIC SIGNAL,FUNCTIONING PROPERLY,CLEAR,DAYLIGHT,HEAD ON,NOT DIVIDED,STRAIGHT AND LEVEL,DRY,NO DEFECTS,ON SCENE,NO INJURY / DRIVE AWAY,Y,"OVER $1,500",FAILING TO REDUCE SPEED TO AVOID CRASH,FAILING TO YIELD RIGHT-OF-WAY,401,S,CANAL ST,121,2,NO INDICATION OF INJURY,0,0,0,0,0,2,0,8,2,6,41.87668676,-87.63950269
6/2/2019 16:42,30,TRAFFIC SIGNAL,FUNCTIONING PROPERLY,CLEAR,DAYLIGHT,TURNING,NOT DIVIDED,STRAIGHT AND LEVEL,DRY,NO DEFECTS,ON SCENE,INJURY AND / OR TOW DUE TO CRASH,,"OVER $1,500",DRIVING ON WRONG SIDE/WRONG WAY,DRIVING SKILLS/KNOWLEDGE/EXPERIENCE,1403,W,76TH ST,612,2,NONINCAPACITATING INJURY,1,0,0,1,0,3,0,16,1,6,41.75577137,-87.65888436
6/11/2019 10:00,20,STOP SIGN/FLASHER,FUNCTIONING PROPERLY,CLEAR,DAYLIGHT,ANGLE,FOUR WAY,STRAIGHT AND LEVEL,DRY,NO DEFECTS,ON SCENE,NO INJURY / DRIVE AWAY,,"$501 - $1,500",DISREGARDING STOP SIGN,NOT APPLICABLE,400,W,101ST ST,2232,2,NO INDICATION OF INJURY,0,0,0,0,0,2,0,10,3,6,41.71080115,-87.63378127
6/15/2019 14:40,30,NO CONTROLS,NO CONTROLS,RAIN,DAYLIGHT,PEDALCYCLIST,ONE-WAY,STRAIGHT AND LEVEL,WET,NO DEFECTS,NOT ON SCENE (DESK REPORT),NO INJURY / DRIVE AWAY,Y,$500 OR LESS,UNABLE TO DETERMINE,UNABLE TO DETERMINE,4600,N,LEAVITT ST,1911,2,NO INDICATION OF INJURY,0,0,0,0,0,3,0,14,7,6,41.96502335,-87.68408393
6/10/2019 17:30,30,OTHER,OTHER,CLEAR,DAYLIGHT,TURNING,NOT DIVIDED,STRAIGHT AND LEVEL,DRY,NO DEFECTS,ON SCENE,NO INJURY / DRIVE AWAY,,"$501 - $1,500",FAILING TO YIELD RIGHT-OF-WAY,FAILING TO YIELD RIGHT-OF-WAY,7700,W,TOUHY AVE,1611,2,NO INDICATION OF INJURY,0,0,0,0,0,3,0,17,2,6,42.01151466,-87.81887326
6/9/2019 12:55,30,NO CONTROLS,NO CONTROLS,CLEAR,DAYLIGHT,TURNING,NOT DIVIDED,STRAIGHT AND LEVEL,WET,NO DEFECTS,ON SCENE,INJURY AND / OR TOW DUE TO CRASH,,"OVER $1,500",UNABLE TO DETERMINE,UNABLE TO DETERMINE,7120,S,YATES BLVD,334,3,NO INDICATION OF INJURY,0,0,0,0,0,3,0,12,1,6,41.76550927,-87.56665106
6/11/2019 16:30,15,STOP SIGN/FLASHER,FUNCTIONING PROPERLY,CLEAR,DAYLIGHT,PARKED MOTOR VEHICLE,PARKING LOT,STRAIGHT AND LEVEL,DRY,NO DEFECTS,NOT ON SCENE (DESK REPORT),NO INJURY / DRIVE AWAY,,"OVER $1,500",UNABLE TO DETERMINE,UNABLE TO DETERMINE,3350,N,WESTERN AVE,1921,2,NO INDICATION OF INJURY,0,0,0,0,0,1,0,16,3,6,41.9427472,-87.68835432
6/6/2019 14:00,30,UNKNOWN,UNKNOWN,CLEAR,DAYLIGHT,REAR END,ONE-WAY,STRAIGHT AND LEVEL,DRY,UNKNOWN,ON SCENE,NO INJURY / DRIVE AWAY,,"$501 - $1,500",IMPROPER BACKING,UNABLE TO DETERMINE,1700,S,MICHIGAN AVE,131,2,NO INDICATION OF INJURY,0,0,0,0,0,2,0,14,5,6,41.8589963,-87.62410567
6/9/2019 15:00,20,NO CONTROLS,NO CONTROLS,CLEAR,DARKNESS,PARKED MOTOR VEHICLE,NOT DIVIDED,STRAIGHT AND LEVEL,DRY,NO DEFECTS,NOT ON SCENE (DESK REPORT),NO INJURY / DRIVE AWAY,,"$501 - $1,500",UNABLE TO DETERMINE,UNABLE TO DETERMINE,6400,S,KILPATRICK AVE,813,2,NO INDICATION OF INJURY,0,0,0,0,0,1,0,15,1,6,41.77654441,-87.73993742
6/4/2019 0:01,10,NO CONTROLS,NO CONTROLS,UNKNOWN,UNKNOWN,PARKED MOTOR VEHICLE,DIVIDED - W/MEDIAN (NOT RAISED),STRAIGHT AND LEVEL,UNKNOWN,UNKNOWN,NOT ON SCENE (DESK REPORT),NO INJURY / DRIVE AWAY,,"$501 - $1,500",UNABLE TO DETERMINE,UNABLE TO DETERMINE,4336,S,ST LAWRENCE AVE,221,2,NO INDICATION OF INJURY,0,0,0,0,0,1,0,0,3,6,41.81562208,-87.61175526
6/14/2019 8:50,30,TRAFFIC SIGNAL,UNKNOWN,CLEAR,DAYLIGHT,TURNING,FOUR WAY,STRAIGHT ON GRADE,DRY,UNKNOWN,NOT ON SCENE (DESK REPORT),NO INJURY / DRIVE AWAY,Y,"OVER $1,500",FOLLOWING TOO CLOSELY,UNABLE TO DETERMINE,5600,N,RIDGE AVE,2013,2,NO INDICATION OF INJURY,0,0,0,0,0,2,0,8,6,6,41.98357807,-87.66022781
6/5/2019 7:35,30,NO CONTROLS,NO CONTROLS,CLEAR,DAYLIGHT,ANGLE,NOT DIVIDED,STRAIGHT AND LEVEL,WET,NO DEFECTS,ON SCENE,INJURY AND / OR TOW DUE TO CRASH,Y,"OVER $1,500",NOT APPLICABLE,NOT APPLICABLE,6600,W,HIGGINS AVE,1613,3,NO INDICATION OF INJURY,0,0,0,0,0,3,0,7,4,6,41.97796416,-87.79267746
6/4/2019 15:30,30,NO CONTROLS,NO CONTROLS,CLEAR,DAYLIGHT,SIDESWIPE SAME DIRECTION,NOT DIVIDED,STRAIGHT AND LEVEL,DRY,UNKNOWN,NOT ON SCENE (DESK REPORT),NO INJURY / DRIVE AWAY,,"$501 - $1,500",IMPROPER OVERTAKING/PASSING,UNABLE TO DETERMINE,9930,S,EWING AVE,432,2,NO INDICATION OF INJURY,0,0,0,0,0,3,0,15,3,6,41.71482455,-87.53542388
6/9/2019 11:35,30,TRAFFIC SIGNAL,FUNCTIONING PROPERLY,RAIN,DAYLIGHT,REAR END,DIVIDED - W/MEDIAN BARRIER,STRAIGHT AND LEVEL,WET,NO DEFECTS,ON SCENE,INJURY AND / OR TOW DUE TO CRASH,N,"OVER $1,500",FAILING TO REDUCE SPEED TO AVOID CRASH,IMPROPER LANE USAGE,5,E,CONGRESS PKWY,123,2,NO INDICATION OF INJURY,0,0,0,0,0,4,0,11,1,6,41.87553712,-87.62742324
6/4/2019 8:29,30,NO CONTROLS,NO CONTROLS,CLEAR,DAYLIGHT,SIDESWIPE SAME DIRECTION,NOT DIVIDED,STRAIGHT AND LEVEL,DRY,NO DEFECTS,ON SCENE,NO INJURY / DRIVE AWAY,,"$501 - $1,500",FAILING TO YIELD RIGHT-OF-WAY,UNABLE TO DETERMINE,5555,N,WESTERN AVE,2012,2,NO INDICATION OF INJURY,0,0,0,0,0,2,0,8,3,6,41.98297021,-87.68929352
6/8/2019 12:39,30,TRAFFIC SIGNAL,FUNCTIONING PROPERLY,CLEAR,DAYLIGHT,SIDESWIPE SAME DIRECTION,NOT DIVIDED,STRAIGHT AND LEVEL,DRY,NO DEFECTS,NOT ON SCENE (DESK REPORT),NO INJURY / DRIVE AWAY,,"$501 - $1,500",IMPROPER LANE USAGE,NOT APPLICABLE,3800,W,CHICAGO AVE,1112,2,NO INDICATION OF INJURY,0,0,0,0,0,5,0,12,7,6,41.89552225,-87.72125465
6/10/2019 13:00,25,NO CONTROLS,NO CONTROLS,CLEAR,DAYLIGHT,FIXED OBJECT,DIVIDED - W/MEDIAN BARRIER,STRAIGHT AND LEVEL,DRY,UNKNOWN,NOT ON SCENE (DESK REPORT),INJURY AND / OR TOW DUE TO CRASH,,"OVER $1,500",EQUIPMENT - VEHICLE CONDITION,UNABLE TO DETERMINE,1700,W,HOWARD ST,2422,1,NO INDICATION OF INJURY,0,0,0,0,0,1,0,13,2,6,42.01949533,-87.67311212
6/15/2019 14:30,30,TRAFFIC SIGNAL,FUNCTIONING PROPERLY,CLEAR,DAYLIGHT,SIDESWIPE SAME DIRECTION,NOT DIVIDED,STRAIGHT AND LEVEL,WET,"RUT, HOLES",NOT ON SCENE (DESK REPORT),NO INJURY / DRIVE AWAY,,"$501 - $1,500",UNABLE TO DETERMINE,UNABLE TO DETERMINE,2600,S,CALIFORNIA AVE,1033,2,NO INDICATION OF INJURY,0,0,0,0,0,2,0,14,7,6,41.8445843,-87.69535984
6/6/2019 15:45,30,NO CONTROLS,NO CONTROLS,CLEAR,DAYLIGHT,PARKED MOTOR VEHICLE,NOT DIVIDED,STRAIGHT AND LEVEL,DRY,NO DEFECTS,NOT ON SCENE (DESK REPORT),NO INJURY / DRIVE AWAY,,"OVER $1,500",UNABLE TO DETERMINE,NOT APPLICABLE,4502,W,CARROLL AVE,1113,2,NO INDICATION OF INJURY,0,0,0,0,0,1,0,15,5,6,41.88695574,-87.7383156
6/4/2019 8:20,30,NO CONTROLS,NO CONTROLS,CLEAR,DAYLIGHT,REAR END,ROUNDABOUT,STRAIGHT AND LEVEL,DRY,NO DEFECTS,ON SCENE,NO INJURY / DRIVE AWAY,Y,$500 OR LESS,IMPROPER LANE USAGE,NOT APPLICABLE,3116,W,LOGAN BLVD,1411,2,NO INDICATION OF INJURY,0,0,0,0,0,2,0,8,3,6,41.92872997,-87.70562266
6/14/2019 16:00,30,NO CONTROLS,NO CONTROLS,CLEAR,DAYLIGHT,SIDESWIPE SAME DIRECTION,NOT DIVIDED,STRAIGHT AND LEVEL,DRY,NO DEFECTS,NOT ON SCENE (DESK REPORT),NO INJURY / DRIVE AWAY,,"OVER $1,500",IMPROPER LANE USAGE,NOT APPLICABLE,4400,S,WABASH AVE,215,2,NO INDICATION OF INJURY,0,0,0,0,0,2,0,16,6,6,41.81462079,-87.6247534
6/8/2019 20:00,30,NO CONTROLS,NO CONTROLS,CLEAR,DAWN,ANIMAL,DIVIDED - W/MEDIAN (NOT RAISED),STRAIGHT AND LEVEL,DRY,UNKNOWN,NOT ON SCENE (DESK REPORT),NO INJURY / DRIVE AWAY,,$500 OR LESS,FAILING TO REDUCE SPEED TO AVOID CRASH,NOT APPLICABLE,3616,W,POLK ST,1133,1,NO INDICATION OF INJURY,0,0,0,0,0,1,0,20,7,6,41.87094078,-87.71629183
6/1/2019 18:15,25,TRAFFIC SIGNAL,FUNCTIONING PROPERLY,RAIN,DAYLIGHT,REAR END,DIVIDED - W/MEDIAN (NOT RAISED),STRAIGHT AND LEVEL,WET,NO DEFECTS,NOT ON SCENE (DESK REPORT),NO INJURY / DRIVE AWAY,,"OVER $1,500",WEATHER,FOLLOWING TOO CLOSELY,6350,W,63RD ST,812,2,NO INDICATION OF INJURY,0,0,0,0,0,2,0,18,7,6,41.77779322,-87.78084241
6/10/2019 17:10,30,TRAFFIC SIGNAL,FUNCTIONING PROPERLY,CLEAR,DAYLIGHT,SIDESWIPE SAME DIRECTION,NOT DIVIDED,STRAIGHT AND LEVEL,DRY,NO DEFECTS,NOT ON SCENE (DESK REPORT),NO INJURY / DRIVE AWAY,Y,"$501 - $1,500",UNABLE TO DETERMINE,UNABLE TO DETERMINE,658,N,LA SALLE DR,1832,2,NO INDICATION OF INJURY,0,0,0,0,0,2,0,17,2,6,41.8940496,-87.63280877
6/6/2019 15:07,30,NO CONTROLS,NO CONTROLS,CLEAR,DAYLIGHT,SIDESWIPE SAME DIRECTION,ONE-WAY,STRAIGHT AND LEVEL,DRY,NO DEFECTS,NOT ON SCENE (DESK REPORT),INJURY AND / OR TOW DUE TO CRASH,,"$501 - $1,500",UNABLE TO DETERMINE,UNABLE TO DETERMINE,5502,W,FLOURNOY ST,1522,2,"REPORTED, NOT EVIDENT",1,0,0,0,1,1,0,15,5,6,41.87198024,-87.76166809
6/9/2019 10:00,30,TRAFFIC SIGNAL,UNKNOWN,RAIN,DAYLIGHT,REAR END,FOUR WAY,STRAIGHT AND LEVEL,WET,UNKNOWN,NOT ON SCENE (DESK REPORT),NO INJURY / DRIVE AWAY,Y,"OVER $1,500",FAILING TO REDUCE SPEED TO AVOID CRASH,UNABLE TO DETERMINE,1,N,PULASKI RD,1122,2,NO INDICATION OF INJURY,0,0,0,0,0,2,0,10,1,6,41.88078925,-87.72552469
6/15/2019 13:30,30,UNKNOWN,UNKNOWN,RAIN,DAYLIGHT,TURNING,NOT DIVIDED,STRAIGHT AND LEVEL,WET,NO DEFECTS,NOT ON SCENE (DESK REPORT),NO INJURY / DRIVE AWAY,,"$501 - $1,500",IMPROPER OVERTAKING/PASSING,NOT APPLICABLE,5400,N,LONG AVE,1623,2,NO INDICATION OF INJURY,0,0,0,0,0,2,0,13,7,6,41.97943623,-87.76366161
6/13/2019 13:30,30,NO CONTROLS,NO CONTROLS,CLEAR,DAYLIGHT,PARKED MOTOR VEHICLE,PARKING LOT,STRAIGHT AND LEVEL,DRY,NO DEFECTS,NOT ON SCENE (DESK REPORT),NO INJURY / DRIVE AWAY,,$500 OR LESS,UNABLE TO DETERMINE,NOT APPLICABLE,40,S,HALSTED ST,1232,2,NO INDICATION OF INJURY,0,0,0,0,0,1,0,13,5,6,41.88055425,-87.64747041
6/4/2019 18:10,10,NO CONTROLS,NO CONTROLS,CLEAR,DAYLIGHT,SIDESWIPE SAME DIRECTION,PARKING LOT,STRAIGHT AND LEVEL,DRY,NO DEFECTS,ON SCENE,NO INJURY / DRIVE AWAY,,$500 OR LESS,IMPROPER OVERTAKING/PASSING,NOT APPLICABLE,4821,W,NORTH AVE,2533,2,NO INDICATION OF INJURY,0,0,0,0,0,2,0,18,3,6,41.90950515,-87.74695994
6/12/2019 23:13,30,NO CONTROLS,NO CONTROLS,RAIN,"DARKNESS, LIGHTED ROAD",PARKED MOTOR VEHICLE,NOT DIVIDED,STRAIGHT AND LEVEL,WET,NO DEFECTS,ON SCENE,INJURY AND / OR TOW DUE TO CRASH,,"OVER $1,500",FAILING TO REDUCE SPEED TO AVOID CRASH,UNABLE TO DETERMINE,4112,W,59TH ST,813,2,NO INDICATION OF INJURY,0,0,0,0,0,1,0,23,4,6,41.78601597,-87.72594408
6/5/2019 20:00,30,NO CONTROLS,NO CONTROLS,CLEAR,DUSK,PARKED MOTOR VEHICLE,ONE-WAY,STRAIGHT AND LEVEL,DRY,NO DEFECTS,NOT ON SCENE (DESK REPORT),NO INJURY / DRIVE AWAY,,"$501 - $1,500","OPERATING VEHICLE IN ERRATIC, RECKLESS, CARELESS, NEGLIGENT OR AGGRESSIVE MANNER",NOT APPLICABLE,8311,S,SANGAMON ST,613,2,NO INDICATION OF INJURY,0,0,0,0,0,5,0,20,4,6,41.74293361,-87.64737042
6/7/2019 17:30,25,NO CONTROLS,NO CONTROLS,CLEAR,DAYLIGHT,TURNING,DIVIDED - W/MEDIAN (NOT RAISED),STRAIGHT AND LEVEL,DRY,NO DEFECTS,ON SCENE,INJURY AND / OR TOW DUE TO CRASH,,"OVER $1,500",FAILING TO YIELD RIGHT-OF-WAY,NOT APPLICABLE,810,W,SHERIDAN RD,1923,3,NO INDICATION OF INJURY,0,0,0,0,0,3,0,17,6,6,41.95284795,-87.6501518
6/4/2019 22:21,30,TRAFFIC SIGNAL,FUNCTIONING PROPERLY,CLEAR,"DARKNESS, LIGHTED ROAD",REAR END,FOUR WAY,STRAIGHT AND LEVEL,DRY,NO DEFECTS,ON SCENE,INJURY AND / OR TOW DUE TO CRASH,Y,"OVER $1,500",UNABLE TO DETERMINE,UNABLE TO DETERMINE,11068,S,WESTERN AVE,2212,2,INCAPACITATING INJURY,2,0,2,0,0,1,0,22,3,6,41.69188967,-87.68130485
6/7/2019 10:00,30,NO CONTROLS,NO CONTROLS,CLEAR,DAYLIGHT,TURNING,PARKING LOT,STRAIGHT AND LEVEL,DRY,NO DEFECTS,NOT ON SCENE (DESK REPORT),NO INJURY / DRIVE AWAY,,"OVER $1,500",FAILING TO REDUCE SPEED TO AVOID CRASH,UNABLE TO DETERMINE,1450,W,47TH ST,924,2,NO INDICATION OF INJURY,0,0,0,0,0,2,0,10,6,6,41.8087515,-87.66213935
6/14/2019 19:42,30,STOP SIGN/FLASHER,FUNCTIONING PROPERLY,CLEAR,DAYLIGHT,TURNING,T-INTERSECTION,STRAIGHT AND LEVEL,DRY,NO DEFECTS,NOT ON SCENE (DESK REPORT),NO INJURY / DRIVE AWAY,Y,"$501 - $1,500",FAILING TO YIELD RIGHT-OF-WAY,UNABLE TO DETERMINE,901,W,SHERIDAN RD,1923,2,NO INDICATION OF INJURY,0,0,0,0,0,2,0,19,6,6,41.95260016,-87.65212503