CRASH_DATE,POSTED_SPEED_LIMIT,TRAFFIC_CONTROL_DEVICE,DEVICE_CONDITION,WEATHER_CONDITION,LIGHTING_CONDITION,FIRST_CRASH_TYPE,TRAFFICWAY_TYPE,ALIGNMENT,ROADWAY_SURFACE_COND,ROAD_DEFECT,REPORT_TYPE,CRASH_TYPE,INTERSECTION_RELATED_I,DAMAGE,PRIM_CONTRIBUTORY_CAUSE,SEC_CONTRIBUTORY_CAUSE,STREET_NO,STREET_DIRECTION,STREET_NAME,BEAT_OF_OCCURRENCE,NUM_UNITS,MOST_SEVERE_INJURY,INJURIES_TOTAL,INJURIES_FATAL,INJURIES_INCAPACITATING,INJURIES_NON_INCAPACITATING,INJURIES_REPORTED_NOT_EVIDENT,INJURIES_NO_INDICATION,INJURIES_UNKNOWN,CRASH_HOUR,CRASH_DAY_OF_WEEK,CRASH_MONTH,LATITUDE,LONGITUDE
6/11/2019 1:00,15,NO CONTROLS,NO CONTROLS,CLEAR,UNKNOWN,OTHER OBJECT,ALLEY,STRAIGHT AND LEVEL,DRY,NO DEFECTS,ON SCENE,NO INJURY / DRIVE AWAY,,"$501 - $1,500",UNABLE TO DETERMINE,NOT APPLICABLE,6545,N,FAIRFIELD AVE,2412,1,NO INDICATION OF INJURY,0,0,0,0,0,1,0,1,3,6,42.00073502,-87.69835969
6/2/2019 12:05,30,STOP SIGN/FLASHER,FUNCTIONING PROPERLY,CLEAR,DAYLIGHT,REAR END,DIVIDED - W/MEDIAN (NOT RAISED),STRAIGHT AND LEVEL,DRY,NO DEFECTS,NOT ON SCENE (DESK REPORT),NO INJURY / DRIVE AWAY,,"$501 - $1,500",FOLLOWING TOO CLOSELY,FAILING TO YIELD RIGHT-OF-WAY,4432,S,ARCHER AVE,821,2,NO INDICATION OF INJURY,0,0,0,0,0,2,0,12,1,6,41.8128798,-87.70644755
6/3/2019 17:51,30,TRAFFIC SIGNAL,FUNCTIONING PROPERLY,CLEAR,DAYLIGHT,TURNING,NOT DIVIDED,STRAIGHT AND LEVEL,DRY,NO DEFECTS,ON SCENE,NO INJURY / DRIVE AWAY,,"OVER $1,500",IMPROPER TURNING/NO SIGNAL,UNABLE TO DETERMINE,7508,S,JEFFERY BLVD,414,2,NO INDICATION OF INJURY,0,0,0,0,0,4,0,17,2,6,41.75855826,-87.57628189
6/14/2019 0:05,30,TRAFFIC SIGNAL,FUNCTIONING PROPERLY,CLEAR,"DARKNESS, LIGHTED ROAD",TURNING,FOUR WAY,STRAIGHT AND LEVEL,DRY,NO DEFECTS,ON SCENE,INJURY AND / OR TOW DUE TO CRASH,Y,"OVER $1,500",FAILING TO YIELD RIGHT-OF-WAY,FAILING TO REDUCE SPEED TO AVOID CRASH,11500,S,STATE ST,522,2,NO INDICATION OF INJURY,0,0,0,0,0,3,0,0,6,6,41.68526063,-87.62303448
6/2/2019 19:37,30,NO CONTROLS,NO CONTROLS,CLEAR,DUSK,PARKED MOTOR VEHICLE,NOT DIVIDED,STRAIGHT AND LEVEL,DRY,NO DEFECTS,ON SCENE,INJURY AND / OR TOW DUE TO CRASH,,"OVER $1,500",UNABLE TO DETERMINE,NOT APPLICABLE,3507,N,LOCKWOOD AVE,1634,4,NO INDICATION OF INJURY,0,0,0,0,0,3,0,19,1,6,41.9443822,-87.75917916
6/14/2019 23:50,30,NO CONTROLS,NO CONTROLS,CLEAR,"DARKNESS, LIGHTED ROAD",REAR END,NOT DIVIDED,STRAIGHT AND LEVEL,WET,NO DEFECTS,ON SCENE,NO INJURY / DRIVE AWAY,,"OVER $1,500",UNABLE TO DETERMINE,UNABLE TO DETERMINE,3642,W,50TH ST,821,3,NO INDICATION OF INJURY,0,0,0,0,0,2,0,23,6,6,41.80260025,-87.71534529
6/12/2019 21:46,30,TRAFFIC SIGNAL,FUNCTIONING PROPERLY,RAIN,"DARKNESS, LIGHTED ROAD",REAR END,DIVIDED - W/MEDIAN (NOT RAISED),STRAIGHT AND LEVEL,WET,NO DEFECTS,ON SCENE,NO INJURY / DRIVE AWAY,,"OVER $1,500",DISREGARDING TRAFFIC SIGNALS,CELL PHONE USE OTHER THAN TEXTING,8258,S,LAKE SHORE DR,422,2,NO INDICATION OF INJURY,0,0,0,0,0,2,0,21,4,6,41.74486643,-87.54057061
6/11/2019 17:50,30,TRAFFIC SIGNAL,NO CONTROLS,CLEAR,DAYLIGHT,ANGLE,FOUR WAY,STRAIGHT AND LEVEL,DRY,NO DEFECTS,ON SCENE,INJURY AND / OR TOW DUE TO CRASH,Y,"OVER $1,500",FAILING TO YIELD RIGHT-OF-WAY,DISREGARDING TRAFFIC SIGNALS,100,E,LA SALLE DR,1814,2,NO INDICATION OF INJURY,0,0,0,0,0,2,0,17,3,6,41.91257786,-87.62709786
6/13/2019 15:25,30,TRAFFIC SIGNAL,FUNCTIONING PROPERLY,CLEAR,DAYLIGHT,REAR END,DIVIDED - W/MEDIAN (NOT RAISED),STRAIGHT AND LEVEL,DRY,NO DEFECTS,NOT ON SCENE (DESK REPORT),NO INJURY / DRIVE AWAY,Y,"$501 - $1,500",FOLLOWING TOO CLOSELY,UNABLE TO DETERMINE,2600,W,TOUHY AVE,2411,2,NO INDICATION OF INJURY,0,0,0,0,0,2,0,15,5,6,42.01228316,-87.69510847
6/2/2019 18:25,30,STOP SIGN/FLASHER,FUNCTIONING PROPERLY,CLEAR,DAYLIGHT,REAR END,NOT DIVIDED,STRAIGHT AND LEVEL,DRY,NO DEFECTS,NOT ON SCENE (DESK REPORT),INJURY AND / OR TOW DUE TO CRASH,,"OVER $1,500",FOLLOWING TOO CLOSELY,UNABLE TO DETERMINE,5601,S,STONY ISLAND AVE,331,2,"REPORTED, NOT EVIDENT",5,0,0,0,5,1,0,18,1,6,41.79328826,-87.58649515
6/9/2019 19:45,40,NO CONTROLS,NO CONTROLS,CLOUDY/OVERCAST,DAWN,REAR END,DIVIDED - W/MEDIAN BARRIER,STRAIGHT AND LEVEL,DRY,UNKNOWN,ON SCENE,INJURY AND / OR TOW DUE TO CRASH,,"OVER $1,500",FOLLOWING TOO CLOSELY,NOT APPLICABLE,1500,N,LAKE SHORE DR NB,1824,2,"REPORTED, NOT EVIDENT",5,0,0,0,5,1,0,19,1,6,41.90961072,-87.62583365
6/2/2019 19:30,30,TRAFFIC SIGNAL,FUNCTIONING PROPERLY,CLEAR,DAYLIGHT,REAR END,NOT DIVIDED,STRAIGHT AND LEVEL,DRY,NO DEFECTS,NOT ON SCENE (DESK REPORT),NO INJURY / DRIVE AWAY,Y,$500 OR LESS,FOLLOWING TOO CLOSELY,UNABLE TO DETERMINE,3201,N,DAMEN AVE,1922,2,NO INDICATION OF INJURY,0,0,0,0,0,2,0,19,1,6,41.93962087,-87.67820957
6/10/2019 9:00,10,NO CONTROLS,NO CONTROLS,CLEAR,DAYLIGHT,PARKED MOTOR VEHICLE,PARKING LOT,STRAIGHT AND LEVEL,DRY,NO DEFECTS,NOT ON SCENE (DESK REPORT),NO INJURY / DRIVE AWAY,,"OVER $1,500",UNABLE TO DETERMINE,UNABLE TO DETERMINE,1145,W,WILSON AVE,1913,2,NO INDICATION OF INJURY,0,0,0,0,0,1,0,9,2,6,41.9652674,-87.65923798
6/3/2019 9:30,30,NO CONTROLS,NO CONTROLS,CLEAR,DAYLIGHT,REAR END,DIVIDED - W/MEDIAN (NOT RAISED),STRAIGHT AND LEVEL,DRY,NO DEFECTS,ON SCENE,NO INJURY / DRIVE AWAY,,$500 OR LESS,IMPROPER OVERTAKING/PASSING,FOLLOWING TOO CLOSELY,6100,S,PULASKI RD,813,2,NO INDICATION OF INJURY,0,0,0,0,0,2,0,9,2,6,41.78224834,-87.72300817
6/15/2019 13:29,30,NO CONTROLS,NO CONTROLS,RAIN,DAYLIGHT,ANGLE,NOT DIVIDED,STRAIGHT AND LEVEL,WET,NO DEFECTS,ON SCENE,NO INJURY / DRIVE AWAY,,"OVER $1,500",FAILING TO YIELD RIGHT-OF-WAY,FAILING TO REDUCE SPEED TO AVOID CRASH,3333,W,26TH ST,1032,2,NO INDICATION OF INJURY,0,0,0,0,0,2,0,13,7,6,41.84435627,-87.70874699
6/4/2019 15:50,20,NO CONTROLS,NO CONTROLS,CLEAR,DAYLIGHT,ANGLE,NOT DIVIDED,STRAIGHT AND LEVEL,DRY,NO DEFECTS,NOT ON SCENE (DESK REPORT),NO INJURY / DRIVE AWAY,,"$501 - $1,500",UNABLE TO DETERMINE,UNABLE TO DETERMINE,4000,N,LONG AVE,1624,2,NO INDICATION OF INJURY,0,0,0,0,0,2,0,15,3,6,41.95328536,-87.76222426
6/3/2019 8:00,30,TRAFFIC SIGNAL,FUNCTIONING PROPERLY,CLEAR,DAYLIGHT,REAR END,NOT DIVIDED,STRAIGHT AND LEVEL,DRY,NO DEFECTS,ON SCENE,INJURY AND / OR TOW DUE TO CRASH,,"OVER $1,500",FAILING TO REDUCE SPEED TO AVOID CRASH,UNABLE TO DETERMINE,8415,S,VINCENNES AVE,622,2,NONINCAPACITATING INJURY,1,0,0,1,0,1,0,8,2,6,41.74095415,-87.63846828
6/3/2019 23:50,30,TRAFFIC SIGNAL,FUNCTIONING PROPERLY,CLEAR,"DARKNESS, LIGHTED ROAD",ANGLE,DIVIDED - W/MEDIAN BARRIER,STRAIGHT AND LEVEL,DRY,NO DEFECTS,ON SCENE,INJURY AND / OR TOW DUE TO CRASH,,"OVER $1,500","OPERATING VEHICLE IN ERRATIC, RECKLESS, CARELESS, NEGLIGENT OR AGGRESSIVE MANNER",NOT APPLICABLE,800,W,99TH ST,2232,2,NO INDICATION OF INJURY,0,0,0,0,0,2,0,23,2,6,41.71432334,-87.64306671
6/7/2019 15:39,30,STOP SIGN/FLASHER,FUNCTIONING PROPERLY,CLEAR,DAYLIGHT,SIDESWIPE SAME DIRECTION,NOT DIVIDED,STRAIGHT AND LEVEL,DRY,NO DEFECTS,ON SCENE,NO INJURY / DRIVE AWAY,,$500 OR LESS,"OPERATING VEHICLE IN ERRATIC, RECKLESS, CARELESS, NEGLIGENT OR AGGRESSIVE MANNER",UNABLE TO DETERMINE,545,W,47TH PL,935,2,NO INDICATION OF INJURY,0,0,0,0,0,2,0,15,6,6,,
6/14/2019 9:58,30,NO CONTROLS,NO CONTROLS,CLEAR,DAYLIGHT,ANGLE,NOT DIVIDED,STRAIGHT AND LEVEL,DRY,NO DEFECTS,NOT ON SCENE (DESK REPORT),NO INJURY / DRIVE AWAY,,"$501 - $1,500",UNABLE TO DETERMINE,NOT APPLICABLE,2051,W,BELMONT AVE,1931,2,NO INDICATION OF INJURY,0,0,0,0,0,2,0,9,6,6,41.9394381,-87.6803554
6/7/2019 18:00,30,TRAFFIC SIGNAL,FUNCTIONING PROPERLY,CLEAR,DAYLIGHT,TURNING,NOT DIVIDED,STRAIGHT AND LEVEL,DRY,NO DEFECTS,NOT ON SCENE (DESK REPORT),NO INJURY / DRIVE AWAY,,"OVER $1,500",UNABLE TO DETERMINE,UNABLE TO DETERMINE,3200,W,ROOSEVELT RD,1134,2,NO INDICATION OF INJURY,0,0,0,0,0,2,0,18,6,6,41.86651389,-87.7057336
6/3/2019 11:45,30,STOP SIGN/FLASHER,FUNCTIONING PROPERLY,CLEAR,DAYLIGHT,ANGLE,DIVIDED - W/MEDIAN (NOT RAISED),STRAIGHT AND LEVEL,DRY,NO DEFECTS,ON SCENE,INJURY AND / OR TOW DUE TO CRASH,Y,"OVER $1,500",FAILING TO YIELD RIGHT-OF-WAY,UNABLE TO DETERMINE,4601,W,WASHINGTON BLVD,1113,3,NONINCAPACITATING INJURY,3,0,0,3,0,2,0,11,2,6,41.88176494,-87.74015746
6/12/2019 8:50,30,NO CONTROLS,NO CONTROLS,CLEAR,DAYLIGHT,PARKED MOTOR VEHICLE,NOT DIVIDED,STRAIGHT AND LEVEL,DRY,NO DEFECTS,NOT ON SCENE (DESK REPORT),NO INJURY / DRIVE AWAY,,"$501 - $1,500",IMPROPER TURNING/NO SIGNAL,NOT APPLICABLE,1151,N,CLEVELAND AVE,1823,2,NO INDICATION OF INJURY,0,0,0,0,0,1,0,8,4,6,41.90298972,-87.64104289
6/1/2019 15:21,30,NO CONTROLS,NO CONTROLS,CLEAR,DAYLIGHT,PARKED MOTOR VEHICLE,ONE-WAY,STRAIGHT AND LEVEL,DRY,NO DEFECTS,NOT ON SCENE (DESK REPORT),NO INJURY / DRIVE AWAY,,"$501 - $1,500",UNABLE TO DETERMINE,UNABLE TO DETERMINE,3521,W,MELROSE ST,1732,2,NO INDICATION OF INJURY,0,0,0,0,0,2,0,15,7,6,41.94004596,-87.71540366
6/8/2019 10:58,30,TRAFFIC SIGNAL,FUNCTIONING PROPERLY,CLEAR,DAYLIGHT,PEDESTRIAN,UNKNOWN INTERSECTION TYPE,STRAIGHT AND LEVEL,DRY,NO DEFECTS,ON SCENE,INJURY AND / OR TOW DUE TO CRASH,Y,$500 OR LESS,FAILING TO YIELD RIGHT-OF-WAY,TURNING RIGHT ON RED,2200,N,ELSTON AVE,1432,2,"REPORTED, NOT EVIDENT",1,0,0,0,1,1,0,10,7,6,41.92145341,-87.67248566
6/7/2019 16:45,30,NO CONTROLS,NO CONTROLS,CLEAR,DAYLIGHT,REAR END,NOT DIVIDED,STRAIGHT AND LEVEL,DRY,UNKNOWN,NOT ON SCENE (DESK REPORT),NO INJURY / DRIVE AWAY,,"$501 - $1,500",UNABLE TO DETERMINE,UNABLE TO DETERMINE,10046,S,WESTERN AVE,2211,2,NO INDICATION OF INJURY,0,0,0,0,0,3,0,16,6,6,41.71049962,-87.68189145
6/3/2019 14:30,30,TRAFFIC SIGNAL,FUNCTIONING PROPERLY,CLEAR,DAYLIGHT,SIDESWIPE SAME DIRECTION,DIVIDED - W/MEDIAN (NOT RAISED),STRAIGHT AND LEVEL,DRY,NO DEFECTS,NOT ON SCENE (DESK REPORT),NO INJURY / DRIVE AWAY,,"$501 - $1,500",IMPROPER OVERTAKING/PASSING,DRIVING SKILLS/KNOWLEDGE/EXPERIENCE,3100,S,WESTERN AVE,911,2,NO INDICATION OF INJURY,0,0,0,0,0,2,0,14,2,6,41.8377949,-87.68514875
6/3/2019 14:55,30,NO CONTROLS,NO CONTROLS,CLEAR,DAYLIGHT,REAR TO SIDE,NOT DIVIDED,STRAIGHT AND LEVEL,DRY,NO DEFECTS,ON SCENE,NO INJURY / DRIVE AWAY,,"OVER $1,500",IMPROPER BACKING,NOT APPLICABLE,3159,W,36TH PL,911,2,NO INDICATION OF INJURY,0,0,0,0,0,3,0,14,2,6,41.82705848,-87.70440592
6/3/2019 13:00,30,NO CONTROLS,NO CONTROLS,UNKNOWN,UNKNOWN,REAR END,DIVIDED - W/MEDIAN (NOT RAISED),STRAIGHT AND LEVEL,UNKNOWN,UNKNOWN,NOT ON SCENE (DESK REPORT),NO INJURY / DRIVE AWAY,,"OVER $1,500",FOLLOWING TOO CLOSELY,NOT APPLICABLE,2734,N,KIMBALL AVE,1412,2,NO INDICATION OF INJURY,0,0,0,0,0,2,0,13,2,6,41.93122855,-87.71242649
6/15/2019 12:26,30,STOP SIGN/FLASHER,FUNCTIONING PROPERLY,RAIN,DAYLIGHT,SIDESWIPE OPPOSITE DIRECTION,NOT DIVIDED,STRAIGHT AND LEVEL,WET,NO DEFECTS,ON SCENE,NO INJURY / DRIVE AWAY,,"$501 - $1,500",FAILING TO YIELD RIGHT-OF-WAY,NOT APPLICABLE,1398,W,MONTROSE AVE,1913,2,NO INDICATION OF INJURY,0,0,0,0,0,2,0,12,7,6,41.96175786,-87.66487785
6/3/2019 7:43,30,TRAFFIC SIGNAL,FUNCTIONING PROPERLY,CLEAR,DAYLIGHT,SIDESWIPE SAME DIRECTION,NOT DIVIDED,STRAIGHT AND LEVEL,DRY,NO DEFECTS,NOT ON SCENE (DESK REPORT),NO INJURY / DRIVE AWAY,,$500 OR LESS,UNABLE TO DETERMINE,NOT APPLICABLE,3200,N,CICERO AVE,1634,2,NO INDICATION OF INJURY,0,0,0,0,0,2,0,7,2,6,41.93887056,-87.74702056
6/8/2019 10:50,10,NO CONTROLS,NO CONTROLS,UNKNOWN,DAYLIGHT,SIDESWIPE SAME DIRECTION,DIVIDED - W/MEDIAN (NOT RAISED),STRAIGHT AND LEVEL,UNKNOWN,UNKNOWN,NOT ON SCENE (DESK REPORT),NO INJURY / DRIVE AWAY,,"$501 - $1,500",UNABLE TO DETERMINE,UNABLE TO DETERMINE,5055,S,LAKE SHORE DR NB,222,2,NO INDICATION OF INJURY,0,0,0,0,0,2,0,10,7,6,41.80278945,-87.58130156
6/12/2019 16:40,30,OTHER,NO CONTROLS,UNKNOWN,DAYLIGHT,SIDESWIPE SAME DIRECTION,NOT DIVIDED,STRAIGHT AND LEVEL,UNKNOWN,UNKNOWN,,NO INJURY / DRIVE AWAY,,"OVER $1,500",UNABLE TO DETERMINE,UNABLE TO DETERMINE,3030,N,BROADWAY,1934,2,NO INDICATION OF INJURY,0,0,0,0,0,4,0,16,4,6,41.93733844,-87.64445647
6/9/2019 0:00,30,NO CONTROLS,NO CONTROLS,RAIN,"DARKNESS, LIGHTED ROAD",PARKED MOTOR VEHICLE,ONE-WAY,STRAIGHT AND LEVEL,WET,NO DEFECTS,ON SCENE,INJURY AND / OR TOW DUE TO CRASH,,"OVER $1,500",IMPROPER LANE USAGE,UNABLE TO DETERMINE,5310,W,BERENICE AVE,1634,9,NO INDICATION OF INJURY,0,0,0,0,0,1,0,0,1,6,41.95063626,-87.76003477
6/11/2019 16:01,30,NO CONTROLS,NO CONTROLS,CLEAR,DAYLIGHT,TURNING,FOUR WAY,STRAIGHT AND LEVEL,DRY,NO DEFECTS,ON SCENE,INJURY AND / OR TOW DUE TO CRASH,Y,"OVER $1,500",FAILING TO YIELD RIGHT-OF-WAY,NOT APPLICABLE,1602,E,74TH ST,324,2,NO INDICATION OF INJURY,0,0,0,0,0,2,0,16,3,6,41.76070433,-87.58559359
6/4/2019 17:22,30,NO CONTROLS,NO CONTROLS,CLEAR,DAYLIGHT,SIDESWIPE SAME DIRECTION,NOT DIVIDED,STRAIGHT AND LEVEL,DRY,NO DEFECTS,NOT ON SCENE (DESK REPORT),NO INJURY / DRIVE AWAY,,"OVER $1,500",IMPROPER LANE USAGE,UNABLE TO DETERMINE,5599,N,HARLEM AVE,1612,2,NO INDICATION OF INJURY,0,0,0,0,0,2,0,17,3,6,41.98276175,-87.80679487
6/7/2019 10:30,30,NO CONTROLS,NO CONTROLS,CLEAR,DAYLIGHT,FIXED OBJECT,NOT DIVIDED,STRAIGHT AND LEVEL,DRY,NO DEFECTS,ON SCENE,NO INJURY / DRIVE AWAY,,"OVER $1,500",NOT APPLICABLE,NOT APPLICABLE,400,N,SACRAMENTO BLVD,1221,1,NO INDICATION OF INJURY,0,0,0,0,0,1,0,10,6,6,41.88850333,-87.70156666
6/4/2019 17:30,30,NO CONTROLS,NO CONTROLS,CLEAR,DAYLIGHT,PARKED MOTOR VEHICLE,OTHER,STRAIGHT AND LEVEL,DRY,UNKNOWN,NOT ON SCENE (DESK REPORT),INJURY AND / OR TOW DUE TO CRASH,,"OVER $1,500",UNABLE TO DETERMINE,UNABLE TO DETERMINE,12127,S,EGGLESTON AVE,523,2,NO INDICATION OF INJURY,0,0,0,0,0,1,0,17,3,6,41.67340161,-87.63319547
6/2/2019 6:36,30,TRAFFIC SIGNAL,NO CONTROLS,CLEAR,DAYLIGHT,ANGLE,NOT DIVIDED,STRAIGHT AND LEVEL,DRY,NO DEFECTS,ON SCENE,INJURY AND / OR TOW DUE TO CRASH,Y,"$501 - $1,500",DISREGARDING TRAFFIC SIGNALS,FAILING TO YIELD RIGHT-OF-WAY,860,N,LAKE SHORE DR SB,1833,2,NO INDICATION OF INJURY,0,0,0,0,0,2,0,6,1,6,41.89834132,-87.61805786
6/11/2019 10:30,30,NO CONTROLS,NO CONTROLS,CLEAR,DAYLIGHT,PARKED MOTOR VEHICLE,NOT DIVIDED,STRAIGHT AND LEVEL,DRY,"RUT, HOLES",NOT ON SCENE (DESK REPORT),NO INJURY / DRIVE AWAY,,"$501 - $1,500",UNABLE TO DETERMINE,UNABLE TO DETERMINE,1239,W,MONTANA ST,1932,2,NO INDICATION OF INJURY,0,0,0,0,0,1,0,10,3,6,41.92612466,-87.65999585
6/3/2019 19:00,30,NO CONTROLS,NO CONTROLS,CLEAR,DAYLIGHT,REAR END,DIVIDED - W/MEDIAN (NOT RAISED),STRAIGHT AND LEVEL,DRY,NO DEFECTS,NOT ON SCENE (DESK REPORT),NO INJURY / DRIVE AWAY,,"$501 - $1,500",UNABLE TO DETERMINE,NOT APPLICABLE,6301,S,PULASKI RD,823,2,NO INDICATION OF INJURY,0,0,0,0,0,4,0,19,2,6,41.7786395,-87.72261309
6/6/2019 23:25,30,NO CONTROLS,NO CONTROLS,FOG/SMOKE/HAZE,"DARKNESS, LIGHTED ROAD",FIXED OBJECT,ONE-WAY,STRAIGHT AND LEVEL,WET,NO DEFECTS,ON SCENE,INJURY AND / OR TOW DUE TO CRASH,,"OVER $1,500",IMPROPER BACKING,FAILING TO REDUCE SPEED TO AVOID CRASH,1450,E,71ST PL,324,1,NO INDICATION OF INJURY,0,0,0,0,0,1,0,23,5,6,41.76523309,-87.58896014
6/14/2019 12:20,30,TRAFFIC SIGNAL,FUNCTIONING PROPERLY,CLEAR,DAYLIGHT,ANGLE,NOT DIVIDED,STRAIGHT AND LEVEL,DRY,NO DEFECTS,NOT ON SCENE (DESK REPORT),NO INJURY / DRIVE AWAY,Y,"OVER $1,500",FAILING TO YIELD RIGHT-OF-WAY,NOT APPLICABLE,1500,N,CENTRAL AVE,2531,2,NO INDICATION OF INJURY,0,0,0,0,0,2,0,12,6,6,41.90765438,-87.76599796
6/7/2019 13:30,30,NO CONTROLS,NO CONTROLS,CLEAR,DAYLIGHT,SIDESWIPE OPPOSITE DIRECTION,NOT DIVIDED,STRAIGHT AND LEVEL,DRY,NO DEFECTS,NOT ON SCENE (DESK REPORT),NO INJURY / DRIVE AWAY,,"$501 - $1,500",UNABLE TO DETERMINE,UNABLE TO DETERMINE,2500,S,DAMEN AVE,1034,2,NO INDICATION OF INJURY,0,0,0,0,0,2,0,13,6,6,41.84660611,-87.67583997
6/14/2019 15:30,30,TRAFFIC SIGNAL,FUNCTIONING PROPERLY,CLEAR,DAYLIGHT,REAR END,DIVIDED - W/MEDIAN (NOT RAISED),STRAIGHT AND LEVEL,DRY,OTHER,NOT ON SCENE (DESK REPORT),NO INJURY / DRIVE AWAY,,"$501 - $1,500",NOT APPLICABLE,NOT APPLICABLE,2320,W,47TH ST,924,2,NO INDICATION OF INJURY,0,0,0,0,0,2,0,15,6,6,41.80853258,-87.68289214
6/4/2019 18:38,35,TRAFFIC SIGNAL,FUNCTIONING PROPERLY,CLEAR,DAYLIGHT,TURNING,DIVIDED - W/MEDIAN (NOT RAISED),STRAIGHT AND LEVEL,DRY,NO DEFECTS,ON SCENE,NO INJURY / DRIVE AWAY,Y,"$501 - $1,500",FAILING TO YIELD RIGHT-OF-WAY,FAILING TO REDUCE SPEED TO AVOID CRASH,2201,N,CICERO AVE,2522,2,NO INDICATION OF INJURY,0,0,0,0,0,2,0,18,3,6,41.92067767,-87.7460655
6/5/2019 8:07,0,TRAFFIC SIGNAL,FUNCTIONING PROPERLY,CLEAR,DAYLIGHT,TURNING,DIVIDED - W/MEDIAN (NOT RAISED),STRAIGHT AND LEVEL,WET,NO DEFECTS,ON SCENE,INJURY AND / OR TOW DUE TO CRASH,Y,"OVER $1,500",UNABLE TO DETERMINE,NOT APPLICABLE,3901,W,63RD ST,823,2,"REPORTED, NOT EVIDENT",1,0,0,0,1,1,0,8,4,6,41.77858403,-87.72042748
6/10/2019 10:30,30,NO CONTROLS,NO CONTROLS,CLEAR,DAYLIGHT,REAR END,PARKING LOT,STRAIGHT AND LEVEL,DRY,NO DEFECTS,NOT ON SCENE (DESK REPORT),NO INJURY / DRIVE AWAY,,$500 OR LESS,UNABLE TO DETERMINE,UNABLE TO DETERMINE,11,E,75TH ST,623,2,NO INDICATION OF INJURY,0,0,0,0,0,2,0,10,2,6,41.7580961,-87.62420813
6/15/2019 17:28,35,TRAFFIC SIGNAL,FUNCTIONING PROPERLY,RAIN,DAYLIGHT,PARKED MOTOR VEHICLE,NOT DIVIDED,STRAIGHT AND LEVEL,WET,NO DEFECTS,ON SCENE,INJURY AND / OR TOW DUE TO CRASH,,"OVER $1,500",UNABLE TO DETERMINE,NOT APPLICABLE,3442,E,112TH ST,433,2,NO INDICATION OF INJURY,0,0,0,0,0,1,0,17,7,6,41.69196847,-87.53962885
6/3/2019 17:00,35,STOP SIGN/FLASHER,FUNCTIONING PROPERLY,CLEAR,DAYLIGHT,REAR END,DIVIDED - W/MEDIAN (NOT RAISED),STRAIGHT AND LEVEL,DRY,NO DEFECTS,ON SCENE,NO INJURY / DRIVE AWAY,Y,"OVER $1,500",FOLLOWING TOO CLOSELY,NOT APPLICABLE,5499,N,EAST RIVER RD,1614,2,NO INDICATION OF INJURY,0,0,0,0,0,2,0,17,2,6,41.97900968,-87.84630142
6/8/2019 12:00,30,NO CONTROLS,NO CONTROLS,CLEAR,DAYLIGHT,REAR END,DIVIDED - W/MEDIAN (NOT RAISED),STRAIGHT AND LEVEL,DRY,NO DEFECTS,NOT ON SCENE (DESK REPORT),NO INJURY / DRIVE AWAY,,"$501 - $1,500",UNABLE TO DETERMINE,UNABLE TO DETERMINE,5231,W,NORTH AVE,2532,2,NO INDICATION OF INJURY,0,0,0,0,0,2,0,12,7,6,41.90937785,-87.75689411
6/5/2019 13:25,30,TRAFFIC SIGNAL,FUNCTIONING PROPERLY,CLEAR,DAYLIGHT,REAR END,NOT DIVIDED,STRAIGHT AND LEVEL,DRY,NO DEFECTS,NOT ON SCENE (DESK REPORT),NO INJURY / DRIVE AWAY,,"$501 - $1,500",FOLLOWING TOO CLOSELY,FAILING TO REDUCE SPEED TO AVOID CRASH,2100,S,STATE ST,131,2,NO INDICATION OF INJURY,0,0,0,0,0,2,0,13,4,6,41.85417788,-87.62725836
6/3/2019 18:30,30,STOP SIGN/FLASHER,FUNCTIONING PROPERLY,CLEAR,DAYLIGHT,ANGLE,NOT DIVIDED,STRAIGHT AND LEVEL,DRY,NO DEFECTS,NOT ON SCENE (DESK REPORT),NO INJURY / DRIVE AWAY,,"OVER $1,500",UNABLE TO DETERMINE,UNABLE TO DETERMINE,9100,S,DREXEL AVE,413,2,NO INDICATION OF INJURY,0,0,0,0,0,2,0,18,2,6,41.72936289,-87.6011574
6/6/2019 8:10,25,NO CONTROLS,NO CONTROLS,CLEAR,DAYLIGHT,TURNING,NOT DIVIDED,STRAIGHT AND LEVEL,DRY,NO DEFECTS,ON SCENE,NO INJURY / DRIVE AWAY,Y,$500 OR LESS,UNABLE TO DETERMINE,NOT APPLICABLE,4700,S,KOLIN AVE,815,2,NO INDICATION OF INJURY,0,0,0,0,0,2,0,8,5,6,41.80766816,-87.732299
6/12/2019 19:19,30,TRAFFIC SIGNAL,FUNCTIONING PROPERLY,RAIN,DUSK,REAR END,NOT DIVIDED,STRAIGHT AND LEVEL,WET,NO DEFECTS,ON SCENE,INJURY AND / OR TOW DUE TO CRASH,Y,"OVER $1,500",WEATHER,FOLLOWING TOO CLOSELY,2633,W,BRYN MAWR AVE,2011,2,NO INDICATION OF INJURY,0,0,0,0,0,5,0,19,4,6,41.98302863,-87.69575989