CRASH_DATE,POSTED_SPEED_LIMIT,TRAFFIC_CONTROL_DEVICE,DEVICE_CONDITION,WEATHER_CONDITION,LIGHTING_CONDITION,FIRST_CRASH_TYPE,TRAFFICWAY_TYPE,ALIGNMENT,ROADWAY_SURFACE_COND,ROAD_DEFECT,REPORT_TYPE,CRASH_TYPE,INTERSECTION_RELATED_I,DAMAGE,PRIM_CONTRIBUTORY_CAUSE,SEC_CONTRIBUTORY_CAUSE,STREET_NO,STREET_DIRECTION,STREET_NAME,BEAT_OF_OCCURRENCE,NUM_UNITS,MOST_SEVERE_INJURY,INJURIES_TOTAL,INJURIES_FATAL,INJURIES_INCAPACITATING,INJURIES_NON_INCAPACITATING,INJURIES_REPORTED_NOT_EVIDENT,INJURIES_NO_INDICATION,INJURIES_UNKNOWN,CRASH_HOUR,CRASH_DAY_OF_WEEK,CRASH_MONTH,LATITUDE,LONGITUDE
6/11/2019 17:56,30,NO CONTROLS,NO CONTROLS,CLEAR,DAYLIGHT,ANGLE,NOT DIVIDED,STRAIGHT AND LEVEL,DRY,NO DEFECTS,ON SCENE,INJURY AND / OR TOW DUE TO CRASH,Y,"OVER $1,500",FAILING TO YIELD RIGHT-OF-WAY,NOT APPLICABLE,1931,W,FOSTER AVE,2032,2,NONINCAPACITATING INJURY,3,0,0,3,0,0,0,17,3,6,41.97594612,-87.67772575
6/7/2019 13:00,25,TRAFFIC SIGNAL,FUNCTIONING PROPERLY,CLEAR,DAYLIGHT,SIDESWIPE SAME DIRECTION,NOT DIVIDED,STRAIGHT AND LEVEL,DRY,NO DEFECTS,NOT ON SCENE (DESK REPORT),NO INJURY / DRIVE AWAY,Y,"OVER $1,500",IMPROPER LANE USAGE,UNABLE TO DETERMINE,1600,E,76TH ST,411,2,NO INDICATION OF INJURY,0,0,0,0,0,3,0,13,6,6,41.75705939,-87.58563502
6/10/2019 15:30,15,NO CONTROLS,NO CONTROLS,CLEAR,DAYLIGHT,PARKED MOTOR VEHICLE,PARKING LOT,STRAIGHT AND LEVEL,DRY,NO DEFECTS,NOT ON SCENE (DESK REPORT),NO INJURY / DRIVE AWAY,,"$501 - $1,500",WEATHER,UNABLE TO DETERMINE,3907,N,CICERO AVE,1731,2,NO INDICATION OF INJURY,0,0,0,0,0,1,0,15,2,6,41.95179279,-87.74712579
6/8/2019 15:50,25,NO CONTROLS,NO CONTROLS,CLEAR,DAYLIGHT,PARKED MOTOR VEHICLE,ONE-WAY,STRAIGHT AND LEVEL,DRY,NO DEFECTS,NOT ON SCENE (DESK REPORT),NO INJURY / DRIVE AWAY,,"OVER $1,500",UNABLE TO DETERMINE,NOT APPLICABLE,2321,N,HAMLIN AVE,2525,2,NO INDICATION OF INJURY,0,0,0,0,0,1,0,15,7,6,41.923375,-87.72170086
6/6/2019 22:30,30,STOP SIGN/FLASHER,FUNCTIONING PROPERLY,CLEAR,"DARKNESS, LIGHTED ROAD",SIDESWIPE SAME DIRECTION,ONE-WAY,STRAIGHT AND LEVEL,DRY,NO DEFECTS,ON SCENE,NO INJURY / DRIVE AWAY,,"OVER $1,500","OPERATING VEHICLE IN ERRATIC, RECKLESS, CARELESS, NEGLIGENT OR AGGRESSIVE MANNER",NOT APPLICABLE,10258,S,ELIZABETH ST,2232,3,NO INDICATION OF INJURY,0,0,0,0,0,4,0,22,5,6,41.70729851,-87.65386153
6/7/2019 15:15,30,TRAFFIC SIGNAL,FUNCTIONING PROPERLY,CLEAR,DAYLIGHT,TURNING,NOT DIVIDED,STRAIGHT AND LEVEL,DRY,NO DEFECTS,NOT ON SCENE (DESK REPORT),NO INJURY / DRIVE AWAY,N,"OVER $1,500",UNABLE TO DETERMINE,NOT APPLICABLE,2802,W,NORTH AVE,1421,2,NO INDICATION OF INJURY,0,0,0,0,0,2,0,15,6,6,41.91032589,-87.69717364
6/15/2019 16:00,30,NO CONTROLS,NO CONTROLS,RAIN,DAYLIGHT,REAR END,DIVIDED - W/MEDIAN (NOT RAISED),STRAIGHT AND LEVEL,WET,NO DEFECTS,ON SCENE,INJURY AND / OR TOW DUE TO CRASH,,"OVER $1,500",WEATHER,NOT APPLICABLE,1132,N,PULASKI RD,1111,2,NO INDICATION OF INJURY,0,0,0,0,0,2,0,16,7,6,41.9018114,-87.72642439
6/8/2019 3:58,30,NO CONTROLS,NO CONTROLS,CLEAR,"DARKNESS, LIGHTED ROAD",PARKED MOTOR VEHICLE,DIVIDED - W/MEDIAN (NOT RAISED),STRAIGHT AND LEVEL,DRY,NO DEFECTS,ON SCENE,INJURY AND / OR TOW DUE TO CRASH,,"OVER $1,500",UNABLE TO DETERMINE,NOT APPLICABLE,6151,W,55TH ST,811,5,NO INDICATION OF INJURY,0,0,0,0,0,1,0,3,7,6,41.79234277,-87.77653615
6/4/2019 12:46,30,STOP SIGN/FLASHER,FUNCTIONING PROPERLY,CLEAR,DAYLIGHT,SIDESWIPE SAME DIRECTION,DIVIDED - W/MEDIAN (NOT RAISED),STRAIGHT AND LEVEL,DRY,NO DEFECTS,NOT ON SCENE (DESK REPORT),NO INJURY / DRIVE AWAY,,"OVER $1,500",FOLLOWING TOO CLOSELY,NOT APPLICABLE,7600,S,STEWART AVE,621,2,NO INDICATION OF INJURY,0,0,0,0,0,2,0,12,3,6,41.75616061,-87.6345836
6/12/2019 9:47,30,STOP SIGN/FLASHER,FUNCTIONING PROPERLY,CLEAR,DAYLIGHT,SIDESWIPE SAME DIRECTION,ONE-WAY,STRAIGHT AND LEVEL,DRY,NO DEFECTS,NOT ON SCENE (DESK REPORT),NO INJURY / DRIVE AWAY,,"$501 - $1,500",FAILING TO YIELD RIGHT-OF-WAY,UNABLE TO DETERMINE,4017,N,OAKLEY AVE,1911,2,NO INDICATION OF INJURY,0,0,0,0,0,2,0,9,4,6,41.95459691,-87.68591109
6/4/2019 11:44,30,NO CONTROLS,NO CONTROLS,RAIN,DAYLIGHT,SIDESWIPE SAME DIRECTION,NOT DIVIDED,STRAIGHT AND LEVEL,WET,NO DEFECTS,ON SCENE,INJURY AND / OR TOW DUE TO CRASH,,"$501 - $1,500",FAILING TO YIELD RIGHT-OF-WAY,IMPROPER OVERTAKING/PASSING,1206,N,STATE PKWY,1824,2,NO INDICATION OF INJURY,0,0,0,0,0,2,0,11,3,6,41.90414746,-87.62882996
6/12/2019 11:00,30,NO CONTROLS,NO CONTROLS,CLEAR,DAYLIGHT,PARKED MOTOR VEHICLE,NOT DIVIDED,STRAIGHT AND LEVEL,DRY,NO DEFECTS,NOT ON SCENE (DESK REPORT),NO INJURY / DRIVE AWAY,,"OVER $1,500",UNABLE TO DETERMINE,NOT APPLICABLE,280,S,COLUMBUS DR,114,3,NO INDICATION OF INJURY,0,0,0,0,0,1,0,11,4,6,41.87838431,-87.62083163
6/7/2019 18:30,30,STOP SIGN/FLASHER,FUNCTIONING PROPERLY,CLEAR,DAYLIGHT,ANGLE,FOUR WAY,STRAIGHT AND LEVEL,DRY,NO DEFECTS,ON SCENE,NO INJURY / DRIVE AWAY,Y,"OVER $1,500",DISREGARDING STOP SIGN,UNABLE TO DETERMINE,9300,S,CALUMET AVE,633,2,NO INDICATION OF INJURY,0,0,0,0,0,2,0,18,6,6,41.72543137,-87.61559188
6/9/2019 16:20,40,NO CONTROLS,NO CONTROLS,CLOUDY/OVERCAST,DAYLIGHT,SIDESWIPE SAME DIRECTION,DIVIDED - W/MEDIAN BARRIER,STRAIGHT AND LEVEL,DRY,UNKNOWN,ON SCENE,INJURY AND / OR TOW DUE TO CRASH,,"OVER $1,500",IMPROPER LANE USAGE,IMPROPER LANE USAGE,3159,N,LAKE SHORE DR NB,1934,2,NO INDICATION OF INJURY,0,0,0,0,0,2,0,16,1,6,41.94046617,-87.63806729
6/12/2019 6:40,25,NO CONTROLS,NO CONTROLS,CLEAR,DAYLIGHT,PARKED MOTOR VEHICLE,NOT DIVIDED,STRAIGHT AND LEVEL,DRY,NO DEFECTS,NOT ON SCENE (DESK REPORT),NO INJURY / DRIVE AWAY,,$500 OR LESS,NOT APPLICABLE,NOT APPLICABLE,1064,W,BRYN MAWR AVE,2022,2,NO INDICATION OF INJURY,0,0,0,0,0,1,0,6,4,6,41.98377141,-87.65778242
6/8/2019 12:30,20,OTHER,FUNCTIONING PROPERLY,CLEAR,DAYLIGHT,PARKED MOTOR VEHICLE,DIVIDED - W/MEDIAN (NOT RAISED),STRAIGHT AND LEVEL,DRY,NO DEFECTS,ON SCENE,NO INJURY / DRIVE AWAY,,"OVER $1,500",UNABLE TO DETERMINE,UNABLE TO DETERMINE,2149,W,CERMAK RD,1034,4,NO INDICATION OF INJURY,0,0,0,0,0,1,0,12,7,6,41.8519961,-87.68023719
6/6/2019 15:30,30,NO CONTROLS,NO CONTROLS,CLEAR,DAYLIGHT,PARKED MOTOR VEHICLE,NOT DIVIDED,STRAIGHT ON GRADE,DRY,NO DEFECTS,NOT ON SCENE (DESK REPORT),NO INJURY / DRIVE AWAY,,"OVER $1,500",NOT APPLICABLE,NOT APPLICABLE,1156,W,63RD ST,712,2,NO INDICATION OF INJURY,0,0,0,0,0,1,0,15,5,6,41.77971938,-87.65435877
6/7/2019 19:30,25,NO CONTROLS,NO CONTROLS,CLEAR,DUSK,PARKED MOTOR VEHICLE,PARKING LOT,STRAIGHT AND LEVEL,DRY,NO DEFECTS,NOT ON SCENE (DESK REPORT),NO INJURY / DRIVE AWAY,,"$501 - $1,500",IMPROPER BACKING,NOT APPLICABLE,727,E,111TH ST,531,2,NO INDICATION OF INJURY,0,0,0,0,0,1,0,19,6,6,41.69272336,-87.60450587
6/6/2019 16:55,30,NO CONTROLS,NO CONTROLS,CLEAR,DAYLIGHT,REAR END,NOT DIVIDED,STRAIGHT AND LEVEL,DRY,NO DEFECTS,NOT ON SCENE (DESK REPORT),NO INJURY / DRIVE AWAY,,"$501 - $1,500",FOLLOWING TOO CLOSELY,NOT APPLICABLE,5520,S,ARCHER AVE,814,2,NO INDICATION OF INJURY,0,0,0,0,0,2,0,16,5,6,41.79811356,-87.74750073
6/9/2019 14:05,30,STOP SIGN/FLASHER,OTHER,RAIN,DAYLIGHT,ANGLE,OTHER,STRAIGHT AND LEVEL,DRY,UNKNOWN,NOT ON SCENE (DESK REPORT),NO INJURY / DRIVE AWAY,,"OVER $1,500",FAILING TO YIELD RIGHT-OF-WAY,NOT APPLICABLE,5600,W,BRYN MAWR AVE,1622,2,NO INDICATION OF INJURY,0,0,0,0,0,2,0,14,1,6,41.98304903,-87.76840629
6/15/2019 13:00,30,NO CONTROLS,NO CONTROLS,RAIN,DAYLIGHT,REAR END,NOT DIVIDED,STRAIGHT AND LEVEL,DRY,NO DEFECTS,NOT ON SCENE (DESK REPORT),NO INJURY / DRIVE AWAY,,"$501 - $1,500",FOLLOWING TOO CLOSELY,FAILING TO REDUCE SPEED TO AVOID CRASH,2358,S,STATE ST,131,2,NO INDICATION OF INJURY,0,0,0,0,0,2,0,13,7,6,41.84932977,-87.62715209
6/2/2019 19:00,30,UNKNOWN,UNKNOWN,UNKNOWN,DAYLIGHT,FIXED OBJECT,NOT DIVIDED,STRAIGHT AND LEVEL,UNKNOWN,"RUT, HOLES",NOT ON SCENE (DESK REPORT),NO INJURY / DRIVE AWAY,,$500 OR LESS,NOT APPLICABLE,NOT APPLICABLE,5990,N,RIDGE AVE,2012,1,NO INDICATION OF INJURY,0,0,0,0,0,1,0,19,1,6,41.99052334,-87.67191267
6/13/2019 10:00,30,TRAFFIC SIGNAL,FUNCTIONING PROPERLY,CLEAR,DAYLIGHT,TURNING,DIVIDED - W/MEDIAN BARRIER,STRAIGHT AND LEVEL,DRY,NO DEFECTS,ON SCENE,INJURY AND / OR TOW DUE TO CRASH,Y,"OVER $1,500",UNABLE TO DETERMINE,NOT APPLICABLE,299,E,LAKE LOWER ST,114,2,NO INDICATION OF INJURY,0,0,0,0,0,2,0,10,5,6,41.8856916,-87.62078825
6/12/2019 12:50,30,TRAFFIC SIGNAL,FUNCTIONING PROPERLY,RAIN,DAYLIGHT,REAR END,ONE-WAY,STRAIGHT AND LEVEL,WET,UNKNOWN,ON SCENE,NO INJURY / DRIVE AWAY,Y,"OVER $1,500",FOLLOWING TOO CLOSELY,NOT APPLICABLE,520,S,MICHIGAN AVE,123,2,NO INDICATION OF INJURY,0,0,0,0,0,2,0,12,4,6,41.87525983,-87.62439667
6/7/2019 17:45,15,OTHER REG. SIGN,OTHER,CLEAR,DAYLIGHT,ANGLE,ALLEY,STRAIGHT AND LEVEL,DRY,NO DEFECTS,NOT ON SCENE (DESK REPORT),NO INJURY / DRIVE AWAY,,"OVER $1,500",FAILING TO YIELD RIGHT-OF-WAY,IMPROPER OVERTAKING/PASSING,3161,N,HALSTED ST,1934,2,NO INDICATION OF INJURY,0,0,0,0,0,2,0,17,6,6,41.93962735,-87.64910903
6/2/2019 18:30,15,OTHER,NO CONTROLS,CLEAR,DAYLIGHT,PARKED MOTOR VEHICLE,PARKING LOT,STRAIGHT AND LEVEL,DRY,UNKNOWN,NOT ON SCENE (DESK REPORT),NO INJURY / DRIVE AWAY,,$500 OR LESS,NOT APPLICABLE,NOT APPLICABLE,9499,S,ASHLAND AVE,2221,2,NO INDICATION OF INJURY,0,0,0,0,0,1,0,18,1,6,41.72130883,-87.66254001
6/6/2019 14:20,30,NO CONTROLS,NO CONTROLS,CLEAR,DAYLIGHT,OTHER OBJECT,NOT DIVIDED,STRAIGHT AND LEVEL,DRY,NO DEFECTS,ON SCENE,INJURY AND / OR TOW DUE TO CRASH,,"OVER $1,500",DRIVING SKILLS/KNOWLEDGE/EXPERIENCE,NOT APPLICABLE,3430,N,LAKE SHORE DR,1925,1,NO INDICATION OF INJURY,0,0,0,0,0,1,0,14,5,6,41.94438076,-87.6412089
6/6/2019 17:30,30,STOP SIGN/FLASHER,FUNCTIONING PROPERLY,CLEAR,DAYLIGHT,SIDESWIPE SAME DIRECTION,DIVIDED - W/MEDIAN (NOT RAISED),STRAIGHT AND LEVEL,DRY,NO DEFECTS,NOT ON SCENE (DESK REPORT),NO INJURY / DRIVE AWAY,,$500 OR LESS,IMPROPER OVERTAKING/PASSING,DRIVING SKILLS/KNOWLEDGE/EXPERIENCE,6958,S,DR MARTIN LUTHER KING JR DR,322,2,NO INDICATION OF INJURY,0,0,0,0,0,3,0,17,5,6,41.76761418,-87.61545564
6/7/2019 23:50,30,STOP SIGN/FLASHER,FUNCTIONING PROPERLY,CLEAR,"DARKNESS, LIGHTED ROAD",ANGLE,DIVIDED - W/MEDIAN BARRIER,STRAIGHT AND LEVEL,DRY,NO DEFECTS,ON SCENE,INJURY AND / OR TOW DUE TO CRASH,Y,"OVER $1,500",FAILING TO YIELD RIGHT-OF-WAY,FAILING TO REDUCE SPEED TO AVOID CRASH,9500,S,THROOP ST,2213,2,"REPORTED, NOT EVIDENT",2,0,0,0,2,1,0,23,6,6,41.7212563,-87.65552939
6/4/2019 1:45,15,NO CONTROLS,OTHER,CLEAR,"DARKNESS, LIGHTED ROAD",PARKED MOTOR VEHICLE,UNKNOWN,STRAIGHT AND LEVEL,DRY,NO DEFECTS,NOT ON SCENE (DESK REPORT),NO INJURY / DRIVE AWAY,,"OVER $1,500",UNABLE TO DETERMINE,UNABLE TO DETERMINE,2338,W,DEVON AVE,2412,2,NO INDICATION OF INJURY,0,0,0,0,0,1,0,1,3,6,41.99785494,-87.68898036
6/7/2019 1:25,30,TRAFFIC SIGNAL,FUNCTIONING PROPERLY,CLEAR,"DARKNESS, LIGHTED ROAD",PARKED MOTOR VEHICLE,NOT DIVIDED,STRAIGHT AND LEVEL,DRY,NO DEFECTS,ON SCENE,INJURY AND / OR TOW DUE TO CRASH,,"OVER $1,500",UNABLE TO DETERMINE,UNABLE TO DETERMINE,460,N,DESPLAINES ST,1214,2,"REPORTED, NOT EVIDENT",1,0,0,0,1,0,0,1,6,6,41.89088567,-87.64450709
6/9/2019 12:00,30,TRAFFIC SIGNAL,FUNCTIONING PROPERLY,CLEAR,DAYLIGHT,TURNING,NOT DIVIDED,STRAIGHT AND LEVEL,DRY,NO DEFECTS,NOT ON SCENE (DESK REPORT),NO INJURY / DRIVE AWAY,Y,"$501 - $1,500",UNABLE TO DETERMINE,UNABLE TO DETERMINE,6399,N,KEDZIE AVE,2413,2,NO INDICATION OF INJURY,0,0,0,0,0,2,0,12,1,6,41.99730203,-87.70919581
6/5/2019 13:30,30,TRAFFIC SIGNAL,FUNCTIONING PROPERLY,CLEAR,DAYLIGHT,FIXED OBJECT,NOT DIVIDED,STRAIGHT AND LEVEL,DRY,NO DEFECTS,NOT ON SCENE (DESK REPORT),NO INJURY / DRIVE AWAY,,"OVER $1,500",UNABLE TO DETERMINE,NOT APPLICABLE,200,N,GARVEY CT,111,1,NO INDICATION OF INJURY,0,0,0,0,0,1,0,13,4,6,41.88579484,-87.6303393
6/9/2019 16:00,25,NO CONTROLS,FUNCTIONING PROPERLY,CLEAR,DAYLIGHT,REAR END,NOT DIVIDED,STRAIGHT AND LEVEL,DRY,NO DEFECTS,NOT ON SCENE (DESK REPORT),NO INJURY / DRIVE AWAY,,"$501 - $1,500",FOLLOWING TOO CLOSELY,UNABLE TO DETERMINE,7100,S,INDIANA AVE,323,2,NO INDICATION OF INJURY,0,0,0,0,0,2,0,16,1,6,41.76551904,-87.62022786
6/5/2019 17:27,15,STOP SIGN/FLASHER,FUNCTIONING PROPERLY,CLEAR,DAYLIGHT,SIDESWIPE SAME DIRECTION,NOT DIVIDED,STRAIGHT AND LEVEL,DRY,OTHER,ON SCENE,NO INJURY / DRIVE AWAY,,"$501 - $1,500",FAILING TO YIELD RIGHT-OF-WAY,FAILING TO YIELD RIGHT-OF-WAY,840,E,87TH ST,632,2,NO INDICATION OF INJURY,0,0,0,0,0,3,0,17,4,6,41.73677981,-87.60321223
6/12/2019 21:30,30,NO CONTROLS,NO CONTROLS,RAIN,"DARKNESS, LIGHTED ROAD",REAR END,NOT DIVIDED,STRAIGHT AND LEVEL,WET,WORN SURFACE,ON SCENE,INJURY AND / OR TOW DUE TO CRASH,Y,"OVER $1,500",UNABLE TO DETERMINE,DRIVING SKILLS/KNOWLEDGE/EXPERIENCE,2100,W,DIVERSEY PKWY,1931,2,NONINCAPACITATING INJURY,2,0,0,2,0,1,0,21,4,6,41.93236343,-87.68080175
6/1/2019 16:53,30,NO CONTROLS,NO CONTROLS,CLOUDY/OVERCAST,DAYLIGHT,PARKED MOTOR VEHICLE,NOT DIVIDED,STRAIGHT AND LEVEL,DRY,NO DEFECTS,ON SCENE,NO INJURY / DRIVE AWAY,,"$501 - $1,500",UNABLE TO DETERMINE,NOT APPLICABLE,10055,S,AVENUE L,432,2,NO INDICATION OF INJURY,0,0,0,0,0,1,0,16,7,6,41.71232905,-87.53633944
6/9/2019 22:15,25,NO CONTROLS,NO CONTROLS,CLEAR,"DARKNESS, LIGHTED ROAD",HEAD ON,NOT DIVIDED,STRAIGHT AND LEVEL,DRY,NO DEFECTS,ON SCENE,INJURY AND / OR TOW DUE TO CRASH,,"OVER $1,500",FAILING TO REDUCE SPEED TO AVOID CRASH,FOLLOWING TOO CLOSELY,825,W,WILSON AVE,1914,2,NONINCAPACITATING INJURY,1,0,0,1,0,1,0,22,1,6,41.96537669,-87.65102189
6/15/2019 0:30,30,NO CONTROLS,NO CONTROLS,CLEAR,"DARKNESS, LIGHTED ROAD",REAR END,NOT DIVIDED,STRAIGHT AND LEVEL,WET,NO DEFECTS,ON SCENE,NO INJURY / DRIVE AWAY,,"OVER $1,500",FOLLOWING TOO CLOSELY,NOT APPLICABLE,2050,W,43RD ST,924,2,NO INDICATION OF INJURY,0,0,0,0,0,3,0,0,7,6,41.81587746,-87.67702172
6/4/2019 23:59,30,NO CONTROLS,NO CONTROLS,CLEAR,"DARKNESS, LIGHTED ROAD",REAR END,ONE-WAY,STRAIGHT AND LEVEL,DRY,UNKNOWN,NOT ON SCENE (DESK REPORT),NO INJURY / DRIVE AWAY,,"OVER $1,500",IMPROPER BACKING,DRIVING SKILLS/KNOWLEDGE/EXPERIENCE,658,W,ALDINE AVE,1925,2,NO INDICATION OF INJURY,0,0,0,0,0,2,0,23,3,6,41.94194714,-87.64668224
6/9/2019 1:55,30,NO CONTROLS,NO CONTROLS,RAIN,"DARKNESS, LIGHTED ROAD",FIXED OBJECT,DIVIDED - W/MEDIAN BARRIER,STRAIGHT AND LEVEL,WET,NO DEFECTS,ON SCENE,INJURY AND / OR TOW DUE TO CRASH,,"OVER $1,500",EQUIPMENT - VEHICLE CONDITION,UNABLE TO DETERMINE,7902,S,STONY ISLAND AVE,411,1,NO INDICATION OF INJURY,0,0,0,0,0,1,0,1,1,6,41.75133363,-87.5859742
6/12/2019 14:35,30,TRAFFIC SIGNAL,FUNCTIONING PROPERLY,RAIN,DAYLIGHT,REAR END,DIVIDED - W/MEDIAN (NOT RAISED),STRAIGHT AND LEVEL,WET,NO DEFECTS,ON SCENE,NO INJURY / DRIVE AWAY,Y,"$501 - $1,500",FOLLOWING TOO CLOSELY,WEATHER,2336,W,LUNT AVE,2411,2,NO INDICATION OF INJURY,0,0,0,0,0,2,0,14,4,6,42.00873687,-87.68954681
6/10/2019 19:16,30,STOP SIGN/FLASHER,FUNCTIONING PROPERLY,CLEAR,DAYLIGHT,FIXED OBJECT,T-INTERSECTION,STRAIGHT AND LEVEL,DRY,NO DEFECTS,ON SCENE,INJURY AND / OR TOW DUE TO CRASH,Y,"OVER $1,500",DISREGARDING STOP SIGN,DRIVING SKILLS/KNOWLEDGE/EXPERIENCE,11702,S,STATE ST,522,1,NO INDICATION OF INJURY,0,0,0,0,0,3,0,19,2,6,41.68152248,-87.62291817
6/1/2019 16:54,35,NO CONTROLS,NO CONTROLS,CLEAR,DAYLIGHT,FIXED OBJECT,NOT DIVIDED,STRAIGHT AND LEVEL,WET,NO DEFECTS,ON SCENE,INJURY AND / OR TOW DUE TO CRASH,,"$501 - $1,500",UNABLE TO DETERMINE,NOT APPLICABLE,3602,W,COLUMBUS AVE,834,1,NO INDICATION OF INJURY,0,0,0,0,0,1,0,16,7,6,41.7431544,-87.71213527
6/2/2019 2:00,30,STOP SIGN/FLASHER,FUNCTIONING PROPERLY,CLEAR,"DARKNESS, LIGHTED ROAD",ANGLE,DIVIDED - W/MEDIAN (NOT RAISED),STRAIGHT AND LEVEL,DRY,NO DEFECTS,ON SCENE,INJURY AND / OR TOW DUE TO CRASH,N,"OVER $1,500",DISREGARDING STOP SIGN,NOT APPLICABLE,328,S,CICERO AVE,1533,2,NO INDICATION OF INJURY,0,0,0,0,0,3,0,2,1,6,41.87594436,-87.74525023
6/14/2019 21:05,30,TRAFFIC SIGNAL,FUNCTIONING PROPERLY,RAIN,"DARKNESS, LIGHTED ROAD",REAR END,DIVIDED - W/MEDIAN BARRIER,STRAIGHT AND LEVEL,WET,NO DEFECTS,ON SCENE,NO INJURY / DRIVE AWAY,,"OVER $1,500",UNABLE TO DETERMINE,NOT APPLICABLE,9500,S,STONY ISLAND AVE,511,2,NO INDICATION OF INJURY,0,0,0,0,0,4,0,21,6,6,41.72225727,-87.58527557
6/10/2019 12:50,30,TRAFFIC SIGNAL,FUNCTIONING PROPERLY,CLEAR,DAYLIGHT,PEDESTRIAN,ONE-WAY,STRAIGHT AND LEVEL,DRY,NO DEFECTS,ON SCENE,INJURY AND / OR TOW DUE TO CRASH,Y,"$501 - $1,500",IMPROPER BACKING,NOT APPLICABLE,599,W,MADISON ST,121,2,NONINCAPACITATING INJURY,1,0,0,1,0,1,0,12,2,6,41.88172857,-87.6425856
6/14/2019 12:30,5,NO CONTROLS,NO CONTROLS,CLEAR,DAYLIGHT,FIXED OBJECT,PARKING LOT,STRAIGHT AND LEVEL,DRY,NO DEFECTS,ON SCENE,NO INJURY / DRIVE AWAY,,$500 OR LESS,UNABLE TO DETERMINE,UNABLE TO DETERMINE,3033,S,HALSTED ST,914,1,NO INDICATION OF INJURY,0,0,0,0,0,1,0,12,6,6,41.83887233,-87.64615097
6/8/2019 11:45,30,TRAFFIC SIGNAL,FUNCTIONING PROPERLY,CLEAR,DAYLIGHT,REAR END,NOT DIVIDED,STRAIGHT AND LEVEL,DRY,NO DEFECTS,ON SCENE,NO INJURY / DRIVE AWAY,,"OVER $1,500",FOLLOWING TOO CLOSELY,NOT APPLICABLE,4858,S,PULASKI RD,815,2,NO INDICATION OF INJURY,0,0,0,0,0,2,0,11,7,6,41.80429643,-87.72362927
6/13/2019 8:20,30,TRAFFIC SIGNAL,FUNCTIONING PROPERLY,CLEAR,DAYLIGHT,REAR END,DIVIDED - W/MEDIAN (NOT RAISED),STRAIGHT AND LEVEL,DRY,NO DEFECTS,NOT ON SCENE (DESK REPORT),NO INJURY / DRIVE AWAY,,$500 OR LESS,UNABLE TO DETERMINE,NOT APPLICABLE,8700,S,HALSTED ST,2223,2,NO INDICATION OF INJURY,0,0,0,0,0,2,0,8,5,6,41.73578527,-87.64375883
6/13/2019 16:00,30,NO CONTROLS,NO CONTROLS,CLEAR,DAYLIGHT,PARKED MOTOR VEHICLE,DIVIDED - W/MEDIAN (NOT RAISED),STRAIGHT AND LEVEL,DRY,NO DEFECTS,ON SCENE,NO INJURY / DRIVE AWAY,,"OVER $1,500",FAILING TO REDUCE SPEED TO AVOID CRASH,NOT APPLICABLE,3011,W,71ST ST,831,2,NO INDICATION OF INJURY,0,0,0,0,0,1,0,16,5,6,41.76433803,-87.69843656
6/12/2019 15:08,30,NO CONTROLS,NO CONTROLS,CLOUDY/OVERCAST,DAYLIGHT,TURNING,DIVIDED - W/MEDIAN (NOT RAISED),STRAIGHT AND LEVEL,WET,NO DEFECTS,ON SCENE,INJURY AND / OR TOW DUE TO CRASH,,"OVER $1,500",IMPROPER TURNING/NO SIGNAL,DRIVING SKILLS/KNOWLEDGE/EXPERIENCE,2816,W,OGDEN AVE,1022,3,"REPORTED, NOT EVIDENT",1,0,0,0,1,2,0,15,4,6,41.86078573,-87.69759823
6/13/2019 10:54,0,NO CONTROLS,NO CONTROLS,CLEAR,DAYLIGHT,PARKED MOTOR VEHICLE,DIVIDED - W/MEDIAN (NOT RAISED),STRAIGHT AND LEVEL,DRY,NO DEFECTS,NOT ON SCENE (DESK REPORT),NO INJURY / DRIVE AWAY,,"OVER $1,500",UNABLE TO DETERMINE,NOT APPLICABLE,1333,E,57TH ST,235,2,NO INDICATION OF INJURY,0,0,0,0,0,1,0,10,5,6,41.79136762,-87.59345688
6/4/2019 12:50,30,NO CONTROLS,NO CONTROLS,RAIN,DAYLIGHT,FIXED OBJECT,DIVIDED - W/MEDIAN (NOT RAISED),STRAIGHT AND LEVEL,WET,NO DEFECTS,NOT ON SCENE (DESK REPORT),NO INJURY / DRIVE AWAY,,"OVER $1,500",UNABLE TO DETERMINE,NOT APPLICABLE,700,W,CHICAGO AVE,1213,1,NO INDICATION OF INJURY,0,0,0,0,0,2,0,12,3,6,41.89653431,-87.64616344
6/8/2019 17:45,30,NO CONTROLS,NO CONTROLS,CLEAR,DAYLIGHT,PARKED MOTOR VEHICLE,DIVIDED - W/MEDIAN (NOT RAISED),STRAIGHT AND LEVEL,DRY,NO DEFECTS,NOT ON SCENE (DESK REPORT),NO INJURY / DRIVE AWAY,,"OVER $1,500","OPERATING VEHICLE IN ERRATIC, RECKLESS, CARELESS, NEGLIGENT OR AGGRESSIVE MANNER",DISTRACTION - FROM OUTSIDE VEHICLE,9225,S,LOOMIS ST,2222,2,NO INDICATION OF INJURY,0,0,0,0,0,1,0,17,7,6,41.72597652,-87.65778237