CRASH_DATE,POSTED_SPEED_LIMIT,TRAFFIC_CONTROL_DEVICE,DEVICE_CONDITION,WEATHER_CONDITION,LIGHTING_CONDITION,FIRST_CRASH_TYPE,TRAFFICWAY_TYPE,ALIGNMENT,ROADWAY_SURFACE_COND,ROAD_DEFECT,REPORT_TYPE,CRASH_TYPE,INTERSECTION_RELATED_I,DAMAGE,PRIM_CONTRIBUTORY_CAUSE,SEC_CONTRIBUTORY_CAUSE,STREET_NO,STREET_DIRECTION,STREET_NAME,BEAT_OF_OCCURRENCE,NUM_UNITS,MOST_SEVERE_INJURY,INJURIES_TOTAL,INJURIES_FATAL,INJURIES_INCAPACITATING,INJURIES_NON_INCAPACITATING,INJURIES_REPORTED_NOT_EVIDENT,INJURIES_NO_INDICATION,INJURIES_UNKNOWN,CRASH_HOUR,CRASH_DAY_OF_WEEK,CRASH_MONTH,LATITUDE,LONGITUDE
6/8/2019 13:10,30,TRAFFIC SIGNAL,FUNCTIONING PROPERLY,RAIN,DAYLIGHT,REAR END,NOT DIVIDED,STRAIGHT AND LEVEL,WET,NO DEFECTS,ON SCENE,NO INJURY / DRIVE AWAY,Y,$500 OR LESS,UNABLE TO DETERMINE,UNABLE TO DETERMINE,1002,N,HAMLIN AVE,1112,2,NO INDICATION OF INJURY,0,0,0,0,0,2,0,13,7,6,41.89920812,-87.72146419
6/13/2019 17:30,30,TRAFFIC SIGNAL,FUNCTIONING IMPROPERLY,CLEAR,DAYLIGHT,REAR END,DIVIDED - W/MEDIAN (NOT RAISED),STRAIGHT AND LEVEL,DRY,NO DEFECTS,ON SCENE,INJURY AND / OR TOW DUE TO CRASH,,"OVER $1,500",FOLLOWING TOO CLOSELY,NOT APPLICABLE,135,W,83RD ST,622,3,NONINCAPACITATING INJURY,1,0,0,1,0,5,0,17,5,6,41.74348705,-87.62818905
6/15/2019 16:48,35,NO CONTROLS,NO CONTROLS,RAIN,DAYLIGHT,PARKED MOTOR VEHICLE,PARKING LOT,STRAIGHT AND LEVEL,WET,NO DEFECTS,ON SCENE,NO INJURY / DRIVE AWAY,,"OVER $1,500",IMPROPER BACKING,NOT APPLICABLE,130,E,71ST ST,322,2,NO INDICATION OF INJURY,0,0,0,0,0,1,0,16,7,6,41.76571748,-87.62034964
6/6/2019 17:10,30,TRAFFIC SIGNAL,UNKNOWN,CLEAR,DAYLIGHT,SIDESWIPE SAME DIRECTION,NOT DIVIDED,STRAIGHT AND LEVEL,DRY,UNKNOWN,NOT ON SCENE (DESK REPORT),INJURY AND / OR TOW DUE TO CRASH,,$500 OR LESS,UNABLE TO DETERMINE,UNABLE TO DETERMINE,3932,W,26TH ST,1013,2,NO INDICATION OF INJURY,0,0,0,0,0,3,0,17,5,6,41.84438,-87.7232738
6/14/2019 1:04,30,NO CONTROLS,NO CONTROLS,CLEAR,"DARKNESS, LIGHTED ROAD",PARKED MOTOR VEHICLE,NOT DIVIDED,STRAIGHT AND LEVEL,DRY,NO DEFECTS,ON SCENE,INJURY AND / OR TOW DUE TO CRASH,,"OVER $1,500",IMPROPER OVERTAKING/PASSING,UNABLE TO DETERMINE,750,E,47TH ST,221,2,"REPORTED, NOT EVIDENT",1,0,0,0,1,0,0,1,6,6,41.80963718,-87.60690813
6/8/2019 23:19,30,NO CONTROLS,NO CONTROLS,CLEAR,"DARKNESS, LIGHTED ROAD",HEAD ON,T-INTERSECTION,STRAIGHT AND LEVEL,DRY,NO DEFECTS,ON SCENE,INJURY AND / OR TOW DUE TO CRASH,N,"OVER $1,500",DISTRACTION - FROM INSIDE VEHICLE,NOT APPLICABLE,4000,S,KEDZIE AVE,821,2,NO INDICATION OF INJURY,0,0,0,0,0,2,0,23,7,6,41.82074117,-87.70461555
6/10/2019 13:37,30,NO CONTROLS,NO CONTROLS,CLEAR,DAYLIGHT,SIDESWIPE SAME DIRECTION,NOT DIVIDED,STRAIGHT AND LEVEL,DRY,NO DEFECTS,ON SCENE,INJURY AND / OR TOW DUE TO CRASH,,"OVER $1,500",IMPROPER LANE USAGE,DRIVING SKILLS/KNOWLEDGE/EXPERIENCE,4726,N,WESTERN AVE,1911,2,NO INDICATION OF INJURY,0,0,0,0,0,3,0,13,2,6,41.96757216,-87.68901736
6/5/2019 3:00,15,NO CONTROLS,NO CONTROLS,RAIN,"DARKNESS, LIGHTED ROAD",FIXED OBJECT,ALLEY,STRAIGHT AND LEVEL,WET,NO DEFECTS,ON SCENE,INJURY AND / OR TOW DUE TO CRASH,,"OVER $1,500",WEATHER,FAILING TO REDUCE SPEED TO AVOID CRASH,5858,N,BROADWAY,2013,1,NO INDICATION OF INJURY,0,0,0,0,0,1,0,3,4,6,41.98870268,-87.6603721
6/11/2019 12:15,30,STOP SIGN/FLASHER,FUNCTIONING PROPERLY,CLEAR,DAYLIGHT,ANGLE,OTHER,STRAIGHT AND LEVEL,DRY,NO DEFECTS,ON SCENE,NO INJURY / DRIVE AWAY,,"$501 - $1,500",DISREGARDING STOP SIGN,FAILING TO YIELD RIGHT-OF-WAY,4900,N,PULASKI RD,1712,2,NO INDICATION OF INJURY,0,0,0,0,0,2,0,12,3,6,41.97015238,-87.72823041
6/14/2019 20:30,30,TRAFFIC SIGNAL,FUNCTIONING PROPERLY,CLEAR,DARKNESS,SIDESWIPE SAME DIRECTION,NOT DIVIDED,STRAIGHT AND LEVEL,DRY,UNKNOWN,NOT ON SCENE (DESK REPORT),NO INJURY / DRIVE AWAY,,"OVER $1,500",IMPROPER TURNING/NO SIGNAL,NOT APPLICABLE,1951,E,75TH ST,414,2,NO INDICATION OF INJURY,0,0,0,0,0,2,0,20,6,6,41.7587621,-87.57653728
6/7/2019 8:56,30,TRAFFIC SIGNAL,FUNCTIONING PROPERLY,CLEAR,DAYLIGHT,TURNING,Y-INTERSECTION,STRAIGHT AND LEVEL,DRY,NO DEFECTS,ON SCENE,INJURY AND / OR TOW DUE TO CRASH,Y,$500 OR LESS,IMPROPER LANE USAGE,DRIVING SKILLS/KNOWLEDGE/EXPERIENCE,3401,W,GRAND AVE,1121,2,"REPORTED, NOT EVIDENT",1,0,0,0,1,2,0,8,6,6,41.8997647,-87.71172234
6/9/2019 12:15,30,NO CONTROLS,NO CONTROLS,RAIN,DAYLIGHT,ANGLE,PARKING LOT,STRAIGHT AND LEVEL,WET,NO DEFECTS,NOT ON SCENE (DESK REPORT),NO INJURY / DRIVE AWAY,,"OVER $1,500",FAILING TO YIELD RIGHT-OF-WAY,NOT APPLICABLE,2616,S,ARCHER AVE,913,2,NO INDICATION OF INJURY,0,0,0,0,0,2,0,12,1,6,41.84504507,-87.65123798
6/4/2019 15:30,20,NO CONTROLS,NO CONTROLS,CLEAR,DAYLIGHT,ANGLE,PARKING LOT,STRAIGHT AND LEVEL,DRY,NO DEFECTS,NOT ON SCENE (DESK REPORT),NO INJURY / DRIVE AWAY,,"OVER $1,500",IMPROPER BACKING,DRIVING SKILLS/KNOWLEDGE/EXPERIENCE,4707,W,MARQUETTE RD,833,2,NO INDICATION OF INJURY,0,0,0,0,0,2,0,15,3,6,41.77105158,-87.73992325
6/12/2019 16:25,30,TRAFFIC SIGNAL,FUNCTIONING PROPERLY,CLEAR,DAYLIGHT,SIDESWIPE SAME DIRECTION,ONE-WAY,STRAIGHT AND LEVEL,DRY,NO DEFECTS,ON SCENE,NO INJURY / DRIVE AWAY,,"$501 - $1,500",IMPROPER LANE USAGE,IMPROPER TURNING/NO SIGNAL,1957,W,CONGRESS PKWY,1225,2,NO INDICATION OF INJURY,0,0,0,0,0,2,0,16,4,6,41.87491633,-87.67609557
6/4/2019 11:30,30,NO CONTROLS,NO CONTROLS,RAIN,DAYLIGHT,PARKED MOTOR VEHICLE,NOT DIVIDED,STRAIGHT AND LEVEL,WET,NO DEFECTS,ON SCENE,NO INJURY / DRIVE AWAY,,"OVER $1,500",DRIVING SKILLS/KNOWLEDGE/EXPERIENCE,WEATHER,7447,N,CLARK ST,2422,2,NO INDICATION OF INJURY,0,0,0,0,0,1,0,11,3,6,42.01722932,-87.67529243
6/7/2019 8:35,30,TRAFFIC SIGNAL,FUNCTIONING PROPERLY,CLEAR,DAYLIGHT,REAR END,NOT DIVIDED,STRAIGHT AND LEVEL,DRY,NO DEFECTS,NOT ON SCENE (DESK REPORT),NO INJURY / DRIVE AWAY,Y,"OVER $1,500",UNABLE TO DETERMINE,UNABLE TO DETERMINE,1660,W,ARMITAGE AVE,1432,2,NO INDICATION OF INJURY,0,0,0,0,0,2,0,8,6,6,41.91801093,-87.66973479
6/4/2019 19:00,20,NO CONTROLS,NO CONTROLS,CLEAR,"DARKNESS, LIGHTED ROAD",PARKED MOTOR VEHICLE,ONE-WAY,STRAIGHT AND LEVEL,DRY,NO DEFECTS,NOT ON SCENE (DESK REPORT),NO INJURY / DRIVE AWAY,,"$501 - $1,500",UNABLE TO DETERMINE,NOT APPLICABLE,5315,W,BELDEN AVE,2515,2,NO INDICATION OF INJURY,0,0,0,0,0,1,0,19,3,6,41.92212843,-87.75920368
6/10/2019 9:06,15,NO CONTROLS,NO CONTROLS,CLEAR,DAYLIGHT,PARKED MOTOR VEHICLE,NOT DIVIDED,STRAIGHT AND LEVEL,DRY,NO DEFECTS,ON SCENE,INJURY AND / OR TOW DUE TO CRASH,,"OVER $1,500",UNABLE TO DETERMINE,NOT APPLICABLE,1299,N,GREENVIEW AVE,1433,2,NO INDICATION OF INJURY,0,0,0,0,0,2,0,9,2,6,41.90508309,-87.66494929
6/12/2019 6:50,30,TRAFFIC SIGNAL,FUNCTIONING PROPERLY,CLEAR,DAYLIGHT,TURNING,NOT DIVIDED,STRAIGHT AND LEVEL,DRY,NO DEFECTS,NOT ON SCENE (DESK REPORT),NO INJURY / DRIVE AWAY,Y,"OVER $1,500",IMPROPER TURNING/NO SIGNAL,FAILING TO YIELD RIGHT-OF-WAY,2404,S,DAMEN AVE,1034,2,NO INDICATION OF INJURY,0,0,0,0,0,2,0,6,4,6,41.84838444,-87.67589005
6/15/2019 11:43,30,NO CONTROLS,NO CONTROLS,RAIN,DAYLIGHT,REAR END,DIVIDED - W/MEDIAN BARRIER,STRAIGHT AND LEVEL,WET,NO DEFECTS,ON SCENE,NO INJURY / DRIVE AWAY,,"$501 - $1,500",FOLLOWING TOO CLOSELY,NOT APPLICABLE,1198,E,75TH ST,323,2,NO INDICATION OF INJURY,0,0,0,0,0,2,0,11,7,6,41.75880549,-87.59567448
6/4/2019 8:00,30,NO CONTROLS,NO CONTROLS,CLEAR,DAYLIGHT,REAR END,ONE-WAY,STRAIGHT AND LEVEL,DRY,NO DEFECTS,NOT ON SCENE (DESK REPORT),NO INJURY / DRIVE AWAY,,$500 OR LESS,UNABLE TO DETERMINE,UNABLE TO DETERMINE,9822,S,EXCHANGE AVE,431,2,NO INDICATION OF INJURY,0,0,0,0,0,2,0,8,3,6,41.71657908,-87.55251993
6/1/2019 16:05,5,NO CONTROLS,NO CONTROLS,RAIN,DAYLIGHT,PEDALCYCLIST,PARKING LOT,STRAIGHT AND LEVEL,WET,UNKNOWN,ON SCENE,NO INJURY / DRIVE AWAY,,"OVER $1,500",UNABLE TO DETERMINE,UNABLE TO DETERMINE,1651,W,ROOSEVELT RD,1233,2,NO INDICATION OF INJURY,0,0,0,0,0,3,0,16,7,6,41.86674938,-87.66846405
6/12/2019 7:05,25,TRAFFIC SIGNAL,FUNCTIONING PROPERLY,CLEAR,DAYLIGHT,TURNING,FOUR WAY,STRAIGHT AND LEVEL,DRY,NO DEFECTS,NOT ON SCENE (DESK REPORT),NO INJURY / DRIVE AWAY,Y,"$501 - $1,500",UNABLE TO DETERMINE,UNABLE TO DETERMINE,1571,W,OGDEN AVE,1224,2,NO INDICATION OF INJURY,0,0,0,0,0,2,0,7,4,6,41.88136042,-87.66600527
6/2/2019 5:30,15,NO CONTROLS,NO CONTROLS,CLEAR,DAYLIGHT,PARKED MOTOR VEHICLE,PARKING LOT,STRAIGHT AND LEVEL,DRY,NO DEFECTS,ON SCENE,INJURY AND / OR TOW DUE TO CRASH,,"OVER $1,500","OPERATING VEHICLE IN ERRATIC, RECKLESS, CARELESS, NEGLIGENT OR AGGRESSIVE MANNER",UNABLE TO DETERMINE,4837,S,FORRESTVILLE AVE,223,2,NO INDICATION OF INJURY,0,0,0,0,0,1,0,5,1,6,41.80651804,-87.6124574
6/14/2019 16:52,30,NO CONTROLS,NO CONTROLS,CLEAR,DAYLIGHT,PARKED MOTOR VEHICLE,DIVIDED - W/MEDIAN (NOT RAISED),STRAIGHT AND LEVEL,DRY,NO DEFECTS,ON SCENE,NO INJURY / DRIVE AWAY,,"OVER $1,500",UNABLE TO DETERMINE,UNABLE TO DETERMINE,1255,N,AUSTIN BLVD,2531,2,NO INDICATION OF INJURY,0,0,0,0,0,7,0,16,6,6,41.90361069,-87.77526839
6/10/2019 15:31,30,TRAFFIC SIGNAL,FUNCTIONING PROPERLY,CLEAR,DAYLIGHT,REAR END,NOT DIVIDED,STRAIGHT AND LEVEL,DRY,NO DEFECTS,NOT ON SCENE (DESK REPORT),NO INJURY / DRIVE AWAY,Y,"OVER $1,500",FOLLOWING TOO CLOSELY,NOT APPLICABLE,6600,W,DIVERSEY AVE,2511,4,NO INDICATION OF INJURY,0,0,0,0,0,4,0,15,2,6,41.93105095,-87.79069733
6/10/2019 11:30,30,NO CONTROLS,NO CONTROLS,CLEAR,DAYLIGHT,OTHER OBJECT,NOT DIVIDED,STRAIGHT AND LEVEL,DRY,OTHER,NOT ON SCENE (DESK REPORT),NO INJURY / DRIVE AWAY,,$500 OR LESS,NOT APPLICABLE,NOT APPLICABLE,1938,W,TAYLOR ST,1231,1,NO INDICATION OF INJURY,0,0,0,0,0,2,0,11,2,6,41.86924482,-87.67515402
6/4/2019 9:40,30,TRAFFIC SIGNAL,FUNCTIONING PROPERLY,RAIN,DAYLIGHT,REAR END,DIVIDED - W/MEDIAN (NOT RAISED),STRAIGHT AND LEVEL,WET,NO DEFECTS,ON SCENE,INJURY AND / OR TOW DUE TO CRASH,,"OVER $1,500",FAILING TO REDUCE SPEED TO AVOID CRASH,NOT APPLICABLE,1458,S,CANAL ST,124,3,NO INDICATION OF INJURY,0,0,0,0,0,4,0,9,3,6,41.86194884,-87.63922114
6/7/2019 12:20,20,NO CONTROLS,NO CONTROLS,CLEAR,DAYLIGHT,REAR END,NOT DIVIDED,STRAIGHT AND LEVEL,DRY,UNKNOWN,NOT ON SCENE (DESK REPORT),NO INJURY / DRIVE AWAY,,"$501 - $1,500",UNABLE TO DETERMINE,UNABLE TO DETERMINE,7131,S,SOUTH CHICAGO AVE,324,2,NO INDICATION OF INJURY,0,0,0,0,0,2,0,12,6,6,41.76529142,-87.60454374
6/4/2019 10:35,30,NO CONTROLS,NO CONTROLS,RAIN,DAYLIGHT,FIXED OBJECT,ALLEY,STRAIGHT AND LEVEL,WET,NO DEFECTS,ON SCENE,NO INJURY / DRIVE AWAY,,"OVER $1,500",DRIVING SKILLS/KNOWLEDGE/EXPERIENCE,NOT APPLICABLE,11357,S,LANGLEY AVE,531,1,NO INDICATION OF INJURY,0,0,0,0,0,1,0,10,3,6,41.68753465,-87.60574347
6/6/2019 7:23,30,TRAFFIC SIGNAL,NO CONTROLS,CLEAR,DAYLIGHT,TURNING,DIVIDED - W/MEDIAN (NOT RAISED),STRAIGHT AND LEVEL,DRY,NO DEFECTS,NOT ON SCENE (DESK REPORT),NO INJURY / DRIVE AWAY,,"OVER $1,500",UNABLE TO DETERMINE,UNABLE TO DETERMINE,3000,W,51ST ST,923,2,NO INDICATION OF INJURY,0,0,0,0,0,2,0,7,5,6,41.8010132,-87.69894792
6/13/2019 7:30,30,NO CONTROLS,NO CONTROLS,CLEAR,DAYLIGHT,SIDESWIPE SAME DIRECTION,NOT DIVIDED,STRAIGHT AND LEVEL,DRY,NO DEFECTS,NOT ON SCENE (DESK REPORT),NO INJURY / DRIVE AWAY,N,$500 OR LESS,IMPROPER LANE USAGE,UNABLE TO DETERMINE,241,W,FULLERTON DR,1814,2,NO INDICATION OF INJURY,0,0,0,0,0,2,0,7,5,6,41.9255768,-87.63520926
6/11/2019 14:00,30,NO CONTROLS,NO CONTROLS,CLEAR,DAYLIGHT,SIDESWIPE SAME DIRECTION,NOT DIVIDED,STRAIGHT AND LEVEL,DRY,NO DEFECTS,NOT ON SCENE (DESK REPORT),NO INJURY / DRIVE AWAY,,$500 OR LESS,IMPROPER OVERTAKING/PASSING,NOT APPLICABLE,5917,W,BELMONT AVE,2514,2,NO INDICATION OF INJURY,0,0,0,0,0,3,0,14,3,6,41.93836003,-87.77451819
6/7/2019 20:50,30,NO CONTROLS,NO CONTROLS,CLEAR,"DARKNESS, LIGHTED ROAD",PEDALCYCLIST,DIVIDED - W/MEDIAN (NOT RAISED),STRAIGHT AND LEVEL,DRY,UNKNOWN,NOT ON SCENE (DESK REPORT),INJURY AND / OR TOW DUE TO CRASH,,$500 OR LESS,UNABLE TO DETERMINE,UNABLE TO DETERMINE,1645,W,59TH ST,714,2,INCAPACITATING INJURY,1,0,1,0,0,1,0,20,6,6,41.7866163,-87.666211
6/13/2019 7:30,30,TRAFFIC SIGNAL,FUNCTIONING PROPERLY,RAIN,DAYLIGHT,TURNING,T-INTERSECTION,STRAIGHT AND LEVEL,WET,NO DEFECTS,ON SCENE,INJURY AND / OR TOW DUE TO CRASH,Y,"OVER $1,500",IMPROPER TURNING/NO SIGNAL,FAILING TO YIELD RIGHT-OF-WAY,12200,S,TORRENCE AVE,434,3,"REPORTED, NOT EVIDENT",1,0,0,0,1,2,0,7,5,6,41.67367899,-87.55939861
6/11/2019 12:35,30,TRAFFIC SIGNAL,FUNCTIONING PROPERLY,CLEAR,DAYLIGHT,PARKED MOTOR VEHICLE,NOT DIVIDED,STRAIGHT AND LEVEL,DRY,NO DEFECTS,ON SCENE,NO INJURY / DRIVE AWAY,Y,"$501 - $1,500",IMPROPER BACKING,UNABLE TO DETERMINE,4081,N,BROADWAY,1915,2,NO INDICATION OF INJURY,0,0,0,0,0,1,0,12,3,6,41.95663998,-87.65170986
6/11/2019 15:00,25,NO CONTROLS,NO CONTROLS,CLEAR,DAYLIGHT,SIDESWIPE SAME DIRECTION,PARKING LOT,STRAIGHT AND LEVEL,DRY,NO DEFECTS,NOT ON SCENE (DESK REPORT),NO INJURY / DRIVE AWAY,,"$501 - $1,500",NOT APPLICABLE,NOT APPLICABLE,3200,W,ROOSEVELT RD,1134,2,NO INDICATION OF INJURY,0,0,0,0,0,2,0,15,3,6,41.86651389,-87.7057336
6/13/2019 16:15,30,NO CONTROLS,NO CONTROLS,CLEAR,DAYLIGHT,TURNING,DIVIDED - W/MEDIAN (NOT RAISED),STRAIGHT AND LEVEL,DRY,NO DEFECTS,NOT ON SCENE (DESK REPORT),NO INJURY / DRIVE AWAY,N,"OVER $1,500",DRIVING ON WRONG SIDE/WRONG WAY,DRIVING SKILLS/KNOWLEDGE/EXPERIENCE,5900,S,PULASKI RD,813,2,NO INDICATION OF INJURY,0,0,0,0,0,2,0,16,5,6,41.78588849,-87.72310659
6/8/2019 15:30,30,TRAFFIC SIGNAL,FUNCTIONING PROPERLY,CLOUDY/OVERCAST,DAYLIGHT,REAR END,DIVIDED - W/MEDIAN (NOT RAISED),STRAIGHT AND LEVEL,DRY,NO DEFECTS,NOT ON SCENE (DESK REPORT),NO INJURY / DRIVE AWAY,,"$501 - $1,500",UNABLE TO DETERMINE,NOT APPLICABLE,300,S,HAMLIN BLVD,1133,2,NO INDICATION OF INJURY,0,0,0,0,0,2,0,15,7,6,41.87717386,-87.72078414
6/4/2019 13:05,30,NO CONTROLS,NO CONTROLS,CLEAR,DAYLIGHT,FIXED OBJECT,ALLEY,STRAIGHT AND LEVEL,DRY,NO DEFECTS,NOT ON SCENE (DESK REPORT),NO INJURY / DRIVE AWAY,,$500 OR LESS,UNABLE TO DETERMINE,UNABLE TO DETERMINE,6312,S,HONORE ST,726,1,NO INDICATION OF INJURY,0,0,0,0,0,1,0,13,3,6,41.77894082,-87.67043218
6/12/2019 14:41,30,TRAFFIC SIGNAL,FUNCTIONING PROPERLY,RAIN,DAYLIGHT,SIDESWIPE SAME DIRECTION,DIVIDED - W/MEDIAN BARRIER,STRAIGHT AND LEVEL,WET,UNKNOWN,ON SCENE,NO INJURY / DRIVE AWAY,Y,"OVER $1,500",UNABLE TO DETERMINE,UNABLE TO DETERMINE,3101,S,DR MARTIN LUTHER KING JR DR,211,2,NO INDICATION OF INJURY,0,0,0,0,0,2,0,14,4,6,41.83833328,-87.61697489
6/14/2019 15:50,30,UNKNOWN,UNKNOWN,CLEAR,DAYLIGHT,SIDESWIPE SAME DIRECTION,ONE-WAY,STRAIGHT AND LEVEL,DRY,UNKNOWN,NOT ON SCENE (DESK REPORT),NO INJURY / DRIVE AWAY,,$500 OR LESS,DRIVING SKILLS/KNOWLEDGE/EXPERIENCE,DRIVING SKILLS/KNOWLEDGE/EXPERIENCE,225,S,CANAL ST,121,2,NO INDICATION OF INJURY,0,0,0,0,0,2,0,15,6,6,41.87853128,-87.63942746
6/2/2019 18:55,30,TRAFFIC SIGNAL,FUNCTIONING PROPERLY,CLEAR,DAYLIGHT,SIDESWIPE SAME DIRECTION,ONE-WAY,STRAIGHT AND LEVEL,DRY,NO DEFECTS,ON SCENE,NO INJURY / DRIVE AWAY,Y,"OVER $1,500",IMPROPER OVERTAKING/PASSING,IMPROPER TURNING/NO SIGNAL,55,E,OHIO ST,1834,2,NO INDICATION OF INJURY,0,0,0,0,0,2,0,18,1,6,41.89240275,-87.62589326
6/1/2019 13:30,30,NO CONTROLS,NO CONTROLS,CLEAR,DAYLIGHT,SIDESWIPE SAME DIRECTION,NOT DIVIDED,STRAIGHT AND LEVEL,DRY,NO DEFECTS,NOT ON SCENE (DESK REPORT),NO INJURY / DRIVE AWAY,,"$501 - $1,500",IMPROPER OVERTAKING/PASSING,NOT APPLICABLE,7200,W,ADDISON ST,1631,2,NO INDICATION OF INJURY,0,0,0,0,0,2,0,13,7,6,41.94537336,-87.80707033
6/13/2019 17:50,30,TRAFFIC SIGNAL,FUNCTIONING PROPERLY,CLEAR,DAYLIGHT,TURNING,NOT DIVIDED,STRAIGHT AND LEVEL,DRY,NO DEFECTS,NOT ON SCENE (DESK REPORT),NO INJURY / DRIVE AWAY,Y,"$501 - $1,500",IMPROPER TURNING/NO SIGNAL,NOT APPLICABLE,500,N,STATE ST,1831,2,NO INDICATION OF INJURY,0,0,0,0,0,2,0,17,5,6,41.89090369,-87.62818612
6/6/2019 16:35,35,NO CONTROLS,NO CONTROLS,CLEAR,DAYLIGHT,REAR END,NOT DIVIDED,STRAIGHT AND LEVEL,DRY,NO DEFECTS,ON SCENE,INJURY AND / OR TOW DUE TO CRASH,,"OVER $1,500",NOT APPLICABLE,NOT APPLICABLE,5875,N,LINCOLN AVE,2011,2,NONINCAPACITATING INJURY,2,0,0,2,0,2,0,16,5,6,41.98829003,-87.7036195
6/9/2019 23:27,10,NO CONTROLS,NO CONTROLS,CLEAR,"DARKNESS, LIGHTED ROAD",PARKED MOTOR VEHICLE,PARKING LOT,STRAIGHT AND LEVEL,DRY,NO DEFECTS,ON SCENE,NO INJURY / DRIVE AWAY,,"$501 - $1,500",UNABLE TO DETERMINE,UNABLE TO DETERMINE,2750,W,111TH ST,2212,2,NO INDICATION OF INJURY,0,0,0,0,0,1,0,23,1,6,41.69180292,-87.69038573
6/14/2019 13:04,30,NO CONTROLS,NO CONTROLS,CLEAR,DAYLIGHT,TURNING,NOT DIVIDED,STRAIGHT AND LEVEL,DRY,NO DEFECTS,NOT ON SCENE (DESK REPORT),NO INJURY / DRIVE AWAY,,"OVER $1,500",FAILING TO YIELD RIGHT-OF-WAY,NOT APPLICABLE,3220,W,WABANSIA AVE,1421,2,NO INDICATION OF INJURY,0,0,0,0,0,2,0,13,6,6,41.91203897,-87.70773566
6/7/2019 17:45,0,NO CONTROLS,NO CONTROLS,CLEAR,DAYLIGHT,PARKED MOTOR VEHICLE,PARKING LOT,STRAIGHT AND LEVEL,DRY,NO DEFECTS,NOT ON SCENE (DESK REPORT),NO INJURY / DRIVE AWAY,,"$501 - $1,500",UNABLE TO DETERMINE,NOT APPLICABLE,5608,W,MADISON ST,1513,2,NO INDICATION OF INJURY,0,0,0,0,0,1,0,17,6,6,41.88034981,-87.76527467
6/11/2019 13:05,15,NO CONTROLS,NO CONTROLS,CLEAR,DAYLIGHT,SIDESWIPE SAME DIRECTION,ONE-WAY,STRAIGHT AND LEVEL,DRY,NO DEFECTS,ON SCENE,NO INJURY / DRIVE AWAY,,"$501 - $1,500",NOT APPLICABLE,NOT APPLICABLE,10000,W,OHARE ST,1651,2,NO INDICATION OF INJURY,0,0,0,0,0,2,0,13,3,6,41.97620114,-87.90530913
6/1/2019 4:30,20,NO CONTROLS,NO CONTROLS,UNKNOWN,"DARKNESS, LIGHTED ROAD",PARKED MOTOR VEHICLE,ONE-WAY,STRAIGHT AND LEVEL,UNKNOWN,UNKNOWN,NOT ON SCENE (DESK REPORT),NO INJURY / DRIVE AWAY,,"OVER $1,500",IMPROPER BACKING,"OPERATING VEHICLE IN ERRATIC, RECKLESS, CARELESS, NEGLIGENT OR AGGRESSIVE MANNER",7659,S,HONORE ST,611,2,NO INDICATION OF INJURY,0,0,0,0,0,1,0,4,7,6,41.75401359,-87.66945323
6/6/2019 17:45,30,STOP SIGN/FLASHER,FUNCTIONING PROPERLY,UNKNOWN,UNKNOWN,ANGLE,NOT DIVIDED,STRAIGHT AND LEVEL,DRY,UNKNOWN,NOT ON SCENE (DESK REPORT),NO INJURY / DRIVE AWAY,,"OVER $1,500",FAILING TO YIELD RIGHT-OF-WAY,NOT APPLICABLE,3630,N,ELSTON AVE,1733,2,NO INDICATION OF INJURY,0,0,0,0,0,2,0,17,5,6,41.94716621,-87.70985507
6/13/2019 13:30,30,TRAFFIC SIGNAL,FUNCTIONING PROPERLY,CLEAR,DAYLIGHT,PARKED MOTOR VEHICLE,T-INTERSECTION,STRAIGHT AND LEVEL,DRY,NO DEFECTS,ON SCENE,NO INJURY / DRIVE AWAY,,"OVER $1,500","VISION OBSCURED (SIGNS, TREE LIMBS, BUILDINGS, ETC.)",DRIVING SKILLS/KNOWLEDGE/EXPERIENCE,1167,W,MADISON ST,1232,2,NO INDICATION OF INJURY,0,0,0,0,0,1,0,13,5,6,41.88150931,-87.65697933
6/1/2019 9:10,30,TRAFFIC SIGNAL,FUNCTIONING PROPERLY,CLEAR,DAYLIGHT,SIDESWIPE SAME DIRECTION,ONE-WAY,STRAIGHT AND LEVEL,DRY,NO DEFECTS,NOT ON SCENE (DESK REPORT),NO INJURY / DRIVE AWAY,,"$501 - $1,500",UNABLE TO DETERMINE,UNABLE TO DETERMINE,7483,S,LAFAYETTE AVE,731,3,NO INDICATION OF INJURY,0,0,0,0,0,3,0,9,7,6,41.75825008,-87.62622877
6/4/2019 10:34,30,STOP SIGN/FLASHER,FUNCTIONING PROPERLY,RAIN,DAYLIGHT,ANGLE,DIVIDED - W/MEDIAN (NOT RAISED),STRAIGHT AND LEVEL,WET,NO DEFECTS,,INJURY AND / OR TOW DUE TO CRASH,,"OVER $1,500",DISREGARDING STOP SIGN,NOT APPLICABLE,2019,W,63RD ST,726,3,NONINCAPACITATING INJURY,2,0,0,2,0,1,0,10,3,6,41.77919455,-87.67478258
6/2/2019 15:15,30,TRAFFIC SIGNAL,FUNCTIONING PROPERLY,CLEAR,DAYLIGHT,REAR END,DIVIDED - W/MEDIAN (NOT RAISED),STRAIGHT AND LEVEL,DRY,NO DEFECTS,ON SCENE,NO INJURY / DRIVE AWAY,,$500 OR LESS,DISTRACTION - FROM INSIDE VEHICLE,NOT APPLICABLE,3358,W,IRVING PARK RD,1724,2,NO INDICATION OF INJURY,0,0,0,0,0,5,0,15,1,6,41.95396745,-87.71284661