CRASH_DATE,POSTED_SPEED_LIMIT,TRAFFIC_CONTROL_DEVICE,DEVICE_CONDITION,WEATHER_CONDITION,LIGHTING_CONDITION,FIRST_CRASH_TYPE,TRAFFICWAY_TYPE,ALIGNMENT,ROADWAY_SURFACE_COND,ROAD_DEFECT,REPORT_TYPE,CRASH_TYPE,INTERSECTION_RELATED_I,DAMAGE,PRIM_CONTRIBUTORY_CAUSE,SEC_CONTRIBUTORY_CAUSE,STREET_NO,STREET_DIRECTION,STREET_NAME,BEAT_OF_OCCURRENCE,NUM_UNITS,MOST_SEVERE_INJURY,INJURIES_TOTAL,INJURIES_FATAL,INJURIES_INCAPACITATING,INJURIES_NON_INCAPACITATING,INJURIES_REPORTED_NOT_EVIDENT,INJURIES_NO_INDICATION,INJURIES_UNKNOWN,CRASH_HOUR,CRASH_DAY_OF_WEEK,CRASH_MONTH,LATITUDE,LONGITUDE
6/12/2019 22:38,25,TRAFFIC SIGNAL,UNKNOWN,RAIN,"DARKNESS, LIGHTED ROAD",SIDESWIPE SAME DIRECTION,DIVIDED - W/MEDIAN (NOT RAISED),STRAIGHT AND LEVEL,WET,UNKNOWN,ON SCENE,NO INJURY / DRIVE AWAY,,$500 OR LESS,IMPROPER TURNING/NO SIGNAL,IMPROPER LANE USAGE,3601,W,HARRISON ST,1133,2,NO INDICATION OF INJURY,0,0,0,0,0,4,0,22,4,6,41.8734568,-87.71577762
6/2/2019 16:00,30,TRAFFIC SIGNAL,FUNCTIONING PROPERLY,CLEAR,DAYLIGHT,REAR END,DIVIDED - W/MEDIAN (NOT RAISED),STRAIGHT AND LEVEL,DRY,NO DEFECTS,NOT ON SCENE (DESK REPORT),NO INJURY / DRIVE AWAY,Y,"OVER $1,500",FOLLOWING TOO CLOSELY,NOT APPLICABLE,1400,S,STATE ST,131,3,NO INDICATION OF INJURY,0,0,0,0,0,6,0,16,1,6,41.86396788,-87.62748774
6/5/2019 15:51,30,TRAFFIC SIGNAL,FUNCTIONING PROPERLY,CLEAR,DAYLIGHT,REAR END,T-INTERSECTION,STRAIGHT AND LEVEL,DRY,NO DEFECTS,ON SCENE,NO INJURY / DRIVE AWAY,Y,$500 OR LESS,FOLLOWING TOO CLOSELY,DISTRACTION - FROM OUTSIDE VEHICLE,1641,W,HOWARD ST,2422,2,NO INDICATION OF INJURY,0,0,0,0,0,6,0,15,4,6,42.01927378,-87.67272894
6/2/2019 1:00,30,NO CONTROLS,NO CONTROLS,UNKNOWN,"DARKNESS, LIGHTED ROAD",PARKED MOTOR VEHICLE,NOT DIVIDED,STRAIGHT AND LEVEL,UNKNOWN,NO DEFECTS,NOT ON SCENE (DESK REPORT),NO INJURY / DRIVE AWAY,,"OVER $1,500",UNABLE TO DETERMINE,NOT APPLICABLE,4342,W,OGDEN AVE,1013,2,NO INDICATION OF INJURY,0,0,0,0,0,1,0,1,1,6,41.84835828,-87.73279913
6/7/2019 10:15,30,TRAFFIC SIGNAL,FUNCTIONING PROPERLY,CLEAR,DAYLIGHT,SIDESWIPE OPPOSITE DIRECTION,NOT DIVIDED,STRAIGHT AND LEVEL,DRY,NO DEFECTS,NOT ON SCENE (DESK REPORT),NO INJURY / DRIVE AWAY,,"OVER $1,500",IMPROPER BACKING,NOT APPLICABLE,1959,N,PULASKI RD,2535,2,NO INDICATION OF INJURY,0,0,0,0,0,3,0,10,6,6,41.9170795,-87.7264072
6/13/2019 18:00,35,NO CONTROLS,NO CONTROLS,CLEAR,DAYLIGHT,REAR TO FRONT,DIVIDED - W/MEDIAN BARRIER,STRAIGHT AND LEVEL,DRY,NO DEFECTS,NOT ON SCENE (DESK REPORT),NO INJURY / DRIVE AWAY,,"OVER $1,500","OPERATING VEHICLE IN ERRATIC, RECKLESS, CARELESS, NEGLIGENT OR AGGRESSIVE MANNER",NOT APPLICABLE,2505,N,KEDZIE BLVD,1414,2,NO INDICATION OF INJURY,0,0,0,0,0,2,0,18,5,6,41.92677554,-87.70713131
6/11/2019 20:30,30,TRAFFIC SIGNAL,FUNCTIONING PROPERLY,CLEAR,"DARKNESS, LIGHTED ROAD",REAR END,NOT DIVIDED,STRAIGHT AND LEVEL,DRY,NO DEFECTS,NOT ON SCENE (DESK REPORT),NO INJURY / DRIVE AWAY,,"$501 - $1,500",DISREGARDING TRAFFIC SIGNALS,UNABLE TO DETERMINE,6201,N,CALIFORNIA AVE,2413,2,NO INDICATION OF INJURY,0,0,0,0,0,2,0,20,3,6,41.99407035,-87.69937202
6/6/2019 10:08,30,NO CONTROLS,NO CONTROLS,CLOUDY/OVERCAST,DAYLIGHT,REAR END,DIVIDED - W/MEDIAN (NOT RAISED),STRAIGHT AND LEVEL,DRY,NO DEFECTS,ON SCENE,INJURY AND / OR TOW DUE TO CRASH,,"OVER $1,500",UNABLE TO DETERMINE,NOT APPLICABLE,4236,S,WESTERN AVE,921,2,NO INDICATION OF INJURY,0,0,0,0,0,2,0,10,5,6,41.81640442,-87.68479438
6/11/2019 9:30,10,OTHER,NO CONTROLS,CLEAR,DAYLIGHT,PARKED MOTOR VEHICLE,ALLEY,STRAIGHT AND LEVEL,DRY,NO DEFECTS,NOT ON SCENE (DESK REPORT),NO INJURY / DRIVE AWAY,,"$501 - $1,500",IMPROPER BACKING,NOT APPLICABLE,7406,S,VINCENNES AVE,731,2,NO INDICATION OF INJURY,0,0,0,0,0,1,0,9,3,6,41.7597483,-87.63076928
6/14/2019 8:59,30,NO CONTROLS,NO CONTROLS,CLEAR,DAYLIGHT,PARKED MOTOR VEHICLE,NOT DIVIDED,STRAIGHT AND LEVEL,DRY,NO DEFECTS,ON SCENE,NO INJURY / DRIVE AWAY,,"$501 - $1,500",UNABLE TO DETERMINE,NOT APPLICABLE,731,N,AUSTIN BLVD,1511,2,NO INDICATION OF INJURY,0,0,0,0,0,1,0,8,6,6,41.89375538,-87.77495075
6/9/2019 0:04,30,TRAFFIC SIGNAL,FUNCTIONING PROPERLY,FREEZING RAIN/DRIZZLE,"DARKNESS, LIGHTED ROAD",SIDESWIPE SAME DIRECTION,ONE-WAY,STRAIGHT AND LEVEL,WET,UNKNOWN,ON SCENE,NO INJURY / DRIVE AWAY,,"OVER $1,500",UNABLE TO DETERMINE,UNABLE TO DETERMINE,6712,S,LAFAYETTE AVE,722,2,NO INDICATION OF INJURY,0,0,0,0,0,3,0,0,1,6,41.77227592,-87.62689939
6/10/2019 14:55,30,TRAFFIC SIGNAL,UNKNOWN,CLEAR,DAYLIGHT,REAR END,DIVIDED - W/MEDIAN (NOT RAISED),STRAIGHT AND LEVEL,DRY,UNKNOWN,ON SCENE,NO INJURY / DRIVE AWAY,Y,"OVER $1,500",FOLLOWING TOO CLOSELY,FAILING TO REDUCE SPEED TO AVOID CRASH,5401,N,CUMBERLAND AVE,1614,2,NO INDICATION OF INJURY,0,0,0,0,0,6,0,14,2,6,41.97749705,-87.83646032
6/4/2019 13:18,30,NO CONTROLS,NO CONTROLS,CLEAR,DAYLIGHT,REAR END,DIVIDED - W/MEDIAN (NOT RAISED),STRAIGHT AND LEVEL,DRY,NO DEFECTS,ON SCENE,NO INJURY / DRIVE AWAY,,"OVER $1,500",FOLLOWING TOO CLOSELY,NOT APPLICABLE,3160,S,ASHLAND AVE,912,2,NO INDICATION OF INJURY,0,0,0,0,0,2,0,13,3,6,41.83609781,-87.66585081
6/13/2019 11:40,30,NO CONTROLS,NO CONTROLS,CLEAR,DAYLIGHT,PEDESTRIAN,NOT DIVIDED,STRAIGHT AND LEVEL,DRY,NO DEFECTS,ON SCENE,INJURY AND / OR TOW DUE TO CRASH,,"$501 - $1,500",FAILING TO YIELD RIGHT-OF-WAY,NOT APPLICABLE,641,W,WILLOW ST,1813,2,NONINCAPACITATING INJURY,1,0,0,1,0,1,0,11,5,6,41.91376601,-87.6451855
6/4/2019 14:55,30,NO CONTROLS,NO CONTROLS,CLEAR,DAYLIGHT,SIDESWIPE SAME DIRECTION,NOT DIVIDED,STRAIGHT AND LEVEL,DRY,NO DEFECTS,ON SCENE,INJURY AND / OR TOW DUE TO CRASH,,"OVER $1,500",IMPROPER OVERTAKING/PASSING,NOT APPLICABLE,650,N,STATE ST,1832,2,NO INDICATION OF INJURY,0,0,0,0,0,2,0,14,3,6,41.89402909,-87.62827987
6/5/2019 9:00,30,UNKNOWN,UNKNOWN,CLEAR,DAYLIGHT,FIXED OBJECT,NOT DIVIDED,STRAIGHT AND LEVEL,DRY,"RUT, HOLES",NOT ON SCENE (DESK REPORT),NO INJURY / DRIVE AWAY,,$500 OR LESS,UNABLE TO DETERMINE,NOT APPLICABLE,6401,W,ROSCOE ST,1632,1,NO INDICATION OF INJURY,0,0,0,0,0,1,0,9,4,6,41.94188263,-87.78626648
6/1/2019 19:00,30,TRAFFIC SIGNAL,FUNCTIONING PROPERLY,CLEAR,DAYLIGHT,REAR END,DIVIDED - W/MEDIAN BARRIER,STRAIGHT AND LEVEL,WET,NO DEFECTS,NOT ON SCENE (DESK REPORT),NO INJURY / DRIVE AWAY,,"OVER $1,500",FOLLOWING TOO CLOSELY,NOT APPLICABLE,944,W,GARFIELD BLVD,934,2,NO INDICATION OF INJURY,0,0,0,0,0,2,0,19,7,6,41.79435552,-87.64937448
6/1/2019 1:35,30,NO CONTROLS,NO CONTROLS,CLEAR,DUSK,OTHER OBJECT,NOT DIVIDED,STRAIGHT AND LEVEL,DRY,NO DEFECTS,NOT ON SCENE (DESK REPORT),NO INJURY / DRIVE AWAY,,"OVER $1,500",NOT APPLICABLE,NOT APPLICABLE,2400,S,WESTERN AVE,1034,1,NO INDICATION OF INJURY,0,0,0,0,0,2,0,1,7,6,41.84835204,-87.68568193
6/14/2019 15:00,35,TRAFFIC SIGNAL,FUNCTIONING PROPERLY,CLEAR,DAYLIGHT,REAR END,DIVIDED - W/MEDIAN (NOT RAISED),STRAIGHT AND LEVEL,DRY,NO DEFECTS,NOT ON SCENE (DESK REPORT),NO INJURY / DRIVE AWAY,Y,"OVER $1,500",FOLLOWING TOO CLOSELY,NOT APPLICABLE,7438,S,STATE ST,323,2,NO INDICATION OF INJURY,0,0,0,0,0,2,0,15,6,6,41.75888589,-87.62492388
6/7/2019 22:00,30,NO CONTROLS,NO CONTROLS,CLEAR,"DARKNESS, LIGHTED ROAD",PARKED MOTOR VEHICLE,NOT DIVIDED,STRAIGHT AND LEVEL,DRY,NO DEFECTS,ON SCENE,INJURY AND / OR TOW DUE TO CRASH,,"OVER $1,500",PHYSICAL CONDITION OF DRIVER,NOT APPLICABLE,4326,W,55TH ST,815,4,NONINCAPACITATING INJURY,1,0,0,1,0,2,0,22,6,6,41.79323655,-87.73167986
6/12/2019 18:00,30,NO CONTROLS,NO CONTROLS,CLEAR,DAYLIGHT,SIDESWIPE SAME DIRECTION,NOT DIVIDED,STRAIGHT AND LEVEL,DRY,NO DEFECTS,NOT ON SCENE (DESK REPORT),NO INJURY / DRIVE AWAY,,"$501 - $1,500",UNABLE TO DETERMINE,UNABLE TO DETERMINE,300,N,LA SALLE DR,1831,2,NO INDICATION OF INJURY,0,0,0,0,0,2,0,18,4,6,41.88752864,-87.63264684
6/7/2019 17:48,15,NO CONTROLS,NO CONTROLS,CLEAR,DAYLIGHT,PARKED MOTOR VEHICLE,ALLEY,STRAIGHT AND LEVEL,DRY,NO DEFECTS,ON SCENE,NO INJURY / DRIVE AWAY,,$500 OR LESS,UNABLE TO DETERMINE,UNABLE TO DETERMINE,3215,N,SOUTHPORT AVE,1924,2,NO INDICATION OF INJURY,0,0,0,0,0,1,0,17,6,6,41.94025061,-87.66368654
6/11/2019 9:45,30,NO CONTROLS,NO CONTROLS,CLEAR,DAYLIGHT,SIDESWIPE SAME DIRECTION,NOT DIVIDED,STRAIGHT AND LEVEL,DRY,NO DEFECTS,ON SCENE,NO INJURY / DRIVE AWAY,,"OVER $1,500",NOT APPLICABLE,NOT APPLICABLE,5955,W,IRVING PARK RD,1633,2,NO INDICATION OF INJURY,0,0,0,0,0,2,0,9,3,6,41.95295326,-87.77655565
6/14/2019 23:28,30,NO CONTROLS,NO CONTROLS,RAIN,DARKNESS,TURNING,NOT DIVIDED,STRAIGHT AND LEVEL,WET,NO DEFECTS,NOT ON SCENE (DESK REPORT),NO INJURY / DRIVE AWAY,,"OVER $1,500",IMPROPER TURNING/NO SIGNAL,FAILING TO REDUCE SPEED TO AVOID CRASH,100,W,79TH ST,623,2,NO INDICATION OF INJURY,0,0,0,0,0,2,0,23,6,6,41.75101888,-87.62710136
6/13/2019 16:45,30,NO CONTROLS,NO CONTROLS,CLEAR,DAYLIGHT,SIDESWIPE SAME DIRECTION,DIVIDED - W/MEDIAN (NOT RAISED),STRAIGHT AND LEVEL,DRY,NO DEFECTS,NOT ON SCENE (DESK REPORT),NO INJURY / DRIVE AWAY,,"$501 - $1,500",UNABLE TO DETERMINE,NOT APPLICABLE,3730,W,CHICAGO AVE,1112,2,NO INDICATION OF INJURY,0,0,0,0,0,5,0,16,5,6,41.89553682,-87.719913
6/10/2019 8:00,35,TRAFFIC SIGNAL,FUNCTIONING PROPERLY,CLEAR,DAYLIGHT,TURNING,"FIVE POINT, OR MORE",STRAIGHT AND LEVEL,DRY,NO DEFECTS,ON SCENE,INJURY AND / OR TOW DUE TO CRASH,Y,"$501 - $1,500",IMPROPER TURNING/NO SIGNAL,NOT APPLICABLE,5132,N,CENTRAL AVE,1622,2,NO INDICATION OF INJURY,0,0,0,0,0,2,0,8,2,6,41.97452752,-87.76864902
6/14/2019 14:25,30,TRAFFIC SIGNAL,FUNCTIONING PROPERLY,CLEAR,DAYLIGHT,TURNING,FOUR WAY,STRAIGHT AND LEVEL,DRY,NO DEFECTS,NOT ON SCENE (DESK REPORT),NO INJURY / DRIVE AWAY,Y,"OVER $1,500",IMPROPER LANE USAGE,NOT APPLICABLE,500,W,18TH ST,1235,3,NO INDICATION OF INJURY,0,0,0,0,0,3,0,14,6,6,41.8577744,-87.63899038
6/10/2019 17:26,20,UNKNOWN,NO CONTROLS,CLEAR,DAYLIGHT,ANGLE,NOT DIVIDED,STRAIGHT AND LEVEL,DRY,NO DEFECTS,ON SCENE,INJURY AND / OR TOW DUE TO CRASH,,"OVER $1,500",UNABLE TO DETERMINE,UNABLE TO DETERMINE,3251,W,30TH ST,1032,3,NONINCAPACITATING INJURY,2,0,0,2,0,2,0,17,2,6,41.83890937,-87.70691485
6/14/2019 19:00,30,STOP SIGN/FLASHER,FUNCTIONING PROPERLY,CLEAR,"DARKNESS, LIGHTED ROAD",ANGLE,NOT DIVIDED,STRAIGHT AND LEVEL,DRY,NO DEFECTS,NOT ON SCENE (DESK REPORT),NO INJURY / DRIVE AWAY,Y,"OVER $1,500",FAILING TO YIELD RIGHT-OF-WAY,NOT APPLICABLE,5432,W,WABANSIA AVE,2532,2,NO INDICATION OF INJURY,0,0,0,0,0,4,0,19,6,6,41.91135975,-87.76198039
6/6/2019 19:45,25,NO CONTROLS,NO CONTROLS,CLEAR,DAYLIGHT,PARKED MOTOR VEHICLE,ONE-WAY,STRAIGHT AND LEVEL,DRY,NO DEFECTS,ON SCENE,NO INJURY / DRIVE AWAY,,"OVER $1,500",UNABLE TO DETERMINE,UNABLE TO DETERMINE,5440,S,LAFLIN ST,934,3,NO INDICATION OF INJURY,0,0,0,0,0,1,0,19,5,6,41.79470764,-87.6623217
6/6/2019 6:45,25,STOP SIGN/FLASHER,FUNCTIONING PROPERLY,CLEAR,DAYLIGHT,ANGLE,FOUR WAY,STRAIGHT AND LEVEL,DRY,NO DEFECTS,NOT ON SCENE (DESK REPORT),NO INJURY / DRIVE AWAY,Y,"$501 - $1,500",FAILING TO YIELD RIGHT-OF-WAY,FAILING TO YIELD RIGHT-OF-WAY,65,E,HURON ST,1834,2,NO INDICATION OF INJURY,0,0,0,0,0,2,0,6,5,6,41.89480617,-87.62573611
6/7/2019 9:15,30,NO CONTROLS,NO CONTROLS,CLEAR,DAYLIGHT,REAR END,DIVIDED - W/MEDIAN (NOT RAISED),STRAIGHT AND LEVEL,DRY,NO DEFECTS,ON SCENE,INJURY AND / OR TOW DUE TO CRASH,,"OVER $1,500",UNABLE TO DETERMINE,UNABLE TO DETERMINE,5700,N,RIDGE AVE,2013,3,NONINCAPACITATING INJURY,2,0,0,1,1,1,0,9,6,6,41.98547417,-87.66331802
6/14/2019 17:00,25,NO CONTROLS,NO CONTROLS,CLEAR,DAYLIGHT,PARKED MOTOR VEHICLE,NOT DIVIDED,STRAIGHT AND LEVEL,DRY,NO DEFECTS,ON SCENE,NO INJURY / DRIVE AWAY,,"$501 - $1,500",UNABLE TO DETERMINE,NOT APPLICABLE,6700,N,DAMEN AVE,2412,2,NO INDICATION OF INJURY,0,0,0,0,0,1,0,17,6,6,42.00338923,-87.68046071
6/9/2019 15:50,30,TRAFFIC SIGNAL,FUNCTIONING PROPERLY,CLEAR,DAYLIGHT,REAR END,NOT DIVIDED,STRAIGHT AND LEVEL,DRY,NO DEFECTS,NOT ON SCENE (DESK REPORT),NO INJURY / DRIVE AWAY,,"OVER $1,500",FOLLOWING TOO CLOSELY,NOT APPLICABLE,5663,W,LAWRENCE AVE,1622,2,NO INDICATION OF INJURY,0,0,0,0,0,2,0,15,1,6,41.96764272,-87.76980338
6/3/2019 11:56,30,NO CONTROLS,NO CONTROLS,CLEAR,DAYLIGHT,PARKED MOTOR VEHICLE,DIVIDED - W/MEDIAN (NOT RAISED),STRAIGHT AND LEVEL,DRY,NO DEFECTS,ON SCENE,NO INJURY / DRIVE AWAY,,"OVER $1,500",DRIVING SKILLS/KNOWLEDGE/EXPERIENCE,NOT APPLICABLE,2727,N,MILWAUKEE AVE,1412,2,NO INDICATION OF INJURY,0,0,0,0,0,2,0,11,2,6,41.93082349,-87.71004719
6/15/2019 10:30,25,NO CONTROLS,NO CONTROLS,CLEAR,DAYLIGHT,PARKED MOTOR VEHICLE,ONE-WAY,STRAIGHT AND LEVEL,DRY,NO DEFECTS,ON SCENE,INJURY AND / OR TOW DUE TO CRASH,,"OVER $1,500",FAILING TO REDUCE SPEED TO AVOID CRASH,NOT APPLICABLE,1730,W,84TH ST,614,2,NO INDICATION OF INJURY,0,0,0,0,0,1,0,10,7,6,41.7413107,-87.66679133
6/14/2019 10:15,30,NO CONTROLS,NO CONTROLS,CLEAR,DAYLIGHT,PARKED MOTOR VEHICLE,NOT DIVIDED,STRAIGHT AND LEVEL,DRY,NO DEFECTS,NOT ON SCENE (DESK REPORT),NO INJURY / DRIVE AWAY,,$500 OR LESS,UNABLE TO DETERMINE,IMPROPER LANE USAGE,1218,W,MELROSE ST,1924,2,NO INDICATION OF INJURY,0,0,0,0,0,1,0,10,6,6,41.94083241,-87.6597944
6/13/2019 15:15,30,TRAFFIC SIGNAL,FUNCTIONING PROPERLY,CLEAR,DAYLIGHT,REAR END,DIVIDED - W/MEDIAN BARRIER,STRAIGHT AND LEVEL,DRY,NO DEFECTS,NOT ON SCENE (DESK REPORT),NO INJURY / DRIVE AWAY,,"OVER $1,500",FOLLOWING TOO CLOSELY,UNABLE TO DETERMINE,45,E,WACKER DR,111,2,NO INDICATION OF INJURY,0,0,0,0,0,2,0,15,5,6,41.88707399,-87.62617967
6/12/2019 14:08,25,STOP SIGN/FLASHER,NO CONTROLS,RAIN,DAYLIGHT,ANGLE,NOT DIVIDED,STRAIGHT AND LEVEL,WET,NO DEFECTS,ON SCENE,NO INJURY / DRIVE AWAY,Y,"OVER $1,500",FAILING TO YIELD RIGHT-OF-WAY,WEATHER,5900,W,ERIE ST,1511,2,NO INDICATION OF INJURY,0,0,0,0,0,2,0,14,4,6,41.89201886,-87.77233561
6/4/2019 17:45,30,TRAFFIC SIGNAL,FUNCTIONING PROPERLY,CLEAR,DAYLIGHT,TURNING,Y-INTERSECTION,STRAIGHT AND LEVEL,DRY,NO DEFECTS,NOT ON SCENE (DESK REPORT),NO INJURY / DRIVE AWAY,,"OVER $1,500",UNABLE TO DETERMINE,UNABLE TO DETERMINE,2000,S,STATE ST,131,2,NO INDICATION OF INJURY,0,0,0,0,0,4,0,17,3,6,41.8553848,-87.62729155
6/14/2019 13:50,30,NO CONTROLS,NO CONTROLS,CLEAR,DAYLIGHT,SIDESWIPE SAME DIRECTION,DIVIDED - W/MEDIAN BARRIER,STRAIGHT AND LEVEL,DRY,NO DEFECTS,,NO INJURY / DRIVE AWAY,,"$501 - $1,500",IMPROPER OVERTAKING/PASSING,IMPROPER OVERTAKING/PASSING,2159,E,95TH ST,431,2,NO INDICATION OF INJURY,0,0,0,0,0,2,0,13,6,6,41.722419,-87.57055721
6/10/2019 11:20,30,NO CONTROLS,NO CONTROLS,CLEAR,DAYLIGHT,PARKED MOTOR VEHICLE,DIVIDED - W/MEDIAN BARRIER,STRAIGHT AND LEVEL,DRY,NO DEFECTS,ON SCENE,NO INJURY / DRIVE AWAY,,"$501 - $1,500",FAILING TO REDUCE SPEED TO AVOID CRASH,NOT APPLICABLE,5500,S,RACINE AVE,713,2,NO INDICATION OF INJURY,0,0,0,0,0,1,0,11,2,6,41.79372769,-87.65500998
6/10/2019 21:57,35,NO CONTROLS,NO CONTROLS,CLEAR,"DARKNESS, LIGHTED ROAD",PARKED MOTOR VEHICLE,ONE-WAY,STRAIGHT AND LEVEL,DRY,NO DEFECTS,ON SCENE,INJURY AND / OR TOW DUE TO CRASH,,"OVER $1,500",UNABLE TO DETERMINE,UNABLE TO DETERMINE,8046,S,VERNON AVE,631,4,NO INDICATION OF INJURY,0,0,0,0,0,2,0,21,2,6,41.74791167,-87.61377292
6/5/2019 16:26,30,STOP SIGN/FLASHER,FUNCTIONING PROPERLY,CLEAR,DAYLIGHT,SIDESWIPE SAME DIRECTION,NOT DIVIDED,STRAIGHT AND LEVEL,DRY,UNKNOWN,ON SCENE,NO INJURY / DRIVE AWAY,,$500 OR LESS,IMPROPER LANE USAGE,UNABLE TO DETERMINE,5710,N,SHERIDAN RD,2022,2,NO INDICATION OF INJURY,0,0,0,0,0,3,0,16,4,6,41.98591413,-87.6554088
6/15/2019 0:26,30,NO CONTROLS,NO CONTROLS,CLEAR,"DARKNESS, LIGHTED ROAD",REAR END,NOT DIVIDED,STRAIGHT AND LEVEL,UNKNOWN,UNKNOWN,ON SCENE,INJURY AND / OR TOW DUE TO CRASH,,"OVER $1,500",FAILING TO REDUCE SPEED TO AVOID CRASH,FAILING TO REDUCE SPEED TO AVOID CRASH,4200,W,47TH ST,815,2,NO INDICATION OF INJURY,0,0,0,0,0,2,0,0,7,6,41.80791763,-87.72854105
6/11/2019 20:00,20,NO CONTROLS,NO CONTROLS,CLEAR,DUSK,ANGLE,ONE-WAY,STRAIGHT AND LEVEL,DRY,NO DEFECTS,ON SCENE,INJURY AND / OR TOW DUE TO CRASH,,"OVER $1,500",NOT APPLICABLE,NOT APPLICABLE,4015,N,PLAINFIELD AVE,1614,2,NO INDICATION OF INJURY,0,0,0,0,0,2,0,20,3,6,41.95258888,-87.8341064
6/5/2019 14:00,30,NO CONTROLS,NO CONTROLS,CLEAR,DAYLIGHT,PARKED MOTOR VEHICLE,PARKING LOT,STRAIGHT AND LEVEL,DRY,NO DEFECTS,NOT ON SCENE (DESK REPORT),NO INJURY / DRIVE AWAY,,"$501 - $1,500",UNABLE TO DETERMINE,NOT APPLICABLE,811,W,AGATITE AVE,1914,2,NO INDICATION OF INJURY,0,0,0,0,0,1,0,14,4,6,41.96263002,-87.65043043
6/1/2019 14:25,30,TRAFFIC SIGNAL,FUNCTIONING PROPERLY,CLEAR,DAYLIGHT,REAR TO FRONT,DIVIDED - W/MEDIAN (NOT RAISED),STRAIGHT AND LEVEL,DRY,NO DEFECTS,NOT ON SCENE (DESK REPORT),NO INJURY / DRIVE AWAY,Y,"OVER $1,500",IMPROPER BACKING,IMPROPER BACKING,7900,S,WESTERN AVE,835,2,NO INDICATION OF INJURY,0,0,0,0,0,3,0,14,7,6,41.75005493,-87.6829922
6/15/2019 11:45,30,NO CONTROLS,NO CONTROLS,CLEAR,DAYLIGHT,REAR END,NOT DIVIDED,STRAIGHT AND LEVEL,DRY,NO DEFECTS,NOT ON SCENE (DESK REPORT),NO INJURY / DRIVE AWAY,,"$501 - $1,500",IMPROPER OVERTAKING/PASSING,UNABLE TO DETERMINE,105,W,OAK ST,1832,2,NO INDICATION OF INJURY,0,0,0,0,0,2,0,11,7,6,41.90043912,-87.63160036
6/10/2019 0:30,45,NO CONTROLS,NO CONTROLS,FOG/SMOKE/HAZE,"DARKNESS, LIGHTED ROAD",FIXED OBJECT,DIVIDED - W/MEDIAN BARRIER,STRAIGHT AND LEVEL,DRY,NO DEFECTS,ON SCENE,INJURY AND / OR TOW DUE TO CRASH,,"OVER $1,500",WEATHER,PHYSICAL CONDITION OF DRIVER,3800,S,LAKE SHORE DR SB,212,1,NO INDICATION OF INJURY,0,0,0,0,0,1,0,0,2,6,41.82754458,-87.60267888
6/13/2019 12:30,30,NO CONTROLS,NO CONTROLS,CLEAR,DAYLIGHT,SIDESWIPE SAME DIRECTION,NOT DIVIDED,STRAIGHT AND LEVEL,DRY,NO DEFECTS,NOT ON SCENE (DESK REPORT),NO INJURY / DRIVE AWAY,,"OVER $1,500",UNABLE TO DETERMINE,UNABLE TO DETERMINE,2800,W,87TH ST,835,2,NO INDICATION OF INJURY,0,0,0,0,0,2,0,12,5,6,41.73546846,-87.69237074
6/14/2019 22:30,30,TRAFFIC SIGNAL,FUNCTIONING PROPERLY,CLEAR,DARKNESS,REAR END,ONE-WAY,STRAIGHT AND LEVEL,WET,UNKNOWN,NOT ON SCENE (DESK REPORT),NO INJURY / DRIVE AWAY,,"$501 - $1,500",UNABLE TO DETERMINE,NOT APPLICABLE,3430,S,WENTWORTH AVE,915,2,NO INDICATION OF INJURY,0,0,0,0,0,2,0,22,6,6,41.83177781,-87.63166607
6/2/2019 7:51,30,NO CONTROLS,NO CONTROLS,UNKNOWN,UNKNOWN,PARKED MOTOR VEHICLE,ONE-WAY,STRAIGHT AND LEVEL,UNKNOWN,NO DEFECTS,ON SCENE,NO INJURY / DRIVE AWAY,,"$501 - $1,500",UNABLE TO DETERMINE,UNABLE TO DETERMINE,7547,S,GREEN ST,621,2,NO INDICATION OF INJURY,0,0,0,0,0,1,0,7,1,6,41.75647025,-87.64525796
6/13/2019 14:00,30,TRAFFIC SIGNAL,FUNCTIONING PROPERLY,CLEAR,DAYLIGHT,REAR END,DIVIDED - W/MEDIAN BARRIER,STRAIGHT ON GRADE,DRY,NO DEFECTS,NOT ON SCENE (DESK REPORT),NO INJURY / DRIVE AWAY,,"OVER $1,500",FAILING TO REDUCE SPEED TO AVOID CRASH,DRIVING SKILLS/KNOWLEDGE/EXPERIENCE,7109,S,PULASKI RD,833,2,NO INDICATION OF INJURY,0,0,0,0,0,2,0,14,5,6,41.76378761,-87.72220012
6/8/2019 17:57,25,NO CONTROLS,NO CONTROLS,CLEAR,DUSK,PARKED MOTOR VEHICLE,ONE-WAY,STRAIGHT AND LEVEL,DRY,NO DEFECTS,NOT ON SCENE (DESK REPORT),NO INJURY / DRIVE AWAY,,"OVER $1,500",IMPROPER BACKING,UNABLE TO DETERMINE,7107,S,VERNON AVE,323,2,NO INDICATION OF INJURY,0,0,0,0,0,2,0,17,7,6,41.76547303,-87.61390797
6/3/2019 7:40,30,NO CONTROLS,NO CONTROLS,CLEAR,DAYLIGHT,SIDESWIPE SAME DIRECTION,NOT DIVIDED,STRAIGHT AND LEVEL,DRY,NO DEFECTS,NOT ON SCENE (DESK REPORT),NO INJURY / DRIVE AWAY,,$500 OR LESS,UNABLE TO DETERMINE,NOT APPLICABLE,4520,W,ADDISON ST,1731,2,NO INDICATION OF INJURY,0,0,0,0,0,2,0,7,2,6,41.9463173,-87.74025468