CRASH_DATE,POSTED_SPEED_LIMIT,TRAFFIC_CONTROL_DEVICE,DEVICE_CONDITION,WEATHER_CONDITION,LIGHTING_CONDITION,FIRST_CRASH_TYPE,TRAFFICWAY_TYPE,ALIGNMENT,ROADWAY_SURFACE_COND,ROAD_DEFECT,REPORT_TYPE,CRASH_TYPE,INTERSECTION_RELATED_I,DAMAGE,PRIM_CONTRIBUTORY_CAUSE,SEC_CONTRIBUTORY_CAUSE,STREET_NO,STREET_DIRECTION,STREET_NAME,BEAT_OF_OCCURRENCE,NUM_UNITS,MOST_SEVERE_INJURY,INJURIES_TOTAL,INJURIES_FATAL,INJURIES_INCAPACITATING,INJURIES_NON_INCAPACITATING,INJURIES_REPORTED_NOT_EVIDENT,INJURIES_NO_INDICATION,INJURIES_UNKNOWN,CRASH_HOUR,CRASH_DAY_OF_WEEK,CRASH_MONTH,LATITUDE,LONGITUDE
6/8/2019 22:00,0,NO CONTROLS,NO CONTROLS,CLEAR,UNKNOWN,PARKED MOTOR VEHICLE,ONE-WAY,STRAIGHT AND LEVEL,DRY,NO DEFECTS,NOT ON SCENE (DESK REPORT),NO INJURY / DRIVE AWAY,,"OVER $1,500",UNABLE TO DETERMINE,NOT APPLICABLE,4926,S,CORNELL AVE,222,2,NO INDICATION OF INJURY,0,0,0,0,0,1,0,22,7,6,41.80506419,-87.58664481
6/12/2019 8:25,30,NO CONTROLS,NO CONTROLS,CLEAR,DAYLIGHT,SIDESWIPE SAME DIRECTION,ONE-WAY,STRAIGHT AND LEVEL,DRY,NO DEFECTS,ON SCENE,NO INJURY / DRIVE AWAY,,"$501 - $1,500",FAILING TO YIELD RIGHT-OF-WAY,NOT APPLICABLE,732,N,LOCKWOOD AVE,1524,2,NO INDICATION OF INJURY,0,0,0,0,0,2,0,8,4,6,41.8939703,-87.75816396
6/6/2019 12:00,30,NO CONTROLS,NO CONTROLS,CLEAR,DAYLIGHT,PARKED MOTOR VEHICLE,DIVIDED - W/MEDIAN (NOT RAISED),STRAIGHT AND LEVEL,DRY,NO DEFECTS,NOT ON SCENE (DESK REPORT),NO INJURY / DRIVE AWAY,,"OVER $1,500",UNABLE TO DETERMINE,NOT APPLICABLE,3004,N,MILWAUKEE AVE,2523,2,NO INDICATION OF INJURY,0,0,0,0,0,1,0,12,5,6,41.93575137,-87.71859463
6/4/2019 21:30,30,TRAFFIC SIGNAL,FUNCTIONING PROPERLY,CLEAR,DARKNESS,FIXED OBJECT,NOT DIVIDED,STRAIGHT AND LEVEL,DRY,"RUT, HOLES",NOT ON SCENE (DESK REPORT),NO INJURY / DRIVE AWAY,Y,"$501 - $1,500",ROAD ENGINEERING/SURFACE/MARKING DEFECTS,NOT APPLICABLE,6300,S,WESTERN AVE,825,1,NO INDICATION OF INJURY,0,0,0,0,0,1,0,21,3,6,41.77912348,-87.6837831
6/7/2019 4:27,30,NO CONTROLS,NO CONTROLS,CLEAR,"DARKNESS, LIGHTED ROAD",FIXED OBJECT,ONE-WAY,STRAIGHT AND LEVEL,DRY,NO DEFECTS,NOT ON SCENE (DESK REPORT),INJURY AND / OR TOW DUE TO CRASH,,"OVER $1,500",FAILING TO REDUCE SPEED TO AVOID CRASH,IMPROPER TURNING/NO SIGNAL,4401,N,LOWELL AVE,1722,1,NO INDICATION OF INJURY,0,0,0,0,0,2,0,4,6,6,41.96093622,-87.73686735
6/4/2019 10:05,30,TRAFFIC SIGNAL,FUNCTIONING PROPERLY,RAIN,DAYLIGHT,PEDESTRIAN,NOT REPORTED,STRAIGHT AND LEVEL,WET,NO DEFECTS,,INJURY AND / OR TOW DUE TO CRASH,,"OVER $1,500",WEATHER,NOT APPLICABLE,205,W,RANDOLPH ST,122,2,NONINCAPACITATING INJURY,1,0,0,1,0,1,0,10,3,6,41.88435919,-87.6340799
6/12/2019 21:00,30,NO CONTROLS,NO CONTROLS,RAIN,DARKNESS,FIXED OBJECT,NOT DIVIDED,STRAIGHT AND LEVEL,DRY,NO DEFECTS,NOT ON SCENE (DESK REPORT),NO INJURY / DRIVE AWAY,,"$501 - $1,500",UNABLE TO DETERMINE,NOT APPLICABLE,319,W,RANDOLPH ST,122,1,NO INDICATION OF INJURY,0,0,0,0,0,1,0,21,4,6,41.88435409,-87.63593864
6/13/2019 7:50,30,TRAFFIC SIGNAL,FUNCTIONING PROPERLY,CLEAR,DAYLIGHT,TURNING,DIVIDED - W/MEDIAN (NOT RAISED),STRAIGHT AND LEVEL,DRY,NO DEFECTS,NOT ON SCENE (DESK REPORT),INJURY AND / OR TOW DUE TO CRASH,Y,"OVER $1,500","VISION OBSCURED (SIGNS, TREE LIMBS, BUILDINGS, ETC.)",UNABLE TO DETERMINE,2500,S,BLUE ISLAND AVE,1034,2,NO INDICATION OF INJURY,0,0,0,0,0,3,0,7,5,6,41.84711173,-87.67979237
6/2/2019 7:30,45,NO CONTROLS,NO CONTROLS,CLEAR,DAYLIGHT,FIXED OBJECT,DIVIDED - W/MEDIAN BARRIER,STRAIGHT AND LEVEL,DRY,OTHER,ON SCENE,INJURY AND / OR TOW DUE TO CRASH,,"OVER $1,500",EQUIPMENT - VEHICLE CONDITION,ROAD ENGINEERING/SURFACE/MARKING DEFECTS,1500,S,LAKE SHORE DR E,132,1,NO INDICATION OF INJURY,0,0,0,0,0,1,0,7,1,6,41.8619955,-87.61841998
6/3/2019 10:40,30,NO CONTROLS,FUNCTIONING PROPERLY,CLEAR,DAYLIGHT,PEDALCYCLIST,NOT DIVIDED,STRAIGHT AND LEVEL,DRY,NO DEFECTS,ON SCENE,INJURY AND / OR TOW DUE TO CRASH,,$500 OR LESS,IMPROPER TURNING/NO SIGNAL,NOT APPLICABLE,630,W,HARRISON ST,124,2,NONINCAPACITATING INJURY,1,0,0,1,0,1,0,10,2,6,41.87446342,-87.64381593
6/12/2019 13:55,30,NO CONTROLS,NO CONTROLS,RAIN,DAYLIGHT,SIDESWIPE SAME DIRECTION,NOT DIVIDED,STRAIGHT AND LEVEL,WET,NO DEFECTS,NOT ON SCENE (DESK REPORT),NO INJURY / DRIVE AWAY,,"OVER $1,500",UNABLE TO DETERMINE,UNABLE TO DETERMINE,2525,W,PETERSON AVE,2011,2,NO INDICATION OF INJURY,0,0,0,0,0,2,0,13,4,6,41.99036683,-87.69325466
6/8/2019 23:00,20,STOP SIGN/FLASHER,FUNCTIONING PROPERLY,CLEAR,"DARKNESS, LIGHTED ROAD",ANGLE,ONE-WAY,STRAIGHT AND LEVEL,DRY,NO DEFECTS,NOT ON SCENE (DESK REPORT),INJURY AND / OR TOW DUE TO CRASH,,"OVER $1,500",UNABLE TO DETERMINE,NOT APPLICABLE,5300,W,ADAMS ST,1522,2,NO INDICATION OF INJURY,0,0,0,0,0,2,0,23,7,6,41.87854722,-87.7577257
6/11/2019 15:40,30,NO CONTROLS,NO CONTROLS,CLEAR,DAYLIGHT,TURNING,NOT DIVIDED,STRAIGHT AND LEVEL,DRY,NO DEFECTS,NOT ON SCENE (DESK REPORT),NO INJURY / DRIVE AWAY,,"OVER $1,500",UNABLE TO DETERMINE,NOT APPLICABLE,6658,S,WESTERN AVE,832,2,NO INDICATION OF INJURY,0,0,0,0,0,2,0,15,3,6,41.77206571,-87.68359325
6/9/2019 13:00,30,NO CONTROLS,NO CONTROLS,CLEAR,UNKNOWN,PARKED MOTOR VEHICLE,ONE-WAY,STRAIGHT AND LEVEL,DRY,NO DEFECTS,NOT ON SCENE (DESK REPORT),NO INJURY / DRIVE AWAY,,"$501 - $1,500",UNABLE TO DETERMINE,NOT APPLICABLE,5410,W,PARKER AVE,2514,2,NO INDICATION OF INJURY,0,0,0,0,0,1,0,13,1,6,41.93053054,-87.76180738
6/1/2019 3:45,30,TRAFFIC SIGNAL,FUNCTIONING PROPERLY,CLEAR,"DARKNESS, LIGHTED ROAD",FIXED OBJECT,ONE-WAY,STRAIGHT AND LEVEL,DRY,NO DEFECTS,ON SCENE,INJURY AND / OR TOW DUE TO CRASH,Y,"OVER $1,500",IMPROPER TURNING/NO SIGNAL,NOT APPLICABLE,300,E,CERMAK RD,132,2,NO INDICATION OF INJURY,0,0,0,0,0,2,0,3,7,6,41.85301948,-87.62061121
6/11/2019 8:40,25,NO CONTROLS,NO CONTROLS,CLEAR,DAYLIGHT,SIDESWIPE SAME DIRECTION,NOT DIVIDED,STRAIGHT AND LEVEL,DRY,NO DEFECTS,NOT ON SCENE (DESK REPORT),NO INJURY / DRIVE AWAY,,"$501 - $1,500",UNABLE TO DETERMINE,UNABLE TO DETERMINE,411,S,PULASKI RD,1132,2,NO INDICATION OF INJURY,0,0,0,0,0,2,0,8,3,6,41.87488686,-87.72532226
6/8/2019 9:00,30,NO CONTROLS,NO CONTROLS,CLEAR,DAYLIGHT,SIDESWIPE SAME DIRECTION,NOT DIVIDED,STRAIGHT AND LEVEL,DRY,NO DEFECTS,NOT ON SCENE (DESK REPORT),NO INJURY / DRIVE AWAY,,"OVER $1,500",UNABLE TO DETERMINE,UNABLE TO DETERMINE,1644,W,FARRAGUT AVE,2012,2,NO INDICATION OF INJURY,0,0,0,0,0,2,0,9,7,6,41.97716741,-87.67144498
6/2/2019 22:43,10,NO CONTROLS,NO CONTROLS,CLEAR,"DARKNESS, LIGHTED ROAD",PARKED MOTOR VEHICLE,PARKING LOT,STRAIGHT AND LEVEL,DRY,NO DEFECTS,ON SCENE,INJURY AND / OR TOW DUE TO CRASH,,"OVER $1,500",IMPROPER BACKING,NOT APPLICABLE,370,N,DESPLAINES ST,1214,2,NO INDICATION OF INJURY,0,0,0,0,0,1,0,22,1,6,41.88891817,-87.64447797
6/12/2019 11:55,35,NO CONTROLS,NO CONTROLS,CLEAR,DAYLIGHT,SIDESWIPE SAME DIRECTION,NOT DIVIDED,STRAIGHT AND LEVEL,WET,NO DEFECTS,NOT ON SCENE (DESK REPORT),NO INJURY / DRIVE AWAY,,"OVER $1,500",ANIMAL,NOT APPLICABLE,6031,S,KEDZIE AVE,823,2,NO INDICATION OF INJURY,0,0,0,0,0,2,0,11,4,6,41.78349099,-87.70311678
6/11/2019 21:40,30,NO CONTROLS,NO CONTROLS,CLEAR,"DARKNESS, LIGHTED ROAD",PARKED MOTOR VEHICLE,NOT DIVIDED,STRAIGHT AND LEVEL,DRY,NO DEFECTS,ON SCENE,INJURY AND / OR TOW DUE TO CRASH,,"OVER $1,500",DRIVING SKILLS/KNOWLEDGE/EXPERIENCE,FAILING TO REDUCE SPEED TO AVOID CRASH,6110,W,GUNNISON ST,1622,2,NO INDICATION OF INJURY,0,0,0,0,0,1,0,21,3,6,41.96860561,-87.78125925
6/7/2019 16:15,30,NO CONTROLS,NO CONTROLS,CLEAR,DAYLIGHT,ANGLE,NOT DIVIDED,STRAIGHT AND LEVEL,DRY,NO DEFECTS,NOT ON SCENE (DESK REPORT),INJURY AND / OR TOW DUE TO CRASH,,"$501 - $1,500",FAILING TO YIELD RIGHT-OF-WAY,FAILING TO YIELD RIGHT-OF-WAY,2302,S,PULASKI RD,1013,2,"REPORTED, NOT EVIDENT",1,0,0,0,1,1,0,16,6,6,41.84960132,-87.72485421
6/8/2019 21:20,30,NO CONTROLS,NO CONTROLS,CLEAR,"DARKNESS, LIGHTED ROAD",PEDESTRIAN,NOT DIVIDED,STRAIGHT AND LEVEL,DRY,NO DEFECTS,ON SCENE,INJURY AND / OR TOW DUE TO CRASH,,"OVER $1,500",FAILING TO REDUCE SPEED TO AVOID CRASH,NOT APPLICABLE,6358,S,ASHLAND AVE,725,2,FATAL,1,1,0,0,0,1,0,21,7,6,41.77774222,-87.66432058
6/1/2019 21:22,30,NO CONTROLS,NO CONTROLS,RAIN,"DARKNESS, LIGHTED ROAD",OTHER OBJECT,ALLEY,STRAIGHT AND LEVEL,WET,UNKNOWN,ON SCENE,INJURY AND / OR TOW DUE TO CRASH,,"OVER $1,500",FAILING TO REDUCE SPEED TO AVOID CRASH,"OPERATING VEHICLE IN ERRATIC, RECKLESS, CARELESS, NEGLIGENT OR AGGRESSIVE MANNER",2007,N,LAWLER AVE,2522,1,NO INDICATION OF INJURY,0,0,0,0,0,1,0,21,7,6,41.91711928,-87.7520161
6/6/2019 18:00,30,NO CONTROLS,NO CONTROLS,CLEAR,DAYLIGHT,SIDESWIPE SAME DIRECTION,DIVIDED - W/MEDIAN (NOT RAISED),STRAIGHT AND LEVEL,DRY,NO DEFECTS,NOT ON SCENE (DESK REPORT),NO INJURY / DRIVE AWAY,,$500 OR LESS,IMPROPER LANE USAGE,DRIVING SKILLS/KNOWLEDGE/EXPERIENCE,5713,S,KEDZIE AVE,824,2,NO INDICATION OF INJURY,0,0,0,0,0,2,0,18,5,6,41.78945637,-87.70329676
6/10/2019 17:00,30,NO CONTROLS,NO CONTROLS,CLEAR,DAYLIGHT,ANGLE,T-INTERSECTION,STRAIGHT AND LEVEL,DRY,NO DEFECTS,NOT ON SCENE (DESK REPORT),NO INJURY / DRIVE AWAY,,"$501 - $1,500",FAILING TO YIELD RIGHT-OF-WAY,NOT APPLICABLE,4751,W,VAN BUREN ST,1131,2,NO INDICATION OF INJURY,0,0,0,0,0,2,0,17,2,6,41.87491622,-87.74464447
6/11/2019 14:50,30,NO CONTROLS,NO CONTROLS,CLEAR,DAYLIGHT,PARKED MOTOR VEHICLE,DIVIDED - W/MEDIAN (NOT RAISED),STRAIGHT AND LEVEL,DRY,NO DEFECTS,NOT ON SCENE (DESK REPORT),NO INJURY / DRIVE AWAY,,"OVER $1,500",NOT APPLICABLE,NOT APPLICABLE,4037,W,83RD ST,834,2,NO INDICATION OF INJURY,0,0,0,0,0,1,0,14,3,6,41.74204111,-87.72318954
6/12/2019 16:10,30,STOP SIGN/FLASHER,FUNCTIONING PROPERLY,CLEAR,DAYLIGHT,REAR END,NOT DIVIDED,STRAIGHT AND LEVEL,DRY,NO DEFECTS,NOT ON SCENE (DESK REPORT),NO INJURY / DRIVE AWAY,,"$501 - $1,500",UNABLE TO DETERMINE,UNABLE TO DETERMINE,10300,S,DOTY AVE E,434,2,NO INDICATION OF INJURY,0,0,0,0,0,2,0,16,4,6,41.70784956,-87.58085427
6/12/2019 8:00,30,NO CONTROLS,NO CONTROLS,CLEAR,DAYLIGHT,PARKED MOTOR VEHICLE,ONE-WAY,STRAIGHT AND LEVEL,UNKNOWN,UNKNOWN,NOT ON SCENE (DESK REPORT),NO INJURY / DRIVE AWAY,,"OVER $1,500",UNABLE TO DETERMINE,NOT APPLICABLE,2637,W,MONTGOMERY AVE,921,2,NO INDICATION OF INJURY,0,0,0,0,0,1,0,8,4,6,41.8184465,-87.69107891
6/3/2019 22:00,30,NO CONTROLS,NO CONTROLS,CLEAR,DARKNESS,PARKED MOTOR VEHICLE,NOT DIVIDED,STRAIGHT AND LEVEL,DRY,NO DEFECTS,NOT ON SCENE (DESK REPORT),NO INJURY / DRIVE AWAY,,"$501 - $1,500",IMPROPER LANE USAGE,UNABLE TO DETERMINE,7037,S,WASHTENAW AVE,831,2,NO INDICATION OF INJURY,0,0,0,0,0,1,0,22,2,6,41.76529224,-87.69045639
6/9/2019 0:21,30,TRAFFIC SIGNAL,FUNCTIONING PROPERLY,UNKNOWN,"DARKNESS, LIGHTED ROAD",TURNING,FOUR WAY,STRAIGHT AND LEVEL,UNKNOWN,UNKNOWN,ON SCENE,NO INJURY / DRIVE AWAY,Y,"OVER $1,500",IMPROPER TURNING/NO SIGNAL,UNABLE TO DETERMINE,2399,W,CONGRESS PKWY,1225,2,NO INDICATION OF INJURY,0,0,0,0,0,6,0,0,1,6,41.87488447,-87.68619898
6/7/2019 18:40,25,NO CONTROLS,NO CONTROLS,CLEAR,DAWN,REAR END,NOT DIVIDED,STRAIGHT AND LEVEL,DRY,NO DEFECTS,NOT ON SCENE (DESK REPORT),NO INJURY / DRIVE AWAY,,"$501 - $1,500",UNABLE TO DETERMINE,FOLLOWING TOO CLOSELY,6430,S,AUSTIN AVE,812,2,NO INDICATION OF INJURY,0,0,0,0,0,2,0,18,6,6,41.77517941,-87.7715385
6/4/2019 19:30,30,STOP SIGN/FLASHER,FUNCTIONING PROPERLY,CLEAR,DAYLIGHT,TURNING,DIVIDED - W/MEDIAN (NOT RAISED),STRAIGHT AND LEVEL,DRY,UNKNOWN,NOT ON SCENE (DESK REPORT),NO INJURY / DRIVE AWAY,Y,"OVER $1,500",FAILING TO YIELD RIGHT-OF-WAY,UNABLE TO DETERMINE,1200,W,MONTROSE AVE,1913,2,NO INDICATION OF INJURY,0,0,0,0,0,2,0,19,3,6,41.96182533,-87.65965609
6/8/2019 19:00,30,UNKNOWN,UNKNOWN,UNKNOWN,UNKNOWN,REAR TO REAR,ALLEY,STRAIGHT AND LEVEL,UNKNOWN,UNKNOWN,NOT ON SCENE (DESK REPORT),NO INJURY / DRIVE AWAY,,"OVER $1,500",UNABLE TO DETERMINE,NOT APPLICABLE,5507,N,HARLEM AVE,1613,2,NO INDICATION OF INJURY,0,0,0,0,0,2,0,19,7,6,41.98132503,-87.80679724
6/9/2019 11:10,30,NO CONTROLS,NO CONTROLS,RAIN,DAYLIGHT,PARKED MOTOR VEHICLE,DIVIDED - W/MEDIAN (NOT RAISED),STRAIGHT AND LEVEL,WET,NO DEFECTS,ON SCENE,NO INJURY / DRIVE AWAY,,"OVER $1,500",IMPROPER TURNING/NO SIGNAL,NOT APPLICABLE,5720,S,DAMEN AVE,715,2,NO INDICATION OF INJURY,0,0,0,0,0,1,0,11,1,6,41.78961418,-87.67432454
6/10/2019 11:15,30,NO CONTROLS,NO CONTROLS,CLEAR,DAYLIGHT,REAR TO SIDE,NOT DIVIDED,STRAIGHT AND LEVEL,DRY,NO DEFECTS,NOT ON SCENE (DESK REPORT),NO INJURY / DRIVE AWAY,,"$501 - $1,500",IMPROPER BACKING,NOT APPLICABLE,11130,S,WENTWORTH AVE,522,2,NO INDICATION OF INJURY,0,0,0,0,0,2,0,11,2,6,41.69166299,-87.62803367
6/5/2019 21:15,30,NO CONTROLS,NO CONTROLS,CLEAR,DARKNESS,PARKED MOTOR VEHICLE,ONE-WAY,STRAIGHT AND LEVEL,UNKNOWN,UNKNOWN,NOT ON SCENE (DESK REPORT),NO INJURY / DRIVE AWAY,,"$501 - $1,500",IMPROPER OVERTAKING/PASSING,IMPROPER OVERTAKING/PASSING,525,W,BROMPTON AVE,1925,2,NO INDICATION OF INJURY,0,0,0,0,0,1,0,21,4,6,41.94729325,-87.64379176
6/4/2019 16:52,15,NO CONTROLS,NO CONTROLS,CLEAR,DAYLIGHT,PARKED MOTOR VEHICLE,PARKING LOT,STRAIGHT AND LEVEL,WET,NO DEFECTS,NOT ON SCENE (DESK REPORT),NO INJURY / DRIVE AWAY,,"OVER $1,500",UNABLE TO DETERMINE,UNABLE TO DETERMINE,1775,W,HIGHLAND AVE,2433,2,NO INDICATION OF INJURY,0,0,0,0,0,1,0,16,3,6,41.9966775,-87.67481697
6/11/2019 12:07,25,NO CONTROLS,NO CONTROLS,CLEAR,DAYLIGHT,PEDESTRIAN,DIVIDED - W/MEDIAN (NOT RAISED),STRAIGHT AND LEVEL,DRY,NO DEFECTS,ON SCENE,INJURY AND / OR TOW DUE TO CRASH,,$500 OR LESS,FAILING TO YIELD RIGHT-OF-WAY,NOT APPLICABLE,4068,W,26TH ST,1013,2,NONINCAPACITATING INJURY,1,0,0,1,0,1,0,12,3,6,41.84432601,-87.72734938
6/12/2019 16:20,30,UNKNOWN,UNKNOWN,UNKNOWN,DAYLIGHT,REAR END,DIVIDED - W/MEDIAN (NOT RAISED),STRAIGHT AND LEVEL,UNKNOWN,NO DEFECTS,NOT ON SCENE (DESK REPORT),NO INJURY / DRIVE AWAY,,"OVER $1,500",FOLLOWING TOO CLOSELY,UNABLE TO DETERMINE,100,W,CERMAK RD,131,2,NO INDICATION OF INJURY,0,0,0,0,0,2,0,16,4,6,41.85299122,-87.62938693
6/3/2019 8:20,20,TRAFFIC SIGNAL,FUNCTIONING PROPERLY,CLEAR,DAYLIGHT,SIDESWIPE SAME DIRECTION,DIVIDED - W/MEDIAN (NOT RAISED),STRAIGHT AND LEVEL,DRY,NO DEFECTS,ON SCENE,INJURY AND / OR TOW DUE TO CRASH,,"OVER $1,500",IMPROPER OVERTAKING/PASSING,NOT APPLICABLE,7100,S,PULASKI RD,833,3,NO INDICATION OF INJURY,0,0,0,0,0,3,0,8,2,6,41.76400775,-87.72249911
6/15/2019 16:40,30,NO CONTROLS,NO CONTROLS,RAIN,DAYLIGHT,REAR END,NOT DIVIDED,STRAIGHT AND LEVEL,WET,NO DEFECTS,ON SCENE,INJURY AND / OR TOW DUE TO CRASH,,"OVER $1,500",FOLLOWING TOO CLOSELY,WEATHER,8318,W,IRVING PARK RD,1614,2,NO INDICATION OF INJURY,0,0,0,0,0,3,0,16,7,6,41.95219127,-87.83508241
6/4/2019 9:00,10,NO CONTROLS,NO CONTROLS,RAIN,DAYLIGHT,REAR END,DIVIDED - W/MEDIAN (NOT RAISED),STRAIGHT AND LEVEL,WET,NO DEFECTS,ON SCENE,INJURY AND / OR TOW DUE TO CRASH,,"OVER $1,500",UNABLE TO DETERMINE,NOT APPLICABLE,6725,S,PULASKI RD,833,2,NO INDICATION OF INJURY,0,0,0,0,0,2,0,9,3,6,41.77056977,-87.72240942
6/5/2019 7:00,30,NO CONTROLS,NO CONTROLS,OTHER,DAYLIGHT,SIDESWIPE SAME DIRECTION,NOT DIVIDED,STRAIGHT AND LEVEL,WET,NO DEFECTS,ON SCENE,NO INJURY / DRIVE AWAY,,"OVER $1,500",IMPROPER LANE USAGE,IMPROPER LANE USAGE,4538,W,FULLERTON AVE,2521,3,NO INDICATION OF INJURY,0,0,0,0,0,3,0,7,4,6,41.92442666,-87.74053274
6/14/2019 18:47,30,TRAFFIC SIGNAL,FUNCTIONING PROPERLY,CLEAR,DAYLIGHT,TURNING,NOT DIVIDED,STRAIGHT AND LEVEL,DRY,NO DEFECTS,ON SCENE,INJURY AND / OR TOW DUE TO CRASH,Y,"OVER $1,500",UNABLE TO DETERMINE,UNABLE TO DETERMINE,1200,N,WELLS ST,1821,2,NO INDICATION OF INJURY,0,0,0,0,0,4,0,18,6,6,41.90390599,-87.63462624
6/11/2019 20:25,30,NO CONTROLS,NO CONTROLS,CLEAR,"DARKNESS, LIGHTED ROAD",REAR END,NOT DIVIDED,STRAIGHT AND LEVEL,DRY,NO DEFECTS,NOT ON SCENE (DESK REPORT),NO INJURY / DRIVE AWAY,,"OVER $1,500",FOLLOWING TOO CLOSELY,UNABLE TO DETERMINE,4399,N,CUMBERLAND AVE,1614,2,NO INDICATION OF INJURY,0,0,0,0,0,2,0,20,3,6,41.95926916,-87.83655022
6/10/2019 15:30,25,TRAFFIC SIGNAL,FUNCTIONING PROPERLY,CLEAR,DAYLIGHT,SIDESWIPE OPPOSITE DIRECTION,FOUR WAY,STRAIGHT AND LEVEL,DRY,NO DEFECTS,ON SCENE,INJURY AND / OR TOW DUE TO CRASH,Y,"OVER $1,500",UNABLE TO DETERMINE,NOT APPLICABLE,6700,S,SOUTH CHICAGO AVE,322,2,INCAPACITATING INJURY,1,0,1,0,0,1,0,15,2,6,41.7728015,-87.61542908
6/1/2019 22:12,30,NO CONTROLS,NO CONTROLS,CLEAR,"DARKNESS, LIGHTED ROAD",TURNING,DIVIDED - W/MEDIAN (NOT RAISED),STRAIGHT AND LEVEL,DRY,NO DEFECTS,NOT ON SCENE (DESK REPORT),NO INJURY / DRIVE AWAY,,"OVER $1,500",IMPROPER TURNING/NO SIGNAL,UNABLE TO DETERMINE,6900,S,COTTAGE GROVE AVE,321,2,NO INDICATION OF INJURY,0,0,0,0,0,2,0,22,7,6,41.76945117,-87.60583022
6/5/2019 20:10,30,STOP SIGN/FLASHER,FUNCTIONING PROPERLY,CLEAR,DUSK,TURNING,NOT DIVIDED,STRAIGHT AND LEVEL,DRY,NO DEFECTS,NOT ON SCENE (DESK REPORT),NO INJURY / DRIVE AWAY,Y,"OVER $1,500",FAILING TO YIELD RIGHT-OF-WAY,DRIVING SKILLS/KNOWLEDGE/EXPERIENCE,3900,S,KEDZIE AVE,821,2,NO INDICATION OF INJURY,0,0,0,0,0,2,0,20,4,6,41.82257679,-87.70459757
6/3/2019 19:00,30,NO CONTROLS,NO CONTROLS,CLEAR,UNKNOWN,PARKED MOTOR VEHICLE,DIVIDED - W/MEDIAN (NOT RAISED),STRAIGHT AND LEVEL,DRY,NO DEFECTS,NOT ON SCENE (DESK REPORT),NO INJURY / DRIVE AWAY,,"$501 - $1,500",UNABLE TO DETERMINE,NOT APPLICABLE,5822,W,WASHINGTON BLVD,1512,2,NO INDICATION OF INJURY,0,0,0,0,0,1,0,19,2,6,41.88227464,-87.77080487
6/8/2019 18:05,30,STOP SIGN/FLASHER,FUNCTIONING PROPERLY,CLEAR,DAYLIGHT,ANGLE,FOUR WAY,STRAIGHT AND LEVEL,DRY,NO DEFECTS,ON SCENE,INJURY AND / OR TOW DUE TO CRASH,Y,"OVER $1,500",FAILING TO YIELD RIGHT-OF-WAY,DISREGARDING STOP SIGN,10558,S,DR MARTIN LUTHER KING JR DR,512,2,"REPORTED, NOT EVIDENT",1,0,0,0,1,1,0,18,7,6,41.7019268,-87.61376929
6/14/2019 15:30,30,TRAFFIC SIGNAL,FUNCTIONING PROPERLY,CLEAR,DAYLIGHT,REAR END,DIVIDED - W/MEDIAN BARRIER,STRAIGHT AND LEVEL,DRY,NO DEFECTS,ON SCENE,NO INJURY / DRIVE AWAY,,"$501 - $1,500",UNABLE TO DETERMINE,UNABLE TO DETERMINE,300,E,CERMAK RD,132,2,NO INDICATION OF INJURY,0,0,0,0,0,2,0,15,6,6,41.85301948,-87.62061121
6/10/2019 17:28,30,NO CONTROLS,NO CONTROLS,CLEAR,DAYLIGHT,REAR END,NOT DIVIDED,STRAIGHT AND LEVEL,DRY,NO DEFECTS,ON SCENE,NO INJURY / DRIVE AWAY,,"OVER $1,500",FOLLOWING TOO CLOSELY,NOT APPLICABLE,2209,E,MARQUETTE DR,331,3,NO INDICATION OF INJURY,0,0,0,0,0,3,0,17,2,6,41.77547725,-87.57144584
6/15/2019 13:15,30,NO CONTROLS,NO CONTROLS,RAIN,DAYLIGHT,SIDESWIPE SAME DIRECTION,DIVIDED - W/MEDIAN (NOT RAISED),STRAIGHT AND LEVEL,WET,UNKNOWN,NOT ON SCENE (DESK REPORT),NO INJURY / DRIVE AWAY,,"OVER $1,500",IMPROPER LANE USAGE,DRIVING SKILLS/KNOWLEDGE/EXPERIENCE,2300,W,87TH ST,614,2,NO INDICATION OF INJURY,0,0,0,0,0,2,0,13,7,6,41.73566854,-87.68041171
6/15/2019 17:56,30,NO CONTROLS,NO CONTROLS,RAIN,DAYLIGHT,REAR END,NOT DIVIDED,STRAIGHT AND LEVEL,WET,UNKNOWN,ON SCENE,NO INJURY / DRIVE AWAY,,"OVER $1,500",UNABLE TO DETERMINE,NOT APPLICABLE,3200,S,WESTERN AVE,911,2,NO INDICATION OF INJURY,0,0,0,0,0,7,0,17,7,6,41.83518974,-87.68536904
6/9/2019 6:00,20,NO CONTROLS,NO CONTROLS,CLEAR,DAYLIGHT,PARKED MOTOR VEHICLE,DIVIDED - W/MEDIAN (NOT RAISED),STRAIGHT AND LEVEL,DRY,NO DEFECTS,NOT ON SCENE (DESK REPORT),NO INJURY / DRIVE AWAY,,"OVER $1,500",UNABLE TO DETERMINE,UNABLE TO DETERMINE,1200,N,GREENVIEW AVE,1433,2,NO INDICATION OF INJURY,0,0,0,0,0,1,0,6,1,6,41.90345977,-87.66519444