CRASH_DATE,POSTED_SPEED_LIMIT,TRAFFIC_CONTROL_DEVICE,DEVICE_CONDITION,WEATHER_CONDITION,LIGHTING_CONDITION,FIRST_CRASH_TYPE,TRAFFICWAY_TYPE,ALIGNMENT,ROADWAY_SURFACE_COND,ROAD_DEFECT,REPORT_TYPE,CRASH_TYPE,INTERSECTION_RELATED_I,DAMAGE,PRIM_CONTRIBUTORY_CAUSE,SEC_CONTRIBUTORY_CAUSE,STREET_NO,STREET_DIRECTION,STREET_NAME,BEAT_OF_OCCURRENCE,NUM_UNITS,MOST_SEVERE_INJURY,INJURIES_TOTAL,INJURIES_FATAL,INJURIES_INCAPACITATING,INJURIES_NON_INCAPACITATING,INJURIES_REPORTED_NOT_EVIDENT,INJURIES_NO_INDICATION,INJURIES_UNKNOWN,CRASH_HOUR,CRASH_DAY_OF_WEEK,CRASH_MONTH,LATITUDE,LONGITUDE
6/13/2019 8:20,25,STOP SIGN/FLASHER,FUNCTIONING PROPERLY,CLOUDY/OVERCAST,DAYLIGHT,ANGLE,T-INTERSECTION,STRAIGHT AND LEVEL,WET,NO DEFECTS,NOT ON SCENE (DESK REPORT),NO INJURY / DRIVE AWAY,Y,"$501 - $1,500",UNABLE TO DETERMINE,UNABLE TO DETERMINE,3730,N,OAKLEY AVE,1921,2,NO INDICATION OF INJURY,0,0,0,0,0,2,0,8,5,6,41.94952795,-87.68605496
6/3/2019 10:41,30,TRAFFIC SIGNAL,FUNCTIONING PROPERLY,CLEAR,DAYLIGHT,TURNING,DIVIDED - W/MEDIAN (NOT RAISED),STRAIGHT AND LEVEL,DRY,UNKNOWN,NOT ON SCENE (DESK REPORT),NO INJURY / DRIVE AWAY,,"OVER $1,500",FAILING TO YIELD RIGHT-OF-WAY,NOT APPLICABLE,2803,W,ARMITAGE AVE,1421,2,NO INDICATION OF INJURY,0,0,0,0,0,2,0,10,2,6,41.91737865,-87.69733509
6/5/2019 20:30,35,TRAFFIC SIGNAL,FUNCTIONING PROPERLY,CLEAR,"DARKNESS, LIGHTED ROAD",TURNING,NOT DIVIDED,STRAIGHT AND LEVEL,DRY,UNKNOWN,NOT ON SCENE (DESK REPORT),NO INJURY / DRIVE AWAY,Y,"$501 - $1,500",FAILING TO YIELD RIGHT-OF-WAY,IMPROPER LANE USAGE,1400,S,CENTRAL PARK AVE,1011,2,NO INDICATION OF INJURY,0,0,0,0,0,3,0,20,4,6,41.86231511,-87.71544835
6/10/2019 13:15,30,TRAFFIC SIGNAL,FUNCTIONING PROPERLY,CLEAR,DAYLIGHT,REAR END,NOT DIVIDED,STRAIGHT AND LEVEL,DRY,NO DEFECTS,NOT ON SCENE (DESK REPORT),NO INJURY / DRIVE AWAY,Y,"OVER $1,500",UNABLE TO DETERMINE,UNABLE TO DETERMINE,800,W,LAWRENCE AVE,2024,2,NO INDICATION OF INJURY,0,0,0,0,0,2,0,13,2,6,41.96926107,-87.65042273
6/10/2019 8:41,30,NO CONTROLS,NO CONTROLS,CLEAR,DAYLIGHT,PEDALCYCLIST,NOT DIVIDED,STRAIGHT AND LEVEL,DRY,NO DEFECTS,ON SCENE,INJURY AND / OR TOW DUE TO CRASH,,$500 OR LESS,NOT APPLICABLE,UNABLE TO DETERMINE,1547,N,CLYBOURN AVE,1822,2,NONINCAPACITATING INJURY,1,0,0,1,0,1,0,8,2,6,41.90963067,-87.64751924
6/10/2019 16:00,30,STOP SIGN/FLASHER,FUNCTIONING PROPERLY,CLEAR,DAYLIGHT,REAR END,NOT DIVIDED,STRAIGHT AND LEVEL,DRY,NO DEFECTS,NOT ON SCENE (DESK REPORT),NO INJURY / DRIVE AWAY,,"OVER $1,500",UNABLE TO DETERMINE,FOLLOWING TOO CLOSELY,4200,S,CALIFORNIA AVE,921,2,NO INDICATION OF INJURY,0,0,0,0,0,2,0,16,2,6,41.81726472,-87.69462384
6/3/2019 17:20,30,NO CONTROLS,NO CONTROLS,CLEAR,DAYLIGHT,REAR END,NOT DIVIDED,STRAIGHT AND LEVEL,DRY,NO DEFECTS,ON SCENE,NO INJURY / DRIVE AWAY,Y,"OVER $1,500",FAILING TO REDUCE SPEED TO AVOID CRASH,FOLLOWING TOO CLOSELY,1700,W,PERSHING RD,912,2,NO INDICATION OF INJURY,0,0,0,0,0,3,0,17,2,6,41.82329456,-87.66783107
6/9/2019 10:38,30,NO CONTROLS,NO CONTROLS,CLEAR,DAYLIGHT,REAR END,ONE-WAY,STRAIGHT AND LEVEL,DRY,NO DEFECTS,ON SCENE,INJURY AND / OR TOW DUE TO CRASH,,"OVER $1,500",FOLLOWING TOO CLOSELY,NOT APPLICABLE,5724,W,ROSCOE ST,1633,2,NO INDICATION OF INJURY,0,0,0,0,0,3,0,10,1,6,41.94229657,-87.77009093
6/9/2019 3:50,35,NO CONTROLS,NOT FUNCTIONING,CLEAR,"DARKNESS, LIGHTED ROAD",REAR END,NOT DIVIDED,STRAIGHT AND LEVEL,DRY,NO DEFECTS,ON SCENE,NO INJURY / DRIVE AWAY,,"OVER $1,500",FOLLOWING TOO CLOSELY,DRIVING SKILLS/KNOWLEDGE/EXPERIENCE,5332,W,WASHINGTON BLVD,1523,2,NO INDICATION OF INJURY,0,0,0,0,0,4,0,3,1,6,41.88243571,-87.75874812
6/9/2019 4:30,30,UNKNOWN,UNKNOWN,UNKNOWN,UNKNOWN,PARKED MOTOR VEHICLE,NOT DIVIDED,STRAIGHT AND LEVEL,UNKNOWN,UNKNOWN,NOT ON SCENE (DESK REPORT),NO INJURY / DRIVE AWAY,,"OVER $1,500",UNABLE TO DETERMINE,NOT APPLICABLE,1931,E,96TH ST,431,2,NO INDICATION OF INJURY,0,0,0,0,0,1,0,4,1,6,41.72051609,-87.57658487
6/2/2019 22:35,30,STOP SIGN/FLASHER,FUNCTIONING PROPERLY,CLEAR,"DARKNESS, LIGHTED ROAD",ANGLE,NOT DIVIDED,STRAIGHT AND LEVEL,DRY,NO DEFECTS,ON SCENE,INJURY AND / OR TOW DUE TO CRASH,,"OVER $1,500",DISREGARDING STOP SIGN,FAILING TO YIELD RIGHT-OF-WAY,1200,W,WEBSTER AVE,1811,2,NO INDICATION OF INJURY,0,0,0,0,0,2,0,22,1,6,41.92177049,-87.6583982
6/11/2019 8:25,0,STOP SIGN/FLASHER,FUNCTIONING PROPERLY,CLEAR,DAYLIGHT,PEDESTRIAN,NOT DIVIDED,STRAIGHT AND LEVEL,DRY,NO DEFECTS,NOT ON SCENE (DESK REPORT),INJURY AND / OR TOW DUE TO CRASH,Y,$500 OR LESS,DISREGARDING STOP SIGN,FAILING TO YIELD RIGHT-OF-WAY,4600,S,WOODLAWN AVE,222,2,"REPORTED, NOT EVIDENT",1,0,0,0,1,1,0,8,3,6,41.81142436,-87.5970155
6/6/2019 14:35,30,NO CONTROLS,NO CONTROLS,CLEAR,DAYLIGHT,REAR TO SIDE,NOT DIVIDED,STRAIGHT AND LEVEL,DRY,NO DEFECTS,ON SCENE,NO INJURY / DRIVE AWAY,,"OVER $1,500",IMPROPER BACKING,NOT APPLICABLE,415,N,ABERDEEN ST,1214,2,NO INDICATION OF INJURY,0,0,0,0,0,2,0,14,5,6,41.88945942,-87.65443725
6/13/2019 11:00,30,UNKNOWN,UNKNOWN,CLEAR,UNKNOWN,REAR END,NOT DIVIDED,STRAIGHT AND LEVEL,UNKNOWN,UNKNOWN,ON SCENE,INJURY AND / OR TOW DUE TO CRASH,,"$501 - $1,500",UNABLE TO DETERMINE,UNABLE TO DETERMINE,3200,W,VAN BUREN ST,1134,2,NONINCAPACITATING INJURY,1,0,0,1,0,2,0,11,5,6,41.87562028,-87.70609711
6/3/2019 8:00,35,NO CONTROLS,NO CONTROLS,CLEAR,DAYLIGHT,SIDESWIPE SAME DIRECTION,NOT DIVIDED,STRAIGHT AND LEVEL,DRY,NO DEFECTS,ON SCENE,INJURY AND / OR TOW DUE TO CRASH,,"OVER $1,500",UNABLE TO DETERMINE,UNABLE TO DETERMINE,5701,N,CICERO AVE,1711,3,NONINCAPACITATING INJURY,1,0,0,1,0,2,0,8,2,6,41.98438992,-87.74813183
6/11/2019 17:00,30,TRAFFIC SIGNAL,FUNCTIONING PROPERLY,CLEAR,DAYLIGHT,SIDESWIPE SAME DIRECTION,DIVIDED - W/MEDIAN (NOT RAISED),STRAIGHT AND LEVEL,DRY,NO DEFECTS,NOT ON SCENE (DESK REPORT),NO INJURY / DRIVE AWAY,,"$501 - $1,500",UNABLE TO DETERMINE,UNABLE TO DETERMINE,4349,W,OGDEN AVE,1013,2,NO INDICATION OF INJURY,0,0,0,0,0,2,0,17,3,6,41.84806628,-87.73293405
6/3/2019 5:50,15,NO CONTROLS,NO CONTROLS,CLEAR,DAYLIGHT,REAR TO REAR,PARKING LOT,STRAIGHT AND LEVEL,UNKNOWN,UNKNOWN,NOT ON SCENE (DESK REPORT),NO INJURY / DRIVE AWAY,,"$501 - $1,500",UNABLE TO DETERMINE,UNABLE TO DETERMINE,6970,N,CLARK ST,2424,2,NO INDICATION OF INJURY,0,0,0,0,0,2,0,5,2,6,42.00862563,-87.67402715
6/5/2019 7:40,15,NO CONTROLS,NO CONTROLS,CLEAR,DAYLIGHT,SIDESWIPE OPPOSITE DIRECTION,NOT DIVIDED,STRAIGHT AND LEVEL,WET,NO DEFECTS,,INJURY AND / OR TOW DUE TO CRASH,,"OVER $1,500",IMPROPER LANE USAGE,UNABLE TO DETERMINE,4447,N,KASSON AVE,1722,3,NO INDICATION OF INJURY,0,0,0,0,0,2,0,7,4,6,41.96231906,-87.72974616
6/9/2019 13:18,30,NO CONTROLS,NO CONTROLS,RAIN,DAYLIGHT,ANGLE,DIVIDED - W/MEDIAN (NOT RAISED),STRAIGHT AND LEVEL,WET,NO DEFECTS,ON SCENE,INJURY AND / OR TOW DUE TO CRASH,Y,"OVER $1,500",FAILING TO YIELD RIGHT-OF-WAY,NOT APPLICABLE,830,W,83RD ST,613,2,NONINCAPACITATING INJURY,1,0,0,1,0,1,0,13,1,6,41.74344987,-87.64501668
6/7/2019 14:15,30,NO CONTROLS,NO CONTROLS,CLEAR,DAYLIGHT,OTHER OBJECT,NOT DIVIDED,STRAIGHT AND LEVEL,DRY,"RUT, HOLES",NOT ON SCENE (DESK REPORT),NO INJURY / DRIVE AWAY,,"OVER $1,500",UNABLE TO DETERMINE,NOT APPLICABLE,2617,N,LARAMIE AVE,2521,1,NO INDICATION OF INJURY,0,0,0,0,0,1,0,14,6,6,41.92836889,-87.75615742
6/5/2019 12:17,30,NO CONTROLS,NO CONTROLS,CLEAR,DAYLIGHT,PARKED MOTOR VEHICLE,NOT DIVIDED,STRAIGHT AND LEVEL,DRY,NO DEFECTS,ON SCENE,INJURY AND / OR TOW DUE TO CRASH,,"OVER $1,500",DISTRACTION - FROM OUTSIDE VEHICLE,DISTRACTION - FROM OUTSIDE VEHICLE,8713,S,COTTAGE GROVE AVE,632,2,NO INDICATION OF INJURY,0,0,0,0,0,1,0,12,4,6,41.73622733,-87.60466465
6/14/2019 12:00,30,TRAFFIC SIGNAL,FUNCTIONING PROPERLY,CLEAR,DAYLIGHT,SIDESWIPE SAME DIRECTION,T-INTERSECTION,STRAIGHT AND LEVEL,DRY,NO DEFECTS,ON SCENE,NO INJURY / DRIVE AWAY,Y,"OVER $1,500",IMPROPER LANE USAGE,FAILING TO YIELD RIGHT-OF-WAY,200,W,MADISON ST,122,2,NO INDICATION OF INJURY,0,0,0,0,0,3,0,12,6,6,41.88205499,-87.6338999
6/5/2019 16:40,30,TRAFFIC SIGNAL,FUNCTIONING PROPERLY,CLEAR,DAYLIGHT,REAR END,DIVIDED - W/MEDIAN (NOT RAISED),STRAIGHT AND LEVEL,DRY,NO DEFECTS,NOT ON SCENE (DESK REPORT),NO INJURY / DRIVE AWAY,,"OVER $1,500",FAILING TO REDUCE SPEED TO AVOID CRASH,DRIVING SKILLS/KNOWLEDGE/EXPERIENCE,3832,S,PULASKI RD,815,2,NO INDICATION OF INJURY,0,0,0,0,0,2,0,16,4,6,41.82328118,-87.72420378
6/1/2019 18:00,30,UNKNOWN,UNKNOWN,UNKNOWN,UNKNOWN,SIDESWIPE SAME DIRECTION,ONE-WAY,STRAIGHT AND LEVEL,UNKNOWN,UNKNOWN,NOT ON SCENE (DESK REPORT),NO INJURY / DRIVE AWAY,,"$501 - $1,500",IMPROPER LANE USAGE,NOT APPLICABLE,203,E,ONTARIO ST,1834,2,NO INDICATION OF INJURY,0,0,0,0,0,2,0,18,7,6,41.89325429,-87.6225454
6/3/2019 12:20,30,TRAFFIC SIGNAL,FUNCTIONING PROPERLY,CLEAR,DAYLIGHT,REAR END,NOT DIVIDED,STRAIGHT AND LEVEL,UNKNOWN,UNKNOWN,NOT ON SCENE (DESK REPORT),NO INJURY / DRIVE AWAY,,"$501 - $1,500",FOLLOWING TOO CLOSELY,FOLLOWING TOO CLOSELY,2400,W,IRVING PARK RD,1911,2,NO INDICATION OF INJURY,0,0,0,0,0,2,0,12,2,6,41.9541207,-87.68858958
6/5/2019 8:15,30,NO CONTROLS,NO CONTROLS,CLEAR,DAYLIGHT,REAR END,NOT DIVIDED,STRAIGHT AND LEVEL,DRY,NO DEFECTS,NOT ON SCENE (DESK REPORT),NO INJURY / DRIVE AWAY,,"$501 - $1,500",FOLLOWING TOO CLOSELY,FAILING TO REDUCE SPEED TO AVOID CRASH,4859,W,63RD ST,813,2,NO INDICATION OF INJURY,0,0,0,0,0,3,0,8,4,6,41.77827528,-87.7446521
6/5/2019 15:40,30,NO CONTROLS,NO CONTROLS,CLEAR,DAYLIGHT,TURNING,T-INTERSECTION,STRAIGHT AND LEVEL,DRY,UNKNOWN,NOT ON SCENE (DESK REPORT),NO INJURY / DRIVE AWAY,Y,"OVER $1,500",UNABLE TO DETERMINE,NOT APPLICABLE,4500,W,IRVING PARK RD,1722,2,NO INDICATION OF INJURY,0,0,0,0,0,2,0,15,4,6,41.95361039,-87.74055603
6/5/2019 7:15,30,PEDESTRIAN CROSSING SIGN,NO CONTROLS,CLEAR,DAYLIGHT,REAR END,NOT DIVIDED,STRAIGHT AND LEVEL,DRY,NO DEFECTS,NOT ON SCENE (DESK REPORT),NO INJURY / DRIVE AWAY,,"OVER $1,500",FAILING TO REDUCE SPEED TO AVOID CRASH,UNABLE TO DETERMINE,4497,W,FOSTER AVE,1712,3,NO INDICATION OF INJURY,0,0,0,0,0,3,0,7,4,6,41.97529259,-87.74060977
6/3/2019 8:00,30,NO CONTROLS,NO CONTROLS,CLEAR,DAYLIGHT,PARKED MOTOR VEHICLE,ONE-WAY,STRAIGHT AND LEVEL,DRY,NO DEFECTS,NOT ON SCENE (DESK REPORT),NO INJURY / DRIVE AWAY,,"$501 - $1,500",UNABLE TO DETERMINE,NOT APPLICABLE,4701,N,WINTHROP AVE,1914,2,NO INDICATION OF INJURY,0,0,0,0,0,1,0,8,2,6,41.96734374,-87.65743012
6/14/2019 7:43,30,NO CONTROLS,NO CONTROLS,CLEAR,DAYLIGHT,FIXED OBJECT,OTHER,STRAIGHT AND LEVEL,DRY,NO DEFECTS,ON SCENE,NO INJURY / DRIVE AWAY,,"$501 - $1,500",UNABLE TO DETERMINE,NOT APPLICABLE,8335,S,JEFFERY BLVD,412,1,NO INDICATION OF INJURY,0,0,0,0,0,3,0,7,6,6,41.74323812,-87.57568358
6/10/2019 18:40,30,TRAFFIC SIGNAL,FUNCTIONING PROPERLY,CLEAR,DAYLIGHT,REAR END,NOT DIVIDED,STRAIGHT AND LEVEL,DRY,NO DEFECTS,ON SCENE,NO INJURY / DRIVE AWAY,Y,$500 OR LESS,IMPROPER OVERTAKING/PASSING,NOT APPLICABLE,300,S,STATE ST,113,2,NO INDICATION OF INJURY,0,0,0,0,0,2,0,18,2,6,41.87811121,-87.62782208
6/14/2019 9:00,30,NO CONTROLS,NO CONTROLS,RAIN,"DARKNESS, LIGHTED ROAD",PARKED MOTOR VEHICLE,DIVIDED - W/MEDIAN (NOT RAISED),STRAIGHT AND LEVEL,WET,NO DEFECTS,NOT ON SCENE (DESK REPORT),INJURY AND / OR TOW DUE TO CRASH,,"OVER $1,500",WEATHER,NOT APPLICABLE,3303,S,SEELEY AVE,912,3,NO INDICATION OF INJURY,0,0,0,0,0,1,0,9,6,6,41.83385961,-87.67645795
6/6/2019 15:57,30,NO CONTROLS,NO CONTROLS,CLEAR,DAYLIGHT,TURNING,NOT DIVIDED,STRAIGHT AND LEVEL,DRY,NO DEFECTS,NOT ON SCENE (DESK REPORT),NO INJURY / DRIVE AWAY,,"OVER $1,500",FAILING TO YIELD RIGHT-OF-WAY,UNABLE TO DETERMINE,2600,W,BRYN MAWR AVE,2011,2,NO INDICATION OF INJURY,0,0,0,0,0,2,0,15,5,6,41.9832561,-87.69434483
6/1/2019 20:35,35,TRAFFIC SIGNAL,FUNCTIONING PROPERLY,CLEAR,"DARKNESS, LIGHTED ROAD",REAR END,Y-INTERSECTION,STRAIGHT AND LEVEL,DRY,NO DEFECTS,NOT ON SCENE (DESK REPORT),NO INJURY / DRIVE AWAY,Y,"$501 - $1,500",FAILING TO REDUCE SPEED TO AVOID CRASH,NOT APPLICABLE,2445,W,ARMITAGE AVE,1434,2,NO INDICATION OF INJURY,0,0,0,0,0,2,0,20,7,6,41.91745063,-87.68918063
6/9/2019 23:55,30,NO CONTROLS,NO CONTROLS,CLEAR,"DARKNESS, LIGHTED ROAD",PARKED MOTOR VEHICLE,NOT DIVIDED,STRAIGHT AND LEVEL,DRY,NO DEFECTS,ON SCENE,INJURY AND / OR TOW DUE TO CRASH,,"OVER $1,500",UNABLE TO DETERMINE,UNABLE TO DETERMINE,8040,S,WESTERN AVE,835,3,NONINCAPACITATING INJURY,1,0,0,1,0,1,0,23,1,6,41.74704553,-87.68292343
6/4/2019 11:28,30,TRAFFIC SIGNAL,FUNCTIONING PROPERLY,RAIN,DAYLIGHT,REAR END,DIVIDED - W/MEDIAN BARRIER,STRAIGHT AND LEVEL,WET,NO DEFECTS,NOT ON SCENE (DESK REPORT),NO INJURY / DRIVE AWAY,Y,"OVER $1,500",WEATHER,NOT APPLICABLE,500,W,GARFIELD BLVD,935,2,NO INDICATION OF INJURY,0,0,0,0,0,3,0,11,3,6,41.79454111,-87.63797184
6/8/2019 21:57,30,TRAFFIC SIGNAL,FUNCTIONING PROPERLY,CLEAR,"DARKNESS, LIGHTED ROAD",ANGLE,DIVIDED - W/MEDIAN (NOT RAISED),STRAIGHT AND LEVEL,DRY,NO DEFECTS,ON SCENE,INJURY AND / OR TOW DUE TO CRASH,Y,"OVER $1,500",DISREGARDING TRAFFIC SIGNALS,FAILING TO YIELD RIGHT-OF-WAY,5100,S,ASHLAND AVE,932,2,NONINCAPACITATING INJURY,6,0,0,6,0,2,0,21,7,6,41.80122506,-87.66492096
6/1/2019 19:30,30,NO CONTROLS,NO CONTROLS,CLEAR,"DARKNESS, LIGHTED ROAD",SIDESWIPE SAME DIRECTION,NOT DIVIDED,STRAIGHT AND LEVEL,UNKNOWN,NO DEFECTS,NOT ON SCENE (DESK REPORT),NO INJURY / DRIVE AWAY,,"$501 - $1,500",FAILING TO YIELD RIGHT-OF-WAY,IMPROPER LANE USAGE,933,E,HYDE PARK BLVD,233,2,NO INDICATION OF INJURY,0,0,0,0,0,2,0,19,7,6,41.80219018,-87.60273739
6/14/2019 5:35,30,OTHER,FUNCTIONING PROPERLY,CLEAR,DAYLIGHT,FIXED OBJECT,PARKING LOT,STRAIGHT AND LEVEL,DRY,NO DEFECTS,ON SCENE,NO INJURY / DRIVE AWAY,,$500 OR LESS,UNABLE TO DETERMINE,UNABLE TO DETERMINE,600,E,GRAND AVE,1834,1,NO INDICATION OF INJURY,0,0,0,0,0,1,0,5,6,6,41.89209414,-87.61156988
6/8/2019 16:15,30,TRAFFIC SIGNAL,FUNCTIONING PROPERLY,CLEAR,DAYLIGHT,TURNING,OTHER,STRAIGHT AND LEVEL,DRY,UNKNOWN,NOT ON SCENE (DESK REPORT),NO INJURY / DRIVE AWAY,Y,"OVER $1,500",UNABLE TO DETERMINE,UNABLE TO DETERMINE,299,E,ROOSEVELT RD,132,2,NO INDICATION OF INJURY,0,0,0,0,0,4,0,16,7,6,41.86740243,-87.62042761
6/13/2019 20:46,25,NO CONTROLS,NO CONTROLS,CLEAR,DARKNESS,SIDESWIPE SAME DIRECTION,ONE-WAY,STRAIGHT AND LEVEL,DRY,NO DEFECTS,NOT ON SCENE (DESK REPORT),NO INJURY / DRIVE AWAY,Y,"OVER $1,500",IMPROPER LANE USAGE,NOT APPLICABLE,335,W,OHIO ST,1831,2,NO INDICATION OF INJURY,0,0,0,0,0,2,0,20,5,6,41.89225643,-87.63700376
6/1/2019 14:00,30,TRAFFIC SIGNAL,FUNCTIONING PROPERLY,CLOUDY/OVERCAST,DAYLIGHT,REAR END,NOT DIVIDED,STRAIGHT AND LEVEL,DRY,UNKNOWN,NOT ON SCENE (DESK REPORT),NO INJURY / DRIVE AWAY,Y,"$501 - $1,500",FOLLOWING TOO CLOSELY,NOT APPLICABLE,8700,S,WALLACE ST,2223,2,NO INDICATION OF INJURY,0,0,0,0,0,2,0,14,7,6,41.73581525,-87.63889092
6/9/2019 16:30,30,NO CONTROLS,NO CONTROLS,CLEAR,DAYLIGHT,REAR END,DIVIDED - W/MEDIAN (NOT RAISED),STRAIGHT AND LEVEL,DRY,NO DEFECTS,,INJURY AND / OR TOW DUE TO CRASH,,$500 OR LESS,FOLLOWING TOO CLOSELY,NOT APPLICABLE,1361,N,MILWAUKEE AVE,1433,1,NONINCAPACITATING INJURY,1,0,0,1,0,2,0,16,1,6,41.90666398,-87.67142951
6/2/2019 11:40,30,NO CONTROLS,NO CONTROLS,CLEAR,DAYLIGHT,FIXED OBJECT,ALLEY,STRAIGHT AND LEVEL,DRY,NO DEFECTS,ON SCENE,NO INJURY / DRIVE AWAY,,"OVER $1,500",IMPROPER TURNING/NO SIGNAL,DISTRACTION - FROM OUTSIDE VEHICLE,1108,N,ROCKWELL ST,1211,1,NO INDICATION OF INJURY,0,0,0,0,0,3,0,11,1,6,41.90146062,-87.69206249
6/14/2019 14:00,35,UNKNOWN,UNKNOWN,CLEAR,DAYLIGHT,FIXED OBJECT,NOT DIVIDED,STRAIGHT AND LEVEL,DRY,"RUT, HOLES",,NO INJURY / DRIVE AWAY,,"$501 - $1,500",UNABLE TO DETERMINE,NOT APPLICABLE,6222,N,CENTRAL AVE,1621,1,NO INDICATION OF INJURY,0,0,0,0,0,1,0,14,6,6,41.99511164,-87.76475292
6/10/2019 16:00,30,UNKNOWN,UNKNOWN,CLEAR,DAYLIGHT,SIDESWIPE SAME DIRECTION,NOT DIVIDED,STRAIGHT AND LEVEL,DRY,UNKNOWN,NOT ON SCENE (DESK REPORT),NO INJURY / DRIVE AWAY,,$500 OR LESS,UNABLE TO DETERMINE,NOT APPLICABLE,4702,N,CENTRAL PARK AVE,1723,2,NO INDICATION OF INJURY,0,0,0,0,0,2,0,16,2,6,41.96667402,-87.71834812
6/10/2019 11:10,30,TRAFFIC SIGNAL,FUNCTIONING PROPERLY,CLEAR,DAYLIGHT,ANGLE,OTHER,STRAIGHT AND LEVEL,DRY,NO DEFECTS,ON SCENE,INJURY AND / OR TOW DUE TO CRASH,Y,"OVER $1,500",DISREGARDING TRAFFIC SIGNALS,NOT APPLICABLE,600,N,ORLEANS ST,1831,2,NONINCAPACITATING INJURY,1,0,0,1,0,3,0,11,2,6,41.89241067,-87.63720268
6/4/2019 18:30,20,NO CONTROLS,UNKNOWN,CLEAR,DAYLIGHT,PARKED MOTOR VEHICLE,NOT DIVIDED,STRAIGHT AND LEVEL,DRY,UNKNOWN,NOT ON SCENE (DESK REPORT),NO INJURY / DRIVE AWAY,,$500 OR LESS,UNABLE TO DETERMINE,NOT APPLICABLE,7518,N,ASHLAND AVE,2422,2,NO INDICATION OF INJURY,0,0,0,0,0,1,0,18,3,6,42.01855107,-87.67148718
6/6/2019 12:37,25,TRAFFIC SIGNAL,FUNCTIONING PROPERLY,CLOUDY/OVERCAST,DAYLIGHT,SIDESWIPE SAME DIRECTION,NOT DIVIDED,STRAIGHT AND LEVEL,DRY,NO DEFECTS,ON SCENE,NO INJURY / DRIVE AWAY,Y,$500 OR LESS,IMPROPER OVERTAKING/PASSING,NOT APPLICABLE,1302,N,CLARK ST,1821,2,NO INDICATION OF INJURY,0,0,0,0,0,3,0,12,5,6,41.90593475,-87.63166012
6/5/2019 16:19,30,NO CONTROLS,NO CONTROLS,CLEAR,DAYLIGHT,PEDESTRIAN,DIVIDED - W/MEDIAN (NOT RAISED),STRAIGHT AND LEVEL,DRY,NO DEFECTS,ON SCENE,INJURY AND / OR TOW DUE TO CRASH,,$500 OR LESS,FAILING TO YIELD RIGHT-OF-WAY,UNABLE TO DETERMINE,400,S,CANAL ST,121,2,NONINCAPACITATING INJURY,1,0,0,1,0,1,0,16,4,6,41.87674667,-87.63978529
6/6/2019 17:45,30,UNKNOWN,UNKNOWN,CLEAR,DAYLIGHT,PEDESTRIAN,UNKNOWN INTERSECTION TYPE,STRAIGHT AND LEVEL,UNKNOWN,UNKNOWN,ON SCENE,INJURY AND / OR TOW DUE TO CRASH,Y,$500 OR LESS,IMPROPER BACKING,NOT APPLICABLE,4755,N,MANOR AVE,1713,2,NONINCAPACITATING INJURY,1,0,0,1,0,1,0,17,5,6,41.96797968,-87.70267572
6/3/2019 0:00,35,NO CONTROLS,NO CONTROLS,CLEAR,"DARKNESS, LIGHTED ROAD",SIDESWIPE SAME DIRECTION,NOT DIVIDED,STRAIGHT AND LEVEL,DRY,NO DEFECTS,NOT ON SCENE (DESK REPORT),NO INJURY / DRIVE AWAY,,"OVER $1,500",UNABLE TO DETERMINE,UNDER THE INFLUENCE OF ALCOHOL/DRUGS (USE WHEN ARREST IS EFFECTED),3300,W,COLUMBUS AVE,834,2,NO INDICATION OF INJURY,0,0,0,0,0,2,0,0,2,6,41.74878628,-87.70501371
6/3/2019 14:25,30,TRAFFIC SIGNAL,FUNCTIONING PROPERLY,CLEAR,DAYLIGHT,REAR END,ONE-WAY,STRAIGHT AND LEVEL,DRY,NO DEFECTS,ON SCENE,NO INJURY / DRIVE AWAY,Y,"OVER $1,500",FAILING TO REDUCE SPEED TO AVOID CRASH,NOT APPLICABLE,34,W,HURON ST,1832,2,NO INDICATION OF INJURY,0,0,0,0,0,2,0,14,2,6,41.89496622,-87.62956551
6/12/2019 6:15,25,NO CONTROLS,NO CONTROLS,CLEAR,DAYLIGHT,PARKED MOTOR VEHICLE,PARKING LOT,STRAIGHT AND LEVEL,DRY,NO DEFECTS,NOT ON SCENE (DESK REPORT),NO INJURY / DRIVE AWAY,,"$501 - $1,500",NOT APPLICABLE,NOT APPLICABLE,3934,W,CERMAK RD,1014,2,NO INDICATION OF INJURY,0,0,0,0,0,1,0,6,4,6,41.85167446,-87.72356212
6/14/2019 12:30,35,NO CONTROLS,NO CONTROLS,CLEAR,DAYLIGHT,SIDESWIPE SAME DIRECTION,NOT DIVIDED,STRAIGHT AND LEVEL,DRY,NO DEFECTS,NOT ON SCENE (DESK REPORT),NO INJURY / DRIVE AWAY,,$500 OR LESS,UNABLE TO DETERMINE,UNABLE TO DETERMINE,3612,N,PULASKI RD,1732,2,NO INDICATION OF INJURY,0,0,0,0,0,2,0,12,6,6,41.94676605,-87.72756004
6/6/2019 11:00,30,TRAFFIC SIGNAL,FUNCTIONING PROPERLY,CLEAR,DAYLIGHT,SIDESWIPE SAME DIRECTION,DIVIDED - W/MEDIAN BARRIER,STRAIGHT AND LEVEL,DRY,NO DEFECTS,ON SCENE,NO INJURY / DRIVE AWAY,Y,$500 OR LESS,NOT APPLICABLE,NOT APPLICABLE,7056,S,ASHLAND AVE,735,2,NO INDICATION OF INJURY,0,0,0,0,0,2,0,11,5,6,41.7650524,-87.66395001