CRASH_DATE,POSTED_SPEED_LIMIT,TRAFFIC_CONTROL_DEVICE,DEVICE_CONDITION,WEATHER_CONDITION,LIGHTING_CONDITION,FIRST_CRASH_TYPE,TRAFFICWAY_TYPE,ALIGNMENT,ROADWAY_SURFACE_COND,ROAD_DEFECT,REPORT_TYPE,CRASH_TYPE,INTERSECTION_RELATED_I,DAMAGE,PRIM_CONTRIBUTORY_CAUSE,SEC_CONTRIBUTORY_CAUSE,STREET_NO,STREET_DIRECTION,STREET_NAME,BEAT_OF_OCCURRENCE,NUM_UNITS,MOST_SEVERE_INJURY,INJURIES_TOTAL,INJURIES_FATAL,INJURIES_INCAPACITATING,INJURIES_NON_INCAPACITATING,INJURIES_REPORTED_NOT_EVIDENT,INJURIES_NO_INDICATION,INJURIES_UNKNOWN,CRASH_HOUR,CRASH_DAY_OF_WEEK,CRASH_MONTH,LATITUDE,LONGITUDE
6/9/2019 2:40,30,TRAFFIC SIGNAL,FUNCTIONING PROPERLY,CLEAR,"DARKNESS, LIGHTED ROAD",REAR END,NOT DIVIDED,STRAIGHT AND LEVEL,DRY,NO DEFECTS,ON SCENE,NO INJURY / DRIVE AWAY,Y,"$501 - $1,500",IMPROPER LANE USAGE,UNABLE TO DETERMINE,750,W,IRVING PARK RD,1915,2,NO INDICATION OF INJURY,0,0,0,0,0,2,0,2,1,6,41.95467276,-87.6496157
6/10/2019 12:35,30,TRAFFIC SIGNAL,FUNCTIONING PROPERLY,CLEAR,DAYLIGHT,REAR END,DIVIDED - W/MEDIAN (NOT RAISED),STRAIGHT AND LEVEL,DRY,UNKNOWN,NOT ON SCENE (DESK REPORT),NO INJURY / DRIVE AWAY,Y,"OVER $1,500",FOLLOWING TOO CLOSELY,DRIVING SKILLS/KNOWLEDGE/EXPERIENCE,8003,S,STONY ISLAND AVE,411,3,NO INDICATION OF INJURY,0,0,0,0,0,3,0,12,2,6,41.74948192,-87.58544603
6/11/2019 7:53,30,STOP SIGN/FLASHER,FUNCTIONING PROPERLY,CLEAR,DAYLIGHT,TURNING,FOUR WAY,STRAIGHT AND LEVEL,DRY,NO DEFECTS,ON SCENE,INJURY AND / OR TOW DUE TO CRASH,Y,"OVER $1,500",FAILING TO YIELD RIGHT-OF-WAY,FAILING TO YIELD RIGHT-OF-WAY,1430,N,HOMAN AVE,1422,2,NO INDICATION OF INJURY,0,0,0,0,0,4,0,7,3,6,41.90727149,-87.71196802
6/1/2019 10:05,10,NO CONTROLS,NO CONTROLS,CLEAR,DAYLIGHT,PARKED MOTOR VEHICLE,PARKING LOT,STRAIGHT AND LEVEL,DRY,NO DEFECTS,ON SCENE,NO INJURY / DRIVE AWAY,,$500 OR LESS,UNABLE TO DETERMINE,UNABLE TO DETERMINE,6636,W,65TH ST,812,2,NO INDICATION OF INJURY,0,0,0,0,0,1,0,10,7,6,41.77402269,-87.78748299
6/14/2019 18:50,30,NO CONTROLS,NO CONTROLS,CLEAR,DAYLIGHT,TURNING,NOT DIVIDED,STRAIGHT AND LEVEL,DRY,NO DEFECTS,NOT ON SCENE (DESK REPORT),NO INJURY / DRIVE AWAY,,"$501 - $1,500",UNABLE TO DETERMINE,UNABLE TO DETERMINE,4140,W,BELMONT AVE,1731,2,NO INDICATION OF INJURY,0,0,0,0,0,2,0,18,6,6,41.93915237,-87.73125116
6/13/2019 10:01,30,TRAFFIC SIGNAL,FUNCTIONING PROPERLY,CLOUDY/OVERCAST,DAYLIGHT,ANGLE,ONE-WAY,STRAIGHT AND LEVEL,WET,NO DEFECTS,NOT ON SCENE (DESK REPORT),NO INJURY / DRIVE AWAY,Y,"OVER $1,500",DISREGARDING TRAFFIC SIGNALS,UNABLE TO DETERMINE,5500,S,MICHIGAN AVE,225,2,NO INDICATION OF INJURY,0,0,0,0,0,2,0,10,5,6,41.79429549,-87.62260299
6/2/2019 14:00,30,UNKNOWN,UNKNOWN,CLEAR,DAYLIGHT,SIDESWIPE SAME DIRECTION,NOT DIVIDED,STRAIGHT AND LEVEL,DRY,SHOULDER DEFECT,NOT ON SCENE (DESK REPORT),NO INJURY / DRIVE AWAY,,"$501 - $1,500",UNABLE TO DETERMINE,NOT APPLICABLE,4406,N,CENTRAL AVE,1622,2,NO INDICATION OF INJURY,0,0,0,0,0,2,0,14,1,6,41.9607033,-87.76739601
6/14/2019 17:00,30,NO CONTROLS,NO CONTROLS,CLEAR,DAYLIGHT,FIXED OBJECT,NOT DIVIDED,STRAIGHT AND LEVEL,DRY,NO DEFECTS,NOT ON SCENE (DESK REPORT),NO INJURY / DRIVE AWAY,,"OVER $1,500",UNABLE TO DETERMINE,NOT APPLICABLE,4655,W,NORTH AVE,2533,1,NO INDICATION OF INJURY,0,0,0,0,0,2,0,17,6,6,41.90954484,-87.74338392
6/9/2019 13:04,30,TRAFFIC SIGNAL,FUNCTIONING PROPERLY,RAIN,DAYLIGHT,TURNING,FOUR WAY,STRAIGHT AND LEVEL,WET,NO DEFECTS,ON SCENE,INJURY AND / OR TOW DUE TO CRASH,Y,"OVER $1,500",FAILING TO YIELD RIGHT-OF-WAY,BICYCLE ADVANCING LEGALLY ON RED LIGHT,3300,N,PULASKI RD,1731,2,"REPORTED, NOT EVIDENT",1,0,0,0,1,2,0,13,1,6,41.9408919,-87.72738355
6/2/2019 14:15,30,TRAFFIC SIGNAL,NO CONTROLS,CLEAR,DAYLIGHT,REAR END,DIVIDED - W/MEDIAN (NOT RAISED),STRAIGHT AND LEVEL,DRY,NO DEFECTS,NOT ON SCENE (DESK REPORT),NO INJURY / DRIVE AWAY,,"OVER $1,500",UNABLE TO DETERMINE,NOT APPLICABLE,5409,W,FULLERTON AVE,2515,2,NO INDICATION OF INJURY,0,0,0,0,0,2,0,14,1,6,41.92392906,-87.76144203
6/7/2019 17:15,30,NO CONTROLS,NO CONTROLS,CLEAR,DAYLIGHT,REAR END,ONE-WAY,STRAIGHT AND LEVEL,DRY,NO DEFECTS,NOT ON SCENE (DESK REPORT),NO INJURY / DRIVE AWAY,,"OVER $1,500",UNABLE TO DETERMINE,UNABLE TO DETERMINE,170,W,ONTARIO ST,1832,2,NO INDICATION OF INJURY,0,0,0,0,0,2,0,17,6,6,41.89329935,-87.63403946
6/2/2019 19:30,15,NO CONTROLS,NO CONTROLS,CLEAR,DAYLIGHT,PARKED MOTOR VEHICLE,PARKING LOT,STRAIGHT AND LEVEL,OTHER,NO DEFECTS,NOT ON SCENE (DESK REPORT),NO INJURY / DRIVE AWAY,,"OVER $1,500",IMPROPER BACKING,UNABLE TO DETERMINE,7358,N,SEELEY AVE,2424,2,NO INDICATION OF INJURY,0,0,0,0,0,1,0,19,1,6,42.01572887,-87.68181028
6/10/2019 18:20,30,TRAFFIC SIGNAL,FUNCTIONING PROPERLY,CLEAR,DAYLIGHT,ANGLE,FOUR WAY,STRAIGHT AND LEVEL,DRY,NO DEFECTS,ON SCENE,INJURY AND / OR TOW DUE TO CRASH,Y,"OVER $1,500",DISREGARDING TRAFFIC SIGNALS,NOT APPLICABLE,1300,E,76TH ST,411,2,NONINCAPACITATING INJURY,2,0,0,1,1,0,0,18,2,6,41.75699213,-87.5930093
6/10/2019 17:30,20,UNKNOWN,UNKNOWN,CLEAR,DAYLIGHT,SIDESWIPE SAME DIRECTION,NOT DIVIDED,STRAIGHT AND LEVEL,DRY,UNKNOWN,NOT ON SCENE (DESK REPORT),NO INJURY / DRIVE AWAY,,"OVER $1,500",UNABLE TO DETERMINE,UNABLE TO DETERMINE,5111,S,CORNELL AVE,234,2,NO INDICATION OF INJURY,0,0,0,0,0,2,0,17,2,6,41.80218709,-87.58636995
6/5/2019 6:05,30,TRAFFIC SIGNAL,FUNCTIONING PROPERLY,RAIN,"DARKNESS, LIGHTED ROAD",ANGLE,FOUR WAY,STRAIGHT AND LEVEL,WET,NO DEFECTS,ON SCENE,INJURY AND / OR TOW DUE TO CRASH,Y,"OVER $1,500",DISREGARDING TRAFFIC SIGNALS,NOT APPLICABLE,1600,W,51ST ST,931,2,NONINCAPACITATING INJURY,3,0,0,3,0,0,0,6,4,6,41.80142703,-87.66484075
6/5/2019 16:24,30,STOP SIGN/FLASHER,UNKNOWN,CLEAR,DAYLIGHT,ANGLE,NOT DIVIDED,STRAIGHT AND LEVEL,DRY,UNKNOWN,NOT ON SCENE (DESK REPORT),NO INJURY / DRIVE AWAY,,"$501 - $1,500",FAILING TO YIELD RIGHT-OF-WAY,FAILING TO YIELD RIGHT-OF-WAY,6201,W,HIGGINS AVE,1622,2,NO INDICATION OF INJURY,0,0,0,0,0,2,0,16,4,6,41.97464582,-87.78316177
6/11/2019 0:12,30,UNKNOWN,UNKNOWN,UNKNOWN,UNKNOWN,PARKED MOTOR VEHICLE,ONE-WAY,STRAIGHT AND LEVEL,UNKNOWN,UNKNOWN,ON SCENE,NO INJURY / DRIVE AWAY,,"$501 - $1,500",UNABLE TO DETERMINE,NOT APPLICABLE,7558,S,CLYDE AVE,414,2,NO INDICATION OF INJURY,0,0,0,0,0,1,0,0,3,6,41.7571776,-87.57380707
6/14/2019 20:00,30,NO CONTROLS,NO CONTROLS,CLEAR,DUSK,TURNING,NOT DIVIDED,STRAIGHT AND LEVEL,DRY,NO DEFECTS,ON SCENE,NO INJURY / DRIVE AWAY,,"OVER $1,500",IMPROPER OVERTAKING/PASSING,NOT APPLICABLE,6924,W,NORTH AVE,2513,2,NO INDICATION OF INJURY,0,0,0,0,0,2,0,20,6,6,41.90908972,-87.79823807
6/8/2019 15:00,10,NO CONTROLS,NO CONTROLS,CLEAR,DAYLIGHT,PARKED MOTOR VEHICLE,PARKING LOT,STRAIGHT AND LEVEL,UNKNOWN,UNKNOWN,NOT ON SCENE (DESK REPORT),NO INJURY / DRIVE AWAY,,"$501 - $1,500",IMPROPER OVERTAKING/PASSING,IMPROPER OVERTAKING/PASSING,3570,N,ELSTON AVE,1733,2,NO INDICATION OF INJURY,0,0,0,0,0,2,0,15,7,6,41.9460576,-87.70823011
6/5/2019 17:40,30,TRAFFIC SIGNAL,FUNCTIONING PROPERLY,CLEAR,DAYLIGHT,REAR END,NOT DIVIDED,STRAIGHT AND LEVEL,DRY,NO DEFECTS,NOT ON SCENE (DESK REPORT),NO INJURY / DRIVE AWAY,,"OVER $1,500",UNABLE TO DETERMINE,UNABLE TO DETERMINE,745,N,CICERO AVE,1111,2,NO INDICATION OF INJURY,0,0,0,0,0,3,0,17,4,6,41.89449903,-87.74564379
6/6/2019 16:10,30,NO CONTROLS,NO CONTROLS,CLEAR,DAYLIGHT,REAR END,DIVIDED - W/MEDIAN (NOT RAISED),STRAIGHT AND LEVEL,DRY,NO DEFECTS,NOT ON SCENE (DESK REPORT),NO INJURY / DRIVE AWAY,,"$501 - $1,500",UNABLE TO DETERMINE,UNABLE TO DETERMINE,5348,S,ARCHER AVE,815,3,NO INDICATION OF INJURY,0,0,0,0,0,3,0,16,5,6,41.79891638,-87.74201323
6/5/2019 22:45,30,NO CONTROLS,NO CONTROLS,CLEAR,DARKNESS,PARKED MOTOR VEHICLE,PARKING LOT,STRAIGHT AND LEVEL,UNKNOWN,NO DEFECTS,NOT ON SCENE (DESK REPORT),NO INJURY / DRIVE AWAY,,"$501 - $1,500",UNABLE TO DETERMINE,NOT APPLICABLE,1640,W,115TH ST,2234,2,NO INDICATION OF INJURY,0,0,0,0,0,2,0,22,4,6,41.68489909,-87.66335207
6/5/2019 14:30,30,UNKNOWN,UNKNOWN,CLEAR,DAYLIGHT,SIDESWIPE SAME DIRECTION,NOT DIVIDED,STRAIGHT AND LEVEL,UNKNOWN,UNKNOWN,NOT ON SCENE (DESK REPORT),NO INJURY / DRIVE AWAY,,"$501 - $1,500",UNABLE TO DETERMINE,UNABLE TO DETERMINE,3535,W,DEVON AVE,1711,2,NO INDICATION OF INJURY,0,0,0,0,0,2,0,14,4,6,41.99717134,-87.71817956
6/13/2019 21:22,20,NO CONTROLS,NO CONTROLS,CLEAR,"DARKNESS, LIGHTED ROAD",PARKED MOTOR VEHICLE,NOT DIVIDED,STRAIGHT AND LEVEL,DRY,NO DEFECTS,ON SCENE,NO INJURY / DRIVE AWAY,,$500 OR LESS,UNABLE TO DETERMINE,NOT APPLICABLE,7708,N,PAULINA ST,2422,2,NO INDICATION OF INJURY,0,0,0,0,0,1,0,21,5,6,42.02146715,-87.67322133
6/15/2019 15:13,30,NO CONTROLS,NO CONTROLS,RAIN,DAYLIGHT,PEDESTRIAN,NOT DIVIDED,STRAIGHT AND LEVEL,WET,NO DEFECTS,ON SCENE,INJURY AND / OR TOW DUE TO CRASH,,$500 OR LESS,FAILING TO YIELD RIGHT-OF-WAY,UNABLE TO DETERMINE,2563,N,MAPLEWOOD AVE,1431,2,"REPORTED, NOT EVIDENT",1,0,0,0,1,2,0,15,7,6,41.9285069,-87.69129133
6/14/2019 23:37,30,TRAFFIC SIGNAL,FUNCTIONING PROPERLY,RAIN,"DARKNESS, LIGHTED ROAD",TURNING,FOUR WAY,STRAIGHT AND LEVEL,WET,NO DEFECTS,NOT ON SCENE (DESK REPORT),NO INJURY / DRIVE AWAY,Y,"OVER $1,500",FAILING TO YIELD RIGHT-OF-WAY,NOT APPLICABLE,4800,W,NORTH AVE,2533,2,NO INDICATION OF INJURY,0,0,0,0,0,2,0,23,6,6,41.90973389,-87.74624497
6/7/2019 14:15,30,UNKNOWN,UNKNOWN,CLEAR,DAYLIGHT,SIDESWIPE SAME DIRECTION,UNKNOWN,STRAIGHT AND LEVEL,UNKNOWN,UNKNOWN,NOT ON SCENE (DESK REPORT),NO INJURY / DRIVE AWAY,Y,"OVER $1,500",UNABLE TO DETERMINE,NOT APPLICABLE,500,W,ADAMS ST,121,2,NO INDICATION OF INJURY,0,0,0,0,0,3,0,14,6,6,41.87942129,-87.63968064
6/8/2019 12:21,30,UNKNOWN,UNKNOWN,UNKNOWN,UNKNOWN,SIDESWIPE SAME DIRECTION,UNKNOWN,STRAIGHT AND LEVEL,UNKNOWN,UNKNOWN,NOT ON SCENE (DESK REPORT),NO INJURY / DRIVE AWAY,,"OVER $1,500",UNABLE TO DETERMINE,NOT APPLICABLE,4756,N,CUMBERLAND AVE,1614,2,NO INDICATION OF INJURY,0,0,0,0,0,2,0,12,7,6,41.96652597,-87.8368294
6/12/2019 15:50,30,STOP SIGN/FLASHER,FUNCTIONING PROPERLY,CLOUDY/OVERCAST,DAYLIGHT,REAR END,NOT DIVIDED,STRAIGHT AND LEVEL,DRY,NO DEFECTS,ON SCENE,NO INJURY / DRIVE AWAY,Y,"OVER $1,500",UNABLE TO DETERMINE,UNABLE TO DETERMINE,3624,S,HALSTED ST,915,3,NO INDICATION OF INJURY,0,0,0,0,0,3,0,15,4,6,41.82791641,-87.64618745
6/14/2019 15:45,30,NO CONTROLS,NO CONTROLS,CLEAR,DAYLIGHT,TURNING,NOT DIVIDED,STRAIGHT AND LEVEL,DRY,NO DEFECTS,ON SCENE,INJURY AND / OR TOW DUE TO CRASH,,"OVER $1,500",IMPROPER TURNING/NO SIGNAL,NOT APPLICABLE,2344,W,CHICAGO AVE,1212,2,NO INDICATION OF INJURY,0,0,0,0,0,2,0,15,6,6,41.89586332,-87.68619201
6/4/2019 14:30,30,NO CONTROLS,NO CONTROLS,CLEAR,DAYLIGHT,SIDESWIPE OPPOSITE DIRECTION,DIVIDED - W/MEDIAN (NOT RAISED),STRAIGHT AND LEVEL,DRY,NO DEFECTS,NOT ON SCENE (DESK REPORT),INJURY AND / OR TOW DUE TO CRASH,,$500 OR LESS,UNABLE TO DETERMINE,NOT APPLICABLE,4930,S,LANGLEY AVE,223,2,"REPORTED, NOT EVIDENT",1,0,0,0,1,3,0,14,3,6,41.80492088,-87.60903532
6/15/2019 1:30,30,NO CONTROLS,NO CONTROLS,UNKNOWN,UNKNOWN,PARKED MOTOR VEHICLE,ONE-WAY,STRAIGHT AND LEVEL,UNKNOWN,UNKNOWN,NOT ON SCENE (DESK REPORT),NO INJURY / DRIVE AWAY,,$500 OR LESS,UNABLE TO DETERMINE,UNABLE TO DETERMINE,2143,W,BERWYN AVE,2012,2,NO INDICATION OF INJURY,0,0,0,0,0,1,0,1,7,6,41.97768215,-87.68361746
6/7/2019 8:03,35,TRAFFIC SIGNAL,FUNCTIONING PROPERLY,CLEAR,DAYLIGHT,FIXED OBJECT,UNKNOWN INTERSECTION TYPE,STRAIGHT AND LEVEL,DRY,NO DEFECTS,ON SCENE,INJURY AND / OR TOW DUE TO CRASH,Y,"OVER $1,500","EVASIVE ACTION DUE TO ANIMAL, OBJECT, NONMOTORIST",NOT APPLICABLE,2,E,95TH ST,634,1,NONINCAPACITATING INJURY,2,0,0,2,0,1,0,8,6,6,41.72179281,-87.62370028
6/11/2019 12:20,0,NO CONTROLS,NO CONTROLS,CLEAR,DAYLIGHT,PARKED MOTOR VEHICLE,ONE-WAY,STRAIGHT AND LEVEL,DRY,NO DEFECTS,NOT ON SCENE (DESK REPORT),NO INJURY / DRIVE AWAY,,"$501 - $1,500",IMPROPER OVERTAKING/PASSING,UNABLE TO DETERMINE,2637,W,CORTEZ ST,1211,2,NO INDICATION OF INJURY,0,0,0,0,0,1,0,12,3,6,41.90011718,-87.69338306
6/10/2019 17:00,25,TRAFFIC SIGNAL,FUNCTIONING PROPERLY,CLEAR,DAYLIGHT,SIDESWIPE SAME DIRECTION,DIVIDED - W/MEDIAN (NOT RAISED),STRAIGHT AND LEVEL,DRY,NO DEFECTS,NOT ON SCENE (DESK REPORT),NO INJURY / DRIVE AWAY,Y,"OVER $1,500",FOLLOWING TOO CLOSELY,FAILING TO REDUCE SPEED TO AVOID CRASH,2400,W,PERSHING RD,911,2,NO INDICATION OF INJURY,0,0,0,0,0,2,0,17,2,6,41.82309676,-87.68501895
6/11/2019 19:10,30,NO CONTROLS,NO CONTROLS,CLEAR,DAYLIGHT,SIDESWIPE SAME DIRECTION,ONE-WAY,STRAIGHT AND LEVEL,DRY,NO DEFECTS,ON SCENE,NO INJURY / DRIVE AWAY,,"OVER $1,500",FOLLOWING TOO CLOSELY,NOT APPLICABLE,9,E,JACKSON BLVD,113,2,NO INDICATION OF INJURY,0,0,0,0,0,2,0,19,3,6,41.87811203,-87.62732017
6/9/2019 12:30,30,NO CONTROLS,NO CONTROLS,CLEAR,DAYLIGHT,REAR TO FRONT,DIVIDED - W/MEDIAN (NOT RAISED),STRAIGHT AND LEVEL,DRY,NO DEFECTS,NOT ON SCENE (DESK REPORT),NO INJURY / DRIVE AWAY,,"OVER $1,500",UNABLE TO DETERMINE,UNABLE TO DETERMINE,1650,S,MICHIGAN AVE,131,2,NO INDICATION OF INJURY,0,0,0,0,0,2,0,12,1,6,41.85911384,-87.62410822
6/9/2019 16:14,30,TRAFFIC SIGNAL,FUNCTIONING PROPERLY,CLEAR,DAYLIGHT,TURNING,NOT DIVIDED,STRAIGHT AND LEVEL,DRY,NO DEFECTS,ON SCENE,NO INJURY / DRIVE AWAY,,"$501 - $1,500",UNABLE TO DETERMINE,NOT APPLICABLE,600,N,STATE ST,1832,2,NO INDICATION OF INJURY,0,0,0,0,0,7,0,16,1,6,41.89250117,-87.62824274
6/9/2019 10:30,30,NO CONTROLS,NO CONTROLS,CLEAR,UNKNOWN,PARKED MOTOR VEHICLE,ONE-WAY,STRAIGHT AND LEVEL,UNKNOWN,UNKNOWN,NOT ON SCENE (DESK REPORT),NO INJURY / DRIVE AWAY,,"$501 - $1,500",UNABLE TO DETERMINE,UNABLE TO DETERMINE,3909,N,HERMITAGE AVE,1922,2,NO INDICATION OF INJURY,0,0,0,0,0,1,0,10,1,6,41.95273725,-87.67245394
6/14/2019 16:00,30,TRAFFIC SIGNAL,FUNCTIONING PROPERLY,CLEAR,DAYLIGHT,SIDESWIPE SAME DIRECTION,DIVIDED - W/MEDIAN (NOT RAISED),STRAIGHT AND LEVEL,DRY,NO DEFECTS,NOT ON SCENE (DESK REPORT),NO INJURY / DRIVE AWAY,,"OVER $1,500",IMPROPER OVERTAKING/PASSING,UNABLE TO DETERMINE,2609,W,ADDISON ST,1921,2,NO INDICATION OF INJURY,0,0,0,0,0,3,0,16,6,6,41.94660387,-87.69353082
6/9/2019 1:00,30,TRAFFIC SIGNAL,FUNCTIONING PROPERLY,CLEAR,"DARKNESS, LIGHTED ROAD",TURNING,ONE-WAY,STRAIGHT AND LEVEL,DRY,NO DEFECTS,NOT ON SCENE (DESK REPORT),NO INJURY / DRIVE AWAY,Y,"OVER $1,500",IMPROPER LANE USAGE,NOT APPLICABLE,25,N,JEFFERSON ST,121,2,NO INDICATION OF INJURY,0,0,0,0,0,3,0,1,1,6,41.88262731,-87.64253868
6/7/2019 11:00,30,UNKNOWN,UNKNOWN,UNKNOWN,DAYLIGHT,PARKED MOTOR VEHICLE,ONE-WAY,STRAIGHT AND LEVEL,UNKNOWN,UNKNOWN,NOT ON SCENE (DESK REPORT),NO INJURY / DRIVE AWAY,,$500 OR LESS,UNABLE TO DETERMINE,UNABLE TO DETERMINE,3720,N,SEMINARY AVE,1923,2,NO INDICATION OF INJURY,0,0,0,0,0,1,0,11,6,6,41.94965864,-87.65693789
6/2/2019 13:58,25,NO CONTROLS,NO CONTROLS,CLEAR,DAYLIGHT,FIXED OBJECT,NOT DIVIDED,STRAIGHT AND LEVEL,DRY,NO DEFECTS,ON SCENE,INJURY AND / OR TOW DUE TO CRASH,,"OVER $1,500",UNABLE TO DETERMINE,UNABLE TO DETERMINE,4700,W,RICE ST,1111,1,NONINCAPACITATING INJURY,3,0,0,3,0,0,0,13,1,6,41.8960993,-87.74366533
6/12/2019 20:10,10,NO CONTROLS,NO CONTROLS,RAIN,DUSK,PARKED MOTOR VEHICLE,PARKING LOT,STRAIGHT AND LEVEL,WET,NO DEFECTS,NOT ON SCENE (DESK REPORT),NO INJURY / DRIVE AWAY,,$500 OR LESS,UNABLE TO DETERMINE,UNABLE TO DETERMINE,1640,W,115TH ST,2234,2,NO INDICATION OF INJURY,0,0,0,0,0,1,0,20,4,6,41.68489909,-87.66335207
6/12/2019 21:00,10,UNKNOWN,UNKNOWN,UNKNOWN,"DARKNESS, LIGHTED ROAD",PARKED MOTOR VEHICLE,PARKING LOT,STRAIGHT AND LEVEL,UNKNOWN,UNKNOWN,ON SCENE,NO INJURY / DRIVE AWAY,,"$501 - $1,500",UNABLE TO DETERMINE,NOT APPLICABLE,4210,N,NATCHEZ AVE,1632,2,NO INDICATION OF INJURY,0,0,0,0,0,1,0,21,4,6,41.95677808,-87.78905889
6/2/2019 17:25,30,TRAFFIC SIGNAL,FUNCTIONING PROPERLY,CLEAR,DAYLIGHT,TURNING,NOT DIVIDED,STRAIGHT AND LEVEL,DRY,NO DEFECTS,ON SCENE,NO INJURY / DRIVE AWAY,,"OVER $1,500",DISTRACTION - FROM OUTSIDE VEHICLE,NOT APPLICABLE,805,E,83RD ST,632,2,NO INDICATION OF INJURY,0,0,0,0,0,4,0,17,1,6,41.74386317,-87.60479653
6/2/2019 20:02,30,TRAFFIC SIGNAL,FUNCTIONING PROPERLY,CLEAR,"DARKNESS, LIGHTED ROAD",SIDESWIPE SAME DIRECTION,NOT DIVIDED,STRAIGHT AND LEVEL,DRY,NO DEFECTS,NOT ON SCENE (DESK REPORT),NO INJURY / DRIVE AWAY,,"OVER $1,500",UNABLE TO DETERMINE,UNABLE TO DETERMINE,714,E,47TH ST,221,2,NO INDICATION OF INJURY,0,0,0,0,0,2,0,20,1,6,41.80961839,-87.60830709
6/4/2019 20:15,30,TRAFFIC SIGNAL,FUNCTIONING PROPERLY,CLEAR,DUSK,REAR END,DIVIDED - W/MEDIAN (NOT RAISED),STRAIGHT AND LEVEL,DRY,NO DEFECTS,ON SCENE,INJURY AND / OR TOW DUE TO CRASH,,"OVER $1,500",FOLLOWING TOO CLOSELY,FOLLOWING TOO CLOSELY,5261,W,NORTH AVE,2532,4,"REPORTED, NOT EVIDENT",2,0,0,0,2,3,0,20,3,6,41.90936433,-87.75791818
6/11/2019 17:30,30,TRAFFIC SIGNAL,FUNCTIONING PROPERLY,CLEAR,DAYLIGHT,REAR END,DIVIDED - W/MEDIAN BARRIER,STRAIGHT AND LEVEL,DRY,UNKNOWN,ON SCENE,NO INJURY / DRIVE AWAY,Y,"OVER $1,500",FAILING TO REDUCE SPEED TO AVOID CRASH,NOT APPLICABLE,1203,S,COLUMBUS DR,132,2,NO INDICATION OF INJURY,0,0,0,0,0,3,0,17,3,6,41.86741913,-87.6201909
6/1/2019 20:00,20,NO CONTROLS,NO CONTROLS,CLEAR,"DARKNESS, LIGHTED ROAD",PARKED MOTOR VEHICLE,NOT DIVIDED,STRAIGHT AND LEVEL,UNKNOWN,NO DEFECTS,NOT ON SCENE (DESK REPORT),NO INJURY / DRIVE AWAY,,"OVER $1,500",IMPROPER BACKING,UNABLE TO DETERMINE,1732,W,SCHREIBER AVE,2432,2,NO INDICATION OF INJURY,0,0,0,0,0,1,0,20,7,6,41.99925231,-87.67371485
6/5/2019 11:30,10,NO CONTROLS,NO CONTROLS,CLEAR,DAYLIGHT,PARKED MOTOR VEHICLE,PARKING LOT,STRAIGHT AND LEVEL,DRY,NO DEFECTS,NOT ON SCENE (DESK REPORT),NO INJURY / DRIVE AWAY,,"OVER $1,500",UNABLE TO DETERMINE,NOT APPLICABLE,2535,S,DR MARTIN LUTHER KING JR DR,133,2,NO INDICATION OF INJURY,0,0,0,0,0,1,0,11,4,6,41.84647105,-87.61716965
6/8/2019 9:31,25,STOP SIGN/FLASHER,FUNCTIONING PROPERLY,CLEAR,DAYLIGHT,PARKED MOTOR VEHICLE,ONE-WAY,STRAIGHT AND LEVEL,DRY,NO DEFECTS,ON SCENE,NO INJURY / DRIVE AWAY,,"OVER $1,500",UNABLE TO DETERMINE,NOT APPLICABLE,3579,W,DICKENS AVE,1413,3,NO INDICATION OF INJURY,0,0,0,0,0,1,0,9,7,6,41.91900663,-87.7166718
6/12/2019 15:00,30,UNKNOWN,UNKNOWN,CLEAR,DAYLIGHT,ANGLE,NOT DIVIDED,STRAIGHT AND LEVEL,DRY,NO DEFECTS,NOT ON SCENE (DESK REPORT),NO INJURY / DRIVE AWAY,,"OVER $1,500",UNABLE TO DETERMINE,UNABLE TO DETERMINE,2939,N,PULASKI RD,2523,2,NO INDICATION OF INJURY,0,0,0,0,0,2,0,15,4,6,41.93478999,-87.72691546
6/15/2019 0:31,30,NO CONTROLS,NO CONTROLS,CLEAR,"DARKNESS, LIGHTED ROAD",ANGLE,DIVIDED - W/MEDIAN (NOT RAISED),STRAIGHT AND LEVEL,DRY,NO DEFECTS,ON SCENE,INJURY AND / OR TOW DUE TO CRASH,,"OVER $1,500",IMPROPER OVERTAKING/PASSING,UNDER THE INFLUENCE OF ALCOHOL/DRUGS (USE WHEN ARREST IS EFFECTED),3431,N,HARLEM AVE,1632,3,NONINCAPACITATING INJURY,1,0,0,1,0,2,0,0,7,6,41.94256836,-87.80676405
6/14/2019 20:09,30,STOP SIGN/FLASHER,FUNCTIONING PROPERLY,CLOUDY/OVERCAST,DUSK,ANGLE,T-INTERSECTION,STRAIGHT AND LEVEL,DRY,NO DEFECTS,ON SCENE,NO INJURY / DRIVE AWAY,,"OVER $1,500",DISREGARDING OTHER TRAFFIC SIGNS,DISREGARDING OTHER TRAFFIC SIGNS,208,W,87TH ST,622,2,NO INDICATION OF INJURY,0,0,0,0,0,4,0,20,6,6,41.73622612,-87.62926031
6/11/2019 17:20,30,NO CONTROLS,NO CONTROLS,CLEAR,DAYLIGHT,SIDESWIPE SAME DIRECTION,ONE-WAY,STRAIGHT AND LEVEL,UNKNOWN,UNKNOWN,NOT ON SCENE (DESK REPORT),NO INJURY / DRIVE AWAY,,"$501 - $1,500",IMPROPER OVERTAKING/PASSING,IMPROPER OVERTAKING/PASSING,940,W,OAKDALE AVE,1933,2,NO INDICATION OF INJURY,0,0,0,0,0,2,0,17,3,6,41.93548815,-87.65315941