CRASH_DATE,POSTED_SPEED_LIMIT,TRAFFIC_CONTROL_DEVICE,DEVICE_CONDITION,WEATHER_CONDITION,LIGHTING_CONDITION,FIRST_CRASH_TYPE,TRAFFICWAY_TYPE,ALIGNMENT,ROADWAY_SURFACE_COND,ROAD_DEFECT,REPORT_TYPE,CRASH_TYPE,INTERSECTION_RELATED_I,DAMAGE,PRIM_CONTRIBUTORY_CAUSE,SEC_CONTRIBUTORY_CAUSE,STREET_NO,STREET_DIRECTION,STREET_NAME,BEAT_OF_OCCURRENCE,NUM_UNITS,MOST_SEVERE_INJURY,INJURIES_TOTAL,INJURIES_FATAL,INJURIES_INCAPACITATING,INJURIES_NON_INCAPACITATING,INJURIES_REPORTED_NOT_EVIDENT,INJURIES_NO_INDICATION,INJURIES_UNKNOWN,CRASH_HOUR,CRASH_DAY_OF_WEEK,CRASH_MONTH,LATITUDE,LONGITUDE
6/11/2019 11:47,30,UNKNOWN,UNKNOWN,CLEAR,DAYLIGHT,REAR END,DIVIDED - W/MEDIAN (NOT RAISED),STRAIGHT AND LEVEL,DRY,NO DEFECTS,NOT ON SCENE (DESK REPORT),NO INJURY / DRIVE AWAY,,$500 OR LESS,FOLLOWING TOO CLOSELY,UNABLE TO DETERMINE,4347,N,ASHLAND AVE,1912,2,NO INDICATION OF INJURY,0,0,0,0,0,2,0,11,3,6,41.96116328,-87.66909664
6/1/2019 11:30,45,NO CONTROLS,NO CONTROLS,CLEAR,DAYLIGHT,OTHER OBJECT,DIVIDED - W/MEDIAN BARRIER,STRAIGHT AND LEVEL,DRY,NO DEFECTS,NOT ON SCENE (DESK REPORT),NO INJURY / DRIVE AWAY,,"$501 - $1,500",NOT APPLICABLE,NOT APPLICABLE,1410,S,LAKE SHORE DR W,132,1,NO INDICATION OF INJURY,0,0,0,0,0,1,0,11,7,6,41.86377945,-87.61923474
6/9/2019 13:40,30,NO CONTROLS,NO CONTROLS,CLOUDY/OVERCAST,DAYLIGHT,TURNING,DIVIDED - W/MEDIAN (NOT RAISED),STRAIGHT AND LEVEL,DRY,NO DEFECTS,NOT ON SCENE (DESK REPORT),NO INJURY / DRIVE AWAY,,"OVER $1,500",UNABLE TO DETERMINE,NOT APPLICABLE,171,S,CICERO AVE,1113,2,NO INDICATION OF INJURY,0,0,0,0,0,2,0,13,1,6,41.87806863,-87.74504573
6/15/2019 16:02,30,TRAFFIC SIGNAL,FUNCTIONING PROPERLY,RAIN,DAYLIGHT,REAR END,FOUR WAY,STRAIGHT ON GRADE,WET,NO DEFECTS,NOT ON SCENE (DESK REPORT),NO INJURY / DRIVE AWAY,Y,"$501 - $1,500",FAILING TO REDUCE SPEED TO AVOID CRASH,FOLLOWING TOO CLOSELY,9500,S,VINCENNES AVE,2213,2,NO INDICATION OF INJURY,0,0,0,0,0,2,0,16,7,6,41.72134589,-87.65079633
6/10/2019 20:31,30,TRAFFIC SIGNAL,FUNCTIONING PROPERLY,CLEAR,"DARKNESS, LIGHTED ROAD",FIXED OBJECT,DIVIDED - W/MEDIAN (NOT RAISED),STRAIGHT AND LEVEL,DRY,NO DEFECTS,ON SCENE,INJURY AND / OR TOW DUE TO CRASH,,"OVER $1,500",EQUIPMENT - VEHICLE CONDITION,NOT APPLICABLE,2201,S,MARSHALL BLVD,1033,1,NONINCAPACITATING INJURY,1,0,0,1,0,0,0,20,2,6,41.85176377,-87.69893955
6/11/2019 6:54,30,NO CONTROLS,NO CONTROLS,CLEAR,DAYLIGHT,PEDALCYCLIST,DIVIDED - W/MEDIAN (NOT RAISED),STRAIGHT AND LEVEL,DRY,NO DEFECTS,ON SCENE,NO INJURY / DRIVE AWAY,,$500 OR LESS,NOT APPLICABLE,NOT APPLICABLE,3626,W,LAWRENCE AVE,1712,2,NO INDICATION OF INJURY,0,0,0,0,0,1,0,6,3,6,41.96844525,-87.71941658
6/12/2019 8:50,20,NO CONTROLS,NO CONTROLS,CLEAR,DAYLIGHT,PARKED MOTOR VEHICLE,ONE-WAY,STRAIGHT AND LEVEL,DRY,NO DEFECTS,NOT ON SCENE (DESK REPORT),NO INJURY / DRIVE AWAY,,"$501 - $1,500",FAILING TO REDUCE SPEED TO AVOID CRASH,NOT APPLICABLE,2300,N,LONG AVE,2515,2,NO INDICATION OF INJURY,0,0,0,0,0,4,0,8,4,6,41.92230561,-87.76115823
6/6/2019 22:25,30,NO CONTROLS,NO CONTROLS,FOG/SMOKE/HAZE,DUSK,SIDESWIPE SAME DIRECTION,NOT DIVIDED,STRAIGHT AND LEVEL,DRY,UNKNOWN,,INJURY AND / OR TOW DUE TO CRASH,,"OVER $1,500",IMPROPER LANE USAGE,"OPERATING VEHICLE IN ERRATIC, RECKLESS, CARELESS, NEGLIGENT OR AGGRESSIVE MANNER",8031,S,HALSTED ST,621,1,NO INDICATION OF INJURY,0,0,0,0,0,1,0,22,5,6,41.74788289,-87.64381494
6/12/2019 7:52,30,NO CONTROLS,NO CONTROLS,CLEAR,DAYLIGHT,ANGLE,NOT DIVIDED,STRAIGHT AND LEVEL,DRY,NO DEFECTS,ON SCENE,NO INJURY / DRIVE AWAY,Y,"OVER $1,500",FAILING TO YIELD RIGHT-OF-WAY,UNABLE TO DETERMINE,2500,N,CENTRAL AVE,2515,2,NO INDICATION OF INJURY,0,0,0,0,0,2,0,7,4,6,41.92589288,-87.76620483
6/8/2019 21:00,30,NO CONTROLS,NO CONTROLS,CLEAR,"DARKNESS, LIGHTED ROAD",TURNING,NOT DIVIDED,STRAIGHT AND LEVEL,DRY,NO DEFECTS,,NO INJURY / DRIVE AWAY,,"OVER $1,500",FAILING TO YIELD RIGHT-OF-WAY,NOT APPLICABLE,1120,E,45TH ST,222,2,NO INDICATION OF INJURY,0,0,0,0,0,2,0,21,7,6,41.81337256,-87.59843841
6/7/2019 15:40,25,TRAFFIC SIGNAL,FUNCTIONING PROPERLY,CLEAR,DAYLIGHT,SIDESWIPE SAME DIRECTION,ONE-WAY,STRAIGHT AND LEVEL,DRY,NO DEFECTS,NOT ON SCENE (DESK REPORT),NO INJURY / DRIVE AWAY,Y,"OVER $1,500",UNABLE TO DETERMINE,UNABLE TO DETERMINE,3900,S,WENTWORTH AVE,925,2,NO INDICATION OF INJURY,0,0,0,0,0,2,0,15,6,6,41.82365433,-87.63148767
6/15/2019 11:05,30,NO CONTROLS,NO CONTROLS,CLEAR,DAYLIGHT,PARKED MOTOR VEHICLE,PARKING LOT,STRAIGHT AND LEVEL,DRY,NO DEFECTS,NOT ON SCENE (DESK REPORT),NO INJURY / DRIVE AWAY,,"$501 - $1,500",UNABLE TO DETERMINE,UNABLE TO DETERMINE,2801,S,WESTERN AVE,1034,2,NO INDICATION OF INJURY,0,0,0,0,0,1,0,11,7,6,41.84111499,-87.68513204
6/4/2019 11:00,10,NO CONTROLS,NO CONTROLS,RAIN,DAYLIGHT,ANGLE,OTHER,STRAIGHT AND LEVEL,WET,NO DEFECTS,ON SCENE,NO INJURY / DRIVE AWAY,,"$501 - $1,500",IMPROPER OVERTAKING/PASSING,FAILING TO YIELD RIGHT-OF-WAY,1150,N,NORTH BRANCH ST,1822,2,NO INDICATION OF INJURY,0,0,0,0,0,2,0,11,3,6,41.9026398,-87.65490158
6/5/2019 13:30,15,NO CONTROLS,NO CONTROLS,CLEAR,DAYLIGHT,PARKED MOTOR VEHICLE,UNKNOWN,STRAIGHT AND LEVEL,DRY,NO DEFECTS,NOT ON SCENE (DESK REPORT),NO INJURY / DRIVE AWAY,,"OVER $1,500",UNABLE TO DETERMINE,UNABLE TO DETERMINE,38,W,111TH ST,513,2,NO INDICATION OF INJURY,0,0,0,0,0,1,0,13,4,6,41.69267633,-87.62458359
6/1/2019 17:41,30,NO CONTROLS,NO CONTROLS,CLEAR,DAYLIGHT,FIXED OBJECT,NOT DIVIDED,STRAIGHT AND LEVEL,DRY,NO DEFECTS,NOT ON SCENE (DESK REPORT),NO INJURY / DRIVE AWAY,,$500 OR LESS,UNABLE TO DETERMINE,UNABLE TO DETERMINE,1855,W,TAYLOR ST,1231,1,NO INDICATION OF INJURY,0,0,0,0,0,1,0,17,7,6,41.86905034,-87.67344149
6/4/2019 9:50,35,TRAFFIC SIGNAL,FUNCTIONING PROPERLY,RAIN,DAYLIGHT,ANGLE,TRAFFIC ROUTE,STRAIGHT AND LEVEL,WET,NO DEFECTS,ON SCENE,INJURY AND / OR TOW DUE TO CRASH,Y,"OVER $1,500",UNABLE TO DETERMINE,UNABLE TO DETERMINE,7600,S,STATE ST,623,2,NONINCAPACITATING INJURY,2,0,0,2,0,0,0,9,3,6,41.75640041,-87.62486969
6/2/2019 4:00,20,TRAFFIC SIGNAL,FUNCTIONING PROPERLY,CLEAR,"DARKNESS, LIGHTED ROAD",REAR END,NOT DIVIDED,STRAIGHT AND LEVEL,DRY,NO DEFECTS,NOT ON SCENE (DESK REPORT),NO INJURY / DRIVE AWAY,Y,"$501 - $1,500",DRIVING SKILLS/KNOWLEDGE/EXPERIENCE,DRIVING SKILLS/KNOWLEDGE/EXPERIENCE,3943,W,47TH ST,821,2,NO INDICATION OF INJURY,0,0,0,0,0,2,0,4,1,6,41.80777906,-87.72284695
6/5/2019 18:00,30,STOP SIGN/FLASHER,UNKNOWN,CLEAR,DAYLIGHT,REAR TO SIDE,DIVIDED - W/MEDIAN (NOT RAISED),STRAIGHT AND LEVEL,DRY,NO DEFECTS,NOT ON SCENE (DESK REPORT),NO INJURY / DRIVE AWAY,,"$501 - $1,500",DISREGARDING STOP SIGN,NOT APPLICABLE,1130,W,LAKE ST,1214,2,NO INDICATION OF INJURY,0,0,0,0,0,2,0,18,4,6,41.88563524,-87.65558648
6/2/2019 3:18,30,TRAFFIC SIGNAL,FUNCTIONING PROPERLY,CLEAR,"DARKNESS, LIGHTED ROAD",ANGLE,NOT DIVIDED,STRAIGHT AND LEVEL,DRY,NO DEFECTS,NOT ON SCENE (DESK REPORT),NO INJURY / DRIVE AWAY,Y,$500 OR LESS,NOT APPLICABLE,NOT APPLICABLE,6900,S,ASHLAND AVE,735,2,NO INDICATION OF INJURY,0,0,0,0,0,2,0,3,1,6,41.76845491,-87.66403843
6/14/2019 19:55,35,TRAFFIC SIGNAL,FUNCTIONING PROPERLY,CLEAR,"DARKNESS, LIGHTED ROAD",SIDESWIPE SAME DIRECTION,FOUR WAY,STRAIGHT AND LEVEL,DRY,NO DEFECTS,NOT ON SCENE (DESK REPORT),NO INJURY / DRIVE AWAY,Y,"OVER $1,500",UNABLE TO DETERMINE,UNABLE TO DETERMINE,7500,S,JEFFERY BLVD,414,2,NO INDICATION OF INJURY,0,0,0,0,0,5,0,19,6,6,41.75878382,-87.57628665
6/8/2019 23:45,30,NO CONTROLS,NO CONTROLS,CLEAR,"DARKNESS, LIGHTED ROAD",TURNING,DIVIDED - W/MEDIAN BARRIER,STRAIGHT AND LEVEL,DRY,NO DEFECTS,ON SCENE,INJURY AND / OR TOW DUE TO CRASH,,"OVER $1,500",FAILING TO YIELD RIGHT-OF-WAY,IMPROPER TURNING/NO SIGNAL,4701,W,LAKE ST,1113,2,NO INDICATION OF INJURY,0,0,0,0,0,4,0,23,7,6,41.88635623,-87.74317042
6/9/2019 10:55,30,TRAFFIC SIGNAL,FUNCTIONING PROPERLY,RAIN,DAYLIGHT,REAR END,NOT DIVIDED,STRAIGHT AND LEVEL,WET,NO DEFECTS,NOT ON SCENE (DESK REPORT),NO INJURY / DRIVE AWAY,,"OVER $1,500",WEATHER,FOLLOWING TOO CLOSELY,1001,W,76TH ST,612,3,NO INDICATION OF INJURY,0,0,0,0,0,3,0,10,1,6,41.75591964,-87.64909018
6/4/2019 7:20,30,STOP SIGN/FLASHER,FUNCTIONING PROPERLY,CLEAR,DAYLIGHT,SIDESWIPE SAME DIRECTION,ONE-WAY,STRAIGHT AND LEVEL,DRY,NO DEFECTS,ON SCENE,NO INJURY / DRIVE AWAY,,"OVER $1,500",UNABLE TO DETERMINE,UNABLE TO DETERMINE,5147,N,BERNARD ST,1712,2,NO INDICATION OF INJURY,0,0,0,0,0,2,0,7,3,6,41.97527287,-87.71463032
6/8/2019 16:53,30,UNKNOWN,UNKNOWN,CLEAR,DAYLIGHT,TURNING,PARKING LOT,STRAIGHT AND LEVEL,DRY,UNKNOWN,,NO INJURY / DRIVE AWAY,,"OVER $1,500",FAILING TO YIELD RIGHT-OF-WAY,NOT APPLICABLE,1133,S,CLINTON ST,124,,,,,,,,,,16,7,6,41.86797778,-87.64059863
6/1/2019 17:15,30,NO CONTROLS,NO CONTROLS,RAIN,DAYLIGHT,TURNING,NOT DIVIDED,STRAIGHT AND LEVEL,WET,NO DEFECTS,ON SCENE,INJURY AND / OR TOW DUE TO CRASH,,"$501 - $1,500",FAILING TO REDUCE SPEED TO AVOID CRASH,NOT APPLICABLE,1350,W,50TH ST,933,2,NO INDICATION OF INJURY,0,0,0,0,0,2,0,17,7,6,41.80332039,-87.65959416
6/6/2019 7:20,30,NO CONTROLS,NO CONTROLS,CLEAR,DAYLIGHT,PARKED MOTOR VEHICLE,ONE-WAY,STRAIGHT ON GRADE,DRY,NO DEFECTS,ON SCENE,INJURY AND / OR TOW DUE TO CRASH,,"OVER $1,500",UNABLE TO DETERMINE,UNABLE TO DETERMINE,4247,W,CONGRESS PKWY,1132,2,NONINCAPACITATING INJURY,1,0,0,1,0,0,0,7,5,6,41.87416312,-87.7322115
6/13/2019 21:30,25,TRAFFIC SIGNAL,FUNCTIONING PROPERLY,CLEAR,"DARKNESS, LIGHTED ROAD",REAR END,NOT DIVIDED,STRAIGHT AND LEVEL,DRY,NO DEFECTS,NOT ON SCENE (DESK REPORT),NO INJURY / DRIVE AWAY,,"OVER $1,500",UNABLE TO DETERMINE,UNABLE TO DETERMINE,5600,W,DIVISION ST,2531,2,NO INDICATION OF INJURY,0,0,0,0,0,2,0,21,5,6,41.90225353,-87.76571689
6/10/2019 11:30,25,NO CONTROLS,NO CONTROLS,CLEAR,DAYLIGHT,FIXED OBJECT,NOT DIVIDED,STRAIGHT AND LEVEL,DRY,NO DEFECTS,ON SCENE,NO INJURY / DRIVE AWAY,,"OVER $1,500",NOT APPLICABLE,NOT APPLICABLE,10051,S,WOOD ST,2213,1,NO INDICATION OF INJURY,0,0,0,0,0,1,0,11,2,6,41.71057191,-87.66707539
6/13/2019 14:38,10,NO CONTROLS,NO CONTROLS,CLEAR,DAYLIGHT,TURNING,PARKING LOT,STRAIGHT AND LEVEL,WET,NO DEFECTS,NOT ON SCENE (DESK REPORT),NO INJURY / DRIVE AWAY,,"$501 - $1,500",UNABLE TO DETERMINE,UNABLE TO DETERMINE,3019,W,PETERSON AVE,2011,2,NO INDICATION OF INJURY,0,0,0,0,0,2,0,14,5,6,41.99029969,-87.70513321
6/12/2019 13:15,30,TRAFFIC SIGNAL,FUNCTIONING PROPERLY,RAIN,DAYLIGHT,SIDESWIPE SAME DIRECTION,NOT DIVIDED,STRAIGHT AND LEVEL,WET,UNKNOWN,NOT ON SCENE (DESK REPORT),NO INJURY / DRIVE AWAY,,"$501 - $1,500",IMPROPER OVERTAKING/PASSING,NOT APPLICABLE,7600,S,HALSTED ST,621,2,NO INDICATION OF INJURY,0,0,0,0,0,2,0,13,4,6,41.75599579,-87.64432824
6/4/2019 16:43,35,STOP SIGN/FLASHER,FUNCTIONING PROPERLY,CLEAR,DAYLIGHT,PEDALCYCLIST,NOT DIVIDED,STRAIGHT AND LEVEL,DRY,NO DEFECTS,ON SCENE,NO INJURY / DRIVE AWAY,,$500 OR LESS,FAILING TO YIELD RIGHT-OF-WAY,NOT APPLICABLE,406,E,61ST ST,313,2,NO INDICATION OF INJURY,0,0,0,0,0,2,0,16,3,6,41.78399999,-87.61539311
6/11/2019 8:30,30,NO CONTROLS,NO CONTROLS,CLEAR,DAYLIGHT,PARKED MOTOR VEHICLE,NOT DIVIDED,STRAIGHT AND LEVEL,DRY,NO DEFECTS,ON SCENE,NO INJURY / DRIVE AWAY,,"$501 - $1,500",DRIVING SKILLS/KNOWLEDGE/EXPERIENCE,NOT APPLICABLE,1035,W,CULLERTON ST,1235,3,NO INDICATION OF INJURY,0,0,0,0,0,1,0,8,3,6,41.85514107,-87.65281948
6/13/2019 18:00,30,NO CONTROLS,NO CONTROLS,CLEAR,DAYLIGHT,PARKED MOTOR VEHICLE,NOT DIVIDED,STRAIGHT AND LEVEL,DRY,UNKNOWN,ON SCENE,NO INJURY / DRIVE AWAY,,"OVER $1,500",NOT APPLICABLE,NOT APPLICABLE,2505,W,CHICAGO AVE,1221,2,NO INDICATION OF INJURY,0,0,0,0,0,3,0,18,5,6,41.89560405,-87.68952571
6/14/2019 11:19,30,NO CONTROLS,NO CONTROLS,CLEAR,DAYLIGHT,PARKED MOTOR VEHICLE,NOT DIVIDED,STRAIGHT AND LEVEL,DRY,NO DEFECTS,NOT ON SCENE (DESK REPORT),NO INJURY / DRIVE AWAY,,"OVER $1,500",UNABLE TO DETERMINE,UNABLE TO DETERMINE,250,E,PEARSON ST,1833,2,NO INDICATION OF INJURY,0,0,0,0,0,2,0,11,6,6,41.89775838,-87.6196621
6/3/2019 10:15,30,NO CONTROLS,NO CONTROLS,CLEAR,DAYLIGHT,SIDESWIPE OPPOSITE DIRECTION,ALLEY,STRAIGHT AND LEVEL,DRY,NO DEFECTS,NOT ON SCENE (DESK REPORT),NO INJURY / DRIVE AWAY,,"$501 - $1,500",UNABLE TO DETERMINE,UNABLE TO DETERMINE,3511,W,79TH ST,834,2,NO INDICATION OF INJURY,0,0,0,0,0,2,0,10,2,6,41.74950681,-87.71017986
6/9/2019 2:40,30,NO CONTROLS,NO CONTROLS,CLEAR,"DARKNESS, LIGHTED ROAD",FIXED OBJECT,NOT DIVIDED,STRAIGHT AND LEVEL,DRY,NO DEFECTS,ON SCENE,INJURY AND / OR TOW DUE TO CRASH,,"OVER $1,500",FAILING TO REDUCE SPEED TO AVOID CRASH,FAILING TO REDUCE SPEED TO AVOID CRASH,7000,S,SOUTH SHORE DR,331,1,NO INDICATION OF INJURY,0,0,0,0,0,1,0,2,1,6,41.76802847,-87.56664989
6/13/2019 15:25,30,NO CONTROLS,NO CONTROLS,CLEAR,DAYLIGHT,PEDALCYCLIST,ONE-WAY,STRAIGHT AND LEVEL,WET,NO DEFECTS,ON SCENE,NO INJURY / DRIVE AWAY,,"OVER $1,500",NOT APPLICABLE,NOT APPLICABLE,200,W,RANDOLPH ST,122,2,NO INDICATION OF INJURY,0,0,0,0,0,2,0,15,5,6,41.88457905,-87.63396972
6/2/2019 22:20,20,NO CONTROLS,FUNCTIONING PROPERLY,CLEAR,"DARKNESS, LIGHTED ROAD",REAR END,NOT DIVIDED,STRAIGHT AND LEVEL,DRY,NO DEFECTS,ON SCENE,NO INJURY / DRIVE AWAY,,$500 OR LESS,FOLLOWING TOO CLOSELY,FOLLOWING TOO CLOSELY,5315,S,WOODLAWN AVE,234,2,NO INDICATION OF INJURY,0,0,0,0,0,5,0,22,1,6,41.79896533,-87.59648335
6/4/2019 1:00,30,NO CONTROLS,NO CONTROLS,RAIN,"DARKNESS, LIGHTED ROAD",PARKED MOTOR VEHICLE,ONE-WAY,STRAIGHT AND LEVEL,WET,NO DEFECTS,NOT ON SCENE (DESK REPORT),NO INJURY / DRIVE AWAY,,"OVER $1,500",FAILING TO YIELD RIGHT-OF-WAY,UNABLE TO DETERMINE,3444,W,13TH PL,1021,2,NO INDICATION OF INJURY,0,0,0,0,0,1,0,1,3,6,41.86422706,-87.71226605
6/9/2019 12:20,35,NO CONTROLS,NO CONTROLS,RAIN,DAYLIGHT,REAR END,NOT DIVIDED,STRAIGHT AND LEVEL,WET,NO DEFECTS,ON SCENE,NO INJURY / DRIVE AWAY,,"OVER $1,500",FOLLOWING TOO CLOSELY,DRIVING SKILLS/KNOWLEDGE/EXPERIENCE,4651,S,CICERO AVE,815,2,NO INDICATION OF INJURY,0,0,0,0,0,2,0,12,1,6,41.80794205,-87.74301109
6/13/2019 7:45,30,NO CONTROLS,NO CONTROLS,CLEAR,DAYLIGHT,PARKED MOTOR VEHICLE,PARKING LOT,STRAIGHT AND LEVEL,DRY,NO DEFECTS,ON SCENE,NO INJURY / DRIVE AWAY,,"$501 - $1,500",UNABLE TO DETERMINE,FAILING TO REDUCE SPEED TO AVOID CRASH,1945,E,HAYES DR,331,2,NO INDICATION OF INJURY,0,0,0,0,0,1,0,7,5,6,41.78014239,-87.5779193
6/4/2019 14:00,20,OTHER,OTHER,CLEAR,DAYLIGHT,SIDESWIPE SAME DIRECTION,OTHER,STRAIGHT AND LEVEL,DRY,NO DEFECTS,ON SCENE,NO INJURY / DRIVE AWAY,,"$501 - $1,500",FAILING TO YIELD RIGHT-OF-WAY,NOT APPLICABLE,2,W,TERMINAL ST,1652,2,NO INDICATION OF INJURY,0,0,0,0,0,2,0,14,3,6,,
6/2/2019 15:10,30,NO CONTROLS,NO CONTROLS,CLEAR,DAYLIGHT,SIDESWIPE SAME DIRECTION,NOT DIVIDED,STRAIGHT AND LEVEL,DRY,NO DEFECTS,NOT ON SCENE (DESK REPORT),NO INJURY / DRIVE AWAY,,$500 OR LESS,UNABLE TO DETERMINE,NOT APPLICABLE,2752,N,CENTRAL PARK AVE,2524,2,NO INDICATION OF INJURY,0,0,0,0,0,2,0,15,1,6,41.93164932,-87.71733838
6/12/2019 0:29,30,NO CONTROLS,NO CONTROLS,CLEAR,"DARKNESS, LIGHTED ROAD",PARKED MOTOR VEHICLE,ONE-WAY,STRAIGHT AND LEVEL,DRY,NO DEFECTS,ON SCENE,INJURY AND / OR TOW DUE TO CRASH,,"$501 - $1,500",UNABLE TO DETERMINE,NOT APPLICABLE,5358,S,CHRISTIANA AVE,822,3,NO INDICATION OF INJURY,0,0,0,0,0,2,0,0,4,6,41.79537682,-87.70742982
6/3/2019 5:00,30,STOP SIGN/FLASHER,NO CONTROLS,CLEAR,DAYLIGHT,PARKED MOTOR VEHICLE,ONE-WAY,STRAIGHT AND LEVEL,DRY,NO DEFECTS,NOT ON SCENE (DESK REPORT),NO INJURY / DRIVE AWAY,,"$501 - $1,500",UNABLE TO DETERMINE,UNABLE TO DETERMINE,3223,N,CALIFORNIA AVE,1733,2,NO INDICATION OF INJURY,0,0,0,0,0,1,0,5,2,6,41.94008464,-87.69769961
6/12/2019 21:15,35,NO CONTROLS,NO CONTROLS,RAIN,"DARKNESS, LIGHTED ROAD",REAR TO FRONT,ONE-WAY,STRAIGHT AND LEVEL,WET,NO DEFECTS,NOT ON SCENE (DESK REPORT),NO INJURY / DRIVE AWAY,,"OVER $1,500",IMPROPER BACKING,NOT APPLICABLE,6406,N,OAKLEY AVE,2412,2,NO INDICATION OF INJURY,0,0,0,0,0,2,0,21,4,6,41.99803107,-87.68760323
6/2/2019 6:15,30,NO CONTROLS,NO CONTROLS,CLEAR,DAYLIGHT,PARKED MOTOR VEHICLE,ONE-WAY,STRAIGHT AND LEVEL,DRY,NO DEFECTS,ON SCENE,INJURY AND / OR TOW DUE TO CRASH,,"OVER $1,500",FAILING TO REDUCE SPEED TO AVOID CRASH,DRIVING SKILLS/KNOWLEDGE/EXPERIENCE,5125,S,SACRAMENTO AVE,923,3,NO INDICATION OF INJURY,0,0,0,0,0,1,0,6,1,6,41.80013525,-87.69871684
6/4/2019 15:30,30,NO CONTROLS,NO CONTROLS,CLEAR,DAYLIGHT,SIDESWIPE OPPOSITE DIRECTION,PARKING LOT,STRAIGHT AND LEVEL,DRY,NO DEFECTS,NOT ON SCENE (DESK REPORT),NO INJURY / DRIVE AWAY,,"$501 - $1,500",DRIVING ON WRONG SIDE/WRONG WAY,NOT APPLICABLE,112,W,87TH ST,622,2,NO INDICATION OF INJURY,0,0,0,0,0,2,0,15,3,6,41.73638005,-87.62750922
6/4/2019 14:45,30,TRAFFIC SIGNAL,NO CONTROLS,CLEAR,DAYLIGHT,REAR END,DIVIDED - W/MEDIAN (NOT RAISED),STRAIGHT AND LEVEL,DRY,NO DEFECTS,NOT ON SCENE (DESK REPORT),NO INJURY / DRIVE AWAY,,"OVER $1,500",FOLLOWING TOO CLOSELY,UNABLE TO DETERMINE,8700,S,HALSTED ST,2223,2,NO INDICATION OF INJURY,0,0,0,0,0,2,0,14,3,6,41.73578527,-87.64375883
6/7/2019 19:00,30,NO CONTROLS,NO CONTROLS,CLEAR,DAYLIGHT,PARKED MOTOR VEHICLE,DIVIDED - W/MEDIAN (NOT RAISED),STRAIGHT AND LEVEL,DRY,NO DEFECTS,NOT ON SCENE (DESK REPORT),NO INJURY / DRIVE AWAY,,"OVER $1,500",UNABLE TO DETERMINE,NOT APPLICABLE,7352,N,SEELEY AVE,2424,2,NO INDICATION OF INJURY,0,0,0,0,0,1,0,19,6,6,42.01556167,-87.68181124
6/8/2019 23:45,30,TRAFFIC SIGNAL,FUNCTIONING PROPERLY,CLEAR,"DARKNESS, LIGHTED ROAD",TURNING,DIVIDED - W/MEDIAN (NOT RAISED),STRAIGHT AND LEVEL,DRY,NO DEFECTS,NOT ON SCENE (DESK REPORT),NO INJURY / DRIVE AWAY,Y,"OVER $1,500",UNABLE TO DETERMINE,NOT APPLICABLE,658,N,LA SALLE DR,1832,2,NO INDICATION OF INJURY,0,0,0,0,0,2,0,23,7,6,41.8940496,-87.63280877
6/1/2019 15:30,30,NO CONTROLS,NO CONTROLS,CLEAR,DAYLIGHT,TURNING,ONE-WAY,STRAIGHT AND LEVEL,DRY,NO DEFECTS,NOT ON SCENE (DESK REPORT),NO INJURY / DRIVE AWAY,Y,"OVER $1,500",FAILING TO YIELD RIGHT-OF-WAY,NOT APPLICABLE,2332,W,MEDILL AVE,1432,2,NO INDICATION OF INJURY,0,0,0,0,0,2,0,15,7,6,41.924258,-87.6865175
6/14/2019 18:01,30,TRAFFIC SIGNAL,FUNCTIONING PROPERLY,CLEAR,DAYLIGHT,TURNING,NOT DIVIDED,STRAIGHT AND LEVEL,DRY,NO DEFECTS,ON SCENE,INJURY AND / OR TOW DUE TO CRASH,Y,"OVER $1,500",ROAD ENGINEERING/SURFACE/MARKING DEFECTS,NOT APPLICABLE,901,E,95TH ST,511,2,NO INDICATION OF INJURY,0,0,0,0,0,1,0,18,6,6,41.72197387,-87.60190589
6/4/2019 12:30,30,TRAFFIC SIGNAL,NO CONTROLS,RAIN,DAYLIGHT,ANGLE,NOT DIVIDED,STRAIGHT AND LEVEL,WET,NO DEFECTS,NOT ON SCENE (DESK REPORT),INJURY AND / OR TOW DUE TO CRASH,,"OVER $1,500","VISION OBSCURED (SIGNS, TREE LIMBS, BUILDINGS, ETC.)",NOT APPLICABLE,1000,S,LOOMIS ST,1231,2,NO INDICATION OF INJURY,0,0,0,0,0,2,0,12,3,6,41.86929756,-87.66178699
6/10/2019 9:15,30,NO CONTROLS,NO CONTROLS,CLEAR,DAYLIGHT,REAR END,NOT DIVIDED,STRAIGHT AND LEVEL,DRY,NO DEFECTS,NOT ON SCENE (DESK REPORT),NO INJURY / DRIVE AWAY,,"$501 - $1,500",UNABLE TO DETERMINE,NOT APPLICABLE,2025,N,LARAMIE AVE,2522,2,NO INDICATION OF INJURY,0,0,0,0,0,2,0,9,2,6,41.91766261,-87.75581512
6/6/2019 13:09,30,NO CONTROLS,NO CONTROLS,CLEAR,DAYLIGHT,ANGLE,NOT DIVIDED,STRAIGHT AND LEVEL,DRY,NO DEFECTS,ON SCENE,NO INJURY / DRIVE AWAY,,"OVER $1,500",FAILING TO YIELD RIGHT-OF-WAY,NOT APPLICABLE,726,N,CICERO AVE,1531,2,NO INDICATION OF INJURY,0,0,0,0,0,2,0,13,5,6,41.89400665,-87.74592162