CRASH_DATE,POSTED_SPEED_LIMIT,TRAFFIC_CONTROL_DEVICE,DEVICE_CONDITION,WEATHER_CONDITION,LIGHTING_CONDITION,FIRST_CRASH_TYPE,TRAFFICWAY_TYPE,ALIGNMENT,ROADWAY_SURFACE_COND,ROAD_DEFECT,REPORT_TYPE,CRASH_TYPE,INTERSECTION_RELATED_I,DAMAGE,PRIM_CONTRIBUTORY_CAUSE,SEC_CONTRIBUTORY_CAUSE,STREET_NO,STREET_DIRECTION,STREET_NAME,BEAT_OF_OCCURRENCE,NUM_UNITS,MOST_SEVERE_INJURY,INJURIES_TOTAL,INJURIES_FATAL,INJURIES_INCAPACITATING,INJURIES_NON_INCAPACITATING,INJURIES_REPORTED_NOT_EVIDENT,INJURIES_NO_INDICATION,INJURIES_UNKNOWN,CRASH_HOUR,CRASH_DAY_OF_WEEK,CRASH_MONTH,LATITUDE,LONGITUDE
6/15/2019 13:50,35,NO CONTROLS,NO CONTROLS,RAIN,DAYLIGHT,TURNING,NOT DIVIDED,STRAIGHT AND LEVEL,WET,NO DEFECTS,ON SCENE,NO INJURY / DRIVE AWAY,,"OVER $1,500",FAILING TO YIELD RIGHT-OF-WAY,NOT APPLICABLE,436,E,47TH ST,221,2,NO INDICATION OF INJURY,0,0,0,0,0,2,0,13,7,6,41.80952057,-87.61482402
6/8/2019 13:10,30,TRAFFIC SIGNAL,FUNCTIONING PROPERLY,CLEAR,DAYLIGHT,TURNING,DIVIDED - W/MEDIAN BARRIER,STRAIGHT AND LEVEL,DRY,NO DEFECTS,NOT ON SCENE (DESK REPORT),NO INJURY / DRIVE AWAY,Y,"OVER $1,500",IMPROPER TURNING/NO SIGNAL,NOT APPLICABLE,2200,S,KEELER AVE,1013,2,NO INDICATION OF INJURY,0,0,0,0,0,3,0,13,7,6,41.85136616,-87.72974138
6/12/2019 16:30,30,TRAFFIC SIGNAL,FUNCTIONING PROPERLY,CLEAR,DAYLIGHT,TURNING,DIVIDED - W/MEDIAN BARRIER,STRAIGHT AND LEVEL,DRY,NO DEFECTS,NOT ON SCENE (DESK REPORT),NO INJURY / DRIVE AWAY,Y,"OVER $1,500",DISREGARDING ROAD MARKINGS,UNABLE TO DETERMINE,300,E,ROOSEVELT DR,114,2,NO INDICATION OF INJURY,0,0,0,0,0,2,0,16,4,6,41.86762343,-87.6203324
6/15/2019 16:49,30,STOP SIGN/FLASHER,FUNCTIONING PROPERLY,RAIN,DAYLIGHT,ANGLE,NOT DIVIDED,STRAIGHT AND LEVEL,WET,NO DEFECTS,NOT ON SCENE (DESK REPORT),NO INJURY / DRIVE AWAY,Y,"$501 - $1,500",UNABLE TO DETERMINE,NOT APPLICABLE,1800,W,HASTINGS ST,1233,2,NO INDICATION OF INJURY,0,0,0,0,0,3,0,16,7,6,41.86421236,-87.67140026
6/11/2019 17:40,30,NO CONTROLS,NO CONTROLS,CLEAR,DAYLIGHT,REAR END,NOT DIVIDED,STRAIGHT AND LEVEL,DRY,NO DEFECTS,NOT ON SCENE (DESK REPORT),NO INJURY / DRIVE AWAY,,"$501 - $1,500",FOLLOWING TOO CLOSELY,NOT APPLICABLE,6400,W,IRVING PARK RD,1632,2,NO INDICATION OF INJURY,0,0,0,0,0,2,0,17,3,6,41.95302475,-87.78668324
6/4/2019 13:10,30,STOP SIGN/FLASHER,FUNCTIONING PROPERLY,CLOUDY/OVERCAST,DAYLIGHT,TURNING,NOT DIVIDED,STRAIGHT AND LEVEL,WET,UNKNOWN,NOT ON SCENE (DESK REPORT),NO INJURY / DRIVE AWAY,Y,"$501 - $1,500",IMPROPER OVERTAKING/PASSING,IMPROPER OVERTAKING/PASSING,832,W,ADDISON ST,1923,2,NO INDICATION OF INJURY,0,0,0,0,0,4,0,13,3,6,41.94741232,-87.65075955
6/11/2019 10:45,20,NO CONTROLS,NO CONTROLS,CLEAR,DAYLIGHT,SIDESWIPE SAME DIRECTION,ONE-WAY,STRAIGHT AND LEVEL,DRY,NO DEFECTS,ON SCENE,NO INJURY / DRIVE AWAY,,$500 OR LESS,IMPROPER BACKING,NOT APPLICABLE,5940,N,ROCKWELL ST,2011,2,NO INDICATION OF INJURY,0,0,0,0,0,2,0,10,3,6,41.98985356,-87.69466035
6/9/2019 11:00,30,NO CONTROLS,NO CONTROLS,CLOUDY/OVERCAST,DAYLIGHT,TURNING,DIVIDED - W/MEDIAN BARRIER,STRAIGHT AND LEVEL,WET,NO DEFECTS,ON SCENE,INJURY AND / OR TOW DUE TO CRASH,,"OVER $1,500",FAILING TO YIELD RIGHT-OF-WAY,UNABLE TO DETERMINE,2026,E,71ST ST,331,2,NONINCAPACITATING INJURY,2,0,0,2,0,1,0,11,1,6,41.76636117,-87.57514573
6/3/2019 14:30,35,STOP SIGN/FLASHER,FUNCTIONING PROPERLY,CLEAR,DAYLIGHT,ANGLE,CENTER TURN LANE,STRAIGHT AND LEVEL,DRY,NO DEFECTS,ON SCENE,INJURY AND / OR TOW DUE TO CRASH,Y,"OVER $1,500",FAILING TO YIELD RIGHT-OF-WAY,NOT APPLICABLE,5100,S,CICERO AVE,814,3,NO INDICATION OF INJURY,0,0,0,0,0,3,0,14,2,6,41.80024268,-87.74310389
6/7/2019 14:30,30,NO CONTROLS,OTHER,CLEAR,DAYLIGHT,SIDESWIPE SAME DIRECTION,DIVIDED - W/MEDIAN (NOT RAISED),STRAIGHT AND LEVEL,DRY,NO DEFECTS,ON SCENE,INJURY AND / OR TOW DUE TO CRASH,,"OVER $1,500",IMPROPER OVERTAKING/PASSING,NOT APPLICABLE,30,N,LA SALLE ST,122,3,NO INDICATION OF INJURY,0,0,0,0,0,2,0,14,6,6,41.88269467,-87.63253143
6/4/2019 18:15,30,NO CONTROLS,NO CONTROLS,CLEAR,DAYLIGHT,FIXED OBJECT,NOT DIVIDED,STRAIGHT AND LEVEL,DRY,NO DEFECTS,ON SCENE,INJURY AND / OR TOW DUE TO CRASH,,"OVER $1,500",DISTRACTION - FROM INSIDE VEHICLE,NOT APPLICABLE,11559,S,STONY ISLAND AVE,434,1,NO INDICATION OF INJURY,0,0,0,0,0,1,0,18,3,6,41.68472404,-87.57629507
6/11/2019 19:59,30,STOP SIGN/FLASHER,FUNCTIONING PROPERLY,CLEAR,DUSK,TURNING,T-INTERSECTION,STRAIGHT AND LEVEL,DRY,NO DEFECTS,ON SCENE,INJURY AND / OR TOW DUE TO CRASH,Y,"OVER $1,500",DISREGARDING STOP SIGN,PHYSICAL CONDITION OF DRIVER,8500,S,WALLACE ST,622,2,INCAPACITATING INJURY,7,0,2,5,0,0,0,19,3,6,41.73952924,-87.63899519
6/1/2019 3:51,30,TRAFFIC SIGNAL,FUNCTIONING PROPERLY,CLEAR,"DARKNESS, LIGHTED ROAD",ANGLE,FOUR WAY,STRAIGHT AND LEVEL,DRY,NO DEFECTS,ON SCENE,INJURY AND / OR TOW DUE TO CRASH,,"OVER $1,500",FAILING TO REDUCE SPEED TO AVOID CRASH,DISREGARDING TRAFFIC SIGNALS,3600,N,DAMEN AVE,1921,2,NO INDICATION OF INJURY,0,0,0,0,0,2,0,3,7,6,41.9469085,-87.67870055
6/10/2019 22:18,25,TRAFFIC SIGNAL,FUNCTIONING PROPERLY,CLEAR,"DARKNESS, LIGHTED ROAD",TURNING,CENTER TURN LANE,STRAIGHT AND LEVEL,DRY,NO DEFECTS,ON SCENE,NO INJURY / DRIVE AWAY,,"OVER $1,500",FAILING TO YIELD RIGHT-OF-WAY,FAILING TO YIELD RIGHT-OF-WAY,4801,W,LEXINGTON ST,1533,2,NO INDICATION OF INJURY,0,0,0,0,0,2,0,22,2,6,41.87107048,-87.74497391
6/11/2019 15:30,30,STOP SIGN/FLASHER,NO CONTROLS,CLEAR,DAYLIGHT,TURNING,NOT DIVIDED,STRAIGHT AND LEVEL,DRY,NO DEFECTS,NOT ON SCENE (DESK REPORT),NO INJURY / DRIVE AWAY,,"OVER $1,500",FOLLOWING TOO CLOSELY,UNABLE TO DETERMINE,4801,W,POLK ST,1533,2,NO INDICATION OF INJURY,0,0,0,0,0,3,0,15,3,6,41.87015784,-87.74500211
6/13/2019 15:52,30,NO CONTROLS,NO CONTROLS,CLEAR,DAYLIGHT,SIDESWIPE SAME DIRECTION,NOT DIVIDED,STRAIGHT AND LEVEL,DRY,NO DEFECTS,,NO INJURY / DRIVE AWAY,,"OVER $1,500",NOT APPLICABLE,NOT APPLICABLE,5400,N,PULASKI RD,1712,3,NO INDICATION OF INJURY,0,0,0,0,0,3,0,15,5,6,41.97925027,-87.72848266
6/9/2019 15:10,30,TRAFFIC SIGNAL,FUNCTIONING PROPERLY,CLEAR,DAYLIGHT,REAR END,OTHER,STRAIGHT AND LEVEL,DRY,NO DEFECTS,NOT ON SCENE (DESK REPORT),NO INJURY / DRIVE AWAY,,"OVER $1,500",FOLLOWING TOO CLOSELY,NOT APPLICABLE,7926,W,ADDISON ST,1631,2,NO INDICATION OF INJURY,0,0,0,0,0,3,0,15,1,6,41.9451689,-87.82545248
6/7/2019 9:00,35,NO CONTROLS,NO CONTROLS,CLEAR,DAYLIGHT,SIDESWIPE SAME DIRECTION,CENTER TURN LANE,STRAIGHT AND LEVEL,DRY,UNKNOWN,NOT ON SCENE (DESK REPORT),NO INJURY / DRIVE AWAY,,"$501 - $1,500",FAILING TO YIELD RIGHT-OF-WAY,NOT APPLICABLE,1947,E,95TH ST,431,2,NO INDICATION OF INJURY,0,0,0,0,0,2,0,9,6,6,41.72235159,-87.57596048
6/5/2019 8:00,30,TRAFFIC SIGNAL,FUNCTIONING PROPERLY,CLEAR,DAYLIGHT,SIDESWIPE SAME DIRECTION,NOT DIVIDED,STRAIGHT AND LEVEL,DRY,NO DEFECTS,NOT ON SCENE (DESK REPORT),NO INJURY / DRIVE AWAY,,"OVER $1,500",UNABLE TO DETERMINE,UNABLE TO DETERMINE,688,W,DIVERSEY PKWY,1934,2,NO INDICATION OF INJURY,0,0,0,0,0,2,0,8,4,6,41.93287641,-87.64662912
6/10/2019 18:48,30,STOP SIGN/FLASHER,FUNCTIONING PROPERLY,CLEAR,DAYLIGHT,PEDESTRIAN,NOT DIVIDED,STRAIGHT AND LEVEL,DRY,NO DEFECTS,ON SCENE,INJURY AND / OR TOW DUE TO CRASH,,"OVER $1,500",UNABLE TO DETERMINE,UNABLE TO DETERMINE,3928,W,71ST ST,833,2,NONINCAPACITATING INJURY,1,0,0,1,0,1,0,18,2,6,41.76422284,-87.72111097
6/9/2019 4:00,30,NO CONTROLS,NO CONTROLS,CLEAR,"DARKNESS, LIGHTED ROAD",PARKED MOTOR VEHICLE,ONE-WAY,STRAIGHT AND LEVEL,DRY,NO DEFECTS,ON SCENE,NO INJURY / DRIVE AWAY,,"OVER $1,500",FOLLOWING TOO CLOSELY,NOT APPLICABLE,5526,W,VAN BUREN ST,1522,2,NO INDICATION OF INJURY,0,0,0,0,0,1,0,4,1,6,41.87486326,-87.76273671
6/4/2019 21:37,30,TRAFFIC SIGNAL,FUNCTIONING PROPERLY,CLEAR,"DARKNESS, LIGHTED ROAD",REAR END,NOT DIVIDED,STRAIGHT AND LEVEL,DRY,NO DEFECTS,ON SCENE,INJURY AND / OR TOW DUE TO CRASH,Y,"OVER $1,500",FAILING TO REDUCE SPEED TO AVOID CRASH,FOLLOWING TOO CLOSELY,3400,N,ELSTON AVE,1733,2,NO INDICATION OF INJURY,0,0,0,0,0,3,0,21,3,6,41.94270949,-87.70336155
6/11/2019 14:49,25,NO CONTROLS,NO CONTROLS,CLEAR,DAYLIGHT,PARKED MOTOR VEHICLE,ONE-WAY,STRAIGHT AND LEVEL,DRY,NO DEFECTS,ON SCENE,INJURY AND / OR TOW DUE TO CRASH,,"OVER $1,500",UNABLE TO DETERMINE,NOT APPLICABLE,4207,W,HIRSCH ST,2534,2,NO INDICATION OF INJURY,0,0,0,0,0,1,0,14,3,6,41.90610478,-87.73160685
6/1/2019 14:15,5,NO CONTROLS,NO CONTROLS,CLEAR,DAYLIGHT,PARKED MOTOR VEHICLE,PARKING LOT,STRAIGHT AND LEVEL,DRY,NO DEFECTS,ON SCENE,NO INJURY / DRIVE AWAY,,"OVER $1,500",UNABLE TO DETERMINE,NOT APPLICABLE,4070,S,PULASKI RD,815,2,NO INDICATION OF INJURY,0,0,0,0,0,1,0,14,7,6,41.81862614,-87.72410506
6/12/2019 17:40,30,NO CONTROLS,NO CONTROLS,CLEAR,DAYLIGHT,SIDESWIPE SAME DIRECTION,ONE-WAY,STRAIGHT AND LEVEL,DRY,NO DEFECTS,NOT ON SCENE (DESK REPORT),NO INJURY / DRIVE AWAY,,"$501 - $1,500",UNABLE TO DETERMINE,UNABLE TO DETERMINE,150,N,WELLS ST,122,2,NO INDICATION OF INJURY,0,0,0,0,0,2,0,17,4,6,41.88449841,-87.63404285
6/15/2019 10:05,15,NO CONTROLS,NO CONTROLS,CLEAR,DAYLIGHT,REAR TO FRONT,PARKING LOT,STRAIGHT AND LEVEL,DRY,NO DEFECTS,ON SCENE,NO INJURY / DRIVE AWAY,,"OVER $1,500",IMPROPER BACKING,FAILING TO REDUCE SPEED TO AVOID CRASH,3857,W,111TH ST,2211,2,NO INDICATION OF INJURY,0,0,0,0,0,2,0,10,7,6,41.69119388,-87.71773863
6/2/2019 8:47,30,TRAFFIC SIGNAL,FUNCTIONING PROPERLY,CLEAR,DAYLIGHT,ANGLE,NOT DIVIDED,STRAIGHT AND LEVEL,DRY,NO DEFECTS,ON SCENE,INJURY AND / OR TOW DUE TO CRASH,Y,"OVER $1,500",FAILING TO YIELD RIGHT-OF-WAY,NOT APPLICABLE,1600,E,83RD ST,411,2,"REPORTED, NOT EVIDENT",1,0,0,0,1,2,0,8,1,6,41.74431588,-87.58531604
6/15/2019 16:18,30,NO CONTROLS,NO CONTROLS,RAIN,DAWN,SIDESWIPE SAME DIRECTION,NOT DIVIDED,STRAIGHT AND LEVEL,WET,NO DEFECTS,ON SCENE,NO INJURY / DRIVE AWAY,,"$501 - $1,500",UNABLE TO DETERMINE,NOT APPLICABLE,4799,N,MARINE DR,1914,2,NO INDICATION OF INJURY,0,0,0,0,0,2,0,16,7,6,41.96915143,-87.64947875
6/9/2019 14:17,30,NO CONTROLS,NO CONTROLS,CLEAR,DAYLIGHT,SIDESWIPE SAME DIRECTION,NOT DIVIDED,STRAIGHT AND LEVEL,WET,NO DEFECTS,ON SCENE,NO INJURY / DRIVE AWAY,N,"$501 - $1,500",FAILING TO YIELD RIGHT-OF-WAY,NOT APPLICABLE,1250,N,SEDGWICK ST,1821,2,NO INDICATION OF INJURY,0,0,0,0,0,2,0,14,1,6,41.90526742,-87.6385555
6/7/2019 0:30,30,NO CONTROLS,NO CONTROLS,CLEAR,"DARKNESS, LIGHTED ROAD",PARKED MOTOR VEHICLE,NOT DIVIDED,STRAIGHT AND LEVEL,DRY,NO DEFECTS,ON SCENE,NO INJURY / DRIVE AWAY,,"$501 - $1,500",DRIVING SKILLS/KNOWLEDGE/EXPERIENCE,UNABLE TO DETERMINE,245,W,31ST ST,915,2,NO INDICATION OF INJURY,0,0,0,0,0,1,0,0,6,6,41.8381037,-87.6334494
6/15/2019 17:45,30,TRAFFIC SIGNAL,FUNCTIONING PROPERLY,RAIN,DAYLIGHT,REAR END,NOT DIVIDED,STRAIGHT AND LEVEL,WET,NO DEFECTS,NOT ON SCENE (DESK REPORT),INJURY AND / OR TOW DUE TO CRASH,Y,"OVER $1,500",FOLLOWING TOO CLOSELY,NOT APPLICABLE,4346,W,NORTH AVE,2534,3,INCAPACITATING INJURY,1,0,1,0,0,3,0,17,7,6,41.90987685,-87.73549085
6/10/2019 17:04,30,TRAFFIC SIGNAL,FUNCTIONING PROPERLY,CLEAR,DAYLIGHT,SIDESWIPE SAME DIRECTION,ONE-WAY,STRAIGHT AND LEVEL,DRY,NO DEFECTS,ON SCENE,NO INJURY / DRIVE AWAY,,"$501 - $1,500",DRIVING SKILLS/KNOWLEDGE/EXPERIENCE,NOT APPLICABLE,390,S,CLARK ST,122,2,NO INDICATION OF INJURY,0,0,0,0,0,2,0,17,2,6,41.87694515,-87.63089793
6/5/2019 11:33,30,NO CONTROLS,NO CONTROLS,CLEAR,DAYLIGHT,PARKED MOTOR VEHICLE,NOT DIVIDED,STRAIGHT AND LEVEL,DRY,NO DEFECTS,NOT ON SCENE (DESK REPORT),NO INJURY / DRIVE AWAY,,"OVER $1,500",UNABLE TO DETERMINE,NOT APPLICABLE,1220,W,69TH ST,724,2,NO INDICATION OF INJURY,0,0,0,0,0,1,0,11,4,6,41.76878906,-87.65511556
6/14/2019 8:15,30,TRAFFIC SIGNAL,FUNCTIONING PROPERLY,CLEAR,DAYLIGHT,SIDESWIPE OPPOSITE DIRECTION,FOUR WAY,STRAIGHT AND LEVEL,DRY,NO DEFECTS,NOT ON SCENE (DESK REPORT),NO INJURY / DRIVE AWAY,Y,$500 OR LESS,UNABLE TO DETERMINE,UNABLE TO DETERMINE,300,N,MICHIGAN AVE,111,2,NO INDICATION OF INJURY,0,0,0,0,0,3,0,8,6,6,41.8868758,-87.62468519
6/4/2019 14:21,25,TRAFFIC SIGNAL,FUNCTIONING PROPERLY,RAIN,DAYLIGHT,TURNING,DIVIDED - W/MEDIAN (NOT RAISED),STRAIGHT AND LEVEL,WET,NO DEFECTS,ON SCENE,INJURY AND / OR TOW DUE TO CRASH,Y,$500 OR LESS,WEATHER,EQUIPMENT - VEHICLE CONDITION,6798,N,RIDGE BLVD,2412,2,"REPORTED, NOT EVIDENT",1,0,0,0,1,1,0,14,3,6,42.00511511,-87.68028427
6/2/2019 9:00,30,TRAFFIC SIGNAL,FUNCTIONING PROPERLY,CLEAR,DAYLIGHT,PARKED MOTOR VEHICLE,ONE-WAY,STRAIGHT AND LEVEL,DRY,NO DEFECTS,NOT ON SCENE (DESK REPORT),NO INJURY / DRIVE AWAY,,"$501 - $1,500","OPERATING VEHICLE IN ERRATIC, RECKLESS, CARELESS, NEGLIGENT OR AGGRESSIVE MANNER","OPERATING VEHICLE IN ERRATIC, RECKLESS, CARELESS, NEGLIGENT OR AGGRESSIVE MANNER",3550,S,PRAIRIE AVE,212,2,NO INDICATION OF INJURY,0,0,0,0,0,1,0,9,1,6,41.8296688,-87.62066668
6/11/2019 11:30,30,TRAFFIC SIGNAL,UNKNOWN,CLEAR,DAYLIGHT,TURNING,OTHER,STRAIGHT AND LEVEL,DRY,NO DEFECTS,NOT ON SCENE (DESK REPORT),NO INJURY / DRIVE AWAY,,"OVER $1,500",IMPROPER OVERTAKING/PASSING,NOT APPLICABLE,199,E,ERIE ST,1834,2,NO INDICATION OF INJURY,0,0,0,0,0,2,0,11,3,6,41.89404859,-87.62281324
6/13/2019 19:05,35,NO CONTROLS,NO CONTROLS,CLEAR,DAYLIGHT,TURNING,DIVIDED - W/MEDIAN (NOT RAISED),STRAIGHT AND LEVEL,DRY,NO DEFECTS,ON SCENE,NO INJURY / DRIVE AWAY,Y,"OVER $1,500",FAILING TO REDUCE SPEED TO AVOID CRASH,NOT APPLICABLE,3200,S,PULASKI RD,1031,2,NO INDICATION OF INJURY,0,0,0,0,0,2,0,19,5,6,41.83497306,-87.72445478
6/12/2019 14:14,30,NO CONTROLS,NO CONTROLS,CLEAR,DAYLIGHT,REAR END,NOT DIVIDED,STRAIGHT AND LEVEL,WET,NO DEFECTS,ON SCENE,NO INJURY / DRIVE AWAY,,"OVER $1,500",FOLLOWING TOO CLOSELY,UNABLE TO DETERMINE,5401,N,ELSTON AVE,1621,2,NO INDICATION OF INJURY,0,0,0,0,0,2,0,14,4,6,41.97959355,-87.75858927
6/1/2019 4:30,30,NO CONTROLS,NO CONTROLS,RAIN,DUSK,FIXED OBJECT,ALLEY,STRAIGHT AND LEVEL,"SAND, MUD, DIRT","RUT, HOLES",ON SCENE,INJURY AND / OR TOW DUE TO CRASH,,$500 OR LESS,UNABLE TO DETERMINE,UNABLE TO DETERMINE,11652,S,CHURCH ST,2212,1,NO INDICATION OF INJURY,0,0,0,0,0,1,0,4,7,6,41.6816899,-87.67091699
6/12/2019 19:40,30,UNKNOWN,UNKNOWN,UNKNOWN,UNKNOWN,SIDESWIPE SAME DIRECTION,PARKING LOT,STRAIGHT AND LEVEL,UNKNOWN,UNKNOWN,NOT ON SCENE (DESK REPORT),NO INJURY / DRIVE AWAY,,"OVER $1,500",UNABLE TO DETERMINE,NOT APPLICABLE,232,W,87TH ST,622,2,NO INDICATION OF INJURY,0,0,0,0,0,2,0,19,4,6,41.73615497,-87.62984512
6/8/2019 17:30,20,NO CONTROLS,NO CONTROLS,CLEAR,DAYLIGHT,PARKED MOTOR VEHICLE,ONE-WAY,STRAIGHT AND LEVEL,DRY,NO DEFECTS,NOT ON SCENE (DESK REPORT),NO INJURY / DRIVE AWAY,,"OVER $1,500",UNABLE TO DETERMINE,NOT APPLICABLE,2327,N,HAMLIN AVE,2525,2,NO INDICATION OF INJURY,0,0,0,0,0,1,0,17,7,6,41.92354536,-87.72170592
6/2/2019 2:20,40,NO CONTROLS,NO CONTROLS,CLEAR,"DARKNESS, LIGHTED ROAD",HEAD ON,DIVIDED - W/MEDIAN (NOT RAISED),STRAIGHT AND LEVEL,DRY,NO DEFECTS,ON SCENE,INJURY AND / OR TOW DUE TO CRASH,,"OVER $1,500",DRIVING SKILLS/KNOWLEDGE/EXPERIENCE,DRIVING SKILLS/KNOWLEDGE/EXPERIENCE,5699,N,LAKE SHORE DR NB,2022,2,NO INDICATION OF INJURY,0,0,0,0,0,2,0,2,1,6,41.98555677,-87.65336148
6/11/2019 12:50,35,NO CONTROLS,NO CONTROLS,CLEAR,DAYLIGHT,FIXED OBJECT,NOT DIVIDED,STRAIGHT AND LEVEL,DRY,"RUT, HOLES",ON SCENE,NO INJURY / DRIVE AWAY,,"$501 - $1,500",ROAD ENGINEERING/SURFACE/MARKING DEFECTS,DRIVING SKILLS/KNOWLEDGE/EXPERIENCE,2401,W,HOWARD ST,2411,1,NO INDICATION OF INJURY,0,0,0,0,0,1,0,12,3,6,42.01941677,-87.6902932
6/13/2019 12:30,30,NO CONTROLS,NO CONTROLS,CLEAR,DAYLIGHT,SIDESWIPE SAME DIRECTION,NOT DIVIDED,STRAIGHT AND LEVEL,DRY,NO DEFECTS,NOT ON SCENE (DESK REPORT),NO INJURY / DRIVE AWAY,,"$501 - $1,500",NOT APPLICABLE,NOT APPLICABLE,5900,S,WESTERN AVE,824,2,NO INDICATION OF INJURY,0,0,0,0,0,2,0,12,5,6,41.78643718,-87.68397525
6/5/2019 14:00,30,NO CONTROLS,NO CONTROLS,CLEAR,DAYLIGHT,PARKED MOTOR VEHICLE,ONE-WAY,STRAIGHT AND LEVEL,DRY,UNKNOWN,NOT ON SCENE (DESK REPORT),NO INJURY / DRIVE AWAY,,"OVER $1,500",UNABLE TO DETERMINE,UNABLE TO DETERMINE,6455,N,WASHTENAW AVE,2412,2,NO INDICATION OF INJURY,0,0,0,0,0,1,0,14,4,6,41.99922553,-87.69710245
6/7/2019 19:00,30,STOP SIGN/FLASHER,NO CONTROLS,CLEAR,DAYLIGHT,PEDESTRIAN,DIVIDED - W/MEDIAN BARRIER,STRAIGHT AND LEVEL,DRY,NO DEFECTS,ON SCENE,INJURY AND / OR TOW DUE TO CRASH,Y,"OVER $1,500",UNABLE TO DETERMINE,UNABLE TO DETERMINE,7500,S,EXCHANGE AVE,421,2,INCAPACITATING INJURY,1,0,1,0,0,1,0,19,6,6,41.75899276,-87.56037781
6/12/2019 15:16,30,NO CONTROLS,NO CONTROLS,RAIN,DAYLIGHT,REAR END,DIVIDED - W/MEDIAN (NOT RAISED),STRAIGHT AND LEVEL,WET,NO DEFECTS,ON SCENE,INJURY AND / OR TOW DUE TO CRASH,Y,"OVER $1,500",FOLLOWING TOO CLOSELY,UNABLE TO DETERMINE,7751,W,IRVING PARK RD,1631,2,NO INDICATION OF INJURY,0,0,0,0,0,2,0,15,4,6,41.95231516,-87.82156887
6/12/2019 12:27,30,NO CONTROLS,NO CONTROLS,RAIN,DAYLIGHT,REAR END,NOT DIVIDED,STRAIGHT AND LEVEL,WET,NO DEFECTS,ON SCENE,INJURY AND / OR TOW DUE TO CRASH,,"OVER $1,500",UNABLE TO DETERMINE,UNABLE TO DETERMINE,3358,S,WESTERN AVE,911,2,NONINCAPACITATING INJURY,1,0,0,1,0,3,0,12,4,6,41.83213884,-87.68522314
6/8/2019 3:45,35,NO CONTROLS,NO CONTROLS,CLEAR,"DARKNESS, LIGHTED ROAD",REAR TO SIDE,ALLEY,STRAIGHT AND LEVEL,DRY,NO DEFECTS,ON SCENE,NO INJURY / DRIVE AWAY,,"OVER $1,500",UNABLE TO DETERMINE,UNABLE TO DETERMINE,5959,W,RICE ST,1511,2,NO INDICATION OF INJURY,0,0,0,0,0,2,0,3,7,6,41.89551694,-87.77463921
6/7/2019 14:56,30,NO CONTROLS,NO CONTROLS,CLEAR,DAYLIGHT,SIDESWIPE SAME DIRECTION,ONE-WAY,STRAIGHT AND LEVEL,DRY,NO DEFECTS,ON SCENE,NO INJURY / DRIVE AWAY,,"$501 - $1,500",FAILING TO YIELD RIGHT-OF-WAY,NOT APPLICABLE,6044,S,KEELER AVE,813,2,NO INDICATION OF INJURY,0,0,0,0,0,4,0,14,6,6,41.78272712,-87.72790754
6/14/2019 21:28,35,TRAFFIC SIGNAL,FUNCTIONING IMPROPERLY,RAIN,"DARKNESS, LIGHTED ROAD",PEDALCYCLIST,DIVIDED - W/MEDIAN (NOT RAISED),STRAIGHT AND LEVEL,WET,UNKNOWN,ON SCENE,INJURY AND / OR TOW DUE TO CRASH,Y,$500 OR LESS,FAILING TO YIELD RIGHT-OF-WAY,NOT APPLICABLE,399,E,99TH PL,511,2,NONINCAPACITATING INJURY,1,0,0,1,0,1,0,21,6,6,41.7139552,-87.6140179
6/13/2019 10:31,30,TRAFFIC SIGNAL,UNKNOWN,UNKNOWN,DAYLIGHT,FIXED OBJECT,ONE-WAY,STRAIGHT AND LEVEL,UNKNOWN,NO DEFECTS,ON SCENE,NO INJURY / DRIVE AWAY,,"OVER $1,500",UNABLE TO DETERMINE,NOT APPLICABLE,20,E,LAKE ST,111,1,NO INDICATION OF INJURY,0,0,0,0,0,1,0,10,5,6,41.88586191,-87.62721543
6/9/2019 6:30,30,NO CONTROLS,NO CONTROLS,CLEAR,DAWN,REAR END,DIVIDED - W/MEDIAN (NOT RAISED),STRAIGHT AND LEVEL,DRY,NO DEFECTS,NOT ON SCENE (DESK REPORT),INJURY AND / OR TOW DUE TO CRASH,,"OVER $1,500",UNABLE TO DETERMINE,UNABLE TO DETERMINE,531,S,CICERO AVE,1131,2,"REPORTED, NOT EVIDENT",2,0,0,0,2,1,0,6,1,6,41.87319071,-87.74485316
6/8/2019 13:45,30,NO CONTROLS,NO CONTROLS,CLEAR,DAYLIGHT,REAR END,NOT DIVIDED,STRAIGHT AND LEVEL,DRY,NO DEFECTS,NOT ON SCENE (DESK REPORT),NO INJURY / DRIVE AWAY,,"$501 - $1,500",NOT APPLICABLE,NOT APPLICABLE,4300,S,WESTERN AVE,922,2,NO INDICATION OF INJURY,0,0,0,0,0,4,0,13,7,6,41.81560321,-87.68477272
6/6/2019 18:23,30,NO CONTROLS,NO CONTROLS,CLEAR,DAYLIGHT,ANGLE,ONE-WAY,STRAIGHT AND LEVEL,DRY,NO DEFECTS,ON SCENE,INJURY AND / OR TOW DUE TO CRASH,,"OVER $1,500",FAILING TO REDUCE SPEED TO AVOID CRASH,"OPERATING VEHICLE IN ERRATIC, RECKLESS, CARELESS, NEGLIGENT OR AGGRESSIVE MANNER",1607,W,78TH ST,611,3,NONINCAPACITATING INJURY,2,0,0,2,0,1,0,18,5,6,41.75206041,-87.66379136