CRASH_DATE,POSTED_SPEED_LIMIT,TRAFFIC_CONTROL_DEVICE,DEVICE_CONDITION,WEATHER_CONDITION,LIGHTING_CONDITION,FIRST_CRASH_TYPE,TRAFFICWAY_TYPE,ALIGNMENT,ROADWAY_SURFACE_COND,ROAD_DEFECT,REPORT_TYPE,CRASH_TYPE,INTERSECTION_RELATED_I,DAMAGE,PRIM_CONTRIBUTORY_CAUSE,SEC_CONTRIBUTORY_CAUSE,STREET_NO,STREET_DIRECTION,STREET_NAME,BEAT_OF_OCCURRENCE,NUM_UNITS,MOST_SEVERE_INJURY,INJURIES_TOTAL,INJURIES_FATAL,INJURIES_INCAPACITATING,INJURIES_NON_INCAPACITATING,INJURIES_REPORTED_NOT_EVIDENT,INJURIES_NO_INDICATION,INJURIES_UNKNOWN,CRASH_HOUR,CRASH_DAY_OF_WEEK,CRASH_MONTH,LATITUDE,LONGITUDE
6/28/2019 12:50,30,TRAFFIC SIGNAL,FUNCTIONING IMPROPERLY,CLEAR,DAYLIGHT,TURNING,FOUR WAY,STRAIGHT AND LEVEL,DRY,NO DEFECTS,NOT ON SCENE (DESK REPORT),NO INJURY / DRIVE AWAY,Y,"OVER $1,500",IMPROPER TURNING/NO SIGNAL,NOT APPLICABLE,9900,S,VINCENNES AVE,2213,2,NO INDICATION OF INJURY,0,0,0,0,0,2,0,12,6,6,41.7139795,-87.65351231
6/24/2019 1:15,30,NO CONTROLS,NO CONTROLS,RAIN,DARKNESS,FIXED OBJECT,DIVIDED - W/MEDIAN BARRIER,STRAIGHT AND LEVEL,WET,NO DEFECTS,NOT ON SCENE (DESK REPORT),NO INJURY / DRIVE AWAY,,"$501 - $1,500",UNABLE TO DETERMINE,UNABLE TO DETERMINE,1251,E,55TH ST,235,1,NO INDICATION OF INJURY,0,0,0,0,0,1,0,1,2,6,41.79497382,-87.59500149
6/27/2019 10:00,30,NO CONTROLS,NO CONTROLS,UNKNOWN,UNKNOWN,PARKED MOTOR VEHICLE,NOT DIVIDED,STRAIGHT AND LEVEL,UNKNOWN,UNKNOWN,NOT ON SCENE (DESK REPORT),NO INJURY / DRIVE AWAY,,"$501 - $1,500",UNABLE TO DETERMINE,UNABLE TO DETERMINE,833,W,15TH PL,1232,2,NO INDICATION OF INJURY,0,0,0,0,0,1,0,10,5,6,41.86089463,-87.64788274
6/21/2019 15:45,30,TRAFFIC SIGNAL,FUNCTIONING PROPERLY,CLEAR,DAYLIGHT,SIDESWIPE SAME DIRECTION,NOT DIVIDED,STRAIGHT AND LEVEL,DRY,UNKNOWN,NOT ON SCENE (DESK REPORT),NO INJURY / DRIVE AWAY,,"OVER $1,500",IMPROPER OVERTAKING/PASSING,UNABLE TO DETERMINE,5600,N,BROADWAY,2013,2,NO INDICATION OF INJURY,0,0,0,0,0,2,0,15,6,6,41.98371191,-87.66021841
6/18/2019 17:30,30,NO CONTROLS,NO CONTROLS,CLEAR,DAYLIGHT,REAR END,NOT DIVIDED,STRAIGHT AND LEVEL,DRY,NO DEFECTS,NOT ON SCENE (DESK REPORT),NO INJURY / DRIVE AWAY,,"OVER $1,500",UNABLE TO DETERMINE,UNABLE TO DETERMINE,5998,S,MICHIGAN AVE,232,2,NO INDICATION OF INJURY,0,0,0,0,0,2,0,17,3,6,41.78567295,-87.62237882
6/22/2019 12:25,20,NO CONTROLS,NO CONTROLS,CLEAR,DAYLIGHT,PARKED MOTOR VEHICLE,NOT DIVIDED,STRAIGHT AND LEVEL,DRY,NO DEFECTS,ON SCENE,NO INJURY / DRIVE AWAY,,"OVER $1,500",DRIVING SKILLS/KNOWLEDGE/EXPERIENCE,"VISION OBSCURED (SIGNS, TREE LIMBS, BUILDINGS, ETC.)",343,W,99TH PL,511,2,NO INDICATION OF INJURY,0,0,0,0,0,1,0,12,7,6,41.71331943,-87.63247323
6/22/2019 2:03,25,TRAFFIC SIGNAL,FUNCTIONING PROPERLY,UNKNOWN,UNKNOWN,REAR END,NOT DIVIDED,STRAIGHT AND LEVEL,UNKNOWN,UNKNOWN,NOT ON SCENE (DESK REPORT),NO INJURY / DRIVE AWAY,,"OVER $1,500",FAILING TO REDUCE SPEED TO AVOID CRASH,NOT APPLICABLE,3001,W,DEVON AVE,2413,2,NO INDICATION OF INJURY,0,0,0,0,0,2,0,2,7,6,41.99736501,-87.70457217
6/24/2019 10:30,30,NO CONTROLS,NO CONTROLS,CLEAR,DAYLIGHT,PARKED MOTOR VEHICLE,NOT DIVIDED,STRAIGHT AND LEVEL,WET,NO DEFECTS,ON SCENE,NO INJURY / DRIVE AWAY,,"OVER $1,500",UNABLE TO DETERMINE,UNABLE TO DETERMINE,2711,N,PAULINA ST,1931,2,NO INDICATION OF INJURY,0,0,0,0,0,1,0,10,2,6,41.93074657,-87.67062694
6/20/2019 14:30,30,TRAFFIC SIGNAL,FUNCTIONING PROPERLY,CLEAR,DAYLIGHT,SIDESWIPE SAME DIRECTION,NOT DIVIDED,STRAIGHT AND LEVEL,DRY,NO DEFECTS,ON SCENE,NO INJURY / DRIVE AWAY,,"OVER $1,500",UNABLE TO DETERMINE,NOT APPLICABLE,11100,S,COTTAGE GROVE AVE,531,2,NO INDICATION OF INJURY,0,0,0,0,0,2,0,14,5,6,41.69274215,-87.61001554
6/30/2019 12:20,30,NO CONTROLS,NO CONTROLS,CLEAR,DAYLIGHT,SIDESWIPE SAME DIRECTION,DIVIDED - W/MEDIAN (NOT RAISED),STRAIGHT AND LEVEL,DRY,NO DEFECTS,ON SCENE,INJURY AND / OR TOW DUE TO CRASH,,"OVER $1,500",IMPROPER LANE USAGE,NOT APPLICABLE,7450,S,JEFFERY BLVD,333,2,NONINCAPACITATING INJURY,2,0,0,2,0,0,0,12,1,6,41.75916167,-87.57629462
6/19/2019 21:50,35,NO CONTROLS,NO CONTROLS,RAIN,"DARKNESS, LIGHTED ROAD",FIXED OBJECT,OTHER,STRAIGHT ON GRADE,WET,NO DEFECTS,ON SCENE,INJURY AND / OR TOW DUE TO CRASH,,"OVER $1,500","OPERATING VEHICLE IN ERRATIC, RECKLESS, CARELESS, NEGLIGENT OR AGGRESSIVE MANNER",NOT APPLICABLE,2758,W,CONGRESS PKWY,1135,1,NO INDICATION OF INJURY,0,0,0,0,0,1,0,21,4,6,41.87500631,-87.69608924
6/16/2019 1:50,30,NO CONTROLS,NO CONTROLS,FOG/SMOKE/HAZE,"DARKNESS, LIGHTED ROAD",PEDESTRIAN,NOT DIVIDED,STRAIGHT AND LEVEL,WET,NO DEFECTS,ON SCENE,INJURY AND / OR TOW DUE TO CRASH,N,$500 OR LESS,UNABLE TO DETERMINE,NOT APPLICABLE,936,N,WESTERN AVE,1212,2,"REPORTED, NOT EVIDENT",1,0,0,0,1,1,0,1,1,6,41.89863908,-87.68706449
6/22/2019 1:42,30,NO CONTROLS,NO CONTROLS,CLEAR,"DARKNESS, LIGHTED ROAD",REAR END,NOT DIVIDED,STRAIGHT AND LEVEL,DRY,NO DEFECTS,ON SCENE,INJURY AND / OR TOW DUE TO CRASH,,"OVER $1,500",FOLLOWING TOO CLOSELY,UNABLE TO DETERMINE,1338,S,HALSTED ST,1232,2,"REPORTED, NOT EVIDENT",1,0,0,0,1,1,0,1,7,6,41.86440791,-87.6469852
6/30/2019 16:52,30,NO CONTROLS,NO CONTROLS,RAIN,DAYLIGHT,TURNING,NOT DIVIDED,STRAIGHT AND LEVEL,WET,NO DEFECTS,ON SCENE,INJURY AND / OR TOW DUE TO CRASH,,"OVER $1,500",IMPROPER TURNING/NO SIGNAL,NOT APPLICABLE,1199,W,79TH ST,612,2,"REPORTED, NOT EVIDENT",1,0,0,0,1,1,0,16,1,6,41.75038805,-87.65367506
6/25/2019 15:00,25,NO CONTROLS,NO CONTROLS,CLEAR,DAYLIGHT,REAR END,NOT DIVIDED,STRAIGHT AND LEVEL,DRY,NO DEFECTS,NOT ON SCENE (DESK REPORT),NO INJURY / DRIVE AWAY,,"$501 - $1,500",NOT APPLICABLE,NOT APPLICABLE,336,S,HOMAN AVE,1133,2,NO INDICATION OF INJURY,0,0,0,0,0,2,0,15,3,6,41.87614849,-87.71099342
6/30/2019 13:55,30,NO CONTROLS,NO CONTROLS,CLEAR,DAYLIGHT,TURNING,DIVIDED - W/MEDIAN (NOT RAISED),STRAIGHT AND LEVEL,DRY,NO DEFECTS,NOT ON SCENE (DESK REPORT),NO INJURY / DRIVE AWAY,,"OVER $1,500",UNABLE TO DETERMINE,NOT APPLICABLE,1600,W,FULLERTON AVE,1931,2,NO INDICATION OF INJURY,0,0,0,0,0,2,0,13,1,6,41.92526057,-87.66820647
6/27/2019 20:58,30,NO CONTROLS,NO CONTROLS,CLEAR,DUSK,PARKED MOTOR VEHICLE,ONE-WAY,STRAIGHT AND LEVEL,DRY,NO DEFECTS,ON SCENE,NO INJURY / DRIVE AWAY,,"OVER $1,500",UNABLE TO DETERMINE,UNABLE TO DETERMINE,6000,S,INDIANA AVE,311,2,NO INDICATION OF INJURY,0,0,0,0,0,1,0,20,5,6,41.78552296,-87.62075779
6/28/2019 17:00,30,UNKNOWN,UNKNOWN,CLEAR,DAYLIGHT,PARKED MOTOR VEHICLE,ONE-WAY,STRAIGHT AND LEVEL,DRY,NO DEFECTS,NOT ON SCENE (DESK REPORT),NO INJURY / DRIVE AWAY,,"OVER $1,500",DISTRACTION - FROM INSIDE VEHICLE,NOT APPLICABLE,3929,W,DAKIN ST,1732,2,NO INDICATION OF INJURY,0,0,0,0,0,2,0,17,6,6,41.95263211,-87.72622297
6/28/2019 12:25,30,STOP SIGN/FLASHER,FUNCTIONING PROPERLY,RAIN,DAYLIGHT,REAR END,NOT DIVIDED,STRAIGHT AND LEVEL,WET,UNKNOWN,ON SCENE,NO INJURY / DRIVE AWAY,,"$501 - $1,500",FOLLOWING TOO CLOSELY,NOT APPLICABLE,540,W,GRAND AVE,1214,2,NO INDICATION OF INJURY,0,0,0,0,0,2,0,12,6,6,41.89143779,-87.64212298
6/17/2019 19:30,25,TRAFFIC SIGNAL,FUNCTIONING PROPERLY,CLEAR,DAYLIGHT,REAR END,FOUR WAY,STRAIGHT AND LEVEL,DRY,NO DEFECTS,ON SCENE,NO INJURY / DRIVE AWAY,Y,$500 OR LESS,FOLLOWING TOO CLOSELY,UNABLE TO DETERMINE,5200,N,ASHLAND AVE,2012,2,NO INDICATION OF INJURY,0,0,0,0,0,2,0,19,2,6,41.97621644,-87.6697616
6/17/2019 23:45,30,STOP SIGN/FLASHER,FUNCTIONING PROPERLY,CLEAR,"DARKNESS, LIGHTED ROAD",REAR END,ONE-WAY,STRAIGHT AND LEVEL,DRY,NO DEFECTS,NOT ON SCENE (DESK REPORT),INJURY AND / OR TOW DUE TO CRASH,Y,"OVER $1,500",UNABLE TO DETERMINE,UNABLE TO DETERMINE,758,W,49TH ST,935,2,NO INDICATION OF INJURY,0,0,0,0,0,2,0,23,2,6,41.80532883,-87.64532145
6/27/2019 15:04,30,NO CONTROLS,NO CONTROLS,CLEAR,DAYLIGHT,HEAD ON,DIVIDED - W/MEDIAN (NOT RAISED),STRAIGHT AND LEVEL,DRY,NO DEFECTS,ON SCENE,INJURY AND / OR TOW DUE TO CRASH,,"OVER $1,500",FOLLOWING TOO CLOSELY,NOT APPLICABLE,7206,S,KEDZIE AVE,831,2,NONINCAPACITATING INJURY,6,0,0,6,0,0,0,15,5,6,41.76229587,-87.70290002
6/18/2019 19:00,30,NO CONTROLS,NO CONTROLS,CLEAR,DAYLIGHT,PARKED MOTOR VEHICLE,ONE-WAY,STRAIGHT AND LEVEL,UNKNOWN,UNKNOWN,NOT ON SCENE (DESK REPORT),NO INJURY / DRIVE AWAY,,"$501 - $1,500",IMPROPER OVERTAKING/PASSING,IMPROPER OVERTAKING/PASSING,2145,N,DAYTON ST,1812,2,NO INDICATION OF INJURY,0,0,0,0,0,1,0,19,3,6,41.92131434,-87.64968716
6/21/2019 9:00,30,NO CONTROLS,NO CONTROLS,CLEAR,DAYLIGHT,TURNING,DIVIDED - W/MEDIAN (NOT RAISED),STRAIGHT AND LEVEL,DRY,NO DEFECTS,NOT ON SCENE (DESK REPORT),NO INJURY / DRIVE AWAY,,"$501 - $1,500",FAILING TO YIELD RIGHT-OF-WAY,NOT APPLICABLE,1811,S,WABASH AVE,131,2,NO INDICATION OF INJURY,0,0,0,0,0,2,0,9,6,6,41.85751844,-87.62545607
6/16/2019 12:25,35,TRAFFIC SIGNAL,FUNCTIONING PROPERLY,CLEAR,DAYLIGHT,TURNING,DIVIDED - W/MEDIAN (NOT RAISED),STRAIGHT AND LEVEL,DRY,NO DEFECTS,ON SCENE,NO INJURY / DRIVE AWAY,N,"OVER $1,500",FAILING TO YIELD RIGHT-OF-WAY,UNABLE TO DETERMINE,1600,W,83RD ST,614,2,NO INDICATION OF INJURY,0,0,0,0,0,3,0,12,1,6,41.74318417,-87.66331939
6/16/2019 15:45,30,NO CONTROLS,NO CONTROLS,CLEAR,DAYLIGHT,REAR END,NOT DIVIDED,STRAIGHT AND LEVEL,DRY,NO DEFECTS,NOT ON SCENE (DESK REPORT),NO INJURY / DRIVE AWAY,,"$501 - $1,500",NOT APPLICABLE,NOT APPLICABLE,5500,S,KEDZIE AVE,822,2,NO INDICATION OF INJURY,0,0,0,0,0,2,0,15,1,6,41.79342024,-87.70369751
6/22/2019 10:00,35,NO CONTROLS,NO CONTROLS,CLEAR,DAYLIGHT,TURNING,NOT DIVIDED,STRAIGHT AND LEVEL,DRY,NO DEFECTS,NOT ON SCENE (DESK REPORT),NO INJURY / DRIVE AWAY,,$500 OR LESS,UNABLE TO DETERMINE,UNABLE TO DETERMINE,905,W,VAN BUREN ST,1232,2,NO INDICATION OF INJURY,0,0,0,0,0,2,0,10,7,6,41.87652398,-87.64976762
6/23/2019 17:15,30,PEDESTRIAN CROSSING SIGN,OTHER,RAIN,DAYLIGHT,SIDESWIPE SAME DIRECTION,DIVIDED - W/MEDIAN (NOT RAISED),STRAIGHT AND LEVEL,WET,NO DEFECTS,NOT ON SCENE (DESK REPORT),NO INJURY / DRIVE AWAY,,"$501 - $1,500",IMPROPER OVERTAKING/PASSING,FAILING TO YIELD RIGHT-OF-WAY,2100,W,BELMONT AVE,1921,2,NO INDICATION OF INJURY,0,0,0,0,0,4,0,17,1,6,41.93965193,-87.68090321
6/19/2019 1:00,30,NO CONTROLS,NO CONTROLS,CLEAR,"DARKNESS, LIGHTED ROAD",PEDESTRIAN,NOT DIVIDED,STRAIGHT AND LEVEL,UNKNOWN,UNKNOWN,ON SCENE,INJURY AND / OR TOW DUE TO CRASH,,"OVER $1,500",UNABLE TO DETERMINE,NOT APPLICABLE,1098,N,LAKE SHORE DR,1824,2,NONINCAPACITATING INJURY,1,0,0,1,0,1,0,1,4,6,41.90241386,-87.62465049
6/26/2019 21:06,30,NO CONTROLS,NO CONTROLS,RAIN,"DARKNESS, LIGHTED ROAD",SIDESWIPE OPPOSITE DIRECTION,OTHER,STRAIGHT AND LEVEL,WET,NO DEFECTS,ON SCENE,NO INJURY / DRIVE AWAY,,"OVER $1,500","OPERATING VEHICLE IN ERRATIC, RECKLESS, CARELESS, NEGLIGENT OR AGGRESSIVE MANNER",UNABLE TO DETERMINE,7448,S,STONY ISLAND AVE,324,2,NO INDICATION OF INJURY,0,0,0,0,0,4,0,21,4,6,41.75912382,-87.58629429
6/27/2019 18:40,30,NO CONTROLS,NO CONTROLS,CLEAR,DAYLIGHT,PARKED MOTOR VEHICLE,DIVIDED - W/MEDIAN BARRIER,STRAIGHT AND LEVEL,DRY,NO DEFECTS,NOT ON SCENE (DESK REPORT),NO INJURY / DRIVE AWAY,,"$501 - $1,500",FAILING TO YIELD RIGHT-OF-WAY,FAILING TO YIELD RIGHT-OF-WAY,2510,W,IRVING PARK RD,1911,2,NO INDICATION OF INJURY,0,0,0,0,0,1,0,18,5,6,41.95411156,-87.69131832
6/24/2019 10:24,30,NO CONTROLS,NO CONTROLS,RAIN,DAYLIGHT,PEDALCYCLIST,NOT DIVIDED,STRAIGHT AND LEVEL,WET,NO DEFECTS,ON SCENE,INJURY AND / OR TOW DUE TO CRASH,,$500 OR LESS,IMPROPER LANE USAGE,UNABLE TO DETERMINE,650,N,WABASH AVE,1834,2,NONINCAPACITATING INJURY,1,0,0,1,0,1,0,10,2,6,41.89405241,-87.6269305
6/27/2019 6:16,30,TRAFFIC SIGNAL,FUNCTIONING PROPERLY,CLEAR,DAYLIGHT,ANGLE,FOUR WAY,STRAIGHT AND LEVEL,DRY,NO DEFECTS,ON SCENE,NO INJURY / DRIVE AWAY,,"OVER $1,500","OPERATING VEHICLE IN ERRATIC, RECKLESS, CARELESS, NEGLIGENT OR AGGRESSIVE MANNER",DISREGARDING TRAFFIC SIGNALS,4500,S,RACINE AVE,924,2,NO INDICATION OF INJURY,0,0,0,0,0,3,0,6,5,6,41.81227698,-87.65538974
6/20/2019 10:24,15,NO CONTROLS,NO CONTROLS,RAIN,DAYLIGHT,FIXED OBJECT,PARKING LOT,STRAIGHT AND LEVEL,WET,NO DEFECTS,ON SCENE,NO INJURY / DRIVE AWAY,,$500 OR LESS,DRIVING SKILLS/KNOWLEDGE/EXPERIENCE,NOT APPLICABLE,4499,S,COTTAGE GROVE AVE,221,1,NO INDICATION OF INJURY,0,0,0,0,0,1,0,10,5,6,41.81326556,-87.60650169
6/29/2019 21:00,30,NO CONTROLS,UNKNOWN,UNKNOWN,DARKNESS,PARKED MOTOR VEHICLE,NOT DIVIDED,STRAIGHT AND LEVEL,UNKNOWN,NO DEFECTS,NOT ON SCENE (DESK REPORT),NO INJURY / DRIVE AWAY,,"OVER $1,500",UNABLE TO DETERMINE,UNABLE TO DETERMINE,1750,W,33RD PL,912,2,NO INDICATION OF INJURY,0,0,0,0,0,1,0,21,7,6,41.83330801,-87.67003933
6/26/2019 15:15,30,STOP SIGN/FLASHER,FUNCTIONING PROPERLY,CLEAR,DAYLIGHT,REAR END,NOT DIVIDED,STRAIGHT AND LEVEL,UNKNOWN,UNKNOWN,NOT ON SCENE (DESK REPORT),INJURY AND / OR TOW DUE TO CRASH,,"$501 - $1,500",FOLLOWING TOO CLOSELY,FOLLOWING TOO CLOSELY,1100,W,WELLINGTON AVE,1933,2,"REPORTED, NOT EVIDENT",1,0,0,0,1,1,0,15,4,6,41.93634298,-87.65647645
6/23/2019 17:17,20,NO CONTROLS,NO CONTROLS,RAIN,DAYLIGHT,ANGLE,ONE-WAY,STRAIGHT AND LEVEL,WET,UNKNOWN,NOT ON SCENE (DESK REPORT),NO INJURY / DRIVE AWAY,,"OVER $1,500",UNABLE TO DETERMINE,UNABLE TO DETERMINE,3346,N,MARSHFIELD AVE,1922,2,NO INDICATION OF INJURY,0,0,0,0,0,3,0,17,1,6,41.94283825,-87.67011495
6/28/2019 17:00,30,TRAFFIC SIGNAL,FUNCTIONING PROPERLY,CLEAR,DAYLIGHT,REAR END,DIVIDED - W/MEDIAN (NOT RAISED),STRAIGHT AND LEVEL,DRY,NO DEFECTS,NOT ON SCENE (DESK REPORT),NO INJURY / DRIVE AWAY,Y,$500 OR LESS,FOLLOWING TOO CLOSELY,NOT APPLICABLE,7353,S,CICERO AVE,833,2,NO INDICATION OF INJURY,0,0,0,0,0,2,0,17,6,6,41.75912971,-87.74155365
6/26/2019 17:30,10,NO CONTROLS,NO CONTROLS,CLEAR,DAWN,REAR END,PARKING LOT,STRAIGHT AND LEVEL,DRY,NO DEFECTS,NOT ON SCENE (DESK REPORT),NO INJURY / DRIVE AWAY,,"$501 - $1,500",FOLLOWING TOO CLOSELY,DRIVING SKILLS/KNOWLEDGE/EXPERIENCE,5320,S,PULASKI RD,815,4,NO INDICATION OF INJURY,0,0,0,0,0,4,0,17,4,6,41.79619759,-87.72339188
6/23/2019 10:45,30,NO CONTROLS,NO CONTROLS,CLEAR,DAYLIGHT,PARKED MOTOR VEHICLE,ONE-WAY,STRAIGHT AND LEVEL,DRY,NO DEFECTS,ON SCENE,NO INJURY / DRIVE AWAY,,"OVER $1,500",UNABLE TO DETERMINE,UNABLE TO DETERMINE,2601,S,KOMENSKY AVE,1031,3,NO INDICATION OF INJURY,0,0,0,0,0,4,0,10,1,6,41.84414604,-87.72561434
6/24/2019 18:40,30,TRAFFIC SIGNAL,FUNCTIONING PROPERLY,CLEAR,DAYLIGHT,REAR END,NOT DIVIDED,STRAIGHT AND LEVEL,DRY,NO DEFECTS,NOT ON SCENE (DESK REPORT),NO INJURY / DRIVE AWAY,,"OVER $1,500",UNABLE TO DETERMINE,UNABLE TO DETERMINE,2000,N,LARRABEE ST,1812,2,NO INDICATION OF INJURY,0,0,0,0,0,2,0,18,2,6,41.91834138,-87.643817
6/22/2019 22:03,25,NO CONTROLS,NO CONTROLS,CLEAR,"DARKNESS, LIGHTED ROAD",PARKED MOTOR VEHICLE,ONE-WAY,STRAIGHT AND LEVEL,DRY,NO DEFECTS,ON SCENE,NO INJURY / DRIVE AWAY,,"$501 - $1,500",UNABLE TO DETERMINE,UNABLE TO DETERMINE,5119,W,HENDERSON ST,1634,2,NO INDICATION OF INJURY,0,0,0,0,0,1,0,22,7,6,41.9413505,-87.75513228
6/30/2019 20:10,20,NO CONTROLS,NO CONTROLS,CLOUDY/OVERCAST,DUSK,PARKED MOTOR VEHICLE,ONE-WAY,STRAIGHT AND LEVEL,DRY,NO DEFECTS,ON SCENE,NO INJURY / DRIVE AWAY,,"OVER $1,500",DRIVING SKILLS/KNOWLEDGE/EXPERIENCE,UNABLE TO DETERMINE,5,W,TERMINAL ST,1655,2,NO INDICATION OF INJURY,0,0,0,0,0,1,0,20,1,6,,
6/30/2019 7:38,30,NO CONTROLS,NO CONTROLS,CLEAR,DAYLIGHT,PARKED MOTOR VEHICLE,DIVIDED - W/MEDIAN (NOT RAISED),STRAIGHT AND LEVEL,DRY,NO DEFECTS,ON SCENE,INJURY AND / OR TOW DUE TO CRASH,,"OVER $1,500",IMPROPER LANE USAGE,PHYSICAL CONDITION OF DRIVER,2041,W,FULLERTON AVE,1432,4,NONINCAPACITATING INJURY,1,0,0,1,0,0,0,7,1,6,41.92489671,-87.67949576
6/22/2019 22:15,30,UNKNOWN,UNKNOWN,CLEAR,"DARKNESS, LIGHTED ROAD",PARKED MOTOR VEHICLE,ONE-WAY,STRAIGHT AND LEVEL,DRY,UNKNOWN,ON SCENE,NO INJURY / DRIVE AWAY,,"OVER $1,500",UNABLE TO DETERMINE,UNABLE TO DETERMINE,6720,S,CORNELL AVE,332,2,NO INDICATION OF INJURY,0,0,0,0,0,1,0,22,7,6,41.7726833,-87.58520829
6/29/2019 16:49,15,NO CONTROLS,NO CONTROLS,CLEAR,DAYLIGHT,REAR TO SIDE,PARKING LOT,STRAIGHT AND LEVEL,DRY,NO DEFECTS,ON SCENE,NO INJURY / DRIVE AWAY,,"OVER $1,500",IMPROPER BACKING,NOT APPLICABLE,3231,E,126TH ST,433,2,NO INDICATION OF INJURY,0,0,0,0,0,2,0,16,7,6,41.66653981,-87.54451029
6/23/2019 1:52,30,TRAFFIC SIGNAL,FUNCTIONING PROPERLY,CLEAR,"DARKNESS, LIGHTED ROAD",ANGLE,DIVIDED - W/MEDIAN BARRIER,STRAIGHT AND LEVEL,DRY,NO DEFECTS,NOT ON SCENE (DESK REPORT),NO INJURY / DRIVE AWAY,Y,"OVER $1,500",DISREGARDING TRAFFIC SIGNALS,UNABLE TO DETERMINE,1203,S,COLUMBUS DR,132,2,NO INDICATION OF INJURY,0,0,0,0,0,2,0,1,1,6,41.86741913,-87.6201909
6/21/2019 20:43,30,TRAFFIC SIGNAL,FUNCTIONING PROPERLY,CLEAR,"DARKNESS, LIGHTED ROAD",TURNING,NOT DIVIDED,STRAIGHT AND LEVEL,DRY,NO DEFECTS,NOT ON SCENE (DESK REPORT),NO INJURY / DRIVE AWAY,Y,"OVER $1,500",UNABLE TO DETERMINE,NOT APPLICABLE,2603,E,95TH ST,431,2,NO INDICATION OF INJURY,0,0,0,0,0,3,0,20,6,6,41.72254,-87.56067914
6/26/2019 7:50,30,NO CONTROLS,NO CONTROLS,CLEAR,DAYLIGHT,TURNING,T-INTERSECTION,STRAIGHT AND LEVEL,DRY,NO DEFECTS,ON SCENE,NO INJURY / DRIVE AWAY,,"OVER $1,500",IMPROPER TURNING/NO SIGNAL,IMPROPER LANE USAGE,4302,S,DREXEL BLVD,221,2,NO INDICATION OF INJURY,0,0,0,0,0,2,0,7,4,6,41.81668823,-87.60467716
6/19/2019 14:00,30,NO CONTROLS,NO CONTROLS,CLEAR,DAYLIGHT,SIDESWIPE SAME DIRECTION,NOT DIVIDED,STRAIGHT AND LEVEL,DRY,NO DEFECTS,NOT ON SCENE (DESK REPORT),NO INJURY / DRIVE AWAY,,"OVER $1,500",IMPROPER OVERTAKING/PASSING,IMPROPER OVERTAKING/PASSING,2750,W,TOUHY AVE,2411,2,NO INDICATION OF INJURY,0,0,0,0,0,2,0,14,4,6,42.01218799,-87.69937653
6/29/2019 23:58,25,TRAFFIC SIGNAL,FUNCTIONING PROPERLY,CLEAR,"DARKNESS, LIGHTED ROAD",REAR END,DIVIDED - W/MEDIAN (NOT RAISED),STRAIGHT AND LEVEL,DRY,NO DEFECTS,NOT ON SCENE (DESK REPORT),NO INJURY / DRIVE AWAY,,"$501 - $1,500",UNABLE TO DETERMINE,NOT APPLICABLE,5901,S,CALIFORNIA AVE,824,2,NO INDICATION OF INJURY,0,0,0,0,0,2,0,23,7,6,41.78631825,-87.69344592
6/24/2019 8:35,30,TRAFFIC SIGNAL,FUNCTIONING PROPERLY,CLEAR,DAYLIGHT,REAR END,DIVIDED - W/MEDIAN (NOT RAISED),STRAIGHT AND LEVEL,DRY,NO DEFECTS,ON SCENE,NO INJURY / DRIVE AWAY,,"$501 - $1,500",FOLLOWING TOO CLOSELY,UNABLE TO DETERMINE,1730,N,WESTERN AVE,1434,2,NO INDICATION OF INJURY,0,0,0,0,0,2,0,8,2,6,41.91304837,-87.68743941
6/20/2019 19:00,30,NO CONTROLS,NO CONTROLS,CLEAR,"DARKNESS, LIGHTED ROAD",ANGLE,OTHER,STRAIGHT AND LEVEL,DRY,NO DEFECTS,NOT ON SCENE (DESK REPORT),NO INJURY / DRIVE AWAY,,"$501 - $1,500",UNABLE TO DETERMINE,UNABLE TO DETERMINE,3954,W,DIVISION ST,2535,2,NO INDICATION OF INJURY,0,0,0,0,0,5,0,19,5,6,41.90278631,-87.72606012
6/23/2019 19:15,30,TRAFFIC SIGNAL,FUNCTIONING PROPERLY,RAIN,DAYLIGHT,REAR END,NOT DIVIDED,STRAIGHT AND LEVEL,WET,NO DEFECTS,ON SCENE,NO INJURY / DRIVE AWAY,,$500 OR LESS,NOT APPLICABLE,NOT APPLICABLE,100,E,ROOSEVELT RD,114,2,NO INDICATION OF INJURY,0,0,0,0,0,2,0,19,1,6,41.86756654,-87.62409418
6/25/2019 15:30,30,NO CONTROLS,NO CONTROLS,CLEAR,DAYLIGHT,SIDESWIPE SAME DIRECTION,NOT DIVIDED,STRAIGHT AND LEVEL,DRY,NO DEFECTS,NOT ON SCENE (DESK REPORT),NO INJURY / DRIVE AWAY,,"OVER $1,500",UNABLE TO DETERMINE,NOT APPLICABLE,140,W,ROOSEVELT RD,123,2,NO INDICATION OF INJURY,0,0,0,0,0,4,0,15,3,6,41.86745662,-87.6320172
6/26/2019 0:45,15,NO CONTROLS,NO CONTROLS,CLEAR,"DARKNESS, LIGHTED ROAD",SIDESWIPE SAME DIRECTION,OTHER,STRAIGHT AND LEVEL,DRY,NO DEFECTS,NOT ON SCENE (DESK REPORT),NO INJURY / DRIVE AWAY,,"OVER $1,500",FOLLOWING TOO CLOSELY,NOT APPLICABLE,720,S,MICHIGAN AVE,123,2,NO INDICATION OF INJURY,0,0,0,0,0,3,0,0,4,6,41.87279887,-87.62433781