CRASH_DATE,POSTED_SPEED_LIMIT,TRAFFIC_CONTROL_DEVICE,DEVICE_CONDITION,WEATHER_CONDITION,LIGHTING_CONDITION,FIRST_CRASH_TYPE,TRAFFICWAY_TYPE,ALIGNMENT,ROADWAY_SURFACE_COND,ROAD_DEFECT,REPORT_TYPE,CRASH_TYPE,INTERSECTION_RELATED_I,DAMAGE,PRIM_CONTRIBUTORY_CAUSE,SEC_CONTRIBUTORY_CAUSE,STREET_NO,STREET_DIRECTION,STREET_NAME,BEAT_OF_OCCURRENCE,NUM_UNITS,MOST_SEVERE_INJURY,INJURIES_TOTAL,INJURIES_FATAL,INJURIES_INCAPACITATING,INJURIES_NON_INCAPACITATING,INJURIES_REPORTED_NOT_EVIDENT,INJURIES_NO_INDICATION,INJURIES_UNKNOWN,CRASH_HOUR,CRASH_DAY_OF_WEEK,CRASH_MONTH,LATITUDE,LONGITUDE
6/25/2019 7:15,30,NO CONTROLS,NO CONTROLS,CLEAR,DAYLIGHT,REAR END,DIVIDED - W/MEDIAN (NOT RAISED),STRAIGHT AND LEVEL,DRY,NO DEFECTS,ON SCENE,INJURY AND / OR TOW DUE TO CRASH,Y,"$501 - $1,500",FOLLOWING TOO CLOSELY,UNABLE TO DETERMINE,1835,W,NORTH AVE,1424,2,"REPORTED, NOT EVIDENT",1,0,0,0,1,1,0,7,3,6,41.91042963,-87.67394168
6/29/2019 21:40,30,UNKNOWN,UNKNOWN,CLEAR,DAYLIGHT,SIDESWIPE SAME DIRECTION,NOT DIVIDED,STRAIGHT AND LEVEL,DRY,UNKNOWN,NOT ON SCENE (DESK REPORT),INJURY AND / OR TOW DUE TO CRASH,,"OVER $1,500",IMPROPER OVERTAKING/PASSING,NOT APPLICABLE,6535,W,IRVING PARK RD,1632,2,NO INDICATION OF INJURY,0,0,0,0,0,4,0,21,7,6,41.95274027,-87.79040418
6/20/2019 17:35,30,NO CONTROLS,FUNCTIONING PROPERLY,CLEAR,DAYLIGHT,TURNING,DIVIDED - W/MEDIAN BARRIER,STRAIGHT AND LEVEL,DRY,NO DEFECTS,ON SCENE,INJURY AND / OR TOW DUE TO CRASH,Y,"OVER $1,500",FAILING TO YIELD RIGHT-OF-WAY,NOT APPLICABLE,2705,N,WESTERN AVE,1432,2,NO INDICATION OF INJURY,0,0,0,0,0,6,0,17,5,6,41.93056356,-87.68770169
6/19/2019 16:35,30,NO CONTROLS,NO CONTROLS,CLEAR,DAYLIGHT,PARKED MOTOR VEHICLE,NOT DIVIDED,STRAIGHT AND LEVEL,DRY,NO DEFECTS,NOT ON SCENE (DESK REPORT),NO INJURY / DRIVE AWAY,,$500 OR LESS,UNABLE TO DETERMINE,NOT APPLICABLE,1535,E,52ND ST,234,2,NO INDICATION OF INJURY,0,0,0,0,0,1,0,16,4,6,41.80091829,-87.5875832
6/27/2019 14:30,30,STOP SIGN/FLASHER,OTHER,CLEAR,DAYLIGHT,ANGLE,NOT DIVIDED,STRAIGHT AND LEVEL,DRY,NO DEFECTS,ON SCENE,INJURY AND / OR TOW DUE TO CRASH,,"OVER $1,500",FAILING TO YIELD RIGHT-OF-WAY,UNABLE TO DETERMINE,6399,N,ORIOLE AVE,1612,2,NO INDICATION OF INJURY,0,0,0,0,0,2,0,14,5,6,41.99694726,-87.81654627
6/25/2019 5:20,30,TRAFFIC SIGNAL,FUNCTIONING PROPERLY,CLEAR,DAYLIGHT,TURNING,FOUR WAY,STRAIGHT AND LEVEL,DRY,NO DEFECTS,NOT ON SCENE (DESK REPORT),NO INJURY / DRIVE AWAY,,"$501 - $1,500",UNABLE TO DETERMINE,NOT APPLICABLE,3500,S,CALIFORNIA AVE,911,2,NO INDICATION OF INJURY,0,0,0,0,0,2,0,5,3,6,41.83002728,-87.69493784
6/23/2019 20:02,45,NO CONTROLS,NO CONTROLS,CLEAR,DAYLIGHT,REAR END,DIVIDED - W/MEDIAN (NOT RAISED),STRAIGHT AND LEVEL,WET,NO DEFECTS,ON SCENE,NO INJURY / DRIVE AWAY,,"$501 - $1,500",FOLLOWING TOO CLOSELY,NOT APPLICABLE,999,N,LAKE SHORE DR SB,1833,2,NO INDICATION OF INJURY,0,0,0,0,0,2,0,20,1,6,41.9009371,-87.61948815
6/17/2019 22:19,30,NO CONTROLS,NO CONTROLS,FOG/SMOKE/HAZE,"DARKNESS, LIGHTED ROAD",SIDESWIPE SAME DIRECTION,DIVIDED - W/MEDIAN BARRIER,STRAIGHT AND LEVEL,DRY,NO DEFECTS,ON SCENE,NO INJURY / DRIVE AWAY,,"OVER $1,500",UNABLE TO DETERMINE,NOT APPLICABLE,386,W,CERMAK RD,914,2,NO INDICATION OF INJURY,0,0,0,0,0,6,0,22,2,6,41.85295562,-87.63687361
6/27/2019 17:00,30,TRAFFIC SIGNAL,FUNCTIONING PROPERLY,CLEAR,DAYLIGHT,SIDESWIPE SAME DIRECTION,DIVIDED - W/MEDIAN (NOT RAISED),STRAIGHT AND LEVEL,DRY,NO DEFECTS,NOT ON SCENE (DESK REPORT),NO INJURY / DRIVE AWAY,Y,"OVER $1,500",DRIVING SKILLS/KNOWLEDGE/EXPERIENCE,NOT APPLICABLE,9201,S,WESTERN AVE,2221,2,NO INDICATION OF INJURY,0,0,0,0,0,4,0,17,5,6,41.72628767,-87.68208531
6/22/2019 19:50,20,NO CONTROLS,UNKNOWN,CLEAR,DAYLIGHT,PARKED MOTOR VEHICLE,ONE-WAY,STRAIGHT AND LEVEL,DRY,NO DEFECTS,ON SCENE,INJURY AND / OR TOW DUE TO CRASH,,"$501 - $1,500",UNABLE TO DETERMINE,UNABLE TO DETERMINE,1657,N,CENTRAL AVE,2532,2,NO INDICATION OF INJURY,0,0,0,0,0,1,0,19,7,6,41.91105788,-87.76541904
6/29/2019 7:20,30,TRAFFIC SIGNAL,FUNCTIONING PROPERLY,CLEAR,DAYLIGHT,ANGLE,DIVIDED - W/MEDIAN (NOT RAISED),STRAIGHT AND LEVEL,DRY,NO DEFECTS,ON SCENE,INJURY AND / OR TOW DUE TO CRASH,Y,"OVER $1,500",NOT APPLICABLE,NOT APPLICABLE,850,S,KOSTNER AVE,1131,2,NO INDICATION OF INJURY,0,0,0,0,0,2,0,7,7,6,41.86980373,-87.73524184
6/30/2019 19:30,30,NO CONTROLS,NO CONTROLS,CLEAR,DAYLIGHT,PARKED MOTOR VEHICLE,NOT DIVIDED,STRAIGHT AND LEVEL,WET,UNKNOWN,,NO INJURY / DRIVE AWAY,,"OVER $1,500",IMPROPER LANE USAGE,UNABLE TO DETERMINE,1019,W,WILSON AVE,1914,2,NO INDICATION OF INJURY,0,0,0,0,0,1,0,19,1,6,41.96531264,-87.65561284
6/18/2019 9:45,30,NO CONTROLS,NO CONTROLS,CLEAR,DAYLIGHT,PARKED MOTOR VEHICLE,NOT DIVIDED,STRAIGHT AND LEVEL,DRY,NO DEFECTS,ON SCENE,NO INJURY / DRIVE AWAY,,$500 OR LESS,IMPROPER OVERTAKING/PASSING,NOT APPLICABLE,5739,N,RAVENSWOOD AVE,2012,2,NO INDICATION OF INJURY,0,0,0,0,0,1,0,9,3,6,41.98623081,-87.67454136
6/24/2019 15:30,30,NO CONTROLS,NO CONTROLS,CLEAR,DAYLIGHT,REAR END,NOT DIVIDED,STRAIGHT AND LEVEL,DRY,NO DEFECTS,NOT ON SCENE (DESK REPORT),INJURY AND / OR TOW DUE TO CRASH,,"OVER $1,500",UNABLE TO DETERMINE,UNABLE TO DETERMINE,2357,W,FULLERTON AVE,1432,2,"REPORTED, NOT EVIDENT",1,0,0,0,1,1,0,15,2,6,41.92479191,-87.6875218
6/26/2019 7:30,20,NO CONTROLS,NO CONTROLS,CLEAR,DAYLIGHT,PARKED MOTOR VEHICLE,UNKNOWN,STRAIGHT AND LEVEL,DRY,NO DEFECTS,NOT ON SCENE (DESK REPORT),NO INJURY / DRIVE AWAY,,"OVER $1,500",IMPROPER OVERTAKING/PASSING,UNABLE TO DETERMINE,4164,S,ELLIS AVE,214,2,NO INDICATION OF INJURY,0,0,0,0,0,1,0,7,4,6,41.81816356,-87.60207962
6/28/2019 14:25,30,NO CONTROLS,NO CONTROLS,CLEAR,DAYLIGHT,SIDESWIPE SAME DIRECTION,NOT DIVIDED,STRAIGHT AND LEVEL,DRY,NO DEFECTS,NOT ON SCENE (DESK REPORT),NO INJURY / DRIVE AWAY,,"$501 - $1,500",DRIVING SKILLS/KNOWLEDGE/EXPERIENCE,UNABLE TO DETERMINE,3400,S,ARCHER AVE,912,2,NO INDICATION OF INJURY,0,0,0,0,0,3,0,14,6,6,41.83223358,-87.67487117
6/25/2019 16:00,30,NO CONTROLS,NO CONTROLS,CLEAR,DAYLIGHT,REAR END,NOT DIVIDED,STRAIGHT AND LEVEL,DRY,NO DEFECTS,NOT ON SCENE (DESK REPORT),NO INJURY / DRIVE AWAY,,"OVER $1,500",FOLLOWING TOO CLOSELY,NOT APPLICABLE,5346,N,CUMBERLAND AVE,1614,2,NO INDICATION OF INJURY,0,0,0,0,0,2,0,16,3,6,41.97689639,-87.83675998
6/22/2019 15:30,30,TRAFFIC SIGNAL,FUNCTIONING PROPERLY,CLEAR,DAYLIGHT,REAR END,NOT DIVIDED,STRAIGHT AND LEVEL,DRY,NO DEFECTS,ON SCENE,INJURY AND / OR TOW DUE TO CRASH,,"OVER $1,500",FOLLOWING TOO CLOSELY,UNDER THE INFLUENCE OF ALCOHOL/DRUGS (USE WHEN ARREST IS EFFECTED),58,S,KOSTNER AVE,1113,2,NO INDICATION OF INJURY,0,0,0,0,0,3,0,15,7,6,41.87969016,-87.73559176
6/24/2019 6:29,30,TRAFFIC SIGNAL,FUNCTIONING PROPERLY,CLOUDY/OVERCAST,DAYLIGHT,SIDESWIPE SAME DIRECTION,NOT DIVIDED,STRAIGHT AND LEVEL,WET,NO DEFECTS,ON SCENE,INJURY AND / OR TOW DUE TO CRASH,N,"OVER $1,500",IMPROPER OVERTAKING/PASSING,IMPROPER LANE USAGE,439,N,HOMAN AVE,1123,2,NO INDICATION OF INJURY,0,0,0,0,0,2,0,6,2,6,41.88948391,-87.71111014
6/16/2019 22:35,30,NO CONTROLS,NO CONTROLS,CLEAR,DARKNESS,TURNING,NOT DIVIDED,STRAIGHT AND LEVEL,DRY,NO DEFECTS,ON SCENE,INJURY AND / OR TOW DUE TO CRASH,,"OVER $1,500",DRIVING ON WRONG SIDE/WRONG WAY,DRIVING ON WRONG SIDE/WRONG WAY,4068,N,MILWAUKEE AVE,1624,3,NO INDICATION OF INJURY,0,0,0,0,0,3,0,22,1,6,41.9547062,-87.74952241
6/23/2019 13:45,30,STOP SIGN/FLASHER,OTHER,CLEAR,DAYLIGHT,REAR END,NOT DIVIDED,STRAIGHT AND LEVEL,DRY,NO DEFECTS,NOT ON SCENE (DESK REPORT),NO INJURY / DRIVE AWAY,Y,"OVER $1,500",FOLLOWING TOO CLOSELY,NOT APPLICABLE,8000,S,MOZART ST,835,2,NO INDICATION OF INJURY,0,0,0,0,0,2,0,13,1,6,41.74802024,-87.69394163
6/17/2019 12:12,30,NO CONTROLS,NO CONTROLS,CLEAR,DAYLIGHT,OTHER OBJECT,NOT DIVIDED,STRAIGHT AND LEVEL,DRY,NO DEFECTS,ON SCENE,INJURY AND / OR TOW DUE TO CRASH,,"OVER $1,500",PHYSICAL CONDITION OF DRIVER,PHYSICAL CONDITION OF DRIVER,6320,N,CALDWELL AVE,1621,1,NONINCAPACITATING INJURY,1,0,0,1,0,0,0,12,2,6,41.99602756,-87.76425359
6/27/2019 20:39,30,NO CONTROLS,NO CONTROLS,CLEAR,DUSK,HEAD ON,NOT DIVIDED,STRAIGHT AND LEVEL,DRY,NO DEFECTS,ON SCENE,INJURY AND / OR TOW DUE TO CRASH,,"OVER $1,500",DRIVING ON WRONG SIDE/WRONG WAY,UNABLE TO DETERMINE,299,W,71ST ST,731,2,INCAPACITATING INJURY,4,0,4,0,0,0,0,20,5,6,41.76528847,-87.63215036
6/21/2019 14:00,15,NO CONTROLS,NO CONTROLS,CLEAR,DAYLIGHT,ANGLE,T-INTERSECTION,STRAIGHT AND LEVEL,DRY,NO DEFECTS,NOT ON SCENE (DESK REPORT),NO INJURY / DRIVE AWAY,,"OVER $1,500",FAILING TO YIELD RIGHT-OF-WAY,NOT APPLICABLE,1000,W,ROSCOE ST,1924,2,NO INDICATION OF INJURY,0,0,0,0,0,2,0,14,6,6,41.94367913,-87.65428423
6/26/2019 10:01,30,NO CONTROLS,NO CONTROLS,CLEAR,DAYLIGHT,PARKED MOTOR VEHICLE,ONE-WAY,STRAIGHT AND LEVEL,DRY,NO DEFECTS,ON SCENE,NO INJURY / DRIVE AWAY,,$500 OR LESS,IMPROPER BACKING,UNABLE TO DETERMINE,5956,W,BYRON ST,1633,2,NO INDICATION OF INJURY,0,0,0,0,0,1,0,10,4,6,41.95132157,-87.77651233
6/29/2019 10:45,20,NO CONTROLS,NO CONTROLS,CLEAR,DAYLIGHT,PARKED MOTOR VEHICLE,PARKING LOT,STRAIGHT AND LEVEL,DRY,NO DEFECTS,NOT ON SCENE (DESK REPORT),NO INJURY / DRIVE AWAY,,"$501 - $1,500",UNABLE TO DETERMINE,UNABLE TO DETERMINE,1722,W,51ST ST,931,3,NO INDICATION OF INJURY,0,0,0,0,0,2,0,10,7,6,41.80139664,-87.66827611
6/24/2019 19:50,45,TRAFFIC SIGNAL,FUNCTIONING PROPERLY,CLEAR,DUSK,REAR END,DIVIDED - W/MEDIAN BARRIER,STRAIGHT AND LEVEL,UNKNOWN,UNKNOWN,NOT ON SCENE (DESK REPORT),NO INJURY / DRIVE AWAY,,"OVER $1,500",CELL PHONE USE OTHER THAN TEXTING,NOT APPLICABLE,6259,S,LAKE SHORE DR,331,2,NO INDICATION OF INJURY,0,0,0,0,0,3,0,19,2,6,,
6/30/2019 14:45,30,STOP SIGN/FLASHER,FUNCTIONING PROPERLY,RAIN,DAYLIGHT,ANGLE,NOT DIVIDED,STRAIGHT AND LEVEL,WET,NO DEFECTS,ON SCENE,INJURY AND / OR TOW DUE TO CRASH,Y,"OVER $1,500",FAILING TO YIELD RIGHT-OF-WAY,UNABLE TO DETERMINE,6221,W,BRYN MAWR AVE,1622,2,"REPORTED, NOT EVIDENT",1,0,0,0,1,1,0,14,1,6,41.98280015,-87.78393044
6/16/2019 1:35,30,TRAFFIC SIGNAL,FUNCTIONING IMPROPERLY,RAIN,"DARKNESS, LIGHTED ROAD",REAR END,FOUR WAY,STRAIGHT AND LEVEL,WET,NO DEFECTS,ON SCENE,NO INJURY / DRIVE AWAY,,$500 OR LESS,UNDER THE INFLUENCE OF ALCOHOL/DRUGS (USE WHEN ARREST IS EFFECTED),WEATHER,1500,S,PULASKI RD,1012,2,NO INDICATION OF INJURY,0,0,0,0,0,2,0,1,1,6,41.86060109,-87.72515267
6/23/2019 22:15,30,TRAFFIC SIGNAL,FUNCTIONING PROPERLY,CLEAR,DARKNESS,TURNING,OTHER,STRAIGHT AND LEVEL,DRY,UNKNOWN,NOT ON SCENE (DESK REPORT),NO INJURY / DRIVE AWAY,Y,"$501 - $1,500",UNABLE TO DETERMINE,NOT APPLICABLE,100,W,CERMAK RD,131,2,NO INDICATION OF INJURY,0,0,0,0,0,2,0,22,1,6,41.85299122,-87.62938693
6/26/2019 18:20,30,NO CONTROLS,NO CONTROLS,CLEAR,DAYLIGHT,PEDALCYCLIST,NOT DIVIDED,STRAIGHT AND LEVEL,DRY,NO DEFECTS,ON SCENE,INJURY AND / OR TOW DUE TO CRASH,,$500 OR LESS,"OPERATING VEHICLE IN ERRATIC, RECKLESS, CARELESS, NEGLIGENT OR AGGRESSIVE MANNER",NOT APPLICABLE,605,W,FULLERTON PKWY,1812,2,NONINCAPACITATING INJURY,1,0,0,1,0,1,0,18,4,6,41.92541837,-87.64419439
6/21/2019 14:40,30,TRAFFIC SIGNAL,FUNCTIONING PROPERLY,CLEAR,DAYLIGHT,SIDESWIPE SAME DIRECTION,FOUR WAY,STRAIGHT AND LEVEL,DRY,NO DEFECTS,NOT ON SCENE (DESK REPORT),NO INJURY / DRIVE AWAY,Y,$500 OR LESS,IMPROPER OVERTAKING/PASSING,NOT APPLICABLE,802,N,MICHIGAN AVE,1833,2,NO INDICATION OF INJURY,0,0,0,0,0,2,0,14,6,6,41.89685947,-87.62436834
6/30/2019 5:45,15,NO CONTROLS,NO CONTROLS,CLEAR,"DARKNESS, LIGHTED ROAD",PARKED MOTOR VEHICLE,PARKING LOT,STRAIGHT AND LEVEL,DRY,NO DEFECTS,,NO INJURY / DRIVE AWAY,,"$501 - $1,500",DISTRACTION - FROM OUTSIDE VEHICLE,"OPERATING VEHICLE IN ERRATIC, RECKLESS, CARELESS, NEGLIGENT OR AGGRESSIVE MANNER",4700,S,LAKE PARK AVE,222,6,NO INDICATION OF INJURY,0,0,0,0,0,1,0,5,1,6,41.80953478,-87.59245022
6/23/2019 10:40,25,STOP SIGN/FLASHER,FUNCTIONING PROPERLY,CLEAR,DAYLIGHT,TURNING,NOT DIVIDED,STRAIGHT AND LEVEL,DRY,NO DEFECTS,NOT ON SCENE (DESK REPORT),NO INJURY / DRIVE AWAY,Y,"$501 - $1,500",UNABLE TO DETERMINE,UNABLE TO DETERMINE,7731,N,HERMITAGE AVE,2422,2,NO INDICATION OF INJURY,0,0,0,0,0,2,0,10,1,6,42.02194491,-87.67409803
6/30/2019 18:58,30,NO CONTROLS,NO CONTROLS,CLEAR,DAYLIGHT,FIXED OBJECT,DIVIDED - W/MEDIAN (NOT RAISED),STRAIGHT AND LEVEL,DRY,NO DEFECTS,ON SCENE,INJURY AND / OR TOW DUE TO CRASH,,"OVER $1,500",UNABLE TO DETERMINE,NOT APPLICABLE,3661,N,MILWAUKEE AVE,1731,1,NONINCAPACITATING INJURY,1,0,0,1,0,0,0,18,1,6,41.94740526,-87.73726139
6/29/2019 1:00,10,NO CONTROLS,NO CONTROLS,CLEAR,"DARKNESS, LIGHTED ROAD",PARKED MOTOR VEHICLE,PARKING LOT,STRAIGHT AND LEVEL,DRY,NO DEFECTS,NOT ON SCENE (DESK REPORT),NO INJURY / DRIVE AWAY,,"$501 - $1,500",IMPROPER BACKING,NOT APPLICABLE,6501,W,IRVING PARK RD,1632,2,NO INDICATION OF INJURY,0,0,0,0,0,1,0,1,7,6,41.95276473,-87.78907688
6/26/2019 11:50,30,NO CONTROLS,NO CONTROLS,CLEAR,DAYLIGHT,SIDESWIPE SAME DIRECTION,DIVIDED - W/MEDIAN (NOT RAISED),STRAIGHT AND LEVEL,DRY,NO DEFECTS,NOT ON SCENE (DESK REPORT),NO INJURY / DRIVE AWAY,,"$501 - $1,500",FAILING TO YIELD RIGHT-OF-WAY,FAILING TO YIELD RIGHT-OF-WAY,755,W,71ST ST,732,2,NO INDICATION OF INJURY,0,0,0,0,0,2,0,11,4,6,41.76510257,-87.64378864
6/19/2019 17:48,30,UNKNOWN,UNKNOWN,UNKNOWN,UNKNOWN,TURNING,NOT DIVIDED,STRAIGHT AND LEVEL,UNKNOWN,UNKNOWN,NOT ON SCENE (DESK REPORT),NO INJURY / DRIVE AWAY,Y,"OVER $1,500",DRIVING SKILLS/KNOWLEDGE/EXPERIENCE,IMPROPER TURNING/NO SIGNAL,500,N,COLUMBUS DR,1834,2,NO INDICATION OF INJURY,0,0,0,0,0,2,0,17,4,6,41.89104457,-87.62037184
6/23/2019 1:59,35,NO CONTROLS,NO CONTROLS,CLEAR,"DARKNESS, LIGHTED ROAD",SIDESWIPE SAME DIRECTION,NOT DIVIDED,STRAIGHT AND LEVEL,UNKNOWN,UNKNOWN,ON SCENE,NO INJURY / DRIVE AWAY,,"OVER $1,500",IMPROPER OVERTAKING/PASSING,NOT APPLICABLE,5631,W,BLOOMINGDALE AVE,2531,2,NO INDICATION OF INJURY,0,0,0,0,0,2,0,1,1,6,41.91254358,-87.76683259
6/20/2019 17:51,30,TRAFFIC SIGNAL,FUNCTIONING PROPERLY,CLEAR,DAYLIGHT,REAR END,ONE-WAY,STRAIGHT AND LEVEL,DRY,NO DEFECTS,NOT ON SCENE (DESK REPORT),NO INJURY / DRIVE AWAY,Y,"$501 - $1,500",UNABLE TO DETERMINE,UNABLE TO DETERMINE,98,E,GRAND AVE,1834,2,NO INDICATION OF INJURY,0,0,0,0,0,3,0,17,5,6,41.89182003,-87.62544388
6/19/2019 15:30,5,NO CONTROLS,NO CONTROLS,CLEAR,DAYLIGHT,PARKED MOTOR VEHICLE,PARKING LOT,STRAIGHT AND LEVEL,DRY,UNKNOWN,NOT ON SCENE (DESK REPORT),NO INJURY / DRIVE AWAY,,"$501 - $1,500",UNABLE TO DETERMINE,UNABLE TO DETERMINE,2006,E,95TH ST,413,2,NO INDICATION OF INJURY,0,0,0,0,0,1,0,15,4,6,41.72258206,-87.57504199
6/28/2019 11:23,30,NO CONTROLS,UNKNOWN,RAIN,DAYLIGHT,REAR END,DIVIDED - W/MEDIAN (NOT RAISED),STRAIGHT AND LEVEL,WET,UNKNOWN,ON SCENE,INJURY AND / OR TOW DUE TO CRASH,,"OVER $1,500",FOLLOWING TOO CLOSELY,FAILING TO REDUCE SPEED TO AVOID CRASH,1700,S,DAMEN AVE,1234,5,NO INDICATION OF INJURY,0,0,0,0,0,6,0,11,6,6,41.85852425,-87.67616487
6/22/2019 11:40,25,UNKNOWN,UNKNOWN,CLEAR,DAYLIGHT,SIDESWIPE OPPOSITE DIRECTION,NOT DIVIDED,STRAIGHT AND LEVEL,DRY,NO DEFECTS,NOT ON SCENE (DESK REPORT),NO INJURY / DRIVE AWAY,Y,"$501 - $1,500",FAILING TO YIELD RIGHT-OF-WAY,NOT APPLICABLE,3549,N,MEADE AVE,1633,2,NO INDICATION OF INJURY,0,0,0,0,0,2,0,11,7,6,41.94541051,-87.77877641
6/17/2019 15:55,25,NO CONTROLS,NO CONTROLS,CLEAR,DAYLIGHT,TURNING,NOT DIVIDED,STRAIGHT AND LEVEL,DRY,NO DEFECTS,ON SCENE,NO INJURY / DRIVE AWAY,,"OVER $1,500",FAILING TO YIELD RIGHT-OF-WAY,FAILING TO REDUCE SPEED TO AVOID CRASH,2415,W,FARGO AVE,2411,2,NO INDICATION OF INJURY,0,0,0,0,0,2,0,15,2,6,42.01669369,-87.69078748
6/19/2019 18:00,30,NO CONTROLS,NO CONTROLS,CLEAR,DAYLIGHT,SIDESWIPE SAME DIRECTION,NOT DIVIDED,STRAIGHT AND LEVEL,DRY,NO DEFECTS,NOT ON SCENE (DESK REPORT),NO INJURY / DRIVE AWAY,,"$501 - $1,500",IMPROPER OVERTAKING/PASSING,NOT APPLICABLE,4808,N,MILWAUKEE AVE,1623,2,NO INDICATION OF INJURY,0,0,0,0,0,2,0,18,4,6,41.96802836,-87.7610597
6/26/2019 10:30,30,NO CONTROLS,NO CONTROLS,CLEAR,DAYLIGHT,SIDESWIPE SAME DIRECTION,ONE-WAY,STRAIGHT AND LEVEL,DRY,NO DEFECTS,NOT ON SCENE (DESK REPORT),NO INJURY / DRIVE AWAY,,"$501 - $1,500",UNABLE TO DETERMINE,NOT APPLICABLE,3198,N,KEDZIE AVE,1412,2,NO INDICATION OF INJURY,0,0,0,0,0,3,0,10,4,6,41.93931332,-87.70784365
6/25/2019 7:50,35,TRAFFIC SIGNAL,FUNCTIONING PROPERLY,CLEAR,DAYLIGHT,REAR END,NOT DIVIDED,STRAIGHT AND LEVEL,DRY,NO DEFECTS,ON SCENE,INJURY AND / OR TOW DUE TO CRASH,Y,$500 OR LESS,FOLLOWING TOO CLOSELY,FAILING TO REDUCE SPEED TO AVOID CRASH,1011,W,87TH ST,2222,2,"REPORTED, NOT EVIDENT",1,0,0,0,1,1,0,7,3,6,41.73588637,-87.64896924
6/26/2019 12:20,30,NO CONTROLS,NO CONTROLS,CLEAR,DAYLIGHT,SIDESWIPE SAME DIRECTION,ONE-WAY,STRAIGHT AND LEVEL,DRY,NO DEFECTS,NOT ON SCENE (DESK REPORT),NO INJURY / DRIVE AWAY,,"OVER $1,500",UNABLE TO DETERMINE,NOT APPLICABLE,941,W,JACKSON BLVD,1232,2,NO INDICATION OF INJURY,0,0,0,0,0,2,0,12,4,6,41.8777717,-87.65120079
6/17/2019 16:57,30,NO CONTROLS,NO CONTROLS,CLEAR,DAYLIGHT,PARKED MOTOR VEHICLE,NOT DIVIDED,STRAIGHT AND LEVEL,DRY,NO DEFECTS,ON SCENE,NO INJURY / DRIVE AWAY,,$500 OR LESS,IMPROPER OVERTAKING/PASSING,IMPROPER OVERTAKING/PASSING,4800,S,ASHLAND AVE,931,2,NO INDICATION OF INJURY,0,0,0,0,0,2,0,16,2,6,41.80668905,-87.665065
6/18/2019 13:00,30,TRAFFIC SIGNAL,FUNCTIONING PROPERLY,CLEAR,DAYLIGHT,SIDESWIPE SAME DIRECTION,NOT DIVIDED,STRAIGHT AND LEVEL,DRY,NO DEFECTS,NOT ON SCENE (DESK REPORT),NO INJURY / DRIVE AWAY,,"$501 - $1,500",UNABLE TO DETERMINE,UNABLE TO DETERMINE,440,W,LAKE ST,1214,2,NO INDICATION OF INJURY,0,0,0,0,0,2,0,13,3,6,41.88583126,-87.63966811
6/20/2019 11:03,30,NO CONTROLS,NO CONTROLS,RAIN,DAYLIGHT,SIDESWIPE SAME DIRECTION,NOT DIVIDED,STRAIGHT AND LEVEL,WET,NO DEFECTS,ON SCENE,INJURY AND / OR TOW DUE TO CRASH,,"OVER $1,500",UNABLE TO DETERMINE,UNABLE TO DETERMINE,1244,W,87TH ST,613,3,NONINCAPACITATING INJURY,1,0,0,1,0,2,0,11,5,6,41.73601719,-87.65512415
6/22/2019 14:45,30,NO CONTROLS,NO CONTROLS,CLEAR,DAYLIGHT,SIDESWIPE SAME DIRECTION,NOT DIVIDED,STRAIGHT AND LEVEL,DRY,NO DEFECTS,ON SCENE,NO INJURY / DRIVE AWAY,,$500 OR LESS,UNABLE TO DETERMINE,UNABLE TO DETERMINE,35,N,WESTERN AVE,1223,2,NO INDICATION OF INJURY,0,0,0,0,0,2,0,14,7,6,41.88219708,-87.68631472
6/18/2019 16:27,30,TRAFFIC SIGNAL,FUNCTIONING PROPERLY,CLEAR,DAYLIGHT,TURNING,CENTER TURN LANE,STRAIGHT AND LEVEL,DRY,NO DEFECTS,ON SCENE,NO INJURY / DRIVE AWAY,,"$501 - $1,500",FAILING TO YIELD RIGHT-OF-WAY,NOT APPLICABLE,799,W,95TH ST,2223,3,NO INDICATION OF INJURY,0,0,0,0,0,3,0,16,3,6,41.72134828,-87.64314954
6/17/2019 19:20,30,NO CONTROLS,NO CONTROLS,CLEAR,DUSK,ANGLE,NOT DIVIDED,STRAIGHT AND LEVEL,DRY,UNKNOWN,NOT ON SCENE (DESK REPORT),NO INJURY / DRIVE AWAY,,"OVER $1,500",UNABLE TO DETERMINE,NOT APPLICABLE,3500,N,ASHLAND AVE,1922,2,NO INDICATION OF INJURY,0,0,0,0,0,2,0,19,2,6,41.94525519,-87.66896382
6/18/2019 8:30,30,NO CONTROLS,NO CONTROLS,CLEAR,DAYLIGHT,SIDESWIPE SAME DIRECTION,NOT DIVIDED,STRAIGHT AND LEVEL,DRY,NO DEFECTS,ON SCENE,INJURY AND / OR TOW DUE TO CRASH,,"$501 - $1,500",FAILING TO YIELD RIGHT-OF-WAY,NOT APPLICABLE,7926,S,HALSTED ST,621,2,NO INDICATION OF INJURY,0,0,0,0,0,2,0,8,3,6,41.74981176,-87.64416587