CRASH_DATE,POSTED_SPEED_LIMIT,TRAFFIC_CONTROL_DEVICE,DEVICE_CONDITION,WEATHER_CONDITION,LIGHTING_CONDITION,FIRST_CRASH_TYPE,TRAFFICWAY_TYPE,ALIGNMENT,ROADWAY_SURFACE_COND,ROAD_DEFECT,REPORT_TYPE,CRASH_TYPE,INTERSECTION_RELATED_I,DAMAGE,PRIM_CONTRIBUTORY_CAUSE,SEC_CONTRIBUTORY_CAUSE,STREET_NO,STREET_DIRECTION,STREET_NAME,BEAT_OF_OCCURRENCE,NUM_UNITS,MOST_SEVERE_INJURY,INJURIES_TOTAL,INJURIES_FATAL,INJURIES_INCAPACITATING,INJURIES_NON_INCAPACITATING,INJURIES_REPORTED_NOT_EVIDENT,INJURIES_NO_INDICATION,INJURIES_UNKNOWN,CRASH_HOUR,CRASH_DAY_OF_WEEK,CRASH_MONTH,LATITUDE,LONGITUDE
6/25/2019 22:40,35,TRAFFIC SIGNAL,FUNCTIONING PROPERLY,UNKNOWN,"DARKNESS, LIGHTED ROAD",TURNING,FOUR WAY,STRAIGHT AND LEVEL,UNKNOWN,UNKNOWN,NOT ON SCENE (DESK REPORT),INJURY AND / OR TOW DUE TO CRASH,Y,"$501 - $1,500",UNABLE TO DETERMINE,NOT APPLICABLE,1600,N,CICERO AVE,2533,2,"REPORTED, NOT EVIDENT",3,0,0,0,3,2,0,22,3,6,41.909672,-87.7462613
6/29/2019 12:45,30,NO CONTROLS,NO CONTROLS,CLEAR,DAYLIGHT,SIDESWIPE SAME DIRECTION,NOT DIVIDED,STRAIGHT AND LEVEL,DRY,NO DEFECTS,ON SCENE,INJURY AND / OR TOW DUE TO CRASH,,"$501 - $1,500",EQUIPMENT - VEHICLE CONDITION,EQUIPMENT - VEHICLE CONDITION,4456,N,CENTRAL AVE,1622,2,"REPORTED, NOT EVIDENT",1,0,0,0,1,1,0,12,7,6,41.96224102,-87.76744484
6/18/2019 12:30,30,TRAFFIC SIGNAL,FUNCTIONING PROPERLY,CLEAR,DAYLIGHT,TURNING,FOUR WAY,STRAIGHT AND LEVEL,DRY,NO DEFECTS,ON SCENE,INJURY AND / OR TOW DUE TO CRASH,Y,"OVER $1,500",UNABLE TO DETERMINE,NOT APPLICABLE,3000,W,FULLERTON AVE,1414,2,NO INDICATION OF INJURY,0,0,0,0,0,2,0,12,3,6,41.92487124,-87.70243666
6/16/2019 2:30,30,STOP SIGN/FLASHER,FUNCTIONING PROPERLY,CLEAR,"DARKNESS, LIGHTED ROAD",ANGLE,NOT DIVIDED,STRAIGHT AND LEVEL,DRY,NO DEFECTS,ON SCENE,INJURY AND / OR TOW DUE TO CRASH,,"OVER $1,500",DISREGARDING STOP SIGN,UNABLE TO DETERMINE,37,E,75TH ST,623,3,NO INDICATION OF INJURY,0,0,0,0,0,3,0,2,1,6,41.75815109,-87.62322527
6/16/2019 20:00,25,NO CONTROLS,NO CONTROLS,CLEAR,DAYLIGHT,SIDESWIPE SAME DIRECTION,ONE-WAY,STRAIGHT AND LEVEL,DRY,NO DEFECTS,ON SCENE,NO INJURY / DRIVE AWAY,,"$501 - $1,500",UNABLE TO DETERMINE,UNABLE TO DETERMINE,5,W,TERMINAL ST,1655,2,NO INDICATION OF INJURY,0,0,0,0,0,2,0,20,1,6,,
6/25/2019 17:05,20,STOP SIGN/FLASHER,FUNCTIONING PROPERLY,CLEAR,DAYLIGHT,REAR END,NOT DIVIDED,STRAIGHT AND LEVEL,DRY,NO DEFECTS,NOT ON SCENE (DESK REPORT),NO INJURY / DRIVE AWAY,Y,"$501 - $1,500",FOLLOWING TOO CLOSELY,NOT APPLICABLE,907,W,BELDEN AVE,1812,2,NO INDICATION OF INJURY,0,0,0,0,0,2,0,17,3,6,41.92348236,-87.6514328
6/23/2019 21:00,30,TRAFFIC SIGNAL,FUNCTIONING PROPERLY,RAIN,DUSK,REAR END,NOT DIVIDED,STRAIGHT AND LEVEL,WET,NO DEFECTS,NOT ON SCENE (DESK REPORT),NO INJURY / DRIVE AWAY,,"$501 - $1,500",FOLLOWING TOO CLOSELY,UNABLE TO DETERMINE,3200,W,LAWRENCE AVE,1713,2,NO INDICATION OF INJURY,0,0,0,0,0,2,0,21,1,6,41.96856056,-87.70853637
6/25/2019 6:40,35,NO CONTROLS,NO CONTROLS,CLEAR,DAYLIGHT,ANGLE,NOT DIVIDED,STRAIGHT AND LEVEL,DRY,NO DEFECTS,ON SCENE,INJURY AND / OR TOW DUE TO CRASH,,"OVER $1,500",FAILING TO YIELD RIGHT-OF-WAY,UNABLE TO DETERMINE,2144,N,CENTRAL PARK AVE,2525,3,NONINCAPACITATING INJURY,4,0,0,4,0,0,0,6,3,6,41.92048392,-87.71701701
6/21/2019 11:30,45,TRAFFIC SIGNAL,NO CONTROLS,CLEAR,DAYLIGHT,REAR END,DIVIDED - W/MEDIAN BARRIER,STRAIGHT ON HILLCREST,DRY,NO DEFECTS,NOT ON SCENE (DESK REPORT),NO INJURY / DRIVE AWAY,,"OVER $1,500",UNABLE TO DETERMINE,UNABLE TO DETERMINE,1301,S,LAKE SHORE DR E,132,2,NO INDICATION OF INJURY,0,0,0,0,0,2,0,11,6,6,41.86577273,-87.61901376
6/30/2019 13:00,10,NO CONTROLS,NO CONTROLS,CLEAR,DAYLIGHT,PARKED MOTOR VEHICLE,PARKING LOT,STRAIGHT AND LEVEL,DRY,UNKNOWN,NOT ON SCENE (DESK REPORT),NO INJURY / DRIVE AWAY,,"$501 - $1,500",UNABLE TO DETERMINE,UNABLE TO DETERMINE,2923,W,ARGYLE ST,2031,2,NO INDICATION OF INJURY,0,0,0,0,0,1,0,13,1,6,41.97203646,-87.70217336
6/27/2019 17:00,30,STOP SIGN/FLASHER,OTHER,CLEAR,DAYLIGHT,SIDESWIPE SAME DIRECTION,ONE-WAY,STRAIGHT AND LEVEL,DRY,NO DEFECTS,,NO INJURY / DRIVE AWAY,,"$501 - $1,500",FAILING TO YIELD RIGHT-OF-WAY,FOLLOWING TOO CLOSELY,947,W,ROSCOE ST,1924,1,NO INDICATION OF INJURY,0,0,0,0,0,1,0,17,5,6,41.9434576,-87.65363852
6/25/2019 7:30,30,NO CONTROLS,NO CONTROLS,CLEAR,DAYLIGHT,PARKED MOTOR VEHICLE,DIVIDED - W/MEDIAN (NOT RAISED),STRAIGHT AND LEVEL,DRY,UNKNOWN,NOT ON SCENE (DESK REPORT),NO INJURY / DRIVE AWAY,,"OVER $1,500",UNABLE TO DETERMINE,UNABLE TO DETERMINE,420,W,FULLERTON PKWY,1935,2,NO INDICATION OF INJURY,0,0,0,0,0,1,0,7,3,6,41.92570134,-87.64000503
6/19/2019 6:00,35,NO CONTROLS,NO CONTROLS,CLEAR,DAYLIGHT,PARKED MOTOR VEHICLE,ONE-WAY,STRAIGHT AND LEVEL,DRY,UNKNOWN,NOT ON SCENE (DESK REPORT),NO INJURY / DRIVE AWAY,N,$500 OR LESS,UNABLE TO DETERMINE,NOT APPLICABLE,9349,S,CHAPPEL AVE,413,2,NO INDICATION OF INJURY,0,0,0,0,0,1,0,6,4,6,41.72465181,-87.57404054
6/19/2019 16:43,30,TRAFFIC SIGNAL,FUNCTIONING PROPERLY,CLEAR,DAYLIGHT,PEDESTRIAN,OTHER,STRAIGHT AND LEVEL,UNKNOWN,UNKNOWN,ON SCENE,NO INJURY / DRIVE AWAY,N,"OVER $1,500",UNABLE TO DETERMINE,UNABLE TO DETERMINE,1600,W,JACKSON BLVD,1231,2,NO INDICATION OF INJURY,0,0,0,0,0,2,0,16,4,6,41.87773222,-87.66681595
6/26/2019 21:30,25,NO CONTROLS,NO CONTROLS,CLEAR,UNKNOWN,OTHER OBJECT,DIVIDED - W/MEDIAN (NOT RAISED),STRAIGHT AND LEVEL,UNKNOWN,WORN SURFACE,NOT ON SCENE (DESK REPORT),NO INJURY / DRIVE AWAY,,"$501 - $1,500",UNABLE TO DETERMINE,NOT APPLICABLE,2940,W,MARQUETTE RD,831,1,NO INDICATION OF INJURY,0,0,0,0,0,1,0,21,4,6,41.77187248,-87.69726623
6/28/2019 12:00,30,TRAFFIC SIGNAL,FUNCTIONING PROPERLY,RAIN,DAYLIGHT,TURNING,NOT DIVIDED,STRAIGHT AND LEVEL,WET,NO DEFECTS,ON SCENE,INJURY AND / OR TOW DUE TO CRASH,Y,"OVER $1,500",FAILING TO YIELD RIGHT-OF-WAY,IMPROPER TURNING/NO SIGNAL,9100,S,COTTAGE GROVE AVE,633,2,INCAPACITATING INJURY,1,0,1,0,0,2,0,12,6,6,41.72930684,-87.60479254
6/30/2019 11:50,30,NO CONTROLS,NO CONTROLS,CLEAR,DAYLIGHT,REAR END,NOT DIVIDED,STRAIGHT AND LEVEL,DRY,NO DEFECTS,ON SCENE,NO INJURY / DRIVE AWAY,,"OVER $1,500",UNABLE TO DETERMINE,UNABLE TO DETERMINE,5663,S,ARCHER AVE,814,2,NO INDICATION OF INJURY,0,0,0,0,0,2,0,11,1,6,41.79711642,-87.75254955
6/25/2019 18:00,30,NO CONTROLS,NO CONTROLS,CLEAR,DAYLIGHT,REAR END,NOT DIVIDED,STRAIGHT AND LEVEL,DRY,NO DEFECTS,NOT ON SCENE (DESK REPORT),NO INJURY / DRIVE AWAY,,"OVER $1,500",FOLLOWING TOO CLOSELY,UNABLE TO DETERMINE,3600,N,ELSTON AVE,1733,3,NO INDICATION OF INJURY,0,0,0,0,0,3,0,18,3,6,41.94654917,-87.70895263
6/22/2019 10:45,30,NO CONTROLS,FUNCTIONING PROPERLY,CLEAR,DAYLIGHT,OTHER NONCOLLISION,CENTER TURN LANE,STRAIGHT AND LEVEL,DRY,"RUT, HOLES",ON SCENE,NO INJURY / DRIVE AWAY,Y,"$501 - $1,500",NOT APPLICABLE,NOT APPLICABLE,855,N,WESTERN AVE,1212,,,,,,,,,,10,7,6,41.89740278,-87.68673691
6/16/2019 8:00,20,NO CONTROLS,NO CONTROLS,CLEAR,DAYLIGHT,PARKED MOTOR VEHICLE,ONE-WAY,STRAIGHT AND LEVEL,DRY,NO DEFECTS,NOT ON SCENE (DESK REPORT),NO INJURY / DRIVE AWAY,,"OVER $1,500",UNABLE TO DETERMINE,UNABLE TO DETERMINE,7515,S,CALUMET AVE,623,2,NO INDICATION OF INJURY,0,0,0,0,0,1,0,8,1,6,41.75789337,-87.61654749
6/19/2019 12:45,30,NO CONTROLS,NO CONTROLS,CLEAR,DAYLIGHT,REAR END,NOT DIVIDED,STRAIGHT AND LEVEL,DRY,UNKNOWN,NOT ON SCENE (DESK REPORT),NO INJURY / DRIVE AWAY,,"OVER $1,500",UNABLE TO DETERMINE,UNABLE TO DETERMINE,2000,W,103RD ST,2213,2,NO INDICATION OF INJURY,0,0,0,0,0,3,0,12,4,6,41.70664714,-87.67213191
6/20/2019 7:19,30,TRAFFIC SIGNAL,FUNCTIONING PROPERLY,RAIN,DAYLIGHT,SIDESWIPE SAME DIRECTION,DIVIDED - W/MEDIAN BARRIER,STRAIGHT AND LEVEL,WET,NO DEFECTS,ON SCENE,NO INJURY / DRIVE AWAY,,"OVER $1,500",UNABLE TO DETERMINE,NOT APPLICABLE,6299,S,CORNELL DR,331,2,NO INDICATION OF INJURY,0,0,0,0,0,2,0,7,5,6,41.78061287,-87.5842534
6/25/2019 13:00,30,NO CONTROLS,NO CONTROLS,CLEAR,DAYLIGHT,PARKED MOTOR VEHICLE,DIVIDED - W/MEDIAN (NOT RAISED),STRAIGHT AND LEVEL,DRY,NO DEFECTS,ON SCENE,NO INJURY / DRIVE AWAY,,"OVER $1,500",UNABLE TO DETERMINE,UNABLE TO DETERMINE,8534,S,BURLEY AVE,424,2,NO INDICATION OF INJURY,0,0,0,0,0,1,0,13,3,6,41.74004767,-87.54552293
6/26/2019 16:45,30,NO CONTROLS,NO CONTROLS,CLEAR,DAYLIGHT,REAR END,NOT DIVIDED,STRAIGHT AND LEVEL,DRY,NO DEFECTS,NOT ON SCENE (DESK REPORT),NO INJURY / DRIVE AWAY,,"$501 - $1,500",FOLLOWING TOO CLOSELY,FAILING TO REDUCE SPEED TO AVOID CRASH,7158,W,NORTH AVE,2513,2,NO INDICATION OF INJURY,0,0,0,0,0,2,0,16,4,6,41.90898946,-87.80436284
6/26/2019 18:30,5,NO CONTROLS,NO CONTROLS,CLEAR,DAYLIGHT,PARKED MOTOR VEHICLE,PARKING LOT,STRAIGHT AND LEVEL,DRY,NO DEFECTS,NOT ON SCENE (DESK REPORT),NO INJURY / DRIVE AWAY,,$500 OR LESS,IMPROPER BACKING,UNABLE TO DETERMINE,8331,S,STEWART AVE,622,2,NO INDICATION OF INJURY,0,0,0,0,0,1,0,18,4,6,41.74257762,-87.63393693
6/23/2019 13:30,30,TRAFFIC SIGNAL,FUNCTIONING PROPERLY,RAIN,DAYLIGHT,REAR END,DIVIDED - W/MEDIAN (NOT RAISED),STRAIGHT AND LEVEL,WET,NO DEFECTS,NOT ON SCENE (DESK REPORT),NO INJURY / DRIVE AWAY,,"$501 - $1,500",UNABLE TO DETERMINE,NOT APPLICABLE,4059,N,OAK PARK AVE,1632,2,NO INDICATION OF INJURY,0,0,0,0,0,3,0,13,1,6,41.95433103,-87.79635403
6/27/2019 13:10,30,NO CONTROLS,NO CONTROLS,CLEAR,DAYLIGHT,PARKED MOTOR VEHICLE,PARKING LOT,STRAIGHT AND LEVEL,DRY,NO DEFECTS,NOT ON SCENE (DESK REPORT),NO INJURY / DRIVE AWAY,,"$501 - $1,500",UNABLE TO DETERMINE,UNABLE TO DETERMINE,3030,N,BROADWAY,1934,2,NO INDICATION OF INJURY,0,0,0,0,0,1,0,13,5,6,41.93733844,-87.64445647
6/24/2019 23:50,30,NO CONTROLS,NO CONTROLS,CLEAR,"DARKNESS, LIGHTED ROAD",REAR TO FRONT,NOT DIVIDED,STRAIGHT AND LEVEL,DRY,NO DEFECTS,,NO INJURY / DRIVE AWAY,,$500 OR LESS,IMPROPER BACKING,UNABLE TO DETERMINE,6359,N,RAVENSWOOD AVE,2433,2,NO INDICATION OF INJURY,0,0,0,0,0,2,0,23,2,6,41.99730549,-87.67483926
6/23/2019 8:30,30,NO CONTROLS,NO CONTROLS,CLEAR,DAYLIGHT,SIDESWIPE SAME DIRECTION,NOT DIVIDED,STRAIGHT AND LEVEL,DRY,NO DEFECTS,NOT ON SCENE (DESK REPORT),NO INJURY / DRIVE AWAY,,"$501 - $1,500",UNABLE TO DETERMINE,UNABLE TO DETERMINE,6014,S,COTTAGE GROVE AVE,313,2,NO INDICATION OF INJURY,0,0,0,0,0,2,0,8,1,6,41.78538745,-87.60618376
6/21/2019 11:32,30,NO CONTROLS,NO CONTROLS,CLEAR,DAYLIGHT,REAR TO SIDE,PARKING LOT,STRAIGHT AND LEVEL,DRY,UNKNOWN,ON SCENE,NO INJURY / DRIVE AWAY,,"$501 - $1,500",IMPROPER BACKING,NOT APPLICABLE,150,W,ONTARIO ST,1832,2,NO INDICATION OF INJURY,0,0,0,0,0,2,0,11,6,6,41.89331029,-87.63315544
6/23/2019 21:00,30,NO CONTROLS,NO CONTROLS,CLEAR,DAYLIGHT,REAR TO FRONT,NOT DIVIDED,STRAIGHT AND LEVEL,DRY,NO DEFECTS,NOT ON SCENE (DESK REPORT),NO INJURY / DRIVE AWAY,,"OVER $1,500",IMPROPER BACKING,NOT APPLICABLE,5799,N,CICERO AVE,1711,2,NO INDICATION OF INJURY,0,0,0,0,0,2,0,21,1,6,41.98611047,-87.7481629
6/18/2019 16:45,30,NO CONTROLS,NO CONTROLS,CLEAR,DAYLIGHT,REAR END,NOT DIVIDED,STRAIGHT AND LEVEL,DRY,NO DEFECTS,NOT ON SCENE (DESK REPORT),INJURY AND / OR TOW DUE TO CRASH,,"$501 - $1,500",FOLLOWING TOO CLOSELY,FAILING TO REDUCE SPEED TO AVOID CRASH,5301,W,GRAND AVE,2515,2,"REPORTED, NOT EVIDENT",1,0,0,0,1,1,0,16,3,6,41.91734378,-87.75874555
6/16/2019 20:30,30,TRAFFIC SIGNAL,FUNCTIONING PROPERLY,CLEAR,"DARKNESS, LIGHTED ROAD",REAR END,DIVIDED - W/MEDIAN (NOT RAISED),STRAIGHT AND LEVEL,DRY,NO DEFECTS,NOT ON SCENE (DESK REPORT),NO INJURY / DRIVE AWAY,,$500 OR LESS,UNABLE TO DETERMINE,UNABLE TO DETERMINE,4800,W,DIVISION ST,2533,2,NO INDICATION OF INJURY,0,0,0,0,0,2,0,20,1,6,41.90246055,-87.7461029
6/26/2019 16:45,30,NO CONTROLS,NO CONTROLS,CLEAR,DAYLIGHT,REAR END,NOT DIVIDED,STRAIGHT AND LEVEL,DRY,UNKNOWN,NOT ON SCENE (DESK REPORT),INJURY AND / OR TOW DUE TO CRASH,,"OVER $1,500",FOLLOWING TOO CLOSELY,UNABLE TO DETERMINE,5201,N,LINCOLN AVE,2011,3,"REPORTED, NOT EVIDENT",1,0,0,0,1,2,0,16,4,6,41.97591302,-87.69219998
6/27/2019 8:00,30,NO CONTROLS,NO CONTROLS,CLEAR,DAYLIGHT,OTHER OBJECT,NOT DIVIDED,STRAIGHT AND LEVEL,DRY,"RUT, HOLES",NOT ON SCENE (DESK REPORT),NO INJURY / DRIVE AWAY,,"$501 - $1,500",NOT APPLICABLE,NOT APPLICABLE,6511,N,CENTRAL AVE,1621,1,NO INDICATION OF INJURY,0,0,0,0,0,1,0,8,5,6,41.99925718,-87.76296325
6/21/2019 17:57,30,NO CONTROLS,NO CONTROLS,CLEAR,DAYLIGHT,PARKED MOTOR VEHICLE,NOT DIVIDED,STRAIGHT AND LEVEL,DRY,UNKNOWN,ON SCENE,INJURY AND / OR TOW DUE TO CRASH,,$500 OR LESS,EQUIPMENT - VEHICLE CONDITION,UNABLE TO DETERMINE,5416,W,JACKSON BLVD,1522,2,"REPORTED, NOT EVIDENT",2,0,0,0,2,1,0,17,6,6,41.87669483,-87.76031063
6/30/2019 20:10,30,UNKNOWN,UNKNOWN,UNKNOWN,UNKNOWN,REAR END,NOT DIVIDED,STRAIGHT AND LEVEL,UNKNOWN,UNKNOWN,NOT ON SCENE (DESK REPORT),NO INJURY / DRIVE AWAY,,$500 OR LESS,FOLLOWING TOO CLOSELY,UNABLE TO DETERMINE,1000,N,ASHLAND AVE,1213,2,NO INDICATION OF INJURY,0,0,0,0,0,2,0,20,1,6,41.89975116,-87.66754062
6/27/2019 18:45,30,TRAFFIC SIGNAL,FUNCTIONING PROPERLY,CLEAR,DAYLIGHT,REAR END,DIVIDED - W/MEDIAN BARRIER,STRAIGHT AND LEVEL,DRY,NO DEFECTS,NOT ON SCENE (DESK REPORT),NO INJURY / DRIVE AWAY,,"OVER $1,500",FOLLOWING TOO CLOSELY,DISTRACTION - FROM INSIDE VEHICLE,1000,W,ROOSEVELT RD,1232,2,NO INDICATION OF INJURY,0,0,0,0,0,2,0,18,5,6,41.86719645,-87.65108822
6/25/2019 16:53,15,NO CONTROLS,NO CONTROLS,CLEAR,DAYLIGHT,ANGLE,PARKING LOT,STRAIGHT AND LEVEL,DRY,NO DEFECTS,ON SCENE,NO INJURY / DRIVE AWAY,,"$501 - $1,500",UNABLE TO DETERMINE,UNABLE TO DETERMINE,2000,E,HAYES DR,331,2,NO INDICATION OF INJURY,0,0,0,0,0,2,0,16,3,6,41.78050324,-87.57754788
6/29/2019 22:55,30,NO CONTROLS,NO CONTROLS,CLEAR,DARKNESS,REAR END,NOT DIVIDED,STRAIGHT AND LEVEL,DRY,NO DEFECTS,NOT ON SCENE (DESK REPORT),NO INJURY / DRIVE AWAY,,"OVER $1,500",FAILING TO REDUCE SPEED TO AVOID CRASH,NOT APPLICABLE,145,S,AUSTIN BLVD,1513,3,NO INDICATION OF INJURY,0,0,0,0,0,3,0,22,7,6,41.87767852,-87.77442139
6/25/2019 17:00,10,NO CONTROLS,NO CONTROLS,CLEAR,DAYLIGHT,OTHER OBJECT,ALLEY,STRAIGHT AND LEVEL,UNKNOWN,OTHER,NOT ON SCENE (DESK REPORT),INJURY AND / OR TOW DUE TO CRASH,,"$501 - $1,500",ROAD CONSTRUCTION/MAINTENANCE,ROAD CONSTRUCTION/MAINTENANCE,1229,W,BELMONT AVE,1933,1,NO INDICATION OF INJURY,0,0,0,0,0,1,0,17,3,6,41.93970963,-87.66013484
6/23/2019 4:24,30,NO CONTROLS,NO CONTROLS,CLEAR,DAWN,FIXED OBJECT,NOT DIVIDED,STRAIGHT AND LEVEL,DRY,NO DEFECTS,ON SCENE,INJURY AND / OR TOW DUE TO CRASH,,"OVER $1,500",DRIVING ON WRONG SIDE/WRONG WAY,FAILING TO REDUCE SPEED TO AVOID CRASH,8127,S,CICERO AVE,834,1,NONINCAPACITATING INJURY,2,0,0,2,0,0,0,4,1,6,41.74487041,-87.74106435
6/24/2019 13:00,30,NO CONTROLS,FUNCTIONING PROPERLY,CLOUDY/OVERCAST,DAYLIGHT,REAR END,NOT DIVIDED,STRAIGHT AND LEVEL,WET,NO DEFECTS,NOT ON SCENE (DESK REPORT),INJURY AND / OR TOW DUE TO CRASH,,$500 OR LESS,FOLLOWING TOO CLOSELY,NOT APPLICABLE,2454,N,ASHLAND AVE,1931,2,NONINCAPACITATING INJURY,2,0,0,2,0,1,0,13,2,6,41.92680651,-87.6683506
6/22/2019 3:43,30,NO CONTROLS,NO CONTROLS,CLEAR,"DARKNESS, LIGHTED ROAD",PARKED MOTOR VEHICLE,NOT DIVIDED,STRAIGHT AND LEVEL,DRY,NO DEFECTS,ON SCENE,INJURY AND / OR TOW DUE TO CRASH,,"OVER $1,500",UNABLE TO DETERMINE,NOT APPLICABLE,1931,N,KOSTNER AVE,2534,3,NO INDICATION OF INJURY,0,0,0,0,0,1,0,3,7,6,41.91616675,-87.73615794
6/15/2019 15:00,30,NO CONTROLS,NO CONTROLS,CLEAR,DAYLIGHT,SIDESWIPE SAME DIRECTION,DIVIDED - W/MEDIAN BARRIER,STRAIGHT AND LEVEL,DRY,NO DEFECTS,NOT ON SCENE (DESK REPORT),NO INJURY / DRIVE AWAY,,"$501 - $1,500",IMPROPER LANE USAGE,UNABLE TO DETERMINE,5056,N,ASHLAND AVE,2032,2,NO INDICATION OF INJURY,0,0,0,0,0,3,0,15,7,6,41.97406047,-87.66972033
6/28/2019 18:00,30,NO CONTROLS,NO CONTROLS,UNKNOWN,UNKNOWN,PARKED MOTOR VEHICLE,ONE-WAY,STRAIGHT AND LEVEL,UNKNOWN,UNKNOWN,NOT ON SCENE (DESK REPORT),NO INJURY / DRIVE AWAY,,$500 OR LESS,DRIVING SKILLS/KNOWLEDGE/EXPERIENCE,NOT APPLICABLE,4232,S,WASHTENAW AVE,921,2,NO INDICATION OF INJURY,0,0,0,0,0,1,0,18,6,6,41.81640637,-87.69214861
6/20/2019 8:25,30,NO CONTROLS,NO CONTROLS,RAIN,DAYLIGHT,OTHER OBJECT,NOT DIVIDED,STRAIGHT AND LEVEL,WET,NO DEFECTS,ON SCENE,NO INJURY / DRIVE AWAY,,"OVER $1,500",UNABLE TO DETERMINE,NOT APPLICABLE,735,W,123RD ST,523,2,NO INDICATION OF INJURY,0,0,0,0,0,1,0,8,5,6,41.67044011,-87.64061323
6/19/2019 16:18,20,NO CONTROLS,NO CONTROLS,UNKNOWN,UNKNOWN,PARKED MOTOR VEHICLE,PARKING LOT,STRAIGHT AND LEVEL,UNKNOWN,NO DEFECTS,NOT ON SCENE (DESK REPORT),NO INJURY / DRIVE AWAY,,"$501 - $1,500",IMPROPER BACKING,NOT APPLICABLE,4555,S,WESTERN BLVD,924,2,NO INDICATION OF INJURY,0,0,0,0,0,2,0,16,4,6,41.81045155,-87.6837744
6/18/2019 23:15,25,NO CONTROLS,NO CONTROLS,CLEAR,"DARKNESS, LIGHTED ROAD",PARKED MOTOR VEHICLE,ONE-WAY,STRAIGHT AND LEVEL,DRY,NO DEFECTS,NOT ON SCENE (DESK REPORT),NO INJURY / DRIVE AWAY,,"OVER $1,500",DRIVING ON WRONG SIDE/WRONG WAY,PHYSICAL CONDITION OF DRIVER,2142,N,LAWLER AVE,2522,3,NO INDICATION OF INJURY,0,0,0,0,0,1,0,23,3,6,41.91995871,-87.75248767
6/19/2019 9:30,10,NO CONTROLS,NO CONTROLS,CLEAR,DAYLIGHT,ANGLE,PARKING LOT,STRAIGHT AND LEVEL,DRY,NO DEFECTS,NOT ON SCENE (DESK REPORT),NO INJURY / DRIVE AWAY,,$500 OR LESS,UNABLE TO DETERMINE,UNABLE TO DETERMINE,5422,S,LAKE PARK AVE,234,2,NO INDICATION OF INJURY,0,0,0,0,0,3,0,9,4,6,41.79736201,-87.5874054
6/24/2019 19:30,20,NO CONTROLS,NO CONTROLS,CLEAR,DAYLIGHT,ANGLE,NOT DIVIDED,STRAIGHT AND LEVEL,DRY,NO DEFECTS,NOT ON SCENE (DESK REPORT),NO INJURY / DRIVE AWAY,,"OVER $1,500",FAILING TO YIELD RIGHT-OF-WAY,UNABLE TO DETERMINE,3930,W,ARGYLE ST,1712,2,NO INDICATION OF INJURY,0,0,0,0,0,2,0,19,2,6,41.97200673,-87.72698214
6/26/2019 18:00,30,UNKNOWN,UNKNOWN,CLEAR,UNKNOWN,PEDALCYCLIST,NOT DIVIDED,STRAIGHT AND LEVEL,UNKNOWN,UNKNOWN,ON SCENE,INJURY AND / OR TOW DUE TO CRASH,,"$501 - $1,500",UNABLE TO DETERMINE,UNABLE TO DETERMINE,3200,W,CHICAGO AVE,1121,2,NONINCAPACITATING INJURY,1,0,0,1,0,1,0,18,4,6,41.89566259,-87.70661921
6/18/2019 17:11,30,NO CONTROLS,NO CONTROLS,CLEAR,DAYLIGHT,REAR END,NOT DIVIDED,STRAIGHT AND LEVEL,DRY,NO DEFECTS,ON SCENE,NO INJURY / DRIVE AWAY,Y,"OVER $1,500",FOLLOWING TOO CLOSELY,NOT APPLICABLE,2277,W,HOWARD ST,2411,2,NO INDICATION OF INJURY,0,0,0,0,0,2,0,17,3,6,42.01940562,-87.68759446
6/24/2019 4:40,35,NO CONTROLS,NO CONTROLS,CLEAR,DAWN,OTHER NONCOLLISION,NOT DIVIDED,STRAIGHT AND LEVEL,DRY,NO DEFECTS,ON SCENE,INJURY AND / OR TOW DUE TO CRASH,,"OVER $1,500",HAD BEEN DRINKING (USE WHEN ARREST IS NOT MADE),NOT APPLICABLE,1400,E,130TH ST,434,1,NONINCAPACITATING INJURY,1,0,0,1,0,0,0,4,2,6,41.66050151,-87.58898338
6/23/2019 14:00,30,NO CONTROLS,NO CONTROLS,CLEAR,DAYLIGHT,PARKED MOTOR VEHICLE,ONE-WAY,STRAIGHT AND LEVEL,DRY,NO DEFECTS,NOT ON SCENE (DESK REPORT),NO INJURY / DRIVE AWAY,,"OVER $1,500",UNABLE TO DETERMINE,UNABLE TO DETERMINE,4800,W,FLOURNOY ST,1533,2,NO INDICATION OF INJURY,0,0,0,0,0,1,0,14,1,6,41.87218093,-87.74498443
6/26/2019 11:00,30,NO CONTROLS,NO CONTROLS,CLEAR,DAYLIGHT,REAR END,NOT DIVIDED,STRAIGHT AND LEVEL,DRY,NO DEFECTS,NOT ON SCENE (DESK REPORT),NO INJURY / DRIVE AWAY,,"$501 - $1,500",FOLLOWING TOO CLOSELY,UNABLE TO DETERMINE,100,N,STATE ST,111,2,NO INDICATION OF INJURY,0,0,0,0,0,2,0,11,4,6,41.88324838,-87.62801718
6/22/2019 21:00,30,NO CONTROLS,NO CONTROLS,CLEAR,DUSK,REAR END,NOT DIVIDED,STRAIGHT AND LEVEL,DRY,NO DEFECTS,NOT ON SCENE (DESK REPORT),NO INJURY / DRIVE AWAY,,"OVER $1,500",IMPROPER BACKING,UNABLE TO DETERMINE,6700,S,COTTAGE GROVE AVE,321,2,NO INDICATION OF INJURY,0,0,0,0,0,2,0,21,7,6,41.77304782,-87.60591305