CRASH_DATE,POSTED_SPEED_LIMIT,TRAFFIC_CONTROL_DEVICE,DEVICE_CONDITION,WEATHER_CONDITION,LIGHTING_CONDITION,FIRST_CRASH_TYPE,TRAFFICWAY_TYPE,ALIGNMENT,ROADWAY_SURFACE_COND,ROAD_DEFECT,REPORT_TYPE,CRASH_TYPE,INTERSECTION_RELATED_I,DAMAGE,PRIM_CONTRIBUTORY_CAUSE,SEC_CONTRIBUTORY_CAUSE,STREET_NO,STREET_DIRECTION,STREET_NAME,BEAT_OF_OCCURRENCE,NUM_UNITS,MOST_SEVERE_INJURY,INJURIES_TOTAL,INJURIES_FATAL,INJURIES_INCAPACITATING,INJURIES_NON_INCAPACITATING,INJURIES_REPORTED_NOT_EVIDENT,INJURIES_NO_INDICATION,INJURIES_UNKNOWN,CRASH_HOUR,CRASH_DAY_OF_WEEK,CRASH_MONTH,LATITUDE,LONGITUDE
6/21/2019 14:50,30,NO CONTROLS,UNKNOWN,CLEAR,DAYLIGHT,SIDESWIPE SAME DIRECTION,NOT DIVIDED,STRAIGHT AND LEVEL,DRY,NO DEFECTS,,INJURY AND / OR TOW DUE TO CRASH,,"$501 - $1,500",FAILING TO YIELD RIGHT-OF-WAY,NOT APPLICABLE,1316,W,111TH ST,2234,2,NO INDICATION OF INJURY,0,0,0,0,0,3,0,14,6,6,41.69231136,-87.65526825
6/27/2019 18:30,15,NO CONTROLS,NO CONTROLS,CLEAR,DAYLIGHT,PARKED MOTOR VEHICLE,DIVIDED - W/MEDIAN (NOT RAISED),STRAIGHT AND LEVEL,DRY,NO DEFECTS,ON SCENE,NO INJURY / DRIVE AWAY,,"OVER $1,500",UNABLE TO DETERMINE,UNABLE TO DETERMINE,158,N,ADA ST,1224,2,NO INDICATION OF INJURY,0,0,0,0,0,1,0,18,5,6,41.88463867,-87.6608928
6/30/2019 14:30,30,TRAFFIC SIGNAL,UNKNOWN,RAIN,DAYLIGHT,TURNING,NOT DIVIDED,STRAIGHT AND LEVEL,WET,UNKNOWN,NOT ON SCENE (DESK REPORT),INJURY AND / OR TOW DUE TO CRASH,Y,"OVER $1,500",UNABLE TO DETERMINE,NOT APPLICABLE,4400,W,31ST ST,1031,2,NO INDICATION OF INJURY,0,0,0,0,0,5,0,14,1,6,41.83724042,-87.73414651
6/29/2019 1:50,30,UNKNOWN,UNKNOWN,CLEAR,"DARKNESS, LIGHTED ROAD",PEDALCYCLIST,NOT DIVIDED,STRAIGHT AND LEVEL,DRY,UNKNOWN,ON SCENE,INJURY AND / OR TOW DUE TO CRASH,,"OVER $1,500",UNABLE TO DETERMINE,UNABLE TO DETERMINE,10400,S,WENTWORTH AVE,512,2,NONINCAPACITATING INJURY,1,0,0,1,0,1,0,1,7,6,41.70523319,-87.62837124
6/24/2019 7:30,30,NO CONTROLS,NO CONTROLS,CLEAR,DAYLIGHT,REAR END,NOT DIVIDED,STRAIGHT AND LEVEL,DRY,NO DEFECTS,ON SCENE,NO INJURY / DRIVE AWAY,,"$501 - $1,500",UNABLE TO DETERMINE,UNABLE TO DETERMINE,1151,W,FOSTER AVE,2033,2,NO INDICATION OF INJURY,0,0,0,0,0,2,0,7,2,6,41.97621397,-87.65976178
6/20/2019 9:00,20,NO CONTROLS,NO CONTROLS,RAIN,DAYLIGHT,REAR END,DIVIDED - W/MEDIAN (NOT RAISED),STRAIGHT AND LEVEL,WET,NO DEFECTS,NOT ON SCENE (DESK REPORT),NO INJURY / DRIVE AWAY,,"$501 - $1,500",UNABLE TO DETERMINE,NOT APPLICABLE,159,N,AUSTIN BLVD,1512,2,NO INDICATION OF INJURY,0,0,0,0,0,2,0,9,5,6,41.88390126,-87.77463257
6/15/2019 4:00,30,NO CONTROLS,NO CONTROLS,CLEAR,DAWN,PARKED MOTOR VEHICLE,NOT DIVIDED,STRAIGHT AND LEVEL,DRY,NO DEFECTS,NOT ON SCENE (DESK REPORT),NO INJURY / DRIVE AWAY,,"$501 - $1,500",UNABLE TO DETERMINE,UNABLE TO DETERMINE,6359,S,AUSTIN AVE,812,2,NO INDICATION OF INJURY,0,0,0,0,0,1,0,4,7,6,41.77609661,-87.77127964
6/19/2019 23:00,30,STOP SIGN/FLASHER,FUNCTIONING PROPERLY,RAIN,"DARKNESS, LIGHTED ROAD",PEDESTRIAN,NOT DIVIDED,STRAIGHT AND LEVEL,WET,NO DEFECTS,NOT ON SCENE (DESK REPORT),INJURY AND / OR TOW DUE TO CRASH,Y,$500 OR LESS,UNABLE TO DETERMINE,NOT APPLICABLE,1324,W,LAKE ST,1215,2,NONINCAPACITATING INJURY,1,0,0,1,0,1,0,23,4,6,41.88556731,-87.65989337
6/28/2019 17:15,30,NO CONTROLS,NO CONTROLS,CLEAR,DAYLIGHT,REAR END,DIVIDED - W/MEDIAN BARRIER,STRAIGHT AND LEVEL,DRY,NO DEFECTS,ON SCENE,NO INJURY / DRIVE AWAY,,"$501 - $1,500",FOLLOWING TOO CLOSELY,NOT APPLICABLE,458,W,ROOSEVELT RD,124,2,NO INDICATION OF INJURY,0,0,0,0,0,3,0,17,6,6,41.86736349,-87.63913709
6/29/2019 19:00,30,NO CONTROLS,NO CONTROLS,CLEAR,DAYLIGHT,REAR END,FOUR WAY,STRAIGHT AND LEVEL,DRY,NO DEFECTS,NOT ON SCENE (DESK REPORT),NO INJURY / DRIVE AWAY,,"OVER $1,500",FOLLOWING TOO CLOSELY,NOT APPLICABLE,2700,S,HARDING AVE,1031,2,NO INDICATION OF INJURY,0,0,0,0,0,2,0,19,7,6,41.8423315,-87.72342629
6/18/2019 17:25,30,TRAFFIC SIGNAL,FUNCTIONING PROPERLY,CLEAR,DAYLIGHT,PARKED MOTOR VEHICLE,NOT DIVIDED,STRAIGHT AND LEVEL,DRY,NO DEFECTS,NOT ON SCENE (DESK REPORT),NO INJURY / DRIVE AWAY,,"$501 - $1,500",IMPROPER LANE USAGE,IMPROPER LANE USAGE,1146,S,WABASH AVE,123,2,NO INDICATION OF INJURY,0,0,0,0,0,3,0,17,3,6,41.86786565,-87.62598054
6/15/2019 23:54,30,TRAFFIC SIGNAL,NO CONTROLS,CLEAR,"DARKNESS, LIGHTED ROAD",TURNING,NOT DIVIDED,STRAIGHT AND LEVEL,DRY,NO DEFECTS,ON SCENE,NO INJURY / DRIVE AWAY,,"OVER $1,500",IMPROPER TURNING/NO SIGNAL,IMPROPER TURNING/NO SIGNAL,4700,S,WESTERN BLVD,922,2,NO INDICATION OF INJURY,0,0,0,0,0,4,0,23,7,6,41.80836955,-87.6840194
6/22/2019 21:29,40,TRAFFIC SIGNAL,FUNCTIONING PROPERLY,CLEAR,"DARKNESS, LIGHTED ROAD",ANGLE,DIVIDED - W/MEDIAN (NOT RAISED),STRAIGHT AND LEVEL,DRY,NO DEFECTS,ON SCENE,NO INJURY / DRIVE AWAY,Y,"OVER $1,500",UNABLE TO DETERMINE,UNABLE TO DETERMINE,4251,S,CICERO AVE,815,2,NO INDICATION OF INJURY,0,0,0,0,0,2,0,21,7,6,41.81523416,-87.74321373
6/17/2019 16:40,30,NO CONTROLS,NO CONTROLS,CLEAR,DAYLIGHT,PARKED MOTOR VEHICLE,ONE-WAY,STRAIGHT AND LEVEL,DRY,NO DEFECTS,NOT ON SCENE (DESK REPORT),NO INJURY / DRIVE AWAY,,"OVER $1,500",UNABLE TO DETERMINE,NOT APPLICABLE,2834,N,ALBANY AVE,1411,2,NO INDICATION OF INJURY,0,0,0,0,0,1,0,16,2,6,41.93309656,-87.70515321
6/28/2019 21:47,30,TRAFFIC SIGNAL,FUNCTIONING PROPERLY,CLEAR,"DARKNESS, LIGHTED ROAD",REAR END,Y-INTERSECTION,"CURVE, LEVEL",DRY,NO DEFECTS,NOT ON SCENE (DESK REPORT),NO INJURY / DRIVE AWAY,Y,"$501 - $1,500",FOLLOWING TOO CLOSELY,FAILING TO REDUCE SPEED TO AVOID CRASH,4657,W,GRAND AVE,2533,2,NO INDICATION OF INJURY,0,0,0,0,0,4,0,21,6,6,41.91275553,-87.74337065
6/30/2019 23:06,35,NO CONTROLS,NO CONTROLS,CLEAR,"DARKNESS, LIGHTED ROAD",REAR END,DIVIDED - W/MEDIAN BARRIER,STRAIGHT AND LEVEL,UNKNOWN,UNKNOWN,ON SCENE,NO INJURY / DRIVE AWAY,,$500 OR LESS,IMPROPER BACKING,NOT APPLICABLE,236,W,NORTH AVE,1814,2,NO INDICATION OF INJURY,0,0,0,0,0,2,0,23,1,6,41.91125719,-87.63622345
6/29/2019 19:30,30,NO CONTROLS,NO CONTROLS,CLEAR,DAYLIGHT,ANGLE,PARKING LOT,STRAIGHT AND LEVEL,DRY,NO DEFECTS,NOT ON SCENE (DESK REPORT),NO INJURY / DRIVE AWAY,,"OVER $1,500",FAILING TO YIELD RIGHT-OF-WAY,UNABLE TO DETERMINE,9000,S,ASHLAND AVE,2221,2,NO INDICATION OF INJURY,0,0,0,0,0,2,0,19,7,6,41.73020471,-87.66304669
6/18/2019 11:30,30,NO CONTROLS,NO CONTROLS,CLEAR,DAYLIGHT,PARKED MOTOR VEHICLE,NOT DIVIDED,STRAIGHT AND LEVEL,DRY,NO DEFECTS,NOT ON SCENE (DESK REPORT),NO INJURY / DRIVE AWAY,,"$501 - $1,500",UNABLE TO DETERMINE,NOT APPLICABLE,800,W,SUPERIOR ST,1214,2,NO INDICATION OF INJURY,0,0,0,0,0,1,0,11,3,6,41.89566757,-87.64777938
6/19/2019 20:10,20,NO CONTROLS,NO CONTROLS,RAIN,DARKNESS,PARKED MOTOR VEHICLE,NOT DIVIDED,STRAIGHT AND LEVEL,WET,NO DEFECTS,NOT ON SCENE (DESK REPORT),NO INJURY / DRIVE AWAY,,"$501 - $1,500",UNABLE TO DETERMINE,UNABLE TO DETERMINE,2832,W,72ND ST,831,3,NO INDICATION OF INJURY,0,0,0,0,0,1,0,20,4,6,41.76280355,-87.6942633
6/27/2019 7:10,30,NO CONTROLS,NO CONTROLS,CLEAR,DAYLIGHT,PARKED MOTOR VEHICLE,NOT DIVIDED,STRAIGHT AND LEVEL,DRY,UNKNOWN,NOT ON SCENE (DESK REPORT),NO INJURY / DRIVE AWAY,,"$501 - $1,500",UNABLE TO DETERMINE,NOT APPLICABLE,4012,S,KEDZIE AVE,821,2,NO INDICATION OF INJURY,0,0,0,0,0,2,0,7,5,6,41.82033677,-87.70459955
6/18/2019 17:15,30,NO CONTROLS,NO CONTROLS,CLEAR,DAYLIGHT,SIDESWIPE SAME DIRECTION,NOT DIVIDED,STRAIGHT AND LEVEL,DRY,NO DEFECTS,NOT ON SCENE (DESK REPORT),NO INJURY / DRIVE AWAY,,"OVER $1,500",FAILING TO YIELD RIGHT-OF-WAY,NOT APPLICABLE,444,N,STATE ST,1831,2,NO INDICATION OF INJURY,0,0,0,0,0,2,0,17,3,6,41.89060685,-87.62817613
6/25/2019 11:30,30,STOP SIGN/FLASHER,FUNCTIONING PROPERLY,CLEAR,DAYLIGHT,TURNING,DIVIDED - W/MEDIAN BARRIER,STRAIGHT AND LEVEL,DRY,NO DEFECTS,ON SCENE,INJURY AND / OR TOW DUE TO CRASH,Y,"OVER $1,500",FAILING TO YIELD RIGHT-OF-WAY,IMPROPER TURNING/NO SIGNAL,1900,W,ROOSEVELT RD,1231,3,NO INDICATION OF INJURY,0,0,0,0,0,3,0,11,3,6,41.86689838,-87.67385641
6/16/2019 16:13,30,NO CONTROLS,NO CONTROLS,CLEAR,DAYLIGHT,REAR END,NOT DIVIDED,STRAIGHT AND LEVEL,DRY,NO DEFECTS,NOT ON SCENE (DESK REPORT),NO INJURY / DRIVE AWAY,,"$501 - $1,500",NOT APPLICABLE,NOT APPLICABLE,6300,S,KEDVALE AVE,813,2,NO INDICATION OF INJURY,0,0,0,0,0,3,0,16,1,6,41.77859025,-87.726572
6/28/2019 7:00,25,NO CONTROLS,NO CONTROLS,CLEAR,DAYLIGHT,PARKED MOTOR VEHICLE,NOT DIVIDED,STRAIGHT AND LEVEL,DRY,NO DEFECTS,ON SCENE,NO INJURY / DRIVE AWAY,N,$500 OR LESS,IMPROPER BACKING,NOT APPLICABLE,4416,W,BARRY AVE,2523,2,NO INDICATION OF INJURY,0,0,0,0,0,1,0,7,6,6,41.93723865,-87.73767307
6/18/2019 9:57,25,TRAFFIC SIGNAL,FUNCTIONING PROPERLY,CLEAR,DAYLIGHT,SIDESWIPE SAME DIRECTION,NOT DIVIDED,STRAIGHT AND LEVEL,DRY,NO DEFECTS,ON SCENE,NO INJURY / DRIVE AWAY,,"OVER $1,500",IMPROPER OVERTAKING/PASSING,IMPROPER TURNING/NO SIGNAL,8300,S,ASHLAND AVE,614,2,NO INDICATION OF INJURY,0,0,0,0,0,2,0,9,3,6,41.74298409,-87.66339656
6/20/2019 23:13,40,NO CONTROLS,NO CONTROLS,CLEAR,"DARKNESS, LIGHTED ROAD",REAR END,DIVIDED - W/MEDIAN BARRIER,STRAIGHT AND LEVEL,DRY,NO DEFECTS,ON SCENE,INJURY AND / OR TOW DUE TO CRASH,,"OVER $1,500",FAILING TO REDUCE SPEED TO AVOID CRASH,IMPROPER LANE USAGE,600,S,LAKE SHORE DR NB,114,2,NO INDICATION OF INJURY,0,0,0,0,0,2,0,23,5,6,41.87447114,-87.61725533
6/19/2019 22:30,30,TRAFFIC SIGNAL,FUNCTIONING PROPERLY,RAIN,"DARKNESS, LIGHTED ROAD",REAR TO REAR,T-INTERSECTION,STRAIGHT AND LEVEL,WET,NO DEFECTS,ON SCENE,NO INJURY / DRIVE AWAY,Y,"OVER $1,500",DRIVING ON WRONG SIDE/WRONG WAY,FOLLOWING TOO CLOSELY,800,W,87TH ST,613,2,NO INDICATION OF INJURY,0,0,0,0,0,2,0,22,4,6,41.73618257,-87.64365982
6/29/2019 12:35,30,TRAFFIC SIGNAL,UNKNOWN,UNKNOWN,DAYLIGHT,REAR END,NOT DIVIDED,STRAIGHT AND LEVEL,UNKNOWN,UNKNOWN,NOT ON SCENE (DESK REPORT),NO INJURY / DRIVE AWAY,,"OVER $1,500",FOLLOWING TOO CLOSELY,FOLLOWING TOO CLOSELY,1518,W,BELMONT AVE,1922,2,NO INDICATION OF INJURY,0,0,0,0,0,2,0,12,7,6,41.93982771,-87.66704159
6/28/2019 10:45,30,NO CONTROLS,NO CONTROLS,CLEAR,DAYLIGHT,PARKED MOTOR VEHICLE,PARKING LOT,STRAIGHT AND LEVEL,DRY,NO DEFECTS,NOT ON SCENE (DESK REPORT),NO INJURY / DRIVE AWAY,,$500 OR LESS,UNABLE TO DETERMINE,UNABLE TO DETERMINE,800,E,55TH ST,233,2,NO INDICATION OF INJURY,0,0,0,0,0,2,0,10,6,6,41.79507521,-87.60609661
6/18/2019 15:00,20,NO CONTROLS,NO CONTROLS,CLEAR,DAYLIGHT,PARKED MOTOR VEHICLE,ONE-WAY,STRAIGHT AND LEVEL,DRY,NO DEFECTS,ON SCENE,NO INJURY / DRIVE AWAY,,"$501 - $1,500",UNABLE TO DETERMINE,NOT APPLICABLE,10426,S,SACRAMENTO AVE,2211,2,NO INDICATION OF INJURY,0,0,0,0,0,1,0,15,3,6,41.70357174,-87.69676348
6/24/2019 22:30,30,STOP SIGN/FLASHER,UNKNOWN,CLEAR,"DARKNESS, LIGHTED ROAD",TURNING,DIVIDED - W/MEDIAN (NOT RAISED),STRAIGHT AND LEVEL,DRY,UNKNOWN,ON SCENE,INJURY AND / OR TOW DUE TO CRASH,,"OVER $1,500",NOT APPLICABLE,UNABLE TO DETERMINE,7701,S,LOOMIS BLVD,612,2,NONINCAPACITATING INJURY,1,0,0,1,0,2,0,22,2,6,41.75397562,-87.65853489
6/17/2019 7:15,35,OTHER,FUNCTIONING PROPERLY,CLEAR,DAYLIGHT,SIDESWIPE SAME DIRECTION,ONE-WAY,STRAIGHT AND LEVEL,DRY,UNKNOWN,ON SCENE,NO INJURY / DRIVE AWAY,,"$501 - $1,500",IMPROPER OVERTAKING/PASSING,IMPROPER LANE USAGE,7901,S,STONY ISLAND AVE,411,2,NO INDICATION OF INJURY,0,0,0,0,0,2,0,7,2,6,41.75144291,-87.58550589
6/17/2019 3:00,30,NO CONTROLS,NO CONTROLS,CLEAR,"DARKNESS, LIGHTED ROAD",PARKED MOTOR VEHICLE,DIVIDED - W/MEDIAN (NOT RAISED),STRAIGHT AND LEVEL,DRY,NO DEFECTS,NOT ON SCENE (DESK REPORT),NO INJURY / DRIVE AWAY,,"OVER $1,500",UNABLE TO DETERMINE,UNABLE TO DETERMINE,37,S,ALBANY AVE,1124,2,NO INDICATION OF INJURY,0,0,0,0,0,1,0,3,2,6,41.87997192,-87.70279694
6/23/2019 18:15,30,TRAFFIC SIGNAL,NO CONTROLS,RAIN,DAYLIGHT,TURNING,DIVIDED - W/MEDIAN (NOT RAISED),STRAIGHT AND LEVEL,WET,UNKNOWN,NOT ON SCENE (DESK REPORT),NO INJURY / DRIVE AWAY,Y,"OVER $1,500",UNABLE TO DETERMINE,NOT APPLICABLE,259,S,CICERO AVE,1113,2,NO INDICATION OF INJURY,0,0,0,0,0,3,0,18,1,6,41.8768543,-87.7450002
6/30/2019 5:17,30,TRAFFIC SIGNAL,FUNCTIONING PROPERLY,CLEAR,DAWN,REAR END,DIVIDED - W/MEDIAN (NOT RAISED),STRAIGHT AND LEVEL,DRY,NO DEFECTS,NOT ON SCENE (DESK REPORT),INJURY AND / OR TOW DUE TO CRASH,,"OVER $1,500",FAILING TO REDUCE SPEED TO AVOID CRASH,FOLLOWING TOO CLOSELY,3100,W,FULLERTON AVE,1414,2,NO INDICATION OF INJURY,0,0,0,0,0,3,0,5,1,6,41.92485061,-87.70475596
6/15/2019 8:00,30,NO CONTROLS,NO CONTROLS,CLEAR,DAYLIGHT,REAR END,NOT DIVIDED,STRAIGHT AND LEVEL,DRY,NO DEFECTS,NOT ON SCENE (DESK REPORT),NO INJURY / DRIVE AWAY,,"OVER $1,500",FOLLOWING TOO CLOSELY,UNABLE TO DETERMINE,5523,W,DEVON AVE,1621,2,NO INDICATION OF INJURY,0,0,0,0,0,2,0,8,7,6,41.99719615,-87.76663285
6/16/2019 17:43,30,NO CONTROLS,NO CONTROLS,CLEAR,DAYLIGHT,TURNING,ONE-WAY,STRAIGHT AND LEVEL,DRY,UNKNOWN,NOT ON SCENE (DESK REPORT),NO INJURY / DRIVE AWAY,,"OVER $1,500",UNABLE TO DETERMINE,NOT APPLICABLE,4332,W,13TH ST,1011,2,NO INDICATION OF INJURY,0,0,0,0,0,2,0,17,1,6,41.86433269,-87.73374472
6/29/2019 4:28,30,NO CONTROLS,NO CONTROLS,CLEAR,DAYLIGHT,FIXED OBJECT,NOT DIVIDED,STRAIGHT AND LEVEL,DRY,NO DEFECTS,ON SCENE,INJURY AND / OR TOW DUE TO CRASH,,"OVER $1,500","EVASIVE ACTION DUE TO ANIMAL, OBJECT, NONMOTORIST",NOT APPLICABLE,4909,W,DIVISION ST,1531,1,NO INDICATION OF INJURY,0,0,0,0,0,1,0,4,7,6,41.9022123,-87.74884541
6/25/2019 20:55,15,NO CONTROLS,NO CONTROLS,CLEAR,DARKNESS,PARKED MOTOR VEHICLE,ALLEY,STRAIGHT AND LEVEL,DRY,NO DEFECTS,ON SCENE,NO INJURY / DRIVE AWAY,,"$501 - $1,500",DRIVING SKILLS/KNOWLEDGE/EXPERIENCE,NOT APPLICABLE,6291,N,FRANCISCO AVE,2413,2,NO INDICATION OF INJURY,0,0,0,0,0,1,0,20,3,6,41.99564814,-87.70185485
6/25/2019 13:30,10,NO CONTROLS,NO CONTROLS,CLEAR,DAYLIGHT,FIXED OBJECT,OTHER,STRAIGHT ON GRADE,DRY,UNKNOWN,ON SCENE,NO INJURY / DRIVE AWAY,,"OVER $1,500",UNABLE TO DETERMINE,NOT APPLICABLE,4343,W,44TH PL,815,1,NO INDICATION OF INJURY,0,0,0,0,0,1,0,13,3,6,41.81302473,-87.73290322
6/28/2019 18:41,30,NO CONTROLS,NO CONTROLS,CLEAR,DAYLIGHT,SIDESWIPE SAME DIRECTION,NOT DIVIDED,STRAIGHT AND LEVEL,DRY,NO DEFECTS,ON SCENE,NO INJURY / DRIVE AWAY,,"OVER $1,500",FOLLOWING TOO CLOSELY,IMPROPER LANE USAGE,122,W,79TH ST,623,2,NO INDICATION OF INJURY,0,0,0,0,0,2,0,18,6,6,41.75100315,-87.62795522
6/27/2019 2:45,30,STOP SIGN/FLASHER,FUNCTIONING PROPERLY,CLEAR,"DARKNESS, LIGHTED ROAD",PARKED MOTOR VEHICLE,ONE-WAY,STRAIGHT AND LEVEL,DRY,NO DEFECTS,ON SCENE,NO INJURY / DRIVE AWAY,,"OVER $1,500",UNABLE TO DETERMINE,NOT APPLICABLE,7760,S,PRAIRIE AVE,623,3,NO INDICATION OF INJURY,0,0,0,0,0,1,0,2,5,6,41.75297429,-87.61834454
6/26/2019 12:07,30,TRAFFIC SIGNAL,FUNCTIONING PROPERLY,CLEAR,DAYLIGHT,SIDESWIPE SAME DIRECTION,CENTER TURN LANE,STRAIGHT AND LEVEL,DRY,NO DEFECTS,NOT ON SCENE (DESK REPORT),NO INJURY / DRIVE AWAY,,"OVER $1,500",IMPROPER LANE USAGE,FOLLOWING TOO CLOSELY,5458,S,CICERO AVE,815,2,NO INDICATION OF INJURY,0,0,0,0,0,2,0,12,4,6,41.79306973,-87.74216464
6/21/2019 16:02,30,TRAFFIC SIGNAL,FUNCTIONING PROPERLY,CLEAR,DAYLIGHT,SIDESWIPE SAME DIRECTION,FOUR WAY,STRAIGHT AND LEVEL,DRY,NO DEFECTS,ON SCENE,NO INJURY / DRIVE AWAY,Y,$500 OR LESS,NOT APPLICABLE,NOT APPLICABLE,100,N,PULASKI RD,1114,2,NO INDICATION OF INJURY,0,0,0,0,0,2,0,16,6,6,41.88198557,-87.72585459
6/16/2019 6:15,25,STOP SIGN/FLASHER,FUNCTIONING PROPERLY,UNKNOWN,UNKNOWN,ANGLE,FOUR WAY,STRAIGHT AND LEVEL,UNKNOWN,UNKNOWN,ON SCENE,INJURY AND / OR TOW DUE TO CRASH,Y,"OVER $1,500",DISREGARDING STOP SIGN,FAILING TO YIELD RIGHT-OF-WAY,6500,N,CALIFORNIA AVE,2412,2,NO INDICATION OF INJURY,0,0,0,0,0,2,0,6,1,6,41.99947588,-87.69984547
6/18/2019 16:45,30,NO CONTROLS,NO CONTROLS,CLEAR,DAYLIGHT,SIDESWIPE SAME DIRECTION,OTHER,STRAIGHT AND LEVEL,UNKNOWN,UNKNOWN,NOT ON SCENE (DESK REPORT),NO INJURY / DRIVE AWAY,,"$501 - $1,500",UNABLE TO DETERMINE,UNABLE TO DETERMINE,5701,N,BROADWAY,2022,2,NO INDICATION OF INJURY,0,0,0,0,0,2,0,16,3,6,41.98547919,-87.65997884
6/26/2019 8:00,30,NO CONTROLS,NO CONTROLS,CLEAR,DAYLIGHT,PARKED MOTOR VEHICLE,NOT DIVIDED,STRAIGHT AND LEVEL,DRY,NO DEFECTS,NOT ON SCENE (DESK REPORT),NO INJURY / DRIVE AWAY,,"$501 - $1,500",UNABLE TO DETERMINE,NOT APPLICABLE,5554,W,ARDMORE AVE,1621,2,NO INDICATION OF INJURY,0,0,0,0,0,1,0,8,4,6,41.98597672,-87.76709936
6/29/2019 17:00,25,NO CONTROLS,NO CONTROLS,CLEAR,DAYLIGHT,PARKED MOTOR VEHICLE,DIVIDED - W/MEDIAN (NOT RAISED),STRAIGHT AND LEVEL,DRY,NO DEFECTS,NOT ON SCENE (DESK REPORT),NO INJURY / DRIVE AWAY,,"$501 - $1,500",IMPROPER OVERTAKING/PASSING,NOT APPLICABLE,4021,S,VINCENNES AVE,214,2,NO INDICATION OF INJURY,0,0,0,0,0,1,0,17,7,6,41.8207231,-87.61317541
6/28/2019 12:52,35,TRAFFIC SIGNAL,FUNCTIONING PROPERLY,CLEAR,DAYLIGHT,HEAD ON,NOT DIVIDED,STRAIGHT AND LEVEL,UNKNOWN,UNKNOWN,ON SCENE,INJURY AND / OR TOW DUE TO CRASH,Y,"OVER $1,500",UNABLE TO DETERMINE,UNABLE TO DETERMINE,9501,S,STONY ISLAND AVE,431,2,"REPORTED, NOT EVIDENT",2,0,0,0,2,0,0,12,6,6,41.72224382,-87.58496912
6/19/2019 19:15,40,NO CONTROLS,NO CONTROLS,RAIN,"DARKNESS, LIGHTED ROAD",REAR END,DIVIDED - W/MEDIAN BARRIER,STRAIGHT AND LEVEL,WET,NO DEFECTS,NOT ON SCENE (DESK REPORT),NO INJURY / DRIVE AWAY,,"OVER $1,500",FOLLOWING TOO CLOSELY,UNABLE TO DETERMINE,1335,N,LAKE SHORE DR NB,1824,2,NO INDICATION OF INJURY,0,0,0,0,0,2,0,19,4,6,41.90702746,-87.62497947
6/23/2019 3:50,30,NO CONTROLS,NO CONTROLS,CLEAR,DAWN,PARKED MOTOR VEHICLE,PARKING LOT,STRAIGHT ON HILLCREST,DRY,NO DEFECTS,ON SCENE,NO INJURY / DRIVE AWAY,,"OVER $1,500",FAILING TO REDUCE SPEED TO AVOID CRASH,NOT APPLICABLE,60,W,KINZIE ST,1831,2,NO INDICATION OF INJURY,0,0,0,0,0,2,0,3,1,6,41.88933322,-87.63028247
6/26/2019 5:30,30,NO CONTROLS,NO CONTROLS,CLEAR,DARKNESS,PARKED MOTOR VEHICLE,ALLEY,STRAIGHT AND LEVEL,DRY,NO DEFECTS,NOT ON SCENE (DESK REPORT),NO INJURY / DRIVE AWAY,,"OVER $1,500",UNABLE TO DETERMINE,NOT APPLICABLE,24,S,MAYFIELD AVE,1513,2,NO INDICATION OF INJURY,0,0,0,0,0,1,0,5,4,6,41.87938947,-87.77151414
6/29/2019 21:10,10,NO CONTROLS,NO CONTROLS,CLEAR,"DARKNESS, LIGHTED ROAD",TURNING,PARKING LOT,STRAIGHT AND LEVEL,DRY,NO DEFECTS,NOT ON SCENE (DESK REPORT),NO INJURY / DRIVE AWAY,,"OVER $1,500",FAILING TO YIELD RIGHT-OF-WAY,UNABLE TO DETERMINE,3803,W,ROOSEVELT RD,1011,2,NO INDICATION OF INJURY,0,0,0,0,0,5,0,21,7,6,41.86612813,-87.72026401
6/24/2019 1:45,30,TRAFFIC SIGNAL,FUNCTIONING PROPERLY,CLEAR,"DARKNESS, LIGHTED ROAD",REAR END,NOT DIVIDED,STRAIGHT AND LEVEL,WET,NO DEFECTS,NOT ON SCENE (DESK REPORT),NO INJURY / DRIVE AWAY,,"OVER $1,500",UNABLE TO DETERMINE,UNABLE TO DETERMINE,7560,S,COTTAGE GROVE AVE,624,2,NO INDICATION OF INJURY,0,0,0,0,0,2,0,1,2,6,41.7568459,-87.60549464
6/16/2019 12:50,30,NO CONTROLS,NO CONTROLS,CLEAR,DAYLIGHT,REAR END,NOT DIVIDED,STRAIGHT AND LEVEL,DRY,NO DEFECTS,NOT ON SCENE (DESK REPORT),NO INJURY / DRIVE AWAY,,"OVER $1,500",UNABLE TO DETERMINE,UNABLE TO DETERMINE,2942,W,PETERSON AVE,2413,2,NO INDICATION OF INJURY,0,0,0,0,0,2,0,12,1,6,41.99053016,-87.7035221
6/27/2019 9:30,30,NO CONTROLS,NO CONTROLS,CLEAR,DAYLIGHT,PEDALCYCLIST,NOT DIVIDED,STRAIGHT AND LEVEL,DRY,NO DEFECTS,ON SCENE,INJURY AND / OR TOW DUE TO CRASH,,$500 OR LESS,FAILING TO YIELD RIGHT-OF-WAY,NOT APPLICABLE,905,N,ORLEANS ST,1823,2,NONINCAPACITATING INJURY,1,0,0,1,0,0,0,9,5,6,41.89911359,-87.63712192