CRASH_DATE,POSTED_SPEED_LIMIT,TRAFFIC_CONTROL_DEVICE,DEVICE_CONDITION,WEATHER_CONDITION,LIGHTING_CONDITION,FIRST_CRASH_TYPE,TRAFFICWAY_TYPE,ALIGNMENT,ROADWAY_SURFACE_COND,ROAD_DEFECT,REPORT_TYPE,CRASH_TYPE,INTERSECTION_RELATED_I,DAMAGE,PRIM_CONTRIBUTORY_CAUSE,SEC_CONTRIBUTORY_CAUSE,STREET_NO,STREET_DIRECTION,STREET_NAME,BEAT_OF_OCCURRENCE,NUM_UNITS,MOST_SEVERE_INJURY,INJURIES_TOTAL,INJURIES_FATAL,INJURIES_INCAPACITATING,INJURIES_NON_INCAPACITATING,INJURIES_REPORTED_NOT_EVIDENT,INJURIES_NO_INDICATION,INJURIES_UNKNOWN,CRASH_HOUR,CRASH_DAY_OF_WEEK,CRASH_MONTH,LATITUDE,LONGITUDE
6/22/2019 7:00,20,NO CONTROLS,NO CONTROLS,CLEAR,DAYLIGHT,PARKED MOTOR VEHICLE,ONE-WAY,STRAIGHT AND LEVEL,DRY,NO DEFECTS,ON SCENE,NO INJURY / DRIVE AWAY,,"OVER $1,500",UNABLE TO DETERMINE,FAILING TO REDUCE SPEED TO AVOID CRASH,5100,S,KEATING AVE,815,2,NO INDICATION OF INJURY,0,0,0,0,0,1,0,7,7,6,41.80026506,-87.74188325
6/21/2019 15:00,30,NO CONTROLS,NO CONTROLS,CLEAR,DAYLIGHT,PARKED MOTOR VEHICLE,DIVIDED - W/MEDIAN (NOT RAISED),STRAIGHT AND LEVEL,DRY,NO DEFECTS,NOT ON SCENE (DESK REPORT),NO INJURY / DRIVE AWAY,,"OVER $1,500",NOT APPLICABLE,NOT APPLICABLE,6209,S,KILBOURN AVE,813,2,NO INDICATION OF INJURY,0,0,0,0,0,1,0,15,6,6,41.78002374,-87.73486523
6/28/2019 23:00,30,NO CONTROLS,NO CONTROLS,CLEAR,"DARKNESS, LIGHTED ROAD",SIDESWIPE SAME DIRECTION,DIVIDED - W/MEDIAN (NOT RAISED),STRAIGHT AND LEVEL,DRY,NO DEFECTS,ON SCENE,NO INJURY / DRIVE AWAY,,"OVER $1,500",UNABLE TO DETERMINE,NOT APPLICABLE,4446,W,NORTH AVE,2533,2,NO INDICATION OF INJURY,0,0,0,0,0,5,0,23,6,6,41.90983883,-87.73801062
6/13/2019 17:32,15,TRAFFIC SIGNAL,FUNCTIONING PROPERLY,CLEAR,DAYLIGHT,REAR END,FOUR WAY,STRAIGHT AND LEVEL,DRY,NO DEFECTS,ON SCENE,NO INJURY / DRIVE AWAY,Y,$500 OR LESS,FOLLOWING TOO CLOSELY,NOT APPLICABLE,1600,N,LAKE SHORE DR,1814,2,NO INDICATION OF INJURY,0,0,0,0,0,2,0,17,5,6,41.91122456,-87.62648257
6/26/2019 17:49,30,NO CONTROLS,NO CONTROLS,CLEAR,DAYLIGHT,PARKED MOTOR VEHICLE,NOT DIVIDED,STRAIGHT AND LEVEL,DRY,NO DEFECTS,NOT ON SCENE (DESK REPORT),NO INJURY / DRIVE AWAY,,"$501 - $1,500",NOT APPLICABLE,NOT APPLICABLE,3800,W,80TH PL,834,2,NO INDICATION OF INJURY,0,0,0,0,0,1,0,17,4,6,41.74694152,-87.71706505
6/26/2019 15:02,30,NO CONTROLS,NO CONTROLS,CLEAR,DAYLIGHT,HEAD ON,NOT DIVIDED,STRAIGHT AND LEVEL,DRY,UNKNOWN,NOT ON SCENE (DESK REPORT),NO INJURY / DRIVE AWAY,,"OVER $1,500",IMPROPER BACKING,NOT APPLICABLE,5823,W,LAKE ST,1512,2,NO INDICATION OF INJURY,0,0,0,0,0,2,0,15,4,6,41.88778287,-87.77064018
6/21/2019 16:00,40,NO CONTROLS,NO CONTROLS,CLEAR,DAYLIGHT,REAR END,NOT DIVIDED,STRAIGHT AND LEVEL,DRY,NO DEFECTS,NOT ON SCENE (DESK REPORT),NO INJURY / DRIVE AWAY,,"OVER $1,500",FOLLOWING TOO CLOSELY,NOT APPLICABLE,5600,N,LAKE SHORE DR NB,2022,2,NO INDICATION OF INJURY,0,0,0,0,0,2,0,16,6,6,41.983976,-87.6528362
6/16/2019 12:19,30,NO CONTROLS,NO CONTROLS,RAIN,UNKNOWN,PARKED MOTOR VEHICLE,ONE-WAY,STRAIGHT AND LEVEL,WET,UNKNOWN,NOT ON SCENE (DESK REPORT),NO INJURY / DRIVE AWAY,,"OVER $1,500",DRIVING SKILLS/KNOWLEDGE/EXPERIENCE,UNABLE TO DETERMINE,8505,S,PARNELL AVE,622,2,NO INDICATION OF INJURY,0,0,0,0,0,1,0,12,1,6,41.7394293,-87.63750673
6/21/2019 7:10,30,STOP SIGN/FLASHER,FUNCTIONING PROPERLY,CLEAR,DAYLIGHT,FIXED OBJECT,ONE-WAY,STRAIGHT AND LEVEL,DRY,NO DEFECTS,ON SCENE,INJURY AND / OR TOW DUE TO CRASH,N,$500 OR LESS,UNDER THE INFLUENCE OF ALCOHOL/DRUGS (USE WHEN ARREST IS EFFECTED),PHYSICAL CONDITION OF DRIVER,200,S,CENTRAL AVE,1513,1,NO INDICATION OF INJURY,0,0,0,0,0,1,0,7,6,6,41.87773355,-87.7649174
6/28/2019 13:00,30,NO CONTROLS,NO CONTROLS,CLEAR,DAYLIGHT,PARKED MOTOR VEHICLE,PARKING LOT,STRAIGHT AND LEVEL,DRY,NO DEFECTS,NOT ON SCENE (DESK REPORT),NO INJURY / DRIVE AWAY,,"$501 - $1,500",UNABLE TO DETERMINE,NOT APPLICABLE,2656,N,ELSTON AVE,1432,2,NO INDICATION OF INJURY,0,0,0,0,0,1,0,13,6,6,41.929849,-87.68464378
6/15/2019 11:00,20,NO CONTROLS,NO CONTROLS,RAIN,DAYLIGHT,PARKED MOTOR VEHICLE,NOT DIVIDED,STRAIGHT AND LEVEL,WET,NO DEFECTS,NOT ON SCENE (DESK REPORT),NO INJURY / DRIVE AWAY,,"OVER $1,500",UNABLE TO DETERMINE,UNABLE TO DETERMINE,3037,N,RACINE AVE,1933,2,NO INDICATION OF INJURY,0,0,0,0,0,1,0,11,7,6,41.93732919,-87.65873144
6/22/2019 14:45,30,NO CONTROLS,NO CONTROLS,CLEAR,DAYLIGHT,REAR END,NOT DIVIDED,STRAIGHT AND LEVEL,DRY,NO DEFECTS,NOT ON SCENE (DESK REPORT),NO INJURY / DRIVE AWAY,,"$501 - $1,500",FOLLOWING TOO CLOSELY,NOT APPLICABLE,3414,W,DIVERSEY AVE,1412,2,NO INDICATION OF INJURY,0,0,0,0,0,2,0,14,7,6,41.93207259,-87.71287204
6/21/2019 10:00,25,NO CONTROLS,NO CONTROLS,CLEAR,DAYLIGHT,ANGLE,NOT DIVIDED,STRAIGHT AND LEVEL,DRY,NO DEFECTS,NOT ON SCENE (DESK REPORT),NO INJURY / DRIVE AWAY,,"OVER $1,500",IMPROPER BACKING,IMPROPER BACKING,1148,W,RUNDELL PL,1232,2,NO INDICATION OF INJURY,0,0,0,0,0,2,0,10,6,6,41.88126759,-87.65662897
6/28/2019 16:15,15,NO CONTROLS,NO CONTROLS,CLEAR,DAYLIGHT,REAR END,ALLEY,STRAIGHT AND LEVEL,DRY,UNKNOWN,NOT ON SCENE (DESK REPORT),NO INJURY / DRIVE AWAY,,"$501 - $1,500",UNABLE TO DETERMINE,NOT APPLICABLE,5150,N,GLENWOOD AVE,2033,2,NO INDICATION OF INJURY,0,0,0,0,0,3,0,16,6,6,41.97595319,-87.66489138
6/20/2019 9:40,30,NO CONTROLS,NO CONTROLS,CLOUDY/OVERCAST,DAYLIGHT,SIDESWIPE SAME DIRECTION,NOT DIVIDED,STRAIGHT AND LEVEL,WET,NO DEFECTS,ON SCENE,NO INJURY / DRIVE AWAY,,"OVER $1,500",IMPROPER OVERTAKING/PASSING,NOT APPLICABLE,7210,W,TOUHY AVE,1611,2,NO INDICATION OF INJURY,0,0,0,0,0,2,0,9,5,6,42.01181516,-87.80709682
6/13/2019 17:20,30,NO CONTROLS,NO CONTROLS,CLEAR,DAYLIGHT,REAR END,DIVIDED - W/MEDIAN (NOT RAISED),STRAIGHT AND LEVEL,DRY,NO DEFECTS,NOT ON SCENE (DESK REPORT),INJURY AND / OR TOW DUE TO CRASH,N,"$501 - $1,500",CELL PHONE USE OTHER THAN TEXTING,NOT APPLICABLE,1720,E,95TH ST,413,2,NONINCAPACITATING INJURY,1,0,0,1,0,1,0,17,5,6,41.72249736,-87.58171559
6/24/2019 17:45,30,TRAFFIC SIGNAL,FUNCTIONING PROPERLY,CLOUDY/OVERCAST,DAYLIGHT,PEDESTRIAN,NOT DIVIDED,STRAIGHT AND LEVEL,WET,NO DEFECTS,ON SCENE,INJURY AND / OR TOW DUE TO CRASH,Y,"$501 - $1,500",UNABLE TO DETERMINE,NOT APPLICABLE,6700,S,COTTAGE GROVE AVE,321,,,,,,,,,,17,2,6,41.77304782,-87.60591305
6/16/2019 15:00,30,TRAFFIC SIGNAL,FUNCTIONING PROPERLY,CLEAR,DAYLIGHT,REAR END,NOT DIVIDED,STRAIGHT AND LEVEL,DRY,NO DEFECTS,NOT ON SCENE (DESK REPORT),NO INJURY / DRIVE AWAY,,"$501 - $1,500",UNABLE TO DETERMINE,UNABLE TO DETERMINE,12700,S,WALLACE ST,523,2,NO INDICATION OF INJURY,0,0,0,0,0,2,0,15,1,6,41.66317327,-87.63676308
6/29/2019 11:05,35,NO CONTROLS,NO CONTROLS,CLEAR,DAYLIGHT,PARKED MOTOR VEHICLE,NOT DIVIDED,STRAIGHT AND LEVEL,DRY,NO DEFECTS,NOT ON SCENE (DESK REPORT),NO INJURY / DRIVE AWAY,,"OVER $1,500",IMPROPER BACKING,NOT APPLICABLE,1115,W,TAYLOR ST,1232,2,NO INDICATION OF INJURY,0,0,0,0,0,1,0,11,7,6,41.86933507,-87.65492043
6/9/2019 19:30,25,NO CONTROLS,NO CONTROLS,CLEAR,DAYLIGHT,OTHER OBJECT,NOT DIVIDED,STRAIGHT AND LEVEL,DRY,"RUT, HOLES",NOT ON SCENE (DESK REPORT),INJURY AND / OR TOW DUE TO CRASH,,"$501 - $1,500",NOT APPLICABLE,NOT APPLICABLE,1840,W,TAYLOR ST,1231,1,NO INDICATION OF INJURY,0,0,0,0,0,1,0,19,1,6,41.86927622,-87.67295107
6/19/2019 22:35,30,TRAFFIC SIGNAL,FUNCTIONING PROPERLY,CLEAR,DARKNESS,REAR END,NOT DIVIDED,STRAIGHT AND LEVEL,DRY,NO DEFECTS,NOT ON SCENE (DESK REPORT),NO INJURY / DRIVE AWAY,,"$501 - $1,500",FOLLOWING TOO CLOSELY,UNABLE TO DETERMINE,2616,N,CICERO AVE,2521,2,NO INDICATION OF INJURY,0,0,0,0,0,2,0,22,4,6,41.92845408,-87.74661563
6/23/2019 15:35,30,TRAFFIC SIGNAL,FUNCTIONING PROPERLY,CLEAR,DAYLIGHT,REAR END,NOT DIVIDED,STRAIGHT AND LEVEL,DRY,NO DEFECTS,NOT ON SCENE (DESK REPORT),NO INJURY / DRIVE AWAY,,"$501 - $1,500",FOLLOWING TOO CLOSELY,UNABLE TO DETERMINE,5200,N,SHERIDAN RD,2023,2,NO INDICATION OF INJURY,0,0,0,0,0,2,0,15,1,6,41.97649272,-87.65513361
6/26/2019 18:30,30,TRAFFIC SIGNAL,FUNCTIONING PROPERLY,CLEAR,DUSK,REAR END,NOT DIVIDED,STRAIGHT AND LEVEL,DRY,NO DEFECTS,NOT ON SCENE (DESK REPORT),NO INJURY / DRIVE AWAY,,"$501 - $1,500",FOLLOWING TOO CLOSELY,FAILING TO REDUCE SPEED TO AVOID CRASH,6455,W,IRVING PARK RD,1632,2,NO INDICATION OF INJURY,0,0,0,0,0,2,0,18,4,6,41.95277157,-87.78870905
6/28/2019 11:30,30,NO CONTROLS,UNKNOWN,CLEAR,DAYLIGHT,REAR END,ONE-WAY,STRAIGHT AND LEVEL,DRY,UNKNOWN,NOT ON SCENE (DESK REPORT),NO INJURY / DRIVE AWAY,,"$501 - $1,500",UNABLE TO DETERMINE,UNABLE TO DETERMINE,65,E,HURON ST,1834,2,NO INDICATION OF INJURY,0,0,0,0,0,3,0,11,6,6,41.89480617,-87.62573611
6/28/2019 16:29,30,TRAFFIC SIGNAL,FUNCTIONING PROPERLY,CLEAR,DAYLIGHT,SIDESWIPE SAME DIRECTION,NOT DIVIDED,STRAIGHT AND LEVEL,DRY,NO DEFECTS,ON SCENE,NO INJURY / DRIVE AWAY,Y,"$501 - $1,500",UNABLE TO DETERMINE,UNABLE TO DETERMINE,1200,S,ASHLAND AVE,1233,2,NO INDICATION OF INJURY,0,0,0,0,0,2,0,16,6,6,41.86681578,-87.66652926
6/29/2019 13:25,30,TRAFFIC SIGNAL,FUNCTIONING PROPERLY,CLEAR,DAYLIGHT,TURNING,NOT DIVIDED,STRAIGHT AND LEVEL,DRY,NO DEFECTS,NOT ON SCENE (DESK REPORT),NO INJURY / DRIVE AWAY,,"OVER $1,500",UNABLE TO DETERMINE,NOT APPLICABLE,3901,W,63RD ST,823,2,NO INDICATION OF INJURY,0,0,0,0,0,4,0,13,7,6,41.77858403,-87.72042748
6/28/2019 15:03,30,NO CONTROLS,NO CONTROLS,CLEAR,DAYLIGHT,PARKED MOTOR VEHICLE,NOT DIVIDED,STRAIGHT AND LEVEL,DRY,NO DEFECTS,NOT ON SCENE (DESK REPORT),INJURY AND / OR TOW DUE TO CRASH,,"OVER $1,500",FAILING TO REDUCE SPEED TO AVOID CRASH,UNABLE TO DETERMINE,4526,W,HARRISON ST,1131,2,NO INDICATION OF INJURY,0,0,0,0,0,1,0,15,6,6,41.8733824,-87.73877833
6/30/2019 2:16,30,NO CONTROLS,NO CONTROLS,CLEAR,"DARKNESS, LIGHTED ROAD",HEAD ON,NOT DIVIDED,STRAIGHT AND LEVEL,DRY,UNKNOWN,ON SCENE,INJURY AND / OR TOW DUE TO CRASH,,"OVER $1,500",UNABLE TO DETERMINE,FAILING TO YIELD RIGHT-OF-WAY,3736,W,LAKE ST,1122,2,"REPORTED, NOT EVIDENT",1,0,0,0,1,3,0,2,1,6,41.88525463,-87.71991905
6/26/2019 11:34,10,NO CONTROLS,NOT FUNCTIONING,CLEAR,DAYLIGHT,PARKED MOTOR VEHICLE,PARKING LOT,STRAIGHT AND LEVEL,DRY,NO DEFECTS,ON SCENE,NO INJURY / DRIVE AWAY,,"$501 - $1,500",NOT APPLICABLE,NOT APPLICABLE,3401,W,DEVON AVE,1711,2,NO INDICATION OF INJURY,0,0,0,0,0,1,0,11,4,6,41.9971984,-87.71434623
6/26/2019 8:42,30,TRAFFIC SIGNAL,FUNCTIONING PROPERLY,CLEAR,DAYLIGHT,REAR END,NOT DIVIDED,STRAIGHT AND LEVEL,DRY,NO DEFECTS,ON SCENE,INJURY AND / OR TOW DUE TO CRASH,Y,"OVER $1,500",UNABLE TO DETERMINE,UNABLE TO DETERMINE,4003,W,CHICAGO AVE,1111,2,NO INDICATION OF INJURY,0,0,0,0,0,2,0,8,4,6,41.89525645,-87.72621433
6/15/2019 22:38,15,NO CONTROLS,NO CONTROLS,FOG/SMOKE/HAZE,DARKNESS,PARKED MOTOR VEHICLE,DRIVEWAY,STRAIGHT AND LEVEL,WET,WORN SURFACE,ON SCENE,NO INJURY / DRIVE AWAY,,$500 OR LESS,UNABLE TO DETERMINE,UNABLE TO DETERMINE,4000,E,134TH ST,433,2,NO INDICATION OF INJURY,0,0,0,0,0,1,0,22,7,6,41.65170129,-87.52749195
6/28/2019 13:15,30,NO CONTROLS,NO CONTROLS,CLEAR,DAYLIGHT,SIDESWIPE SAME DIRECTION,NOT DIVIDED,STRAIGHT AND LEVEL,DRY,NO DEFECTS,NOT ON SCENE (DESK REPORT),NO INJURY / DRIVE AWAY,,"OVER $1,500",UNABLE TO DETERMINE,UNABLE TO DETERMINE,61,S,DESPLAINES ST,121,2,NO INDICATION OF INJURY,0,0,0,0,0,2,0,13,6,6,41.88059639,-87.64393681
6/21/2019 13:00,30,NO CONTROLS,NO CONTROLS,CLEAR,DAYLIGHT,REAR END,DIVIDED - W/MEDIAN (NOT RAISED),STRAIGHT AND LEVEL,DRY,NO DEFECTS,NOT ON SCENE (DESK REPORT),NO INJURY / DRIVE AWAY,,"$501 - $1,500",FOLLOWING TOO CLOSELY,UNABLE TO DETERMINE,2933,N,AUSTIN AVE,2514,2,NO INDICATION OF INJURY,0,0,0,0,0,2,0,13,6,6,41.93396697,-87.77591418
6/21/2019 8:10,30,STOP SIGN/FLASHER,FUNCTIONING PROPERLY,CLEAR,DAYLIGHT,TURNING,DIVIDED - W/MEDIAN (NOT RAISED),STRAIGHT AND LEVEL,DRY,NO DEFECTS,ON SCENE,NO INJURY / DRIVE AWAY,Y,"$501 - $1,500",FAILING TO YIELD RIGHT-OF-WAY,NOT APPLICABLE,7128,W,HIGGINS AVE,1613,2,NO INDICATION OF INJURY,0,0,0,0,0,2,0,8,6,6,41.98095578,-87.80571204
6/23/2019 17:00,30,STOP SIGN/FLASHER,FUNCTIONING PROPERLY,CLOUDY/OVERCAST,DAYLIGHT,SIDESWIPE SAME DIRECTION,DIVIDED - W/MEDIAN (NOT RAISED),STRAIGHT AND LEVEL,DRY,NO DEFECTS,NOT ON SCENE (DESK REPORT),NO INJURY / DRIVE AWAY,Y,"$501 - $1,500",DRIVING SKILLS/KNOWLEDGE/EXPERIENCE,NOT APPLICABLE,7600,S,EGGLESTON AVE,621,2,NO INDICATION OF INJURY,0,0,0,0,0,3,0,17,1,6,41.75614138,-87.63579986
6/29/2019 12:33,10,NO CONTROLS,NO CONTROLS,CLEAR,DAYLIGHT,OTHER OBJECT,PARKING LOT,STRAIGHT AND LEVEL,DRY,NO DEFECTS,ON SCENE,NO INJURY / DRIVE AWAY,,"OVER $1,500",NOT APPLICABLE,NOT APPLICABLE,5204,N,NAGLE AVE,1613,1,NO INDICATION OF INJURY,0,0,0,0,0,1,0,12,7,6,41.97582818,-87.78801832
6/25/2019 11:40,30,TRAFFIC SIGNAL,FUNCTIONING PROPERLY,CLEAR,DAYLIGHT,REAR END,NOT DIVIDED,STRAIGHT AND LEVEL,DRY,NO DEFECTS,ON SCENE,INJURY AND / OR TOW DUE TO CRASH,,"$501 - $1,500",FOLLOWING TOO CLOSELY,NOT APPLICABLE,3001,W,ROOSEVELT RD,1022,2,NONINCAPACITATING INJURY,3,0,0,1,2,1,0,11,3,6,41.86634522,-87.70084694
6/30/2019 8:30,30,TRAFFIC SIGNAL,UNKNOWN,CLEAR,DAYLIGHT,REAR END,DIVIDED - W/MEDIAN (NOT RAISED),STRAIGHT AND LEVEL,DRY,UNKNOWN,ON SCENE,NO INJURY / DRIVE AWAY,N,"$501 - $1,500",FAILING TO REDUCE SPEED TO AVOID CRASH,FOLLOWING TOO CLOSELY,8700,S,STATE ST,632,2,NO INDICATION OF INJURY,0,0,0,0,0,3,0,8,1,6,41.73620947,-87.62430552
6/28/2019 7:00,35,NO CONTROLS,NO CONTROLS,CLEAR,DAYLIGHT,PARKED MOTOR VEHICLE,DIVIDED - W/MEDIAN BARRIER,STRAIGHT AND LEVEL,DRY,NO DEFECTS,NOT ON SCENE (DESK REPORT),NO INJURY / DRIVE AWAY,,"OVER $1,500",FAILING TO REDUCE SPEED TO AVOID CRASH,NOT APPLICABLE,200,S,WACKER DR,122,2,NO INDICATION OF INJURY,0,0,0,0,0,1,0,7,6,6,41.87928364,-87.6371007
6/28/2019 17:36,45,TRAFFIC SIGNAL,FUNCTIONING PROPERLY,CLEAR,DAYLIGHT,REAR END,NOT DIVIDED,STRAIGHT AND LEVEL,DRY,NO DEFECTS,ON SCENE,INJURY AND / OR TOW DUE TO CRASH,,"OVER $1,500",PHYSICAL CONDITION OF DRIVER,NOT APPLICABLE,1204,N,LARAMIE AVE,2532,2,NONINCAPACITATING INJURY,1,0,0,1,0,1,0,17,6,6,41.90242856,-87.75592516
6/22/2019 22:00,30,NO CONTROLS,NO CONTROLS,CLEAR,"DARKNESS, LIGHTED ROAD",SIDESWIPE SAME DIRECTION,NOT DIVIDED,STRAIGHT AND LEVEL,DRY,NO DEFECTS,NOT ON SCENE (DESK REPORT),NO INJURY / DRIVE AWAY,,"OVER $1,500",NOT APPLICABLE,UNABLE TO DETERMINE,1963,N,SHEFFIELD AVE,1813,2,NO INDICATION OF INJURY,0,0,0,0,0,2,0,22,7,6,41.91773285,-87.65320833
6/26/2019 21:27,30,TRAFFIC SIGNAL,FUNCTIONING PROPERLY,RAIN,"DARKNESS, LIGHTED ROAD",REAR END,NOT DIVIDED,STRAIGHT ON GRADE,WET,NO DEFECTS,ON SCENE,INJURY AND / OR TOW DUE TO CRASH,Y,"OVER $1,500",UNABLE TO DETERMINE,UNABLE TO DETERMINE,4700,S,WESTERN AVE,922,3,NO INDICATION OF INJURY,0,0,0,0,0,5,0,21,4,6,41.80837841,-87.68457072
6/23/2019 12:50,30,TRAFFIC SIGNAL,NO CONTROLS,CLEAR,DAYLIGHT,REAR END,NOT DIVIDED,STRAIGHT AND LEVEL,DRY,NO DEFECTS,NOT ON SCENE (DESK REPORT),NO INJURY / DRIVE AWAY,,"$501 - $1,500",DISTRACTION - FROM INSIDE VEHICLE,UNABLE TO DETERMINE,801,W,VAN BUREN ST,1232,2,NO INDICATION OF INJURY,0,0,0,0,0,2,0,12,1,6,41.87656107,-87.64725767
6/19/2019 8:15,30,NO CONTROLS,NO CONTROLS,CLEAR,DAYLIGHT,REAR END,NOT DIVIDED,STRAIGHT AND LEVEL,DRY,NO DEFECTS,ON SCENE,NO INJURY / DRIVE AWAY,,"OVER $1,500",IMPROPER BACKING,NOT APPLICABLE,940,W,FOSTER AVE,2023,2,NO INDICATION OF INJURY,0,0,0,0,0,3,0,8,4,6,41.97651812,-87.65418526
6/27/2019 5:50,30,UNKNOWN,UNKNOWN,UNKNOWN,UNKNOWN,PARKED MOTOR VEHICLE,PARKING LOT,STRAIGHT AND LEVEL,UNKNOWN,UNKNOWN,NOT ON SCENE (DESK REPORT),NO INJURY / DRIVE AWAY,,"OVER $1,500",UNABLE TO DETERMINE,NOT APPLICABLE,501,W,SURF ST,1934,3,NO INDICATION OF INJURY,0,0,0,0,0,1,0,5,5,6,41.93419517,-87.64140394
6/16/2019 14:20,30,TRAFFIC SIGNAL,FUNCTIONING PROPERLY,CLEAR,DAYLIGHT,REAR END,DIVIDED - W/MEDIAN (NOT RAISED),STRAIGHT AND LEVEL,DRY,UNKNOWN,NOT ON SCENE (DESK REPORT),NO INJURY / DRIVE AWAY,Y,$500 OR LESS,FOLLOWING TOO CLOSELY,DRIVING SKILLS/KNOWLEDGE/EXPERIENCE,30,W,59TH ST,232,2,NO INDICATION OF INJURY,0,0,0,0,0,2,0,14,1,6,41.78745463,-87.62663251
6/19/2019 14:55,20,OTHER,OTHER,CLOUDY/OVERCAST,DAYLIGHT,REAR END,OTHER,STRAIGHT AND LEVEL,DRY,NO DEFECTS,ON SCENE,NO INJURY / DRIVE AWAY,,$500 OR LESS,NOT APPLICABLE,NOT APPLICABLE,1,W,PARKING LOT A ST,1654,2,NO INDICATION OF INJURY,0,0,0,0,0,4,0,14,4,6,,
6/27/2019 23:40,30,UNKNOWN,UNKNOWN,CLEAR,"DARKNESS, LIGHTED ROAD",SIDESWIPE SAME DIRECTION,NOT DIVIDED,STRAIGHT AND LEVEL,UNKNOWN,UNKNOWN,NOT ON SCENE (DESK REPORT),NO INJURY / DRIVE AWAY,,$500 OR LESS,UNABLE TO DETERMINE,UNABLE TO DETERMINE,2425,E,79TH ST,422,2,NO INDICATION OF INJURY,0,0,0,0,0,2,0,23,5,6,41.7516336,-87.56516065
6/29/2019 21:55,30,NO CONTROLS,NO CONTROLS,CLEAR,"DARKNESS, LIGHTED ROAD",PEDESTRIAN,NOT DIVIDED,STRAIGHT AND LEVEL,DRY,NO DEFECTS,ON SCENE,INJURY AND / OR TOW DUE TO CRASH,,$500 OR LESS,UNABLE TO DETERMINE,UNABLE TO DETERMINE,2148,N,CENTRAL PARK AVE,2525,2,INCAPACITATING INJURY,1,0,1,0,0,1,0,21,7,6,41.92060148,-87.71702029
6/25/2019 12:45,30,TRAFFIC SIGNAL,FUNCTIONING PROPERLY,CLEAR,DAYLIGHT,SIDESWIPE SAME DIRECTION,NOT DIVIDED,STRAIGHT AND LEVEL,DRY,NO DEFECTS,NOT ON SCENE (DESK REPORT),NO INJURY / DRIVE AWAY,,"$501 - $1,500",DRIVING SKILLS/KNOWLEDGE/EXPERIENCE,UNABLE TO DETERMINE,5400,S,WESTERN AVE,923,2,NO INDICATION OF INJURY,0,0,0,0,0,2,0,12,3,6,41.79517044,-87.68421944
6/27/2019 13:20,30,NO CONTROLS,NO CONTROLS,CLEAR,DAYLIGHT,SIDESWIPE OPPOSITE DIRECTION,NOT DIVIDED,STRAIGHT AND LEVEL,DRY,NO DEFECTS,NOT ON SCENE (DESK REPORT),NO INJURY / DRIVE AWAY,,"$501 - $1,500",IMPROPER BACKING,NOT APPLICABLE,325,N,WABASH AVE,111,2,NO INDICATION OF INJURY,0,0,0,0,0,2,0,13,5,6,41.88773863,-87.62659157
6/25/2019 12:35,35,NO CONTROLS,NO CONTROLS,CLEAR,DAYLIGHT,REAR END,NOT DIVIDED,STRAIGHT AND LEVEL,DRY,NO DEFECTS,ON SCENE,INJURY AND / OR TOW DUE TO CRASH,,"$501 - $1,500",FOLLOWING TOO CLOSELY,NOT APPLICABLE,3127,W,GRAND AVE,1211,2,"REPORTED, NOT EVIDENT",2,0,0,0,2,2,0,12,3,6,41.89759542,-87.70516144
6/29/2019 4:11,30,TRAFFIC SIGNAL,FUNCTIONING PROPERLY,CLEAR,"DARKNESS, LIGHTED ROAD",ANGLE,ONE-WAY,STRAIGHT AND LEVEL,DRY,NO DEFECTS,ON SCENE,INJURY AND / OR TOW DUE TO CRASH,Y,"OVER $1,500",DISREGARDING TRAFFIC SIGNALS,NOT APPLICABLE,3800,W,CONGRESS PKWY,1133,2,NONINCAPACITATING INJURY,4,0,0,4,0,0,0,4,7,6,41.87455188,-87.72045366
6/21/2019 12:05,30,TRAFFIC SIGNAL,FUNCTIONING PROPERLY,CLEAR,DAYLIGHT,REAR END,DIVIDED - W/MEDIAN (NOT RAISED),STRAIGHT AND LEVEL,DRY,NO DEFECTS,NOT ON SCENE (DESK REPORT),NO INJURY / DRIVE AWAY,,"OVER $1,500",FOLLOWING TOO CLOSELY,FAILING TO YIELD RIGHT-OF-WAY,3001,W,DIVERSEY AVE,1411,2,NO INDICATION OF INJURY,0,0,0,0,0,4,0,12,6,6,41.93194854,-87.70258033
6/29/2019 10:48,30,NO CONTROLS,NO CONTROLS,CLEAR,DAYLIGHT,TURNING,DIVIDED - W/MEDIAN (NOT RAISED),STRAIGHT AND LEVEL,DRY,NO DEFECTS,ON SCENE,INJURY AND / OR TOW DUE TO CRASH,,"OVER $1,500",FAILING TO YIELD RIGHT-OF-WAY,NOT APPLICABLE,8703,S,DR MARTIN LUTHER KING JR DR,632,2,NO INDICATION OF INJURY,0,0,0,0,0,4,0,10,7,6,41.73639815,-87.61437776
6/15/2019 20:17,30,TRAFFIC SIGNAL,FUNCTIONING PROPERLY,RAIN,DARKNESS,TURNING,DIVIDED - W/MEDIAN (NOT RAISED),STRAIGHT AND LEVEL,WET,NO DEFECTS,ON SCENE,NO INJURY / DRIVE AWAY,,"$501 - $1,500",IMPROPER TURNING/NO SIGNAL,IMPROPER TURNING/NO SIGNAL,3950,N,LAKE SHORE DR,1925,2,NO INDICATION OF INJURY,0,0,0,0,0,4,0,20,7,6,41.95434472,-87.64534962