CRASH_DATE,POSTED_SPEED_LIMIT,TRAFFIC_CONTROL_DEVICE,DEVICE_CONDITION,WEATHER_CONDITION,LIGHTING_CONDITION,FIRST_CRASH_TYPE,TRAFFICWAY_TYPE,ALIGNMENT,ROADWAY_SURFACE_COND,ROAD_DEFECT,REPORT_TYPE,CRASH_TYPE,INTERSECTION_RELATED_I,DAMAGE,PRIM_CONTRIBUTORY_CAUSE,SEC_CONTRIBUTORY_CAUSE,STREET_NO,STREET_DIRECTION,STREET_NAME,BEAT_OF_OCCURRENCE,NUM_UNITS,MOST_SEVERE_INJURY,INJURIES_TOTAL,INJURIES_FATAL,INJURIES_INCAPACITATING,INJURIES_NON_INCAPACITATING,INJURIES_REPORTED_NOT_EVIDENT,INJURIES_NO_INDICATION,INJURIES_UNKNOWN,CRASH_HOUR,CRASH_DAY_OF_WEEK,CRASH_MONTH,LATITUDE,LONGITUDE
6/18/2019 16:50,15,NO CONTROLS,NO CONTROLS,CLEAR,DAYLIGHT,PARKED MOTOR VEHICLE,PARKING LOT,STRAIGHT AND LEVEL,DRY,NO DEFECTS,NOT ON SCENE (DESK REPORT),NO INJURY / DRIVE AWAY,,"OVER $1,500",UNABLE TO DETERMINE,NOT APPLICABLE,4230,W,IRVING PARK RD,1722,2,NO INDICATION OF INJURY,0,0,0,0,0,1,0,16,3,6,41.9536886,-87.73389766
6/28/2019 8:15,30,TRAFFIC SIGNAL,FUNCTIONING PROPERLY,CLEAR,DAYLIGHT,REAR END,NOT DIVIDED,STRAIGHT AND LEVEL,DRY,NO DEFECTS,NOT ON SCENE (DESK REPORT),NO INJURY / DRIVE AWAY,,"$501 - $1,500",UNABLE TO DETERMINE,DRIVING SKILLS/KNOWLEDGE/EXPERIENCE,4200,S,PULASKI RD,815,2,NO INDICATION OF INJURY,0,0,0,0,0,2,0,8,6,6,41.81690171,-87.72405154
6/30/2019 23:00,45,NO CONTROLS,NO CONTROLS,CLEAR,"DARKNESS, LIGHTED ROAD",SIDESWIPE SAME DIRECTION,DIVIDED - W/MEDIAN BARRIER,STRAIGHT AND LEVEL,DRY,NO DEFECTS,NOT ON SCENE (DESK REPORT),NO INJURY / DRIVE AWAY,,"OVER $1,500",IMPROPER LANE USAGE,NOT APPLICABLE,2600,S,LAKE SHORE DR SB,133,2,NO INDICATION OF INJURY,0,0,0,0,0,2,0,23,1,6,41.84572186,-87.61173236
6/28/2019 23:10,30,NO CONTROLS,NO CONTROLS,CLEAR,"DARKNESS, LIGHTED ROAD",OTHER OBJECT,NOT DIVIDED,STRAIGHT AND LEVEL,DRY,NO DEFECTS,ON SCENE,NO INJURY / DRIVE AWAY,,$500 OR LESS,IMPROPER BACKING,NOT APPLICABLE,3214,W,31ST ST,1032,2,NO INDICATION OF INJURY,0,0,0,0,0,2,0,23,6,6,41.83732727,-87.70548275
6/17/2019 12:05,35,NO CONTROLS,NO CONTROLS,CLEAR,DAYLIGHT,SIDESWIPE SAME DIRECTION,DIVIDED - W/MEDIAN (NOT RAISED),STRAIGHT AND LEVEL,DRY,NO DEFECTS,ON SCENE,INJURY AND / OR TOW DUE TO CRASH,,"OVER $1,500",FOLLOWING TOO CLOSELY,NOT APPLICABLE,11320,S,PULASKI RD,2211,3,NO INDICATION OF INJURY,0,0,0,0,0,4,0,12,2,6,41.68692055,-87.72030274
6/27/2019 18:20,20,STOP SIGN/FLASHER,FUNCTIONING PROPERLY,CLEAR,DAWN,REAR END,NOT DIVIDED,STRAIGHT AND LEVEL,DRY,NO DEFECTS,NOT ON SCENE (DESK REPORT),NO INJURY / DRIVE AWAY,,"$501 - $1,500",UNABLE TO DETERMINE,UNABLE TO DETERMINE,6459,S,SAYRE AVE,812,2,NO INDICATION OF INJURY,0,0,0,0,0,2,0,18,5,6,41.77383121,-87.79567224
6/17/2019 12:00,15,NO CONTROLS,NO CONTROLS,CLEAR,DAYLIGHT,PARKED MOTOR VEHICLE,PARKING LOT,STRAIGHT AND LEVEL,DRY,NO DEFECTS,NOT ON SCENE (DESK REPORT),NO INJURY / DRIVE AWAY,,"$501 - $1,500",UNABLE TO DETERMINE,UNABLE TO DETERMINE,1551,N,SHEFFIELD AVE,1822,2,NO INDICATION OF INJURY,0,0,0,0,0,1,0,12,2,6,41.90992872,-87.65296804
6/16/2019 14:00,30,NO CONTROLS,NO CONTROLS,CLOUDY/OVERCAST,DAYLIGHT,REAR END,DIVIDED - W/MEDIAN (NOT RAISED),STRAIGHT AND LEVEL,DRY,NO DEFECTS,,NO INJURY / DRIVE AWAY,,"$501 - $1,500",UNABLE TO DETERMINE,NOT APPLICABLE,348,S,CENTRAL AVE,1513,2,NO INDICATION OF INJURY,0,0,0,0,0,2,0,14,1,6,41.87504165,-87.76481954
6/15/2019 22:18,30,NO CONTROLS,NO CONTROLS,FOG/SMOKE/HAZE,DAWN,ANGLE,T-INTERSECTION,STRAIGHT AND LEVEL,UNKNOWN,UNKNOWN,ON SCENE,INJURY AND / OR TOW DUE TO CRASH,Y,"OVER $1,500","OPERATING VEHICLE IN ERRATIC, RECKLESS, CARELESS, NEGLIGENT OR AGGRESSIVE MANNER",UNABLE TO DETERMINE,200,W,92ND ST,634,3,NO INDICATION OF INJURY,0,0,0,0,0,5,0,22,7,6,41.7272387,-87.62886555
6/25/2019 23:20,30,NO CONTROLS,NO CONTROLS,CLEAR,"DARKNESS, LIGHTED ROAD",REAR TO FRONT,ONE-WAY,STRAIGHT AND LEVEL,DRY,NO DEFECTS,ON SCENE,NO INJURY / DRIVE AWAY,,"OVER $1,500",IMPROPER BACKING,UNABLE TO DETERMINE,3800,W,GRENSHAW ST,1133,2,NO INDICATION OF INJURY,0,0,0,0,0,2,0,23,3,6,41.86724604,-87.72028089
6/23/2019 22:54,35,TRAFFIC SIGNAL,FUNCTIONING PROPERLY,RAIN,"DARKNESS, LIGHTED ROAD",REAR END,FOUR WAY,STRAIGHT AND LEVEL,WET,NO DEFECTS,ON SCENE,INJURY AND / OR TOW DUE TO CRASH,Y,"OVER $1,500",UNDER THE INFLUENCE OF ALCOHOL/DRUGS (USE WHEN ARREST IS EFFECTED),FAILING TO REDUCE SPEED TO AVOID CRASH,4002,N,CICERO AVE,1624,2,NO INDICATION OF INJURY,0,0,0,0,0,2,0,22,1,6,41.95353061,-87.74745102
6/25/2019 17:45,30,NO CONTROLS,NO CONTROLS,UNKNOWN,DAYLIGHT,PARKED MOTOR VEHICLE,NOT DIVIDED,STRAIGHT AND LEVEL,UNKNOWN,UNKNOWN,ON SCENE,NO INJURY / DRIVE AWAY,,"OVER $1,500",UNABLE TO DETERMINE,UNABLE TO DETERMINE,1712,W,WRIGHTWOOD AVE,1931,2,NO INDICATION OF INJURY,0,0,0,0,0,1,0,17,3,6,41.92884836,-87.6712759
6/18/2019 14:00,15,NO CONTROLS,NO CONTROLS,CLEAR,DARKNESS,PARKED MOTOR VEHICLE,PARKING LOT,STRAIGHT AND LEVEL,DRY,NO DEFECTS,NOT ON SCENE (DESK REPORT),NO INJURY / DRIVE AWAY,,"OVER $1,500",UNABLE TO DETERMINE,NOT APPLICABLE,7645,S,COTTAGE GROVE AVE,624,2,NO INDICATION OF INJURY,0,0,0,0,0,1,0,14,3,6,41.7554223,-87.60516547
6/20/2019 18:00,30,STOP SIGN/FLASHER,UNKNOWN,CLEAR,DAYLIGHT,REAR END,NOT DIVIDED,STRAIGHT AND LEVEL,UNKNOWN,UNKNOWN,NOT ON SCENE (DESK REPORT),NO INJURY / DRIVE AWAY,,"$501 - $1,500",UNABLE TO DETERMINE,UNABLE TO DETERMINE,5600,N,NAGLE AVE,1612,3,NO INDICATION OF INJURY,0,0,0,0,0,3,0,18,5,6,41.98300434,-87.78787997
6/25/2019 10:10,30,TRAFFIC SIGNAL,FUNCTIONING PROPERLY,CLEAR,DAYLIGHT,TURNING,NOT DIVIDED,STRAIGHT AND LEVEL,DRY,NO DEFECTS,ON SCENE,NO INJURY / DRIVE AWAY,Y,"$501 - $1,500",FAILING TO YIELD RIGHT-OF-WAY,NOT APPLICABLE,1700,N,CLARK ST,1814,2,NO INDICATION OF INJURY,0,0,0,0,0,2,0,10,3,6,41.91309459,-87.63296822
6/16/2019 11:48,30,NO CONTROLS,NO CONTROLS,CLEAR,DAYLIGHT,PARKED MOTOR VEHICLE,PARKING LOT,STRAIGHT AND LEVEL,DRY,NO DEFECTS,ON SCENE,NO INJURY / DRIVE AWAY,,"$501 - $1,500",NOT APPLICABLE,NOT APPLICABLE,8639,W,FOSTER AVE,1614,2,NO INDICATION OF INJURY,0,0,0,0,0,1,0,11,1,6,41.97365538,-87.84261631
6/28/2019 16:30,30,NO CONTROLS,NO CONTROLS,CLEAR,DAYLIGHT,REAR END,NOT DIVIDED,STRAIGHT AND LEVEL,UNKNOWN,UNKNOWN,NOT ON SCENE (DESK REPORT),NO INJURY / DRIVE AWAY,,"OVER $1,500",FOLLOWING TOO CLOSELY,NOT APPLICABLE,2484,S,HALSTED ST,913,,,,,,,,,,16,6,6,41.8472342,-87.64663771
6/23/2019 15:20,25,TRAFFIC SIGNAL,FUNCTIONING PROPERLY,CLEAR,DAYLIGHT,SIDESWIPE SAME DIRECTION,FOUR WAY,STRAIGHT AND LEVEL,DRY,NO DEFECTS,ON SCENE,NO INJURY / DRIVE AWAY,,"OVER $1,500",IMPROPER LANE USAGE,UNABLE TO DETERMINE,5559,W,63RD ST,813,2,NO INDICATION OF INJURY,0,0,0,0,0,3,0,15,1,6,41.77794589,-87.7615894
6/24/2019 17:30,30,NO CONTROLS,NO CONTROLS,CLEAR,DAYLIGHT,SIDESWIPE SAME DIRECTION,NOT DIVIDED,STRAIGHT AND LEVEL,DRY,NO DEFECTS,NOT ON SCENE (DESK REPORT),NO INJURY / DRIVE AWAY,,"OVER $1,500",FAILING TO YIELD RIGHT-OF-WAY,NOT APPLICABLE,4052,N,MILWAUKEE AVE,1624,2,NO INDICATION OF INJURY,0,0,0,0,0,2,0,17,2,6,41.95432161,-87.74904791
6/24/2019 14:10,20,NO CONTROLS,NO CONTROLS,CLEAR,DAYLIGHT,FIXED OBJECT,PARKING LOT,STRAIGHT AND LEVEL,DRY,NO DEFECTS,ON SCENE,NO INJURY / DRIVE AWAY,,$500 OR LESS,UNABLE TO DETERMINE,UNABLE TO DETERMINE,527,W,OHARE ST,1654,1,NO INDICATION OF INJURY,0,0,0,0,0,1,0,14,2,6,,
6/21/2019 8:45,25,NO CONTROLS,NO CONTROLS,CLEAR,DAYLIGHT,REAR END,ONE-WAY,STRAIGHT AND LEVEL,DRY,NO DEFECTS,NOT ON SCENE (DESK REPORT),NO INJURY / DRIVE AWAY,,"OVER $1,500",FAILING TO REDUCE SPEED TO AVOID CRASH,FOLLOWING TOO CLOSELY,3106,N,HAUSSEN CT,2523,2,NO INDICATION OF INJURY,0,0,0,0,0,2,0,8,6,6,41.93752735,-87.7224535
6/26/2019 19:57,30,NO CONTROLS,NO CONTROLS,CLOUDY/OVERCAST,DUSK,SIDESWIPE SAME DIRECTION,NOT DIVIDED,STRAIGHT AND LEVEL,DRY,UNKNOWN,NOT ON SCENE (DESK REPORT),NO INJURY / DRIVE AWAY,,$500 OR LESS,IMPROPER OVERTAKING/PASSING,UNABLE TO DETERMINE,225,W,LOWER WACKER DR,122,2,NO INDICATION OF INJURY,0,0,0,0,0,3,0,19,4,6,41.88668225,-87.63484868
6/28/2019 17:05,35,TRAFFIC SIGNAL,FUNCTIONING PROPERLY,CLEAR,DAYLIGHT,REAR END,NOT DIVIDED,STRAIGHT AND LEVEL,DRY,NO DEFECTS,ON SCENE,NO INJURY / DRIVE AWAY,,"OVER $1,500",FAILING TO REDUCE SPEED TO AVOID CRASH,NOT APPLICABLE,498,W,GARFIELD BLVD,935,2,NO INDICATION OF INJURY,0,0,0,0,0,2,0,17,6,6,41.7945458,-87.63774996
6/26/2019 0:40,30,TRAFFIC SIGNAL,FUNCTIONING PROPERLY,CLEAR,"DARKNESS, LIGHTED ROAD",TURNING,NOT DIVIDED,STRAIGHT AND LEVEL,DRY,UNKNOWN,NOT ON SCENE (DESK REPORT),NO INJURY / DRIVE AWAY,Y,"OVER $1,500",IMPROPER TURNING/NO SIGNAL,DISTRACTION - FROM INSIDE VEHICLE,2223,W,FULLERTON AVE,1432,2,NO INDICATION OF INJURY,0,0,0,0,0,6,0,0,4,6,41.92484018,-87.68405921
6/27/2019 14:20,30,NO CONTROLS,NO CONTROLS,CLEAR,DAYLIGHT,PARKED MOTOR VEHICLE,NOT DIVIDED,STRAIGHT AND LEVEL,DRY,UNKNOWN,NOT ON SCENE (DESK REPORT),NO INJURY / DRIVE AWAY,,"$501 - $1,500",UNABLE TO DETERMINE,UNABLE TO DETERMINE,3641,E,106TH ST,432,2,NO INDICATION OF INJURY,0,0,0,0,0,1,0,14,5,6,41.70262269,-87.53489109
6/19/2019 14:00,30,NO CONTROLS,NO CONTROLS,CLEAR,DAYLIGHT,SIDESWIPE SAME DIRECTION,NOT DIVIDED,STRAIGHT AND LEVEL,DRY,NO DEFECTS,NOT ON SCENE (DESK REPORT),NO INJURY / DRIVE AWAY,,"$501 - $1,500",UNABLE TO DETERMINE,UNABLE TO DETERMINE,6599,S,CICERO AVE,833,2,NO INDICATION OF INJURY,0,0,0,0,0,2,0,14,4,6,41.77305747,-87.74195987
6/24/2019 8:03,15,NO CONTROLS,WORN REFLECTIVE MATERIAL,CLEAR,DAYLIGHT,FIXED OBJECT,ALLEY,STRAIGHT AND LEVEL,DRY,DEBRIS ON ROADWAY,ON SCENE,NO INJURY / DRIVE AWAY,,$500 OR LESS,UNABLE TO DETERMINE,UNABLE TO DETERMINE,11036,S,ST LOUIS AVE,2211,1,NO INDICATION OF INJURY,0,0,0,0,0,1,0,8,2,6,41.69215716,-87.70834621
6/23/2019 10:00,25,NO CONTROLS,NO CONTROLS,UNKNOWN,UNKNOWN,PARKED MOTOR VEHICLE,NOT DIVIDED,STRAIGHT AND LEVEL,UNKNOWN,NO DEFECTS,NOT ON SCENE (DESK REPORT),NO INJURY / DRIVE AWAY,,$500 OR LESS,UNABLE TO DETERMINE,NOT APPLICABLE,3147,W,BELDEN AVE,1414,2,NO INDICATION OF INJURY,0,0,0,0,0,1,0,10,1,6,41.92312165,-87.70651371
6/30/2019 15:30,30,STOP SIGN/FLASHER,FUNCTIONING PROPERLY,RAIN,DAYLIGHT,REAR END,DIVIDED - W/MEDIAN (NOT RAISED),STRAIGHT AND LEVEL,WET,NO DEFECTS,NOT ON SCENE (DESK REPORT),NO INJURY / DRIVE AWAY,,"OVER $1,500",FOLLOWING TOO CLOSELY,NOT APPLICABLE,4225,W,ARMITAGE AVE,2534,,,,,,,,,,15,1,6,41.9169782,-87.73260544
6/21/2019 13:19,30,STOP SIGN/FLASHER,OTHER,CLEAR,DAYLIGHT,TURNING,NOT DIVIDED,STRAIGHT AND LEVEL,DRY,NO DEFECTS,NOT ON SCENE (DESK REPORT),NO INJURY / DRIVE AWAY,,"OVER $1,500",UNABLE TO DETERMINE,NOT APPLICABLE,800,W,CERMAK RD,1235,2,NO INDICATION OF INJURY,0,0,0,0,0,11,0,13,6,6,41.85275518,-87.64657986
6/25/2019 17:48,20,NO CONTROLS,NO CONTROLS,CLEAR,DAYLIGHT,PARKED MOTOR VEHICLE,ALLEY,STRAIGHT AND LEVEL,DRY,NO DEFECTS,ON SCENE,NO INJURY / DRIVE AWAY,,"OVER $1,500",UNABLE TO DETERMINE,UNABLE TO DETERMINE,125,S,AUSTIN BLVD,1513,2,NO INDICATION OF INJURY,0,0,0,0,0,1,0,17,3,6,41.87823048,-87.77444287
6/24/2019 9:50,30,TRAFFIC SIGNAL,FUNCTIONING PROPERLY,CLEAR,DAYLIGHT,SIDESWIPE SAME DIRECTION,DIVIDED - W/MEDIAN (NOT RAISED),STRAIGHT AND LEVEL,DRY,NO DEFECTS,NOT ON SCENE (DESK REPORT),NO INJURY / DRIVE AWAY,,"OVER $1,500",UNABLE TO DETERMINE,UNABLE TO DETERMINE,200,W,79TH ST,623,2,NO INDICATION OF INJURY,0,0,0,0,0,2,0,9,2,6,41.75097347,-87.62955631
6/23/2019 17:40,20,NO CONTROLS,NO CONTROLS,CLEAR,DAYLIGHT,ANGLE,ONE-WAY,STRAIGHT AND LEVEL,DRY,NO DEFECTS,NOT ON SCENE (DESK REPORT),NO INJURY / DRIVE AWAY,,"$501 - $1,500",UNABLE TO DETERMINE,UNABLE TO DETERMINE,4819,N,SAWYER AVE,1713,2,NO INDICATION OF INJURY,0,0,0,0,0,2,0,17,1,6,41.96904071,-87.70956832
6/16/2019 17:24,30,STOP SIGN/FLASHER,NO CONTROLS,CLEAR,DAYLIGHT,PEDALCYCLIST,FOUR WAY,STRAIGHT AND LEVEL,DRY,NO DEFECTS,ON SCENE,NO INJURY / DRIVE AWAY,Y,"OVER $1,500",FAILING TO YIELD RIGHT-OF-WAY,UNABLE TO DETERMINE,2300,S,MICHIGAN AVE,131,2,NO INDICATION OF INJURY,0,0,0,0,0,2,0,17,1,6,41.85102108,-87.62390505
6/20/2019 17:45,30,TRAFFIC SIGNAL,FUNCTIONING PROPERLY,CLEAR,DAYLIGHT,OTHER NONCOLLISION,ONE-WAY,STRAIGHT AND LEVEL,DRY,"RUT, HOLES",ON SCENE,INJURY AND / OR TOW DUE TO CRASH,,"$501 - $1,500",NOT APPLICABLE,NOT APPLICABLE,5700,S,WELLS ST,711,1,NO INDICATION OF INJURY,0,0,0,0,0,1,0,17,5,6,41.79078466,-87.63188868
6/19/2019 4:15,25,NO CONTROLS,NO CONTROLS,CLEAR,"DARKNESS, LIGHTED ROAD",PARKED MOTOR VEHICLE,NOT DIVIDED,STRAIGHT AND LEVEL,DRY,NO DEFECTS,NOT ON SCENE (DESK REPORT),NO INJURY / DRIVE AWAY,,"OVER $1,500",UNABLE TO DETERMINE,NOT APPLICABLE,4727,W,84TH PL,834,2,NO INDICATION OF INJURY,0,0,0,0,0,1,0,4,4,6,41.73854921,-87.74011056
6/20/2019 14:35,15,NO CONTROLS,NO CONTROLS,CLEAR,DAYLIGHT,SIDESWIPE SAME DIRECTION,NOT DIVIDED,STRAIGHT AND LEVEL,DRY,NO DEFECTS,ON SCENE,NO INJURY / DRIVE AWAY,,"$501 - $1,500",UNABLE TO DETERMINE,UNABLE TO DETERMINE,1334,N,KOSTNER AVE,2533,2,NO INDICATION OF INJURY,0,0,0,0,0,2,0,14,5,6,41.90533512,-87.73636495
6/26/2019 23:30,30,NO CONTROLS,NO CONTROLS,CLEAR,"DARKNESS, LIGHTED ROAD",PARKED MOTOR VEHICLE,ONE-WAY,STRAIGHT AND LEVEL,DRY,UNKNOWN,ON SCENE,NO INJURY / DRIVE AWAY,,"OVER $1,500",UNABLE TO DETERMINE,NOT APPLICABLE,4826,N,SPAULDING AVE,1713,4,NO INDICATION OF INJURY,0,0,0,0,0,1,0,23,4,6,41.96925127,-87.71108806
6/24/2019 15:09,30,NO CONTROLS,UNKNOWN,CLEAR,DAYLIGHT,REAR END,DIVIDED - W/MEDIAN (NOT RAISED),STRAIGHT AND LEVEL,DRY,NO DEFECTS,ON SCENE,NO INJURY / DRIVE AWAY,,"OVER $1,500",FOLLOWING TOO CLOSELY,NOT APPLICABLE,9200,S,EWING AVE,424,2,NO INDICATION OF INJURY,0,0,0,0,0,2,0,15,2,6,41.72841642,-87.54292486
6/30/2019 12:45,30,NO CONTROLS,NO CONTROLS,CLEAR,DAYLIGHT,REAR END,NOT DIVIDED,STRAIGHT AND LEVEL,DRY,NO DEFECTS,NOT ON SCENE (DESK REPORT),NO INJURY / DRIVE AWAY,,"$501 - $1,500",NOT APPLICABLE,NOT APPLICABLE,7150,W,ARCHER AVE,811,2,NO INDICATION OF INJURY,0,0,0,0,0,4,0,12,1,6,41.79205648,-87.80105899
6/25/2019 8:30,30,STOP SIGN/FLASHER,FUNCTIONING PROPERLY,CLEAR,DAYLIGHT,ANGLE,FOUR WAY,STRAIGHT AND LEVEL,DRY,NO DEFECTS,ON SCENE,INJURY AND / OR TOW DUE TO CRASH,Y,"OVER $1,500",FAILING TO YIELD RIGHT-OF-WAY,NOT APPLICABLE,7400,S,EMERALD AVE,732,2,INCAPACITATING INJURY,1,0,1,0,0,2,0,8,3,6,41.7596895,-87.64319782
6/21/2019 18:50,35,TRAFFIC SIGNAL,FUNCTIONING PROPERLY,CLEAR,DAYLIGHT,REAR END,NOT DIVIDED,STRAIGHT AND LEVEL,DRY,NO DEFECTS,ON SCENE,NO INJURY / DRIVE AWAY,N,"$501 - $1,500",FOLLOWING TOO CLOSELY,UNABLE TO DETERMINE,6795,N,KEDZIE AVE,2412,2,NO INDICATION OF INJURY,0,0,0,0,0,3,0,18,6,6,42.00456403,-87.70920038
6/19/2019 14:00,30,NO CONTROLS,NO CONTROLS,CLEAR,DAYLIGHT,ANGLE,PARKING LOT,STRAIGHT AND LEVEL,DRY,NO DEFECTS,ON SCENE,NO INJURY / DRIVE AWAY,,"$501 - $1,500",IMPROPER BACKING,NOT APPLICABLE,5805,S,ARCHER AVE,814,2,NO INDICATION OF INJURY,0,0,0,0,0,2,0,14,4,6,41.79617244,-87.75869597
6/25/2019 0:25,30,TRAFFIC SIGNAL,FUNCTIONING PROPERLY,CLEAR,"DARKNESS, LIGHTED ROAD",SIDESWIPE SAME DIRECTION,FOUR WAY,STRAIGHT AND LEVEL,DRY,NO DEFECTS,ON SCENE,INJURY AND / OR TOW DUE TO CRASH,Y,"OVER $1,500",FAILING TO REDUCE SPEED TO AVOID CRASH,UNDER THE INFLUENCE OF ALCOHOL/DRUGS (USE WHEN ARREST IS EFFECTED),301,N,WESTERN AVE,1223,2,NONINCAPACITATING INJURY,3,0,0,3,0,0,0,0,3,6,41.88672497,-87.68643361
6/29/2019 16:06,30,UNKNOWN,UNKNOWN,CLEAR,DAYLIGHT,FIXED OBJECT,ONE-WAY,STRAIGHT AND LEVEL,DRY,NO DEFECTS,ON SCENE,INJURY AND / OR TOW DUE TO CRASH,,$500 OR LESS,UNABLE TO DETERMINE,UNABLE TO DETERMINE,9499,S,ST LAWRENCE AVE,633,1,INCAPACITATING INJURY,1,0,1,0,0,0,0,16,7,6,41.72206885,-87.60916434
6/26/2019 10:07,30,NO CONTROLS,NO CONTROLS,CLEAR,DAYLIGHT,TURNING,ONE-WAY,STRAIGHT AND LEVEL,DRY,NO DEFECTS,ON SCENE,NO INJURY / DRIVE AWAY,,"OVER $1,500",UNABLE TO DETERMINE,NOT APPLICABLE,110,W,LAKE ST,122,2,NO INDICATION OF INJURY,0,0,0,0,0,2,0,10,4,6,41.88585099,-87.63132537
6/13/2019 16:20,30,NO CONTROLS,NO CONTROLS,CLEAR,DAYLIGHT,TURNING,NOT DIVIDED,STRAIGHT AND LEVEL,DRY,NO DEFECTS,NOT ON SCENE (DESK REPORT),NO INJURY / DRIVE AWAY,,"$501 - $1,500",UNABLE TO DETERMINE,UNABLE TO DETERMINE,7757,W,DEVON AVE,1612,2,NO INDICATION OF INJURY,0,0,0,0,0,2,0,16,5,6,41.99674605,-87.82127943
6/25/2019 11:50,30,NO CONTROLS,NO CONTROLS,CLEAR,DAYLIGHT,REAR END,ONE-WAY,STRAIGHT AND LEVEL,DRY,NO DEFECTS,NOT ON SCENE (DESK REPORT),NO INJURY / DRIVE AWAY,,"$501 - $1,500",DRIVING SKILLS/KNOWLEDGE/EXPERIENCE,UNABLE TO DETERMINE,3445,W,64TH PL,823,2,NO INDICATION OF INJURY,0,0,0,0,0,2,0,11,3,6,41.77601449,-87.70969345
6/24/2019 18:20,30,TRAFFIC SIGNAL,FUNCTIONING PROPERLY,CLEAR,DAYLIGHT,TURNING,FOUR WAY,STRAIGHT AND LEVEL,DRY,NO DEFECTS,ON SCENE,INJURY AND / OR TOW DUE TO CRASH,Y,"OVER $1,500",NOT APPLICABLE,NOT APPLICABLE,3400,N,AUSTIN AVE,1633,2,NO INDICATION OF INJURY,0,0,0,0,0,3,0,18,2,6,41.94215439,-87.77650575
6/19/2019 13:16,30,NO CONTROLS,NO CONTROLS,CLEAR,DAYLIGHT,PARKED MOTOR VEHICLE,PARKING LOT,STRAIGHT AND LEVEL,DRY,NO DEFECTS,NOT ON SCENE (DESK REPORT),NO INJURY / DRIVE AWAY,,$500 OR LESS,UNABLE TO DETERMINE,UNABLE TO DETERMINE,25,W,47TH ST,224,2,NO INDICATION OF INJURY,0,0,0,0,0,1,0,13,4,6,41.80910779,-87.62711401
6/16/2019 13:00,30,STOP SIGN/FLASHER,FUNCTIONING PROPERLY,CLEAR,DAYLIGHT,ANGLE,NOT DIVIDED,STRAIGHT AND LEVEL,DRY,NO DEFECTS,NOT ON SCENE (DESK REPORT),NO INJURY / DRIVE AWAY,N,"$501 - $1,500",FAILING TO REDUCE SPEED TO AVOID CRASH,FAILING TO YIELD RIGHT-OF-WAY,2103,N,LAMON AVE,2522,2,NO INDICATION OF INJURY,0,0,0,0,0,6,0,13,1,6,41.91883022,-87.74847861
6/17/2019 8:50,10,NO CONTROLS,NO CONTROLS,CLEAR,DAYLIGHT,PARKED MOTOR VEHICLE,PARKING LOT,STRAIGHT AND LEVEL,DRY,NO DEFECTS,ON SCENE,NO INJURY / DRIVE AWAY,,$500 OR LESS,NOT APPLICABLE,NOT APPLICABLE,5025,W,SCHOOL ST,1634,2,NO INDICATION OF INJURY,0,0,0,0,0,4,0,8,2,6,41.9404659,-87.75287987
6/15/2019 18:10,30,TRAFFIC SIGNAL,FUNCTIONING PROPERLY,RAIN,DAYLIGHT,REAR END,CENTER TURN LANE,STRAIGHT AND LEVEL,WET,NO DEFECTS,NOT ON SCENE (DESK REPORT),NO INJURY / DRIVE AWAY,,"$501 - $1,500",WEATHER,FOLLOWING TOO CLOSELY,1204,N,LA SALLE DR,1821,2,NO INDICATION OF INJURY,0,0,0,0,0,2,0,18,7,6,41.90407824,-87.63307451
6/28/2019 20:05,30,STOP SIGN/FLASHER,FUNCTIONING PROPERLY,CLEAR,"DARKNESS, LIGHTED ROAD",REAR END,NOT DIVIDED,STRAIGHT AND LEVEL,DRY,NO DEFECTS,NOT ON SCENE (DESK REPORT),NO INJURY / DRIVE AWAY,,$500 OR LESS,UNABLE TO DETERMINE,UNABLE TO DETERMINE,3500,S,DR MARTIN LUTHER KING JR DR,212,2,NO INDICATION OF INJURY,0,0,0,0,0,2,0,20,6,6,41.83108657,-87.61746054
6/15/2019 15:30,30,TRAFFIC SIGNAL,FUNCTIONING PROPERLY,CLEAR,DAYLIGHT,REAR END,NOT DIVIDED,STRAIGHT AND LEVEL,DRY,NO DEFECTS,NOT ON SCENE (DESK REPORT),NO INJURY / DRIVE AWAY,,"OVER $1,500",UNABLE TO DETERMINE,NOT APPLICABLE,3700,W,59TH ST,822,2,NO INDICATION OF INJURY,0,0,0,0,0,2,0,15,7,6,41.78616026,-87.71572913
6/16/2019 13:50,30,NO CONTROLS,NO CONTROLS,CLEAR,DAYLIGHT,REAR END,DIVIDED - W/MEDIAN (NOT RAISED),STRAIGHT AND LEVEL,DRY,UNKNOWN,,INJURY AND / OR TOW DUE TO CRASH,,"OVER $1,500","OPERATING VEHICLE IN ERRATIC, RECKLESS, CARELESS, NEGLIGENT OR AGGRESSIVE MANNER",IMPROPER BACKING,3598,W,87TH ST,834,2,NONINCAPACITATING INJURY,1,0,0,1,0,1,0,13,1,6,41.73513733,-87.71196587
6/26/2019 20:57,30,TRAFFIC SIGNAL,FUNCTIONING PROPERLY,RAIN,"DARKNESS, LIGHTED ROAD",TURNING,NOT DIVIDED,STRAIGHT AND LEVEL,WET,NO DEFECTS,ON SCENE,INJURY AND / OR TOW DUE TO CRASH,Y,"OVER $1,500",FAILING TO YIELD RIGHT-OF-WAY,UNABLE TO DETERMINE,1220,W,99TH ST,2213,2,"REPORTED, NOT EVIDENT",1,0,0,0,1,1,0,20,4,6,41.71418705,-87.653644