CRASH_DATE,POSTED_SPEED_LIMIT,TRAFFIC_CONTROL_DEVICE,DEVICE_CONDITION,WEATHER_CONDITION,LIGHTING_CONDITION,FIRST_CRASH_TYPE,TRAFFICWAY_TYPE,ALIGNMENT,ROADWAY_SURFACE_COND,ROAD_DEFECT,REPORT_TYPE,CRASH_TYPE,INTERSECTION_RELATED_I,DAMAGE,PRIM_CONTRIBUTORY_CAUSE,SEC_CONTRIBUTORY_CAUSE,STREET_NO,STREET_DIRECTION,STREET_NAME,BEAT_OF_OCCURRENCE,NUM_UNITS,MOST_SEVERE_INJURY,INJURIES_TOTAL,INJURIES_FATAL,INJURIES_INCAPACITATING,INJURIES_NON_INCAPACITATING,INJURIES_REPORTED_NOT_EVIDENT,INJURIES_NO_INDICATION,INJURIES_UNKNOWN,CRASH_HOUR,CRASH_DAY_OF_WEEK,CRASH_MONTH,LATITUDE,LONGITUDE
6/16/2019 16:45,30,TRAFFIC SIGNAL,UNKNOWN,CLEAR,DAYLIGHT,SIDESWIPE SAME DIRECTION,NOT DIVIDED,STRAIGHT AND LEVEL,UNKNOWN,UNKNOWN,NOT ON SCENE (DESK REPORT),NO INJURY / DRIVE AWAY,Y,"$501 - $1,500",UNABLE TO DETERMINE,UNABLE TO DETERMINE,200,E,35TH ST,211,2,NO INDICATION OF INJURY,0,0,0,0,0,2,0,16,1,6,41.83116948,-87.62170521
6/15/2019 21:50,30,TRAFFIC SIGNAL,FUNCTIONING PROPERLY,CLEAR,"DARKNESS, LIGHTED ROAD",TURNING,T-INTERSECTION,STRAIGHT AND LEVEL,DRY,NO DEFECTS,ON SCENE,NO INJURY / DRIVE AWAY,,"OVER $1,500","OPERATING VEHICLE IN ERRATIC, RECKLESS, CARELESS, NEGLIGENT OR AGGRESSIVE MANNER",UNABLE TO DETERMINE,600,W,43RD ST,925,2,NO INDICATION OF INJURY,0,0,0,0,0,2,0,21,7,6,41.81637455,-87.64089073
6/26/2019 16:30,25,NO CONTROLS,NO CONTROLS,CLEAR,DAYLIGHT,ANGLE,PARKING LOT,STRAIGHT AND LEVEL,DRY,NO DEFECTS,ON SCENE,NO INJURY / DRIVE AWAY,,"OVER $1,500",UNABLE TO DETERMINE,NOT APPLICABLE,1634,W,POLK ST,1231,2,NO INDICATION OF INJURY,0,0,0,0,0,2,0,16,4,6,41.87171471,-87.66796241
6/20/2019 8:00,35,NO CONTROLS,NO CONTROLS,CLEAR,DAYLIGHT,PARKED MOTOR VEHICLE,NOT DIVIDED,STRAIGHT AND LEVEL,DRY,NO DEFECTS,NOT ON SCENE (DESK REPORT),NO INJURY / DRIVE AWAY,,"$501 - $1,500",UNABLE TO DETERMINE,NOT APPLICABLE,3332,N,WHIPPLE ST,1733,2,NO INDICATION OF INJURY,0,0,0,0,0,1,0,8,5,6,41.94204666,-87.70417217
6/27/2019 19:00,15,NO CONTROLS,NO CONTROLS,CLEAR,DAYLIGHT,PARKED MOTOR VEHICLE,ONE-WAY,STRAIGHT AND LEVEL,DRY,NO DEFECTS,NOT ON SCENE (DESK REPORT),NO INJURY / DRIVE AWAY,,"$501 - $1,500",UNABLE TO DETERMINE,NOT APPLICABLE,10700,S,FOREST AVE,513,2,NO INDICATION OF INJURY,0,0,0,0,0,1,0,19,5,6,41.69995224,-87.61615107
6/27/2019 15:34,15,NO CONTROLS,NO CONTROLS,CLEAR,DAYLIGHT,REAR TO SIDE,PARKING LOT,STRAIGHT AND LEVEL,DRY,NO DEFECTS,NOT ON SCENE (DESK REPORT),NO INJURY / DRIVE AWAY,,"$501 - $1,500",UNABLE TO DETERMINE,NOT APPLICABLE,1919,N,CICERO AVE,2533,2,NO INDICATION OF INJURY,0,0,0,0,0,2,0,15,5,6,41.91571015,-87.74590776
6/26/2019 17:00,30,TRAFFIC SIGNAL,FUNCTIONING PROPERLY,CLEAR,DAYLIGHT,REAR END,NOT DIVIDED,STRAIGHT AND LEVEL,DRY,NO DEFECTS,NOT ON SCENE (DESK REPORT),NO INJURY / DRIVE AWAY,Y,"$501 - $1,500",UNABLE TO DETERMINE,UNABLE TO DETERMINE,24,W,RANDOLPH ST,111,2,NO INDICATION OF INJURY,0,0,0,0,0,2,0,17,4,6,41.88459574,-87.62879501
6/28/2019 17:55,35,TRAFFIC SIGNAL,FUNCTIONING PROPERLY,CLEAR,DAYLIGHT,TURNING,T-INTERSECTION,STRAIGHT AND LEVEL,DRY,NO DEFECTS,ON SCENE,INJURY AND / OR TOW DUE TO CRASH,Y,"OVER $1,500",DISREGARDING TRAFFIC SIGNALS,NOT APPLICABLE,4134,S,STATE ST,213,2,NONINCAPACITATING INJURY,1,0,0,1,0,1,0,17,6,6,41.81915078,-87.62648898
6/27/2019 12:08,25,NO CONTROLS,NO CONTROLS,CLEAR,DAYLIGHT,PARKED MOTOR VEHICLE,NOT DIVIDED,STRAIGHT ON GRADE,DRY,WORN SURFACE,ON SCENE,NO INJURY / DRIVE AWAY,,"$501 - $1,500",UNABLE TO DETERMINE,NOT APPLICABLE,6412,N,AVONDALE AVE,1612,2,NO INDICATION OF INJURY,0,0,0,0,0,1,0,12,5,6,41.99729299,-87.81092055
6/27/2019 15:35,30,NO CONTROLS,NO CONTROLS,CLEAR,DAYLIGHT,SIDESWIPE SAME DIRECTION,NOT DIVIDED,STRAIGHT AND LEVEL,DRY,UNKNOWN,NOT ON SCENE (DESK REPORT),NO INJURY / DRIVE AWAY,,"$501 - $1,500",IMPROPER LANE USAGE,NOT APPLICABLE,7400,S,WESTERN AVE,835,2,NO INDICATION OF INJURY,0,0,0,0,0,3,0,15,5,6,41.7591586,-87.68324641
6/17/2019 7:40,30,TRAFFIC SIGNAL,FUNCTIONING PROPERLY,CLEAR,DAYLIGHT,REAR END,DIVIDED - W/MEDIAN (NOT RAISED),STRAIGHT AND LEVEL,DRY,NO DEFECTS,NOT ON SCENE (DESK REPORT),NO INJURY / DRIVE AWAY,,$500 OR LESS,UNABLE TO DETERMINE,NOT APPLICABLE,3400,W,BRYN MAWR AVE,1711,2,NO INDICATION OF INJURY,0,0,0,0,0,2,0,7,2,6,41.98311718,-87.71380491
6/25/2019 11:30,25,NO CONTROLS,NO CONTROLS,CLEAR,DAYLIGHT,PARKED MOTOR VEHICLE,NOT DIVIDED,STRAIGHT AND LEVEL,DRY,UNKNOWN,ON SCENE,NO INJURY / DRIVE AWAY,,"OVER $1,500",UNABLE TO DETERMINE,UNABLE TO DETERMINE,3230,W,48TH PL,821,2,NO INDICATION OF INJURY,0,0,0,0,0,1,0,11,3,6,41.80579217,-87.70519256
6/24/2019 21:10,30,NO CONTROLS,NO CONTROLS,CLEAR,DARKNESS,PARKED MOTOR VEHICLE,ONE-WAY,STRAIGHT AND LEVEL,DRY,NO DEFECTS,ON SCENE,NO INJURY / DRIVE AWAY,,"OVER $1,500",UNABLE TO DETERMINE,NOT APPLICABLE,310,S,LOCKWOOD AVE,1522,2,NO INDICATION OF INJURY,0,0,0,0,0,1,0,21,2,6,41.87623882,-87.75768637
6/22/2019 13:50,15,NO CONTROLS,NO CONTROLS,CLEAR,DAYLIGHT,PARKED MOTOR VEHICLE,PARKING LOT,STRAIGHT AND LEVEL,DRY,NO DEFECTS,NOT ON SCENE (DESK REPORT),NO INJURY / DRIVE AWAY,,"OVER $1,500",DRIVING SKILLS/KNOWLEDGE/EXPERIENCE,NOT APPLICABLE,1030,W,DIVISION ST,1822,2,NO INDICATION OF INJURY,0,0,0,0,0,1,0,13,7,6,41.90366842,-87.65369936
6/16/2019 2:30,30,NO CONTROLS,NO CONTROLS,FOG/SMOKE/HAZE,DARKNESS,REAR END,NOT DIVIDED,STRAIGHT AND LEVEL,WET,NO DEFECTS,NOT ON SCENE (DESK REPORT),NO INJURY / DRIVE AWAY,,"OVER $1,500",UNABLE TO DETERMINE,UNABLE TO DETERMINE,1,S,KOSTNER AVE,1115,3,NO INDICATION OF INJURY,0,0,0,0,0,3,0,2,1,6,41.88056533,-87.7353271
6/17/2019 5:20,30,NO CONTROLS,NO CONTROLS,CLOUDY/OVERCAST,DAYLIGHT,FIXED OBJECT,NOT DIVIDED,STRAIGHT AND LEVEL,DRY,NO DEFECTS,ON SCENE,INJURY AND / OR TOW DUE TO CRASH,,"OVER $1,500",DISREGARDING ROAD MARKINGS,NOT APPLICABLE,1400,W,NORTH AVE,1433,1,NO INDICATION OF INJURY,0,0,0,0,0,2,0,5,2,6,41.91080682,-87.66310493
6/17/2019 20:00,30,NO CONTROLS,NO CONTROLS,CLEAR,"DARKNESS, LIGHTED ROAD",PARKED MOTOR VEHICLE,NOT DIVIDED,STRAIGHT AND LEVEL,DRY,NO DEFECTS,NOT ON SCENE (DESK REPORT),NO INJURY / DRIVE AWAY,,"$501 - $1,500",UNABLE TO DETERMINE,UNABLE TO DETERMINE,160,E,PEARSON ST,1833,2,NO INDICATION OF INJURY,0,0,0,0,0,2,0,20,2,6,41.89770258,-87.62346196
6/25/2019 17:00,30,TRAFFIC SIGNAL,FUNCTIONING PROPERLY,CLEAR,DAYLIGHT,REAR END,NOT DIVIDED,STRAIGHT AND LEVEL,DRY,NO DEFECTS,,NO INJURY / DRIVE AWAY,,"$501 - $1,500",NOT APPLICABLE,NOT APPLICABLE,3401,W,HARRISON ST,1133,1,NO INDICATION OF INJURY,0,0,0,0,0,1,0,17,3,6,41.87351722,-87.71090159
6/27/2019 17:20,10,NO CONTROLS,NO CONTROLS,CLEAR,DAYLIGHT,PARKED MOTOR VEHICLE,PARKING LOT,STRAIGHT AND LEVEL,UNKNOWN,UNKNOWN,NOT ON SCENE (DESK REPORT),NO INJURY / DRIVE AWAY,,"OVER $1,500",UNABLE TO DETERMINE,NOT APPLICABLE,4300,S,UNION AVE,925,2,NO INDICATION OF INJURY,0,0,0,0,0,4,0,17,5,6,41.81618611,-87.64345182
6/26/2019 22:00,30,OTHER,OTHER,RAIN,"DARKNESS, LIGHTED ROAD",PARKED MOTOR VEHICLE,NOT DIVIDED,STRAIGHT AND LEVEL,WET,UNKNOWN,NOT ON SCENE (DESK REPORT),NO INJURY / DRIVE AWAY,,"$501 - $1,500",UNABLE TO DETERMINE,UNABLE TO DETERMINE,1129,W,CHICAGO AVE,1215,2,NO INDICATION OF INJURY,0,0,0,0,0,1,0,22,4,6,41.89613873,-87.65634571
6/17/2019 8:20,30,NO CONTROLS,NO CONTROLS,CLEAR,DAYLIGHT,SIDESWIPE SAME DIRECTION,NOT DIVIDED,STRAIGHT AND LEVEL,UNKNOWN,UNKNOWN,NOT ON SCENE (DESK REPORT),NO INJURY / DRIVE AWAY,,"$501 - $1,500",UNABLE TO DETERMINE,UNABLE TO DETERMINE,1801,W,FOSTER AVE,2032,2,NO INDICATION OF INJURY,0,0,0,0,0,2,0,8,2,6,41.97598574,-87.67476593
6/24/2019 15:00,35,YIELD,FUNCTIONING PROPERLY,RAIN,DAYLIGHT,REAR END,NOT DIVIDED,STRAIGHT AND LEVEL,WET,NO DEFECTS,NOT ON SCENE (DESK REPORT),NO INJURY / DRIVE AWAY,,$500 OR LESS,IMPROPER BACKING,NOT APPLICABLE,4900,W,LE MOYNE ST,2533,2,NO INDICATION OF INJURY,0,0,0,0,0,2,0,15,2,6,41.9078696,-87.74866916
6/29/2019 0:15,15,NO CONTROLS,NO CONTROLS,CLEAR,DARKNESS,FIXED OBJECT,ALLEY,STRAIGHT AND LEVEL,DRY,UNKNOWN,NOT ON SCENE (DESK REPORT),NO INJURY / DRIVE AWAY,,"OVER $1,500",UNABLE TO DETERMINE,UNABLE TO DETERMINE,5214,W,DRUMMOND PL,2514,1,NO INDICATION OF INJURY,0,0,0,0,0,1,0,0,7,6,41.92878523,-87.75697399
6/28/2019 17:25,30,NO CONTROLS,NO CONTROLS,CLEAR,DAYLIGHT,SIDESWIPE SAME DIRECTION,NOT DIVIDED,STRAIGHT AND LEVEL,DRY,UNKNOWN,NOT ON SCENE (DESK REPORT),NO INJURY / DRIVE AWAY,,"$501 - $1,500",UNABLE TO DETERMINE,UNABLE TO DETERMINE,5198,W,ADDISON ST,1634,2,NO INDICATION OF INJURY,0,0,0,0,0,2,0,17,6,6,41.94611233,-87.75680271
6/23/2019 16:48,30,NO CONTROLS,NO CONTROLS,CLOUDY/OVERCAST,DAYLIGHT,PARKED MOTOR VEHICLE,NOT DIVIDED,STRAIGHT AND LEVEL,WET,NO DEFECTS,ON SCENE,NO INJURY / DRIVE AWAY,,"$501 - $1,500",UNABLE TO DETERMINE,NOT APPLICABLE,118,E,49TH ST,224,2,NO INDICATION OF INJURY,0,0,0,0,0,1,0,16,1,6,41.80576844,-87.62184185
6/25/2019 2:00,30,NO CONTROLS,NO CONTROLS,CLEAR,DAYLIGHT,SIDESWIPE SAME DIRECTION,DIVIDED - W/MEDIAN (NOT RAISED),STRAIGHT AND LEVEL,DRY,NO DEFECTS,NOT ON SCENE (DESK REPORT),NO INJURY / DRIVE AWAY,,"$501 - $1,500",IMPROPER OVERTAKING/PASSING,NOT APPLICABLE,720,S,MICHIGAN AVE,123,2,NO INDICATION OF INJURY,0,0,0,0,0,4,0,2,3,6,41.87279887,-87.62433781
6/17/2019 8:30,30,TRAFFIC SIGNAL,FUNCTIONING PROPERLY,CLEAR,DAYLIGHT,TURNING,DIVIDED - W/MEDIAN (NOT RAISED),STRAIGHT AND LEVEL,DRY,NO DEFECTS,ON SCENE,NO INJURY / DRIVE AWAY,Y,"OVER $1,500",FAILING TO YIELD RIGHT-OF-WAY,FAILING TO YIELD RIGHT-OF-WAY,4000,W,FULLERTON AVE,2524,2,NO INDICATION OF INJURY,0,0,0,0,0,2,0,8,2,6,41.92459302,-87.72681927
6/28/2019 16:00,30,NO CONTROLS,NO CONTROLS,CLEAR,DUSK,REAR TO FRONT,PARKING LOT,STRAIGHT AND LEVEL,DRY,NO DEFECTS,NOT ON SCENE (DESK REPORT),NO INJURY / DRIVE AWAY,,"OVER $1,500",UNABLE TO DETERMINE,UNABLE TO DETERMINE,347,W,92ND ST,634,2,NO INDICATION OF INJURY,0,0,0,0,0,2,0,16,6,6,41.72650033,-87.63251775
6/25/2019 7:30,30,TRAFFIC SIGNAL,FUNCTIONING PROPERLY,CLEAR,DAYLIGHT,SIDESWIPE SAME DIRECTION,FOUR WAY,STRAIGHT AND LEVEL,DRY,NO DEFECTS,ON SCENE,INJURY AND / OR TOW DUE TO CRASH,Y,"OVER $1,500",UNABLE TO DETERMINE,UNABLE TO DETERMINE,3898,S,WENTWORTH AVE,915,2,NO INDICATION OF INJURY,0,0,0,0,0,2,0,7,3,6,41.82374652,-87.63145699
6/28/2019 17:30,30,FLASHING CONTROL SIGNAL,FUNCTIONING PROPERLY,CLEAR,DAYLIGHT,REAR END,FOUR WAY,STRAIGHT AND LEVEL,DRY,NO DEFECTS,NOT ON SCENE (DESK REPORT),NO INJURY / DRIVE AWAY,Y,"OVER $1,500",FOLLOWING TOO CLOSELY,NOT APPLICABLE,111,W,WACKER DR,122,2,NO INDICATION OF INJURY,0,0,0,0,0,2,0,17,6,6,41.88670692,-87.63135247
6/30/2019 0:00,25,NO CONTROLS,NO CONTROLS,UNKNOWN,UNKNOWN,PARKED MOTOR VEHICLE,NOT DIVIDED,STRAIGHT AND LEVEL,UNKNOWN,NO DEFECTS,ON SCENE,NO INJURY / DRIVE AWAY,,"OVER $1,500",UNABLE TO DETERMINE,NOT APPLICABLE,4426,W,66TH ST,833,2,NO INDICATION OF INJURY,0,0,0,0,0,1,0,0,1,6,41.77317839,-87.73353304
6/21/2019 9:55,25,NO CONTROLS,NO CONTROLS,CLEAR,DAYLIGHT,FIXED OBJECT,NOT DIVIDED,"CURVE, LEVEL",DRY,NO DEFECTS,ON SCENE,INJURY AND / OR TOW DUE TO CRASH,,$500 OR LESS,NOT APPLICABLE,NOT APPLICABLE,4659,S,CALUMET AVE,215,1,NO INDICATION OF INJURY,0,0,0,0,0,1,0,9,6,6,41.80945145,-87.61800916
6/16/2019 16:10,30,NO CONTROLS,NO CONTROLS,CLEAR,DAYLIGHT,REAR END,NOT DIVIDED,STRAIGHT AND LEVEL,DRY,NO DEFECTS,NOT ON SCENE (DESK REPORT),NO INJURY / DRIVE AWAY,,"$501 - $1,500",UNABLE TO DETERMINE,UNABLE TO DETERMINE,1602,W,CERMAK RD,1234,2,NO INDICATION OF INJURY,0,0,0,0,0,2,0,16,1,6,41.85243636,-87.66622899
6/28/2019 8:39,30,YIELD,UNKNOWN,CLEAR,DAYLIGHT,ANGLE,NOT DIVIDED,STRAIGHT AND LEVEL,DRY,NO DEFECTS,ON SCENE,INJURY AND / OR TOW DUE TO CRASH,,"$501 - $1,500",FAILING TO YIELD RIGHT-OF-WAY,FAILING TO YIELD RIGHT-OF-WAY,1340,E,47TH ST,222,2,NONINCAPACITATING INJURY,1,0,0,1,0,1,0,8,6,6,41.80978873,-87.59346434
6/17/2019 2:00,30,NO CONTROLS,NO CONTROLS,CLEAR,DAYLIGHT,PARKED MOTOR VEHICLE,ONE-WAY,STRAIGHT AND LEVEL,DRY,NO DEFECTS,NOT ON SCENE (DESK REPORT),NO INJURY / DRIVE AWAY,,"$501 - $1,500",UNABLE TO DETERMINE,UNABLE TO DETERMINE,6845,S,INDIANA AVE,322,2,NO INDICATION OF INJURY,0,0,0,0,0,1,0,2,2,6,41.76973515,-87.62007769
6/15/2019 18:30,30,NO CONTROLS,NO CONTROLS,RAIN,DAYLIGHT,REAR END,NOT DIVIDED,STRAIGHT AND LEVEL,WET,NO DEFECTS,NOT ON SCENE (DESK REPORT),NO INJURY / DRIVE AWAY,,"OVER $1,500",FOLLOWING TOO CLOSELY,WEATHER,13000,S,INDIANA AVE,533,2,NO INDICATION OF INJURY,0,0,0,0,0,2,0,18,7,6,41.65900922,-87.61744791
6/26/2019 18:20,30,NO CONTROLS,NO CONTROLS,CLEAR,DAYLIGHT,PARKED MOTOR VEHICLE,PARKING LOT,STRAIGHT AND LEVEL,DRY,NO DEFECTS,NOT ON SCENE (DESK REPORT),NO INJURY / DRIVE AWAY,,"$501 - $1,500",UNABLE TO DETERMINE,NOT APPLICABLE,2551,W,CERMAK RD,1034,2,NO INDICATION OF INJURY,0,0,0,0,0,1,0,18,4,6,41.85186827,-87.69007512
6/20/2019 8:30,20,NO CONTROLS,NO CONTROLS,CLEAR,DAYLIGHT,SIDESWIPE OPPOSITE DIRECTION,NOT DIVIDED,STRAIGHT AND LEVEL,DRY,NO DEFECTS,NOT ON SCENE (DESK REPORT),NO INJURY / DRIVE AWAY,,"$501 - $1,500",UNABLE TO DETERMINE,UNABLE TO DETERMINE,3300,W,71ST ST,831,2,NO INDICATION OF INJURY,0,0,0,0,0,2,0,8,5,6,41.76445121,-87.7053253
6/22/2019 4:00,20,NO CONTROLS,NO CONTROLS,CLEAR,DARKNESS,PARKED MOTOR VEHICLE,ONE-WAY,STRAIGHT AND LEVEL,DRY,NO DEFECTS,ON SCENE,NO INJURY / DRIVE AWAY,,"$501 - $1,500",UNABLE TO DETERMINE,NOT APPLICABLE,3211,W,LEXINGTON ST,1134,2,NO INDICATION OF INJURY,0,0,0,0,0,1,0,4,7,6,41.87176199,-87.70634897
6/19/2019 20:30,30,STOP SIGN/FLASHER,FUNCTIONING PROPERLY,RAIN,"DARKNESS, LIGHTED ROAD",TURNING,DIVIDED - W/MEDIAN (NOT RAISED),STRAIGHT AND LEVEL,WET,NO DEFECTS,ON SCENE,INJURY AND / OR TOW DUE TO CRASH,Y,"OVER $1,500",FAILING TO YIELD RIGHT-OF-WAY,NOT APPLICABLE,5924,W,FULLERTON AVE,2515,2,NONINCAPACITATING INJURY,1,0,0,1,0,4,0,20,4,6,41.92395714,-87.77444354
6/16/2019 4:02,15,OTHER,UNKNOWN,CLEAR,"DARKNESS, LIGHTED ROAD",REAR END,DIVIDED - W/MEDIAN (NOT RAISED),STRAIGHT AND LEVEL,DRY,NO DEFECTS,ON SCENE,INJURY AND / OR TOW DUE TO CRASH,,$500 OR LESS,FOLLOWING TOO CLOSELY,FOLLOWING TOO CLOSELY,950,W,WOLFRAM ST,1933,2,NO INDICATION OF INJURY,0,0,0,0,0,2,0,4,1,6,41.93366143,-87.65347131
6/20/2019 18:00,35,NO CONTROLS,NO CONTROLS,CLEAR,DAYLIGHT,FIXED OBJECT,DIVIDED - W/MEDIAN (NOT RAISED),STRAIGHT AND LEVEL,DRY,"RUT, HOLES",,NO INJURY / DRIVE AWAY,,"OVER $1,500",ROAD ENGINEERING/SURFACE/MARKING DEFECTS,UNABLE TO DETERMINE,4240,W,76TH ST,833,1,NO INDICATION OF INJURY,0,0,0,0,0,1,0,18,5,6,41.75513645,-87.72858203
6/28/2019 13:20,30,STOP SIGN/FLASHER,FUNCTIONING PROPERLY,CLEAR,DAYLIGHT,REAR END,DIVIDED - W/MEDIAN (NOT RAISED),STRAIGHT AND LEVEL,DRY,NO DEFECTS,NOT ON SCENE (DESK REPORT),NO INJURY / DRIVE AWAY,,$500 OR LESS,FOLLOWING TOO CLOSELY,NOT APPLICABLE,4653,S,LAKE SHORE DR SB,222,2,NO INDICATION OF INJURY,0,0,0,0,0,2,0,13,6,6,41.81118016,-87.58944955
6/16/2019 9:32,30,NO CONTROLS,NO CONTROLS,CLOUDY/OVERCAST,DAYLIGHT,ANGLE,OTHER,STRAIGHT AND LEVEL,DRY,NO DEFECTS,ON SCENE,INJURY AND / OR TOW DUE TO CRASH,,"OVER $1,500",FAILING TO YIELD RIGHT-OF-WAY,DRIVING SKILLS/KNOWLEDGE/EXPERIENCE,1423,W,BERWYN AVE,2013,2,NONINCAPACITATING INJURY,1,0,0,1,0,1,0,9,1,6,41.97794699,-87.66577299
6/29/2019 19:30,30,TRAFFIC SIGNAL,FUNCTIONING PROPERLY,UNKNOWN,"DARKNESS, LIGHTED ROAD",REAR END,NOT DIVIDED,STRAIGHT AND LEVEL,UNKNOWN,UNKNOWN,NOT ON SCENE (DESK REPORT),NO INJURY / DRIVE AWAY,,"$501 - $1,500",UNABLE TO DETERMINE,NOT APPLICABLE,5001,S,ARCHER AVE,815,2,NO INDICATION OF INJURY,0,0,0,0,0,3,0,19,7,6,41.802196,-87.72339108
6/29/2019 0:01,25,NO CONTROLS,NO CONTROLS,UNKNOWN,UNKNOWN,PARKED MOTOR VEHICLE,ONE-WAY,STRAIGHT AND LEVEL,UNKNOWN,NO DEFECTS,NOT ON SCENE (DESK REPORT),NO INJURY / DRIVE AWAY,,"OVER $1,500",UNABLE TO DETERMINE,NOT APPLICABLE,3752,W,POTOMAC AVE,2535,2,NO INDICATION OF INJURY,0,0,0,0,0,1,0,0,7,6,41.90463084,-87.72115565
6/26/2019 18:23,15,NO CONTROLS,NO CONTROLS,CLEAR,DAYLIGHT,FIXED OBJECT,ALLEY,STRAIGHT AND LEVEL,DRY,NO DEFECTS,ON SCENE,INJURY AND / OR TOW DUE TO CRASH,,"OVER $1,500",UNABLE TO DETERMINE,NOT APPLICABLE,1301,N,ASHLAND AVE,1433,1,NO INDICATION OF INJURY,0,0,0,0,0,1,0,18,4,6,41.90513624,-87.66739541
6/23/2019 18:30,30,UNKNOWN,UNKNOWN,RAIN,DUSK,ANGLE,NOT DIVIDED,STRAIGHT AND LEVEL,WET,NO DEFECTS,NOT ON SCENE (DESK REPORT),NO INJURY / DRIVE AWAY,,$500 OR LESS,"OPERATING VEHICLE IN ERRATIC, RECKLESS, CARELESS, NEGLIGENT OR AGGRESSIVE MANNER",UNABLE TO DETERMINE,1625,W,ADDISON ST,1922,2,NO INDICATION OF INJURY,0,0,0,0,0,2,0,18,1,6,41.94686639,-87.66992923
6/18/2019 8:45,30,NO CONTROLS,NO CONTROLS,CLEAR,DAYLIGHT,TURNING,NOT DIVIDED,STRAIGHT AND LEVEL,DRY,NO DEFECTS,NOT ON SCENE (DESK REPORT),NO INJURY / DRIVE AWAY,,$500 OR LESS,FAILING TO YIELD RIGHT-OF-WAY,NOT APPLICABLE,1540,W,21ST ST,1235,2,NO INDICATION OF INJURY,0,0,0,0,0,2,0,8,3,6,41.85429868,-87.66525915
6/22/2019 5:20,30,TRAFFIC SIGNAL,FUNCTIONING PROPERLY,CLEAR,DAYLIGHT,FIXED OBJECT,FOUR WAY,STRAIGHT AND LEVEL,DRY,NO DEFECTS,NOT ON SCENE (DESK REPORT),INJURY AND / OR TOW DUE TO CRASH,Y,"OVER $1,500",UNABLE TO DETERMINE,UNABLE TO DETERMINE,5501,S,CENTRAL AVE,813,1,INCAPACITATING INJURY,2,0,1,1,0,0,0,5,7,6,41.79264528,-87.76215327
6/24/2019 13:30,30,STOP SIGN/FLASHER,FUNCTIONING PROPERLY,RAIN,DAYLIGHT,ANGLE,ONE-WAY,STRAIGHT AND LEVEL,WET,DEBRIS ON ROADWAY,NOT ON SCENE (DESK REPORT),NO INJURY / DRIVE AWAY,Y,"OVER $1,500",FAILING TO YIELD RIGHT-OF-WAY,NOT APPLICABLE,558,N,KILBOURN AVE,1111,2,NO INDICATION OF INJURY,0,0,0,0,0,4,0,13,2,6,41.89133124,-87.73844178
6/22/2019 23:10,35,TRAFFIC SIGNAL,FUNCTIONING PROPERLY,CLOUDY/OVERCAST,"DARKNESS, LIGHTED ROAD",REAR END,NOT DIVIDED,STRAIGHT AND LEVEL,DRY,NO DEFECTS,ON SCENE,NO INJURY / DRIVE AWAY,,"OVER $1,500",UNABLE TO DETERMINE,UNABLE TO DETERMINE,456,W,103RD ST,2232,2,NO INDICATION OF INJURY,0,0,0,0,0,2,0,23,7,6,41.7071219,-87.63546004
6/28/2019 4:00,30,TRAFFIC SIGNAL,FUNCTIONING PROPERLY,CLEAR,DARKNESS,TURNING,NOT DIVIDED,STRAIGHT AND LEVEL,DRY,NO DEFECTS,ON SCENE,INJURY AND / OR TOW DUE TO CRASH,N,"OVER $1,500",FAILING TO YIELD RIGHT-OF-WAY,NOT APPLICABLE,801,N,LARAMIE AVE,1531,2,NONINCAPACITATING INJURY,1,0,0,1,0,1,0,4,6,6,41.8950306,-87.75545612
6/18/2019 0:14,35,TRAFFIC SIGNAL,FUNCTIONING PROPERLY,CLEAR,"DARKNESS, LIGHTED ROAD",ANGLE,T-INTERSECTION,STRAIGHT AND LEVEL,DRY,NO DEFECTS,ON SCENE,INJURY AND / OR TOW DUE TO CRASH,Y,"OVER $1,500",DISREGARDING TRAFFIC SIGNALS,FAILING TO REDUCE SPEED TO AVOID CRASH,799,W,98TH PL,2223,2,NONINCAPACITATING INJURY,1,0,0,1,0,1,0,0,3,6,41.71500449,-87.64297501
6/29/2019 13:30,30,NO CONTROLS,NO CONTROLS,CLEAR,DAYLIGHT,PARKED MOTOR VEHICLE,DIVIDED - W/MEDIAN (NOT RAISED),STRAIGHT AND LEVEL,DRY,NO DEFECTS,ON SCENE,NO INJURY / DRIVE AWAY,,"OVER $1,500",UNABLE TO DETERMINE,NOT APPLICABLE,1161,W,21ST ST,1235,2,NO INDICATION OF INJURY,0,0,0,0,0,1,0,13,7,6,41.85370667,-87.65547641
6/27/2019 17:36,15,NO CONTROLS,NO CONTROLS,CLEAR,DAYLIGHT,PARKED MOTOR VEHICLE,PARKING LOT,STRAIGHT AND LEVEL,DRY,NO DEFECTS,NOT ON SCENE (DESK REPORT),NO INJURY / DRIVE AWAY,,"$501 - $1,500",IMPROPER BACKING,FAILING TO REDUCE SPEED TO AVOID CRASH,6622,W,FULLERTON AVE,2512,2,NO INDICATION OF INJURY,0,0,0,0,0,2,0,17,5,6,41.9237393,-87.79134898