CRASH_DATE,POSTED_SPEED_LIMIT,TRAFFIC_CONTROL_DEVICE,DEVICE_CONDITION,WEATHER_CONDITION,LIGHTING_CONDITION,FIRST_CRASH_TYPE,TRAFFICWAY_TYPE,ALIGNMENT,ROADWAY_SURFACE_COND,ROAD_DEFECT,REPORT_TYPE,CRASH_TYPE,INTERSECTION_RELATED_I,DAMAGE,PRIM_CONTRIBUTORY_CAUSE,SEC_CONTRIBUTORY_CAUSE,STREET_NO,STREET_DIRECTION,STREET_NAME,BEAT_OF_OCCURRENCE,NUM_UNITS,MOST_SEVERE_INJURY,INJURIES_TOTAL,INJURIES_FATAL,INJURIES_INCAPACITATING,INJURIES_NON_INCAPACITATING,INJURIES_REPORTED_NOT_EVIDENT,INJURIES_NO_INDICATION,INJURIES_UNKNOWN,CRASH_HOUR,CRASH_DAY_OF_WEEK,CRASH_MONTH,LATITUDE,LONGITUDE
6/27/2019 16:00,15,TRAFFIC SIGNAL,FUNCTIONING PROPERLY,CLEAR,DAYLIGHT,SIDESWIPE SAME DIRECTION,NOT DIVIDED,STRAIGHT AND LEVEL,DRY,NO DEFECTS,NOT ON SCENE (DESK REPORT),NO INJURY / DRIVE AWAY,,"$501 - $1,500",UNABLE TO DETERMINE,UNABLE TO DETERMINE,172,N,BESSIE COLEMAN DR,1654,2,NO INDICATION OF INJURY,0,0,0,0,0,2,0,16,5,6,,
6/15/2019 21:40,10,NO CONTROLS,NO CONTROLS,CLEAR,"DARKNESS, LIGHTED ROAD",REAR END,PARKING LOT,STRAIGHT AND LEVEL,DRY,NO DEFECTS,NOT ON SCENE (DESK REPORT),NO INJURY / DRIVE AWAY,,$500 OR LESS,UNABLE TO DETERMINE,NOT APPLICABLE,7109,S,JEFFERY BLVD,333,2,NO INDICATION OF INJURY,0,0,0,0,0,2,0,21,7,6,41.76581642,-87.57614548
6/22/2019 20:00,30,NO CONTROLS,UNKNOWN,CLEAR,DUSK,PARKED MOTOR VEHICLE,PARKING LOT,STRAIGHT AND LEVEL,DRY,UNKNOWN,NOT ON SCENE (DESK REPORT),NO INJURY / DRIVE AWAY,,"OVER $1,500",NOT APPLICABLE,NOT APPLICABLE,6200,S,MELVINA AVE,812,2,NO INDICATION OF INJURY,0,0,0,0,0,1,0,20,7,6,41.77950984,-87.77659158
6/26/2019 18:10,30,TRAFFIC SIGNAL,FUNCTIONING PROPERLY,CLEAR,DAYLIGHT,PEDALCYCLIST,ONE-WAY,STRAIGHT AND LEVEL,DRY,NO DEFECTS,ON SCENE,NO INJURY / DRIVE AWAY,Y,$500 OR LESS,IMPROPER TURNING/NO SIGNAL,DISREGARDING OTHER TRAFFIC SIGNS,140,W,WASHINGTON ST,122,2,NO INDICATION OF INJURY,0,0,0,0,0,2,0,18,4,6,41.88331996,-87.63210739
6/28/2019 18:00,30,NO CONTROLS,NO CONTROLS,CLEAR,DAYLIGHT,TURNING,OTHER,STRAIGHT AND LEVEL,DRY,NO DEFECTS,NOT ON SCENE (DESK REPORT),NO INJURY / DRIVE AWAY,,"OVER $1,500",IMPROPER OVERTAKING/PASSING,NOT APPLICABLE,4534,N,CICERO AVE,1623,2,NO INDICATION OF INJURY,0,0,0,0,0,2,0,18,6,6,41.96339823,-87.74734342
6/28/2019 21:15,30,TRAFFIC SIGNAL,FUNCTIONING PROPERLY,CLOUDY/OVERCAST,"DARKNESS, LIGHTED ROAD",SIDESWIPE SAME DIRECTION,NOT DIVIDED,STRAIGHT AND LEVEL,WET,NO DEFECTS,NOT ON SCENE (DESK REPORT),NO INJURY / DRIVE AWAY,,"OVER $1,500",UNABLE TO DETERMINE,NOT APPLICABLE,1559,N,KEDZIE AVE,1423,2,NO INDICATION OF INJURY,0,0,0,0,0,3,0,21,6,6,41.91003373,-87.70684419
6/21/2019 15:50,30,NO CONTROLS,NO CONTROLS,CLEAR,DAYLIGHT,REAR END,OTHER,STRAIGHT AND LEVEL,DRY,NO DEFECTS,NOT ON SCENE (DESK REPORT),NO INJURY / DRIVE AWAY,,"OVER $1,500",FOLLOWING TOO CLOSELY,NOT APPLICABLE,4600,N,CICERO AVE,1623,2,NO INDICATION OF INJURY,0,0,0,0,0,2,0,15,6,6,41.96445117,-87.74777643
6/27/2019 14:30,40,NO CONTROLS,NO CONTROLS,CLEAR,DAYLIGHT,REAR END,DIVIDED - W/MEDIAN BARRIER,STRAIGHT AND LEVEL,DRY,NO DEFECTS,ON SCENE,NO INJURY / DRIVE AWAY,N,"OVER $1,500",UNABLE TO DETERMINE,NOT APPLICABLE,4900,S,CICERO AVE,814,2,NO INDICATION OF INJURY,0,0,0,0,0,2,0,14,5,6,41.80387715,-87.74320434
6/17/2019 16:30,30,NO CONTROLS,NO CONTROLS,CLEAR,DAYLIGHT,REAR END,OTHER,STRAIGHT AND LEVEL,DRY,NO DEFECTS,NOT ON SCENE (DESK REPORT),NO INJURY / DRIVE AWAY,,"OVER $1,500",IMPROPER BACKING,IMPROPER BACKING,1839,E,95TH ST,431,2,NO INDICATION OF INJURY,0,0,0,0,0,2,0,16,2,6,41.72231735,-87.57868671
6/28/2019 16:33,30,TRAFFIC SIGNAL,FUNCTIONING PROPERLY,CLEAR,DUSK,ANGLE,NOT DIVIDED,STRAIGHT AND LEVEL,DRY,NO DEFECTS,ON SCENE,INJURY AND / OR TOW DUE TO CRASH,Y,"$501 - $1,500",FAILING TO YIELD RIGHT-OF-WAY,UNABLE TO DETERMINE,1400,W,ROOSEVELT RD,1231,2,NONINCAPACITATING INJURY,1,0,0,1,0,1,0,16,6,6,41.86702558,-87.66169393
6/22/2019 23:55,30,STOP SIGN/FLASHER,FUNCTIONING PROPERLY,CLEAR,"DARKNESS, LIGHTED ROAD",PEDESTRIAN,FOUR WAY,STRAIGHT AND LEVEL,DRY,UNKNOWN,NOT ON SCENE (DESK REPORT),INJURY AND / OR TOW DUE TO CRASH,Y,$500 OR LESS,DISREGARDING STOP SIGN,DISTRACTION - FROM OUTSIDE VEHICLE,401,S,ABERDEEN ST,1232,2,NONINCAPACITATING INJURY,1,0,0,1,0,1,0,23,7,6,41.87654809,-87.65438441
6/23/2019 5:24,30,NO CONTROLS,NO CONTROLS,RAIN,DAWN,PARKED MOTOR VEHICLE,NOT DIVIDED,STRAIGHT AND LEVEL,WET,NO DEFECTS,ON SCENE,INJURY AND / OR TOW DUE TO CRASH,,"OVER $1,500",UNABLE TO DETERMINE,UNABLE TO DETERMINE,5424,S,CALIFORNIA AVE,923,2,NO INDICATION OF INJURY,0,0,0,0,0,1,0,5,1,6,41.79474262,-87.69397391
6/25/2019 18:15,30,NO CONTROLS,NO CONTROLS,CLEAR,DAYLIGHT,TURNING,NOT DIVIDED,STRAIGHT AND LEVEL,DRY,NO DEFECTS,NOT ON SCENE (DESK REPORT),NO INJURY / DRIVE AWAY,,"OVER $1,500",UNABLE TO DETERMINE,UNABLE TO DETERMINE,1801,W,FOSTER AVE,2032,2,NO INDICATION OF INJURY,0,0,0,0,0,3,0,18,3,6,41.97598574,-87.67476593
6/29/2019 9:50,30,NO CONTROLS,NO CONTROLS,CLEAR,DAYLIGHT,PEDALCYCLIST,T-INTERSECTION,STRAIGHT AND LEVEL,DRY,NO DEFECTS,ON SCENE,INJURY AND / OR TOW DUE TO CRASH,,"$501 - $1,500","VISION OBSCURED (SIGNS, TREE LIMBS, BUILDINGS, ETC.)",NOT APPLICABLE,3230,N,LINCOLN AVE,1922,2,NONINCAPACITATING INJURY,1,0,0,1,0,1,0,9,7,6,41.94050262,-87.66939869
6/21/2019 15:15,15,NO CONTROLS,NO CONTROLS,CLEAR,DAYLIGHT,PARKED MOTOR VEHICLE,ONE-WAY,STRAIGHT AND LEVEL,DRY,NO DEFECTS,NOT ON SCENE (DESK REPORT),NO INJURY / DRIVE AWAY,,"$501 - $1,500",FAILING TO YIELD RIGHT-OF-WAY,UNABLE TO DETERMINE,1974,N,HARDING AVE,2535,2,NO INDICATION OF INJURY,0,0,0,0,0,2,0,15,6,6,41.91708896,-87.72547946
6/24/2019 23:15,30,NO CONTROLS,NO CONTROLS,CLEAR,"DARKNESS, LIGHTED ROAD",PARKED MOTOR VEHICLE,ONE-WAY,STRAIGHT AND LEVEL,DRY,NO DEFECTS,ON SCENE,NO INJURY / DRIVE AWAY,,"$501 - $1,500",IMPROPER BACKING,NOT APPLICABLE,225,S,CANAL ST,121,2,NO INDICATION OF INJURY,0,0,0,0,0,1,0,23,2,6,41.87853128,-87.63942746
6/23/2019 15:00,30,NO CONTROLS,NO CONTROLS,RAIN,DAYLIGHT,TURNING,UNKNOWN,STRAIGHT AND LEVEL,WET,UNKNOWN,NOT ON SCENE (DESK REPORT),NO INJURY / DRIVE AWAY,,"OVER $1,500",NOT APPLICABLE,NOT APPLICABLE,6400,S,KILBOURN AVE,813,2,NO INDICATION OF INJURY,0,0,0,0,0,2,0,15,1,6,41.77664745,-87.73505857
6/18/2019 15:20,30,TRAFFIC SIGNAL,FUNCTIONING PROPERLY,CLEAR,DAYLIGHT,REAR END,NOT DIVIDED,STRAIGHT AND LEVEL,DRY,UNKNOWN,NOT ON SCENE (DESK REPORT),NO INJURY / DRIVE AWAY,,"OVER $1,500",FAILING TO REDUCE SPEED TO AVOID CRASH,NOT APPLICABLE,2390,W,ADDISON ST,1921,2,NO INDICATION OF INJURY,0,0,0,0,0,2,0,15,3,6,41.94684114,-87.68819883
6/18/2019 12:40,25,NO CONTROLS,NO CONTROLS,CLEAR,DAYLIGHT,PARKED MOTOR VEHICLE,NOT DIVIDED,STRAIGHT AND LEVEL,DRY,NO DEFECTS,ON SCENE,NO INJURY / DRIVE AWAY,,"OVER $1,500",UNABLE TO DETERMINE,UNABLE TO DETERMINE,2339,W,104TH ST,2212,2,NO INDICATION OF INJURY,0,0,0,0,0,1,0,12,3,6,41.70444426,-87.6806841
6/23/2019 19:15,30,NO CONTROLS,NO CONTROLS,RAIN,DUSK,REAR END,DIVIDED - W/MEDIAN BARRIER,STRAIGHT AND LEVEL,WET,NO DEFECTS,NOT ON SCENE (DESK REPORT),NO INJURY / DRIVE AWAY,,"OVER $1,500",FOLLOWING TOO CLOSELY,NOT APPLICABLE,2509,N,ASHLAND AVE,1932,2,NO INDICATION OF INJURY,0,0,0,0,0,2,0,19,1,6,41.9272823,-87.66807377
6/20/2019 7:00,30,TRAFFIC SIGNAL,FUNCTIONING PROPERLY,CLEAR,DAYLIGHT,REAR END,NOT DIVIDED,STRAIGHT AND LEVEL,DRY,NO DEFECTS,,NO INJURY / DRIVE AWAY,,$500 OR LESS,UNABLE TO DETERMINE,UNABLE TO DETERMINE,2000,W,71ST ST,735,,,,,,,,,,7,5,6,41.76491564,-87.67359644
6/22/2019 6:00,30,NO CONTROLS,NO CONTROLS,CLEAR,UNKNOWN,PARKED MOTOR VEHICLE,ONE-WAY,STRAIGHT AND LEVEL,UNKNOWN,UNKNOWN,NOT ON SCENE (DESK REPORT),NO INJURY / DRIVE AWAY,,"OVER $1,500",DRIVING SKILLS/KNOWLEDGE/EXPERIENCE,UNABLE TO DETERMINE,7635,S,MARSHFIELD AVE,611,2,NO INDICATION OF INJURY,0,0,0,0,0,1,0,6,7,6,41.75474847,-87.66461656
6/18/2019 10:00,5,NO CONTROLS,NO CONTROLS,CLEAR,DAYLIGHT,PEDESTRIAN,ALLEY,STRAIGHT AND LEVEL,DRY,UNKNOWN,NOT ON SCENE (DESK REPORT),INJURY AND / OR TOW DUE TO CRASH,,$500 OR LESS,UNABLE TO DETERMINE,UNABLE TO DETERMINE,6900,S,CLYDE AVE,331,2,"REPORTED, NOT EVIDENT",1,0,0,0,1,2,0,10,3,6,41.76973527,-87.57409729
6/27/2019 17:52,30,NO CONTROLS,NO CONTROLS,CLEAR,DAYLIGHT,SIDESWIPE SAME DIRECTION,DIVIDED - W/MEDIAN (NOT RAISED),STRAIGHT AND LEVEL,DRY,NO DEFECTS,ON SCENE,NO INJURY / DRIVE AWAY,,$500 OR LESS,DRIVING SKILLS/KNOWLEDGE/EXPERIENCE,UNABLE TO DETERMINE,3204,W,ADDISON ST,1733,2,NO INDICATION OF INJURY,0,0,0,0,0,4,0,17,5,6,41.94673888,-87.7080574
6/17/2019 8:34,30,TRAFFIC SIGNAL,FUNCTIONING PROPERLY,CLEAR,DAYLIGHT,REAR END,NOT DIVIDED,STRAIGHT AND LEVEL,DRY,NO DEFECTS,ON SCENE,NO INJURY / DRIVE AWAY,,"OVER $1,500",FAILING TO REDUCE SPEED TO AVOID CRASH,DRIVING SKILLS/KNOWLEDGE/EXPERIENCE,7058,S,ASHLAND AVE,735,2,NO INDICATION OF INJURY,0,0,0,0,0,3,0,8,2,6,41.76499589,-87.66394713
6/25/2019 14:42,30,NO CONTROLS,NO CONTROLS,CLEAR,DAYLIGHT,REAR END,ONE-WAY,STRAIGHT AND LEVEL,DRY,NO DEFECTS,ON SCENE,INJURY AND / OR TOW DUE TO CRASH,,"OVER $1,500",FOLLOWING TOO CLOSELY,UNABLE TO DETERMINE,6947,S,CARPENTER ST,733,2,NO INDICATION OF INJURY,0,0,0,0,0,3,0,14,3,6,41.7673622,-87.65038866
6/22/2019 14:00,25,NO CONTROLS,NO CONTROLS,CLEAR,DAYLIGHT,ANGLE,ONE-WAY,STRAIGHT AND LEVEL,DRY,NO DEFECTS,NOT ON SCENE (DESK REPORT),NO INJURY / DRIVE AWAY,,"$501 - $1,500",UNABLE TO DETERMINE,UNABLE TO DETERMINE,7134,N,DAMEN AVE,2424,2,NO INDICATION OF INJURY,0,0,0,0,0,2,0,14,7,6,42.01240982,-87.68041234
6/30/2019 23:28,30,STOP SIGN/FLASHER,NO CONTROLS,CLEAR,DARKNESS,REAR END,NOT DIVIDED,STRAIGHT AND LEVEL,WET,NO DEFECTS,NOT ON SCENE (DESK REPORT),NO INJURY / DRIVE AWAY,,"$501 - $1,500",UNABLE TO DETERMINE,UNABLE TO DETERMINE,3106,N,DAMEN AVE,1931,2,NO INDICATION OF INJURY,0,0,0,0,0,2,0,23,1,6,41.93798267,-87.67845189
6/29/2019 23:00,30,NO CONTROLS,UNKNOWN,UNKNOWN,UNKNOWN,SIDESWIPE SAME DIRECTION,DIVIDED - W/MEDIAN (NOT RAISED),STRAIGHT AND LEVEL,UNKNOWN,UNKNOWN,NOT ON SCENE (DESK REPORT),NO INJURY / DRIVE AWAY,,"$501 - $1,500",IMPROPER OVERTAKING/PASSING,NOT APPLICABLE,2900,W,ROOSEVELT RD,1135,2,NO INDICATION OF INJURY,0,0,0,0,0,3,0,23,7,6,41.86659098,-87.69840943
6/25/2019 14:35,30,NO CONTROLS,NO CONTROLS,CLEAR,DAYLIGHT,SIDESWIPE SAME DIRECTION,DIVIDED - W/MEDIAN (NOT RAISED),STRAIGHT AND LEVEL,DRY,NO DEFECTS,NOT ON SCENE (DESK REPORT),NO INJURY / DRIVE AWAY,,"OVER $1,500",FAILING TO YIELD RIGHT-OF-WAY,UNABLE TO DETERMINE,1079,W,TAYLOR ST,1232,2,NO INDICATION OF INJURY,0,0,0,0,0,3,0,14,3,6,41.86934859,-87.6541691
6/29/2019 4:45,30,NO CONTROLS,NO CONTROLS,UNKNOWN,"DARKNESS, LIGHTED ROAD",PARKED MOTOR VEHICLE,ONE-WAY,STRAIGHT AND LEVEL,DRY,NO DEFECTS,NOT ON SCENE (DESK REPORT),NO INJURY / DRIVE AWAY,,"OVER $1,500",UNABLE TO DETERMINE,NOT APPLICABLE,1214,S,ALBANY AVE,1022,2,NO INDICATION OF INJURY,0,0,0,0,0,1,0,4,7,6,41.86594114,-87.70329454
6/29/2019 20:55,30,TRAFFIC SIGNAL,FUNCTIONING PROPERLY,CLEAR,UNKNOWN,REAR END,DIVIDED - W/MEDIAN (NOT RAISED),STRAIGHT AND LEVEL,DRY,UNKNOWN,NOT ON SCENE (DESK REPORT),NO INJURY / DRIVE AWAY,Y,$500 OR LESS,UNABLE TO DETERMINE,UNABLE TO DETERMINE,6380,W,DIVERSEY AVE,2511,2,NO INDICATION OF INJURY,0,0,0,0,0,2,0,20,7,6,41.93111232,-87.78563134
6/25/2019 7:40,30,NO CONTROLS,NO CONTROLS,CLEAR,DAYLIGHT,PARKED MOTOR VEHICLE,DIVIDED - W/MEDIAN BARRIER,STRAIGHT AND LEVEL,DRY,NO DEFECTS,ON SCENE,INJURY AND / OR TOW DUE TO CRASH,,"OVER $1,500",IMPROPER LANE USAGE,NOT APPLICABLE,1226,S,STATE ST,131,2,NO INDICATION OF INJURY,0,0,0,0,0,2,0,7,3,6,41.86665046,-87.62754797
6/25/2019 23:19,30,STOP SIGN/FLASHER,FUNCTIONING PROPERLY,CLEAR,"DARKNESS, LIGHTED ROAD",REAR END,DIVIDED - W/MEDIAN (NOT RAISED),STRAIGHT AND LEVEL,DRY,"RUT, HOLES",ON SCENE,NO INJURY / DRIVE AWAY,N,"$501 - $1,500",FAILING TO REDUCE SPEED TO AVOID CRASH,FOLLOWING TOO CLOSELY,249,N,CLARK ST,111,2,NO INDICATION OF INJURY,0,0,0,0,0,3,0,23,3,6,41.88695983,-87.63085868
6/24/2019 20:00,30,NO CONTROLS,NO CONTROLS,UNKNOWN,UNKNOWN,PARKED MOTOR VEHICLE,UNKNOWN,STRAIGHT AND LEVEL,UNKNOWN,UNKNOWN,NOT ON SCENE (DESK REPORT),NO INJURY / DRIVE AWAY,,"OVER $1,500",UNABLE TO DETERMINE,UNABLE TO DETERMINE,2623,N,HAMPDEN CT,1935,2,NO INDICATION OF INJURY,0,0,0,0,0,1,0,20,2,6,41.92994198,-87.6408849
6/26/2019 15:50,30,NO CONTROLS,NO CONTROLS,CLEAR,DAYLIGHT,REAR END,NOT DIVIDED,STRAIGHT AND LEVEL,DRY,NO DEFECTS,NOT ON SCENE (DESK REPORT),NO INJURY / DRIVE AWAY,,"$501 - $1,500",FOLLOWING TOO CLOSELY,UNABLE TO DETERMINE,3284,S,KEDZIE AVE,1032,2,NO INDICATION OF INJURY,0,0,0,0,0,2,0,15,4,6,41.83356979,-87.7048632
6/30/2019 13:57,15,NO CONTROLS,NO CONTROLS,CLEAR,DAYLIGHT,SIDESWIPE SAME DIRECTION,ONE-WAY,STRAIGHT AND LEVEL,DRY,NO DEFECTS,NOT ON SCENE (DESK REPORT),NO INJURY / DRIVE AWAY,,"$501 - $1,500",IMPROPER OVERTAKING/PASSING,NOT APPLICABLE,8701,S,CHICAGO SKYWAY IB,412,2,NO INDICATION OF INJURY,0,0,0,0,0,3,0,13,1,6,,
6/25/2019 16:15,30,STOP SIGN/FLASHER,FUNCTIONING PROPERLY,UNKNOWN,DAYLIGHT,PEDESTRIAN,FOUR WAY,STRAIGHT AND LEVEL,UNKNOWN,UNKNOWN,ON SCENE,INJURY AND / OR TOW DUE TO CRASH,Y,$500 OR LESS,UNABLE TO DETERMINE,UNABLE TO DETERMINE,2800,W,FLOURNOY ST,1135,2,NONINCAPACITATING INJURY,1,0,0,1,0,1,0,16,3,6,41.87299097,-87.69619628
6/26/2019 8:50,30,STOP SIGN/FLASHER,FUNCTIONING PROPERLY,CLEAR,DAYLIGHT,ANGLE,FOUR WAY,STRAIGHT AND LEVEL,DRY,NO DEFECTS,ON SCENE,INJURY AND / OR TOW DUE TO CRASH,Y,"OVER $1,500",DISREGARDING STOP SIGN,UNABLE TO DETERMINE,3301,N,ELSTON AVE,1733,2,NO INDICATION OF INJURY,0,0,0,0,0,2,0,8,4,6,41.94147764,-87.70113779
6/15/2019 22:30,30,UNKNOWN,UNKNOWN,CLEAR,DUSK,PARKED MOTOR VEHICLE,UNKNOWN INTERSECTION TYPE,STRAIGHT AND LEVEL,DRY,UNKNOWN,NOT ON SCENE (DESK REPORT),NO INJURY / DRIVE AWAY,,"OVER $1,500",UNABLE TO DETERMINE,NOT APPLICABLE,3125,W,ADDISON ST,1733,2,NO INDICATION OF INJURY,0,0,0,0,0,1,0,22,7,6,41.9465308,-87.70644852
6/26/2019 10:00,10,NO CONTROLS,NO CONTROLS,CLEAR,DAYLIGHT,ANGLE,PARKING LOT,STRAIGHT AND LEVEL,DRY,NO DEFECTS,ON SCENE,NO INJURY / DRIVE AWAY,,"$501 - $1,500",IMPROPER BACKING,NOT APPLICABLE,1244,N,CLYBOURN AVE,1821,2,NO INDICATION OF INJURY,0,0,0,0,0,3,0,10,4,6,41.90469774,-87.64107458
6/16/2019 17:25,10,NO CONTROLS,NO CONTROLS,CLEAR,DAYLIGHT,FIXED OBJECT,OTHER,STRAIGHT AND LEVEL,DRY,NO DEFECTS,NOT ON SCENE (DESK REPORT),NO INJURY / DRIVE AWAY,,"OVER $1,500","EVASIVE ACTION DUE TO ANIMAL, OBJECT, NONMOTORIST",NOT APPLICABLE,1932,E,75TH ST,333,1,NO INDICATION OF INJURY,0,0,0,0,0,1,0,17,1,6,41.75897354,-87.57729919
6/19/2019 12:00,10,NO CONTROLS,NO CONTROLS,CLEAR,DAYLIGHT,REAR END,PARKING LOT,STRAIGHT AND LEVEL,DRY,NO DEFECTS,NOT ON SCENE (DESK REPORT),NO INJURY / DRIVE AWAY,,"$501 - $1,500",UNABLE TO DETERMINE,NOT APPLICABLE,8101,S,COTTAGE GROVE AVE,631,2,NO INDICATION OF INJURY,0,0,0,0,0,3,0,12,4,6,41.74753845,-87.60498573
6/24/2019 13:30,30,STOP SIGN/FLASHER,NO CONTROLS,CLEAR,DAYLIGHT,REAR END,NOT DIVIDED,STRAIGHT AND LEVEL,WET,NO DEFECTS,NOT ON SCENE (DESK REPORT),NO INJURY / DRIVE AWAY,,"OVER $1,500",FOLLOWING TOO CLOSELY,UNABLE TO DETERMINE,4928,W,LAWRENCE AVE,1623,2,NO INDICATION OF INJURY,0,0,0,0,0,2,0,13,2,6,41.96809106,-87.75138284
6/28/2019 13:15,5,NO CONTROLS,NO CONTROLS,CLEAR,DAYLIGHT,FIXED OBJECT,OTHER,STRAIGHT AND LEVEL,DRY,NO DEFECTS,ON SCENE,NO INJURY / DRIVE AWAY,,"OVER $1,500","VISION OBSCURED (SIGNS, TREE LIMBS, BUILDINGS, ETC.)",UNABLE TO DETERMINE,4253,W,47TH ST,815,1,NO INDICATION OF INJURY,0,0,0,0,0,1,0,13,6,6,41.80767249,-87.7306099
6/21/2019 15:00,30,NO CONTROLS,NO CONTROLS,CLEAR,DAYLIGHT,PARKED MOTOR VEHICLE,PARKING LOT,STRAIGHT AND LEVEL,DRY,NO DEFECTS,NOT ON SCENE (DESK REPORT),NO INJURY / DRIVE AWAY,,"$501 - $1,500",FOLLOWING TOO CLOSELY,NOT APPLICABLE,8500,S,STONY ISLAND AVE,412,2,NO INDICATION OF INJURY,0,0,0,0,0,1,0,15,6,6,41.74050623,-87.58587462
6/30/2019 2:22,30,TRAFFIC SIGNAL,FUNCTIONING PROPERLY,CLEAR,"DARKNESS, LIGHTED ROAD",TURNING,DIVIDED - W/MEDIAN (NOT RAISED),STRAIGHT AND LEVEL,DRY,NO DEFECTS,,INJURY AND / OR TOW DUE TO CRASH,Y,"OVER $1,500",FAILING TO YIELD RIGHT-OF-WAY,FAILING TO REDUCE SPEED TO AVOID CRASH,9500,S,JEFFERY AVE,431,2,"REPORTED, NOT EVIDENT",1,0,0,0,1,2,0,2,1,6,41.72237591,-87.5754999
6/14/2019 19:15,30,NO CONTROLS,NO CONTROLS,UNKNOWN,"DARKNESS, LIGHTED ROAD",PARKED MOTOR VEHICLE,NOT DIVIDED,STRAIGHT AND LEVEL,UNKNOWN,NO DEFECTS,NOT ON SCENE (DESK REPORT),NO INJURY / DRIVE AWAY,,"$501 - $1,500",UNABLE TO DETERMINE,NOT APPLICABLE,1826,S,MICHIGAN AVE,131,2,NO INDICATION OF INJURY,0,0,0,0,0,1,0,19,6,6,41.85714126,-87.62406326
6/19/2019 16:45,30,NO CONTROLS,UNKNOWN,CLEAR,DAYLIGHT,REAR END,NOT DIVIDED,STRAIGHT AND LEVEL,DRY,NO DEFECTS,NOT ON SCENE (DESK REPORT),NO INJURY / DRIVE AWAY,,"OVER $1,500",FOLLOWING TOO CLOSELY,FAILING TO REDUCE SPEED TO AVOID CRASH,6534,S,WENTWORTH AVE,722,2,NO INDICATION OF INJURY,0,0,0,0,0,2,0,16,4,6,41.77527449,-87.63018514
6/26/2019 16:10,15,NO CONTROLS,NO CONTROLS,CLEAR,DAYLIGHT,ANGLE,PARKING LOT,STRAIGHT AND LEVEL,DRY,NO DEFECTS,NOT ON SCENE (DESK REPORT),NO INJURY / DRIVE AWAY,,"$501 - $1,500",UNABLE TO DETERMINE,NOT APPLICABLE,1430,S,ASHLAND AVE,1233,2,NO INDICATION OF INJURY,0,0,0,0,0,5,0,16,4,6,41.86240243,-87.66641897
6/17/2019 18:30,30,NO CONTROLS,NO CONTROLS,CLOUDY/OVERCAST,DAYLIGHT,REAR END,ONE-WAY,STRAIGHT AND LEVEL,DRY,UNKNOWN,NOT ON SCENE (DESK REPORT),NO INJURY / DRIVE AWAY,,"OVER $1,500",FAILING TO REDUCE SPEED TO AVOID CRASH,UNABLE TO DETERMINE,3037,S,TROY ST,1033,2,NO INDICATION OF INJURY,0,0,0,0,0,2,0,18,2,6,41.83796803,-87.70347338
6/26/2019 21:56,30,NO CONTROLS,NO CONTROLS,RAIN,"DARKNESS, LIGHTED ROAD",REAR END,DIVIDED - W/MEDIAN BARRIER,STRAIGHT AND LEVEL,WET,NO DEFECTS,ON SCENE,NO INJURY / DRIVE AWAY,,"OVER $1,500",IMPROPER OVERTAKING/PASSING,NOT APPLICABLE,1500,N,LA SALLE DR,1821,2,NO INDICATION OF INJURY,0,0,0,0,0,3,0,21,4,6,41.90926339,-87.63323705
6/28/2019 15:30,30,UNKNOWN,UNKNOWN,CLEAR,DAYLIGHT,REAR END,NOT DIVIDED,STRAIGHT AND LEVEL,DRY,NO DEFECTS,NOT ON SCENE (DESK REPORT),NO INJURY / DRIVE AWAY,,$500 OR LESS,FOLLOWING TOO CLOSELY,NOT APPLICABLE,4660,W,IRVING PARK RD,1722,2,NO INDICATION OF INJURY,0,0,0,0,0,4,0,15,6,6,41.95355444,-87.74505531
6/29/2019 12:20,10,NO CONTROLS,NO CONTROLS,CLEAR,DAYLIGHT,PARKED MOTOR VEHICLE,PARKING LOT,STRAIGHT AND LEVEL,DRY,NO DEFECTS,NOT ON SCENE (DESK REPORT),NO INJURY / DRIVE AWAY,,"$501 - $1,500",IMPROPER BACKING,NOT APPLICABLE,1507,N,CLYBOURN AVE,1822,2,NO INDICATION OF INJURY,0,0,0,0,0,1,0,12,7,6,41.90883736,-87.6464145
6/26/2019 11:10,30,NO CONTROLS,NO CONTROLS,CLEAR,DAYLIGHT,FIXED OBJECT,ONE-WAY,STRAIGHT AND LEVEL,DRY,"RUT, HOLES",ON SCENE,NO INJURY / DRIVE AWAY,,$500 OR LESS,UNABLE TO DETERMINE,UNABLE TO DETERMINE,2557,N,LAMON AVE,2521,1,NO INDICATION OF INJURY,0,0,0,0,0,1,0,11,4,6,41.92778017,-87.7487665
6/19/2019 22:55,30,NO CONTROLS,NO CONTROLS,RAIN,DAWN,TURNING,ONE-WAY,STRAIGHT AND LEVEL,WET,UNKNOWN,NOT ON SCENE (DESK REPORT),NO INJURY / DRIVE AWAY,,"OVER $1,500",DRIVING SKILLS/KNOWLEDGE/EXPERIENCE,NOT APPLICABLE,9160,S,COTTAGE GROVE AVE,633,2,NO INDICATION OF INJURY,0,0,0,0,0,2,0,22,4,6,41.7275775,-87.60475318