CRASH_DATE,POSTED_SPEED_LIMIT,TRAFFIC_CONTROL_DEVICE,DEVICE_CONDITION,WEATHER_CONDITION,LIGHTING_CONDITION,FIRST_CRASH_TYPE,TRAFFICWAY_TYPE,ALIGNMENT,ROADWAY_SURFACE_COND,ROAD_DEFECT,REPORT_TYPE,CRASH_TYPE,INTERSECTION_RELATED_I,DAMAGE,PRIM_CONTRIBUTORY_CAUSE,SEC_CONTRIBUTORY_CAUSE,STREET_NO,STREET_DIRECTION,STREET_NAME,BEAT_OF_OCCURRENCE,NUM_UNITS,MOST_SEVERE_INJURY,INJURIES_TOTAL,INJURIES_FATAL,INJURIES_INCAPACITATING,INJURIES_NON_INCAPACITATING,INJURIES_REPORTED_NOT_EVIDENT,INJURIES_NO_INDICATION,INJURIES_UNKNOWN,CRASH_HOUR,CRASH_DAY_OF_WEEK,CRASH_MONTH,LATITUDE,LONGITUDE
6/20/2019 14:30,30,NO CONTROLS,NO CONTROLS,CLEAR,DAYLIGHT,TURNING,DIVIDED - W/MEDIAN BARRIER,STRAIGHT AND LEVEL,DRY,NO DEFECTS,ON SCENE,INJURY AND / OR TOW DUE TO CRASH,Y,"OVER $1,500",FAILING TO YIELD RIGHT-OF-WAY,NOT APPLICABLE,2456,N,ASHLAND AVE,1931,3,NONINCAPACITATING INJURY,1,0,0,1,0,3,0,14,5,6,41.92686094,-87.66835257
6/18/2019 7:15,30,NO CONTROLS,NO CONTROLS,CLEAR,DAYLIGHT,PEDALCYCLIST,FOUR WAY,STRAIGHT AND LEVEL,DRY,NO DEFECTS,ON SCENE,INJURY AND / OR TOW DUE TO CRASH,Y,"$501 - $1,500",IMPROPER LANE USAGE,UNABLE TO DETERMINE,3326,W,PETERSON AVE,1711,2,"REPORTED, NOT EVIDENT",1,0,0,0,1,2,0,7,3,6,41.99044953,-87.71271233
6/22/2019 16:50,30,TRAFFIC SIGNAL,FUNCTIONING PROPERLY,CLEAR,DAYLIGHT,TURNING,NOT DIVIDED,STRAIGHT AND LEVEL,DRY,NO DEFECTS,ON SCENE,INJURY AND / OR TOW DUE TO CRASH,Y,"OVER $1,500",FAILING TO YIELD RIGHT-OF-WAY,NOT APPLICABLE,3959,W,107TH ST,2211,2,NONINCAPACITATING INJURY,1,0,0,1,0,1,0,16,7,6,41.69845871,-87.72058255
6/26/2019 17:35,30,TRAFFIC SIGNAL,FUNCTIONING PROPERLY,CLEAR,DAYLIGHT,REAR END,NOT DIVIDED,STRAIGHT AND LEVEL,DRY,NO DEFECTS,ON SCENE,NO INJURY / DRIVE AWAY,Y,$500 OR LESS,UNABLE TO DETERMINE,UNABLE TO DETERMINE,2358,S,PULASKI RD,1013,3,NO INDICATION OF INJURY,0,0,0,0,0,3,0,17,4,6,41.84802922,-87.72480877
6/17/2019 15:45,30,TRAFFIC SIGNAL,FUNCTIONING PROPERLY,CLEAR,DAYLIGHT,REAR END,NOT DIVIDED,STRAIGHT AND LEVEL,DRY,NO DEFECTS,NOT ON SCENE (DESK REPORT),INJURY AND / OR TOW DUE TO CRASH,Y,"$501 - $1,500",UNABLE TO DETERMINE,UNABLE TO DETERMINE,801,W,LAWRENCE AVE,1914,2,NONINCAPACITATING INJURY,2,0,0,2,0,1,0,15,2,6,41.9690416,-87.65041558
6/17/2019 17:24,40,TRAFFIC SIGNAL,FUNCTIONING PROPERLY,CLOUDY/OVERCAST,DAYLIGHT,REAR END,NOT DIVIDED,"CURVE, LEVEL",UNKNOWN,UNKNOWN,NOT ON SCENE (DESK REPORT),INJURY AND / OR TOW DUE TO CRASH,,"OVER $1,500",FOLLOWING TOO CLOSELY,NOT APPLICABLE,5709,S,LAKE SHORE DR,331,2,"REPORTED, NOT EVIDENT",1,0,0,0,1,1,0,17,2,6,41.79132371,-87.57977946
6/19/2019 7:22,10,NO CONTROLS,NO CONTROLS,CLEAR,DAYLIGHT,FIXED OBJECT,ONE-WAY,STRAIGHT AND LEVEL,DRY,NO DEFECTS,ON SCENE,INJURY AND / OR TOW DUE TO CRASH,,"OVER $1,500",IMPROPER TURNING/NO SIGNAL,NOT APPLICABLE,7054,S,CALIFORNIA AVE,831,1,NONINCAPACITATING INJURY,1,0,0,1,0,1,0,7,4,6,41.76474172,-87.69318
6/23/2019 10:20,15,NO CONTROLS,NO CONTROLS,CLEAR,DAYLIGHT,ANGLE,ALLEY,STRAIGHT AND LEVEL,WET,NO DEFECTS,NOT ON SCENE (DESK REPORT),NO INJURY / DRIVE AWAY,,"$501 - $1,500",FAILING TO YIELD RIGHT-OF-WAY,IMPROPER BACKING,2715,W,38TH PL,911,2,NO INDICATION OF INJURY,0,0,0,0,0,5,0,10,1,6,41.82362509,-87.69283297
6/27/2019 6:24,30,NO CONTROLS,NO CONTROLS,CLEAR,DAYLIGHT,ANGLE,NOT DIVIDED,STRAIGHT AND LEVEL,DRY,NO DEFECTS,ON SCENE,NO INJURY / DRIVE AWAY,,"OVER $1,500",FAILING TO YIELD RIGHT-OF-WAY,DRIVING SKILLS/KNOWLEDGE/EXPERIENCE,11501,S,HALSTED ST,524,2,NO INDICATION OF INJURY,0,0,0,0,0,3,0,6,5,6,41.68502959,-87.64200453
6/26/2019 17:45,30,NO CONTROLS,NO CONTROLS,CLEAR,DAYLIGHT,REAR END,NOT DIVIDED,STRAIGHT AND LEVEL,DRY,NO DEFECTS,ON SCENE,NO INJURY / DRIVE AWAY,,"OVER $1,500",UNABLE TO DETERMINE,NOT APPLICABLE,3105,W,HOWARD ST,2411,4,NO INDICATION OF INJURY,0,0,0,0,0,4,0,17,4,6,42.01907344,-87.70690659
6/26/2019 11:40,30,NO CONTROLS,NO CONTROLS,CLEAR,DAYLIGHT,REAR END,NOT DIVIDED,STRAIGHT AND LEVEL,DRY,NO DEFECTS,ON SCENE,NO INJURY / DRIVE AWAY,,"$501 - $1,500",FOLLOWING TOO CLOSELY,NOT APPLICABLE,2405,W,CERMAK RD,1034,2,NO INDICATION OF INJURY,0,0,0,0,0,3,0,11,4,6,41.85192125,-87.68591225
6/19/2019 14:30,10,NO CONTROLS,NO CONTROLS,CLEAR,DAYLIGHT,PARKED MOTOR VEHICLE,OTHER,STRAIGHT AND LEVEL,DRY,NO DEFECTS,NOT ON SCENE (DESK REPORT),NO INJURY / DRIVE AWAY,,"OVER $1,500",UNABLE TO DETERMINE,UNABLE TO DETERMINE,2425,E,71ST ST,334,2,NO INDICATION OF INJURY,0,0,0,0,0,1,0,14,4,6,,
6/19/2019 21:30,30,NO CONTROLS,NO CONTROLS,CLEAR,"DARKNESS, LIGHTED ROAD",TURNING,NOT DIVIDED,STRAIGHT AND LEVEL,DRY,NO DEFECTS,NOT ON SCENE (DESK REPORT),NO INJURY / DRIVE AWAY,,"OVER $1,500",FAILING TO YIELD RIGHT-OF-WAY,NOT APPLICABLE,1314,W,WAVELAND AVE,1923,2,NO INDICATION OF INJURY,0,0,0,0,0,2,0,21,4,6,41.94902789,-87.66229455
6/21/2019 17:57,30,NO CONTROLS,NO CONTROLS,CLEAR,DAYLIGHT,PEDALCYCLIST,NOT DIVIDED,STRAIGHT AND LEVEL,DRY,NO DEFECTS,NOT ON SCENE (DESK REPORT),NO INJURY / DRIVE AWAY,,$500 OR LESS,IMPROPER LANE USAGE,NOT APPLICABLE,1347,N,WELLS ST,1821,2,NO INDICATION OF INJURY,0,0,0,0,0,4,0,17,6,6,41.90712719,-87.6344422
6/7/2019 11:00,20,NO CONTROLS,NO CONTROLS,UNKNOWN,UNKNOWN,PARKED MOTOR VEHICLE,OTHER,STRAIGHT AND LEVEL,UNKNOWN,UNKNOWN,ON SCENE,NO INJURY / DRIVE AWAY,,"OVER $1,500",NOT APPLICABLE,NOT APPLICABLE,6419,N,SEELEY AVE,2412,2,NO INDICATION OF INJURY,0,0,0,0,0,1,0,11,6,6,41.99847424,-87.68122873
6/29/2019 21:30,30,NO CONTROLS,NO CONTROLS,CLEAR,"DARKNESS, LIGHTED ROAD",PARKED MOTOR VEHICLE,NOT DIVIDED,STRAIGHT AND LEVEL,DRY,NO DEFECTS,NOT ON SCENE (DESK REPORT),NO INJURY / DRIVE AWAY,,"$501 - $1,500",UNABLE TO DETERMINE,UNABLE TO DETERMINE,2700,N,CENTRAL AVE,2514,2,NO INDICATION OF INJURY,0,0,0,0,0,1,0,21,7,6,41.9294953,-87.7663303
6/26/2019 15:45,30,NO CONTROLS,NO CONTROLS,CLEAR,DAYLIGHT,REAR END,NOT DIVIDED,STRAIGHT AND LEVEL,DRY,UNKNOWN,NOT ON SCENE (DESK REPORT),INJURY AND / OR TOW DUE TO CRASH,,"OVER $1,500",UNABLE TO DETERMINE,UNABLE TO DETERMINE,1418,W,99TH ST,2213,2,"REPORTED, NOT EVIDENT",1,0,0,0,1,1,0,15,4,6,41.71413145,-87.65832383
6/18/2019 9:15,30,NO CONTROLS,NO CONTROLS,CLEAR,DAYLIGHT,PARKED MOTOR VEHICLE,OTHER,STRAIGHT AND LEVEL,DRY,UNKNOWN,NOT ON SCENE (DESK REPORT),NO INJURY / DRIVE AWAY,,"OVER $1,500",UNABLE TO DETERMINE,UNABLE TO DETERMINE,2414,W,COYLE AVE,2411,2,NO INDICATION OF INJURY,0,0,0,0,0,1,0,9,3,6,42.00784454,-87.69078618
6/22/2019 9:05,30,TRAFFIC SIGNAL,FUNCTIONING PROPERLY,CLEAR,DAYLIGHT,REAR END,NOT DIVIDED,STRAIGHT AND LEVEL,DRY,NO DEFECTS,NOT ON SCENE (DESK REPORT),NO INJURY / DRIVE AWAY,,"OVER $1,500",IMPROPER LANE USAGE,UNABLE TO DETERMINE,801,W,99TH ST,2232,2,NO INDICATION OF INJURY,0,0,0,0,0,2,0,9,7,6,41.71410383,-87.64306208
6/23/2019 11:00,10,NO CONTROLS,NO CONTROLS,UNKNOWN,DAYLIGHT,PARKED MOTOR VEHICLE,PARKING LOT,STRAIGHT AND LEVEL,UNKNOWN,NO DEFECTS,NOT ON SCENE (DESK REPORT),NO INJURY / DRIVE AWAY,,"$501 - $1,500",NOT APPLICABLE,NOT APPLICABLE,7701,S,CICERO AVE,834,2,NO INDICATION OF INJURY,0,0,0,0,0,1,0,11,1,6,41.75282202,-87.74135449
6/19/2019 10:20,15,NO CONTROLS,NO CONTROLS,CLEAR,DAYLIGHT,REAR TO SIDE,PARKING LOT,STRAIGHT AND LEVEL,DRY,NO DEFECTS,ON SCENE,NO INJURY / DRIVE AWAY,,"$501 - $1,500",IMPROPER BACKING,FAILING TO YIELD RIGHT-OF-WAY,2350,N,CANNON DR,1814,2,NO INDICATION OF INJURY,0,0,0,0,0,2,0,10,4,6,41.92537465,-87.63359141
6/20/2019 1:20,30,NO CONTROLS,NO CONTROLS,CLEAR,DARKNESS,REAR END,NOT DIVIDED,STRAIGHT AND LEVEL,DRY,UNKNOWN,NOT ON SCENE (DESK REPORT),NO INJURY / DRIVE AWAY,,"$501 - $1,500",FOLLOWING TOO CLOSELY,NOT APPLICABLE,3400,N,HALSTED ST,1924,2,NO INDICATION OF INJURY,0,0,0,0,0,2,0,1,5,6,41.9436595,-87.64952321
6/25/2019 22:30,35,NO CONTROLS,NO CONTROLS,CLEAR,"DARKNESS, LIGHTED ROAD",PARKED MOTOR VEHICLE,NOT DIVIDED,STRAIGHT AND LEVEL,DRY,NO DEFECTS,ON SCENE,NO INJURY / DRIVE AWAY,,"OVER $1,500",UNABLE TO DETERMINE,UNABLE TO DETERMINE,1730,W,54TH ST,932,2,NO INDICATION OF INJURY,0,0,0,0,0,1,0,22,3,6,41.79592277,-87.6682193
6/30/2019 5:40,30,TRAFFIC SIGNAL,FUNCTIONING PROPERLY,CLEAR,DAYLIGHT,REAR END,DIVIDED - W/MEDIAN (NOT RAISED),STRAIGHT AND LEVEL,DRY,NO DEFECTS,ON SCENE,INJURY AND / OR TOW DUE TO CRASH,Y,"OVER $1,500",FOLLOWING TOO CLOSELY,DRIVING SKILLS/KNOWLEDGE/EXPERIENCE,7201,W,IRVING PARK RD,1631,2,NO INDICATION OF INJURY,0,0,0,0,0,2,0,5,1,6,41.95265541,-87.80733132
6/28/2019 19:40,30,NO CONTROLS,NO CONTROLS,CLEAR,DAWN,REAR END,DIVIDED - W/MEDIAN BARRIER,STRAIGHT AND LEVEL,DRY,NO DEFECTS,NOT ON SCENE (DESK REPORT),INJURY AND / OR TOW DUE TO CRASH,,"OVER $1,500",UNABLE TO DETERMINE,UNABLE TO DETERMINE,8306,S,SOUTH CHICAGO AVE,412,2,"REPORTED, NOT EVIDENT",1,0,0,0,1,1,0,19,6,6,41.74408866,-87.57549096
6/30/2019 16:04,30,TRAFFIC SIGNAL,FUNCTIONING PROPERLY,RAIN,DAYLIGHT,REAR END,NOT DIVIDED,STRAIGHT AND LEVEL,WET,NO DEFECTS,NOT ON SCENE (DESK REPORT),NO INJURY / DRIVE AWAY,,"$501 - $1,500",NOT APPLICABLE,NOT APPLICABLE,5354,S,ARCHER AVE,815,2,NO INDICATION OF INJURY,0,0,0,0,0,2,0,16,1,6,41.7988666,-87.74234371
6/21/2019 5:19,30,NO CONTROLS,NO CONTROLS,CLEAR,DAYLIGHT,PARKED MOTOR VEHICLE,DRIVEWAY,STRAIGHT AND LEVEL,DRY,NO DEFECTS,ON SCENE,NO INJURY / DRIVE AWAY,,"OVER $1,500",IMPROPER BACKING,NOT APPLICABLE,2254,S,KIRKLAND AVE,1013,2,NO INDICATION OF INJURY,0,0,0,0,0,1,0,5,6,6,41.84977928,-87.73351427
6/21/2019 20:00,30,NO CONTROLS,NO CONTROLS,UNKNOWN,UNKNOWN,PARKED MOTOR VEHICLE,PARKING LOT,STRAIGHT AND LEVEL,UNKNOWN,UNKNOWN,NOT ON SCENE (DESK REPORT),NO INJURY / DRIVE AWAY,,"OVER $1,500",UNABLE TO DETERMINE,UNABLE TO DETERMINE,770,W,GLADYS AVE,1232,2,NO INDICATION OF INJURY,0,0,0,0,0,1,0,20,6,6,41.87742612,-87.64673755
6/25/2019 12:38,35,NO CONTROLS,NO CONTROLS,CLEAR,DAYLIGHT,SIDESWIPE SAME DIRECTION,ONE-WAY,STRAIGHT AND LEVEL,DRY,NO DEFECTS,ON SCENE,NO INJURY / DRIVE AWAY,,"OVER $1,500",UNABLE TO DETERMINE,NOT APPLICABLE,1,W,TERMINAL ST,1651,2,NO INDICATION OF INJURY,0,0,0,0,0,2,0,12,3,6,,
6/22/2019 1:03,30,NO CONTROLS,NO CONTROLS,CLEAR,"DARKNESS, LIGHTED ROAD",PEDALCYCLIST,DIVIDED - W/MEDIAN (NOT RAISED),STRAIGHT AND LEVEL,DRY,NO DEFECTS,ON SCENE,INJURY AND / OR TOW DUE TO CRASH,,"$501 - $1,500","OPERATING VEHICLE IN ERRATIC, RECKLESS, CARELESS, NEGLIGENT OR AGGRESSIVE MANNER",NOT APPLICABLE,2457,W,AUGUSTA BLVD,1212,2,INCAPACITATING INJURY,1,0,1,0,0,1,0,1,7,6,41.89924663,-87.68919481
6/25/2019 18:28,30,TRAFFIC SIGNAL,FUNCTIONING PROPERLY,CLEAR,DAYLIGHT,SIDESWIPE SAME DIRECTION,DIVIDED - W/MEDIAN BARRIER,STRAIGHT AND LEVEL,DRY,NO DEFECTS,ON SCENE,NO INJURY / DRIVE AWAY,Y,"OVER $1,500",UNABLE TO DETERMINE,UNABLE TO DETERMINE,40,W,WACKER DR,111,2,NO INDICATION OF INJURY,0,0,0,0,0,2,0,18,3,6,41.8870437,-87.62945493
6/19/2019 16:12,30,NO CONTROLS,NO CONTROLS,CLOUDY/OVERCAST,DAYLIGHT,SIDESWIPE SAME DIRECTION,DIVIDED - W/MEDIAN (NOT RAISED),STRAIGHT AND LEVEL,DRY,NO DEFECTS,ON SCENE,NO INJURY / DRIVE AWAY,,"OVER $1,500",IMPROPER LANE USAGE,NOT APPLICABLE,4727,N,AUSTIN AVE,1622,2,NO INDICATION OF INJURY,0,0,0,0,0,6,0,16,4,6,41.96670836,-87.77708508
6/21/2019 13:00,30,NO CONTROLS,NO CONTROLS,CLEAR,DAYLIGHT,PARKED MOTOR VEHICLE,NOT DIVIDED,STRAIGHT AND LEVEL,DRY,NO DEFECTS,ON SCENE,NO INJURY / DRIVE AWAY,,$500 OR LESS,UNABLE TO DETERMINE,NOT APPLICABLE,4471,W,LAWRENCE AVE,1722,2,NO INDICATION OF INJURY,0,0,0,0,0,1,0,13,6,6,41.96799336,-87.74072635
6/21/2019 6:00,30,NO CONTROLS,NO CONTROLS,CLEAR,DAYLIGHT,PARKED MOTOR VEHICLE,PARKING LOT,STRAIGHT AND LEVEL,DRY,NO DEFECTS,NOT ON SCENE (DESK REPORT),NO INJURY / DRIVE AWAY,,"$501 - $1,500",UNABLE TO DETERMINE,NOT APPLICABLE,66,W,OAK ST,1824,2,NO INDICATION OF INJURY,0,0,0,0,0,1,0,6,6,6,41.90067029,-87.6308417
6/29/2019 20:00,20,NO CONTROLS,NO CONTROLS,CLEAR,DAYLIGHT,SIDESWIPE SAME DIRECTION,DIVIDED - W/MEDIAN (NOT RAISED),STRAIGHT AND LEVEL,DRY,NO DEFECTS,NOT ON SCENE (DESK REPORT),NO INJURY / DRIVE AWAY,,"OVER $1,500",UNABLE TO DETERMINE,NOT APPLICABLE,1801,W,MADISON ST,1223,2,NO INDICATION OF INJURY,0,0,0,0,0,2,0,20,7,6,41.88127916,-87.67180461
6/18/2019 18:00,30,NO CONTROLS,NO CONTROLS,CLEAR,DAYLIGHT,PARKED MOTOR VEHICLE,NOT DIVIDED,STRAIGHT AND LEVEL,DRY,NO DEFECTS,NOT ON SCENE (DESK REPORT),NO INJURY / DRIVE AWAY,,"$501 - $1,500",UNABLE TO DETERMINE,UNABLE TO DETERMINE,1358,E,48TH ST,222,2,NO INDICATION OF INJURY,0,0,0,0,0,1,0,18,3,6,41.80797751,-87.59287319
6/25/2019 6:15,30,NO CONTROLS,NO CONTROLS,CLEAR,DAYLIGHT,REAR END,NOT DIVIDED,STRAIGHT AND LEVEL,DRY,NO DEFECTS,NOT ON SCENE (DESK REPORT),NO INJURY / DRIVE AWAY,,"$501 - $1,500",FOLLOWING TOO CLOSELY,UNABLE TO DETERMINE,5800,N,SHERIDAN RD,2022,2,NO INDICATION OF INJURY,0,0,0,0,0,2,0,6,3,6,41.9874468,-87.655453
6/24/2019 15:51,40,STOP SIGN/FLASHER,NO CONTROLS,CLEAR,DAYLIGHT,ANGLE,FOUR WAY,STRAIGHT AND LEVEL,DRY,NO DEFECTS,ON SCENE,NO INJURY / DRIVE AWAY,Y,"OVER $1,500",DISREGARDING STOP SIGN,NOT APPLICABLE,5500,S,PRAIRIE AVE,231,2,NO INDICATION OF INJURY,0,0,0,0,0,2,0,15,2,6,41.79439209,-87.61936262
6/24/2019 15:35,30,TRAFFIC SIGNAL,FUNCTIONING PROPERLY,CLEAR,DAYLIGHT,TURNING,NOT DIVIDED,STRAIGHT AND LEVEL,DRY,NO DEFECTS,NOT ON SCENE (DESK REPORT),NO INJURY / DRIVE AWAY,,"$501 - $1,500",DRIVING SKILLS/KNOWLEDGE/EXPERIENCE,DRIVING SKILLS/KNOWLEDGE/EXPERIENCE,9454,S,COTTAGE GROVE AVE,633,2,NO INDICATION OF INJURY,0,0,0,0,0,2,0,15,2,6,41.7225187,-87.60463681
6/16/2019 17:45,30,TRAFFIC SIGNAL,FUNCTIONING PROPERLY,CLEAR,DAYLIGHT,REAR END,NOT DIVIDED,STRAIGHT AND LEVEL,DRY,NO DEFECTS,NOT ON SCENE (DESK REPORT),NO INJURY / DRIVE AWAY,Y,"$501 - $1,500",UNABLE TO DETERMINE,UNABLE TO DETERMINE,955,W,FOSTER AVE,2024,2,NO INDICATION OF INJURY,0,0,0,0,0,5,0,17,1,6,41.97629148,-87.65464521
6/22/2019 21:45,30,NO CONTROLS,NO CONTROLS,CLEAR,"DARKNESS, LIGHTED ROAD",SIDESWIPE SAME DIRECTION,DIVIDED - W/MEDIAN (NOT RAISED),STRAIGHT AND LEVEL,DRY,NO DEFECTS,NOT ON SCENE (DESK REPORT),NO INJURY / DRIVE AWAY,,"$501 - $1,500",IMPROPER LANE USAGE,NOT APPLICABLE,3420,W,63RD ST,823,2,NO INDICATION OF INJURY,0,0,0,0,0,2,0,21,7,6,41.77898719,-87.70886382
6/17/2019 18:21,30,NO CONTROLS,NO CONTROLS,CLEAR,DAYLIGHT,REAR END,DIVIDED - W/MEDIAN (NOT RAISED),STRAIGHT AND LEVEL,DRY,NO DEFECTS,ON SCENE,NO INJURY / DRIVE AWAY,,"OVER $1,500",FOLLOWING TOO CLOSELY,NOT APPLICABLE,6428,N,RIDGE BLVD,2412,2,NO INDICATION OF INJURY,0,0,0,0,0,2,0,18,2,6,41.99874085,-87.67734788
6/18/2019 15:00,30,NO CONTROLS,NO CONTROLS,CLEAR,DAYLIGHT,REAR END,NOT DIVIDED,STRAIGHT AND LEVEL,DRY,NO DEFECTS,NOT ON SCENE (DESK REPORT),NO INJURY / DRIVE AWAY,,"OVER $1,500",FOLLOWING TOO CLOSELY,NOT APPLICABLE,7200,W,TOUHY AVE,1611,2,NO INDICATION OF INJURY,0,0,0,0,0,2,0,15,3,6,42.01182229,-87.80670086
6/30/2019 15:30,20,NO CONTROLS,NO CONTROLS,CLEAR,DAYLIGHT,PARKED MOTOR VEHICLE,DIVIDED - W/MEDIAN (NOT RAISED),STRAIGHT AND LEVEL,DRY,UNKNOWN,NOT ON SCENE (DESK REPORT),NO INJURY / DRIVE AWAY,,"$501 - $1,500",UNABLE TO DETERMINE,UNABLE TO DETERMINE,4537,N,BEACON ST,1913,2,NO INDICATION OF INJURY,0,0,0,0,0,1,0,15,1,6,41.964601,-87.66362937
6/29/2019 2:50,30,OTHER,FUNCTIONING PROPERLY,CLEAR,"DARKNESS, LIGHTED ROAD",FIXED OBJECT,OTHER,STRAIGHT AND LEVEL,DRY,UNKNOWN,ON SCENE,NO INJURY / DRIVE AWAY,,"OVER $1,500",DISREGARDING OTHER TRAFFIC SIGNS,UNABLE TO DETERMINE,2227,W,GARFIELD BLVD,824,2,NO INDICATION OF INJURY,0,0,0,0,0,1,0,2,7,6,41.79337303,-87.68038082
6/24/2019 8:50,25,NO CONTROLS,NO CONTROLS,CLEAR,DAYLIGHT,PARKED MOTOR VEHICLE,NOT DIVIDED,STRAIGHT AND LEVEL,DRY,NO DEFECTS,NOT ON SCENE (DESK REPORT),NO INJURY / DRIVE AWAY,,"$501 - $1,500",UNABLE TO DETERMINE,NOT APPLICABLE,1414,W,MONROE ST,1224,2,NO INDICATION OF INJURY,0,0,0,0,0,1,0,8,2,6,41.88034922,-87.66260905
6/30/2019 16:30,30,NO CONTROLS,NO CONTROLS,CLEAR,DAYLIGHT,PARKED MOTOR VEHICLE,DIVIDED - W/MEDIAN (NOT RAISED),STRAIGHT AND LEVEL,DRY,NO DEFECTS,NOT ON SCENE (DESK REPORT),NO INJURY / DRIVE AWAY,,"$501 - $1,500",IMPROPER BACKING,NOT APPLICABLE,2900,S,VERNON AVE,133,2,NO INDICATION OF INJURY,0,0,0,0,0,1,0,16,1,6,41.8420411,-87.61582215
6/20/2019 11:59,30,OTHER,OTHER,FOG/SMOKE/HAZE,DAYLIGHT,REAR END,NOT DIVIDED,STRAIGHT AND LEVEL,DRY,NO DEFECTS,ON SCENE,INJURY AND / OR TOW DUE TO CRASH,,"$501 - $1,500",DISTRACTION - FROM INSIDE VEHICLE,DISTRACTION - FROM INSIDE VEHICLE,2699,E,95TH ST,431,3,NONINCAPACITATING INJURY,1,0,0,1,0,2,0,11,5,6,41.72257101,-87.55807128
6/21/2019 9:00,30,NO CONTROLS,NO CONTROLS,CLEAR,DAYLIGHT,FIXED OBJECT,NOT DIVIDED,STRAIGHT AND LEVEL,DRY,NO DEFECTS,ON SCENE,INJURY AND / OR TOW DUE TO CRASH,,"$501 - $1,500",UNABLE TO DETERMINE,NOT APPLICABLE,5722,S,CENTRAL AVE,811,1,NO INDICATION OF INJURY,0,0,0,0,0,1,0,9,6,6,41.78857164,-87.76229379
6/18/2019 21:00,35,TRAFFIC SIGNAL,FUNCTIONING PROPERLY,CLEAR,DAWN,PARKED MOTOR VEHICLE,OTHER,STRAIGHT AND LEVEL,DRY,NO DEFECTS,ON SCENE,NO INJURY / DRIVE AWAY,,"OVER $1,500",UNABLE TO DETERMINE,UNABLE TO DETERMINE,4000,W,ARMITAGE AVE,2525,2,NO INDICATION OF INJURY,0,0,0,0,0,1,0,21,3,6,41.91727507,-87.72662275
6/21/2019 16:41,30,TRAFFIC SIGNAL,FUNCTIONING PROPERLY,CLEAR,DAYLIGHT,REAR END,DIVIDED - W/MEDIAN (NOT RAISED),STRAIGHT AND LEVEL,DRY,NO DEFECTS,NOT ON SCENE (DESK REPORT),NO INJURY / DRIVE AWAY,,"OVER $1,500",NOT APPLICABLE,NOT APPLICABLE,5435,S,KEDZIE AVE,923,3,NO INDICATION OF INJURY,0,0,0,0,0,6,0,16,6,6,41.79438342,-87.7034374
6/28/2019 9:30,30,NO CONTROLS,NO CONTROLS,CLEAR,DAYLIGHT,SIDESWIPE SAME DIRECTION,NOT DIVIDED,STRAIGHT AND LEVEL,DRY,NO DEFECTS,NOT ON SCENE (DESK REPORT),NO INJURY / DRIVE AWAY,,"OVER $1,500",UNABLE TO DETERMINE,NOT APPLICABLE,5700,S,DAMEN AVE,715,2,NO INDICATION OF INJURY,0,0,0,0,0,2,0,9,6,6,41.79017832,-87.67433944
6/23/2019 21:01,30,TRAFFIC SIGNAL,FUNCTIONING PROPERLY,RAIN,"DARKNESS, LIGHTED ROAD",REAR END,NOT DIVIDED,STRAIGHT AND LEVEL,WET,NO DEFECTS,ON SCENE,INJURY AND / OR TOW DUE TO CRASH,Y,"OVER $1,500",DRIVING SKILLS/KNOWLEDGE/EXPERIENCE,PHYSICAL CONDITION OF DRIVER,3405,W,PETERSON AVE,1711,2,INCAPACITATING INJURY,1,0,1,0,0,1,0,21,1,6,41.99021092,-87.71422651
6/29/2019 22:45,30,NO CONTROLS,NO CONTROLS,CLEAR,"DARKNESS, LIGHTED ROAD",SIDESWIPE SAME DIRECTION,DIVIDED - W/MEDIAN BARRIER,STRAIGHT AND LEVEL,DRY,NO DEFECTS,NOT ON SCENE (DESK REPORT),NO INJURY / DRIVE AWAY,,"OVER $1,500",IMPROPER OVERTAKING/PASSING,NOT APPLICABLE,1207,S,PULASKI RD,1011,2,NO INDICATION OF INJURY,0,0,0,0,0,3,0,22,7,6,41.86590627,-87.72500867
6/29/2019 21:07,30,NO CONTROLS,NO CONTROLS,CLEAR,"DARKNESS, LIGHTED ROAD",REAR END,PARKING LOT,STRAIGHT AND LEVEL,DRY,NO DEFECTS,NOT ON SCENE (DESK REPORT),NO INJURY / DRIVE AWAY,,"$501 - $1,500",FOLLOWING TOO CLOSELY,FOLLOWING TOO CLOSELY,3100,S,LAKE SHORE DR SB,211,2,NO INDICATION OF INJURY,0,0,0,0,0,2,0,21,7,6,41.8383933,-87.60874952
6/21/2019 9:40,25,NO CONTROLS,NO CONTROLS,CLEAR,DAYLIGHT,PARKED MOTOR VEHICLE,ONE-WAY,STRAIGHT AND LEVEL,DRY,NO DEFECTS,ON SCENE,NO INJURY / DRIVE AWAY,,$500 OR LESS,DRIVING SKILLS/KNOWLEDGE/EXPERIENCE,UNABLE TO DETERMINE,1134,N,WALLER AVE,1511,2,NO INDICATION OF INJURY,0,0,0,0,0,1,0,9,6,6,41.90133386,-87.76819943
6/16/2019 7:05,30,STOP SIGN/FLASHER,NO CONTROLS,CLEAR,DAYLIGHT,ANGLE,NOT DIVIDED,STRAIGHT AND LEVEL,DRY,NO DEFECTS,ON SCENE,NO INJURY / DRIVE AWAY,Y,$500 OR LESS,DISREGARDING STOP SIGN,UNABLE TO DETERMINE,640,W,LAKE ST,1214,2,NO INDICATION OF INJURY,0,0,0,0,0,2,0,7,1,6,41.88580574,-87.64430221