CRASH_DATE,POSTED_SPEED_LIMIT,TRAFFIC_CONTROL_DEVICE,DEVICE_CONDITION,WEATHER_CONDITION,LIGHTING_CONDITION,FIRST_CRASH_TYPE,TRAFFICWAY_TYPE,ALIGNMENT,ROADWAY_SURFACE_COND,ROAD_DEFECT,REPORT_TYPE,CRASH_TYPE,INTERSECTION_RELATED_I,DAMAGE,PRIM_CONTRIBUTORY_CAUSE,SEC_CONTRIBUTORY_CAUSE,STREET_NO,STREET_DIRECTION,STREET_NAME,BEAT_OF_OCCURRENCE,NUM_UNITS,MOST_SEVERE_INJURY,INJURIES_TOTAL,INJURIES_FATAL,INJURIES_INCAPACITATING,INJURIES_NON_INCAPACITATING,INJURIES_REPORTED_NOT_EVIDENT,INJURIES_NO_INDICATION,INJURIES_UNKNOWN,CRASH_HOUR,CRASH_DAY_OF_WEEK,CRASH_MONTH,LATITUDE,LONGITUDE
6/15/2019 20:43,30,NO CONTROLS,NO CONTROLS,OTHER,"DARKNESS, LIGHTED ROAD",FIXED OBJECT,DIVIDED - W/MEDIAN (NOT RAISED),STRAIGHT AND LEVEL,WET,NO DEFECTS,ON SCENE,INJURY AND / OR TOW DUE TO CRASH,,"OVER $1,500","OPERATING VEHICLE IN ERRATIC, RECKLESS, CARELESS, NEGLIGENT OR AGGRESSIVE MANNER",UNABLE TO DETERMINE,1158,W,79TH ST,612,1,NO INDICATION OF INJURY,0,0,0,0,0,1,0,20,7,6,41.75060757,-87.65367844
6/26/2019 11:57,30,TRAFFIC SIGNAL,FUNCTIONING PROPERLY,CLEAR,DAYLIGHT,SIDESWIPE SAME DIRECTION,ONE-WAY,STRAIGHT AND LEVEL,DRY,NO DEFECTS,ON SCENE,NO INJURY / DRIVE AWAY,,$500 OR LESS,IMPROPER LANE USAGE,NOT APPLICABLE,130,W,MADISON ST,122,2,NO INDICATION OF INJURY,0,0,0,0,0,5,0,11,4,6,41.88207764,-87.63179034
6/25/2019 17:30,10,UNKNOWN,UNKNOWN,CLEAR,DAYLIGHT,ANGLE,PARKING LOT,STRAIGHT AND LEVEL,DRY,NO DEFECTS,ON SCENE,NO INJURY / DRIVE AWAY,,"$501 - $1,500",UNABLE TO DETERMINE,UNABLE TO DETERMINE,3201,N,ASHLAND AVE,1922,2,NO INDICATION OF INJURY,0,0,0,0,0,2,0,17,3,6,41.93974462,-87.6685161
6/17/2019 11:00,30,TRAFFIC SIGNAL,FUNCTIONING PROPERLY,CLEAR,DAYLIGHT,TURNING,FOUR WAY,STRAIGHT ON GRADE,DRY,NO DEFECTS,NOT ON SCENE (DESK REPORT),NO INJURY / DRIVE AWAY,Y,"OVER $1,500",FAILING TO YIELD RIGHT-OF-WAY,FAILING TO REDUCE SPEED TO AVOID CRASH,9900,S,WESTERN AVE,2211,2,NO INDICATION OF INJURY,0,0,0,0,0,2,0,11,2,6,41.7135699,-87.68198572
6/18/2019 8:54,30,TRAFFIC SIGNAL,FUNCTIONING PROPERLY,CLEAR,DAYLIGHT,FIXED OBJECT,NOT DIVIDED,STRAIGHT AND LEVEL,DRY,NO DEFECTS,ON SCENE,INJURY AND / OR TOW DUE TO CRASH,,"OVER $1,500",DISTRACTION - FROM OUTSIDE VEHICLE,UNABLE TO DETERMINE,3900,S,WESTERN AVE,921,1,NO INDICATION OF INJURY,0,0,0,0,0,1,0,8,3,6,41.82295429,-87.68501299
6/23/2019 15:12,30,TRAFFIC SIGNAL,FUNCTIONING PROPERLY,CLEAR,DAYLIGHT,REAR END,NOT DIVIDED,STRAIGHT AND LEVEL,DRY,NO DEFECTS,ON SCENE,NO INJURY / DRIVE AWAY,,"$501 - $1,500",DISTRACTION - FROM INSIDE VEHICLE,NOT APPLICABLE,999,W,WELLINGTON AVE,1933,2,NO INDICATION OF INJURY,0,0,0,0,0,3,0,15,1,6,41.93616381,-87.65385876
6/29/2019 12:30,30,NO CONTROLS,NO CONTROLS,CLEAR,DAYLIGHT,PARKED MOTOR VEHICLE,NOT DIVIDED,STRAIGHT AND LEVEL,DRY,NO DEFECTS,ON SCENE,NO INJURY / DRIVE AWAY,,$500 OR LESS,IMPROPER OVERTAKING/PASSING,UNABLE TO DETERMINE,2727,N,PINE GROVE AVE,1935,2,NO INDICATION OF INJURY,0,0,0,0,0,1,0,12,7,6,41.93181947,-87.64066311
6/27/2019 10:00,20,NO CONTROLS,NO CONTROLS,CLEAR,DAYLIGHT,REAR END,NOT DIVIDED,STRAIGHT AND LEVEL,DRY,NO DEFECTS,NOT ON SCENE (DESK REPORT),INJURY AND / OR TOW DUE TO CRASH,,"OVER $1,500",FOLLOWING TOO CLOSELY,NOT APPLICABLE,9700,S,HALSTED ST,2223,2,NONINCAPACITATING INJURY,1,0,0,1,0,1,0,10,5,6,41.71753744,-87.64325162
6/25/2019 11:24,25,STOP SIGN/FLASHER,FUNCTIONING PROPERLY,CLEAR,DAYLIGHT,ANGLE,NOT DIVIDED,STRAIGHT AND LEVEL,DRY,NO DEFECTS,ON SCENE,NO INJURY / DRIVE AWAY,,"$501 - $1,500",DISREGARDING STOP SIGN,NOT APPLICABLE,1400,S,KOMENSKY AVE,1011,2,NO INDICATION OF INJURY,0,0,0,0,0,4,0,11,3,6,41.86241133,-87.72643082
6/30/2019 10:15,10,NO CONTROLS,NO CONTROLS,CLEAR,DAYLIGHT,ANGLE,PARKING LOT,STRAIGHT AND LEVEL,DRY,NO DEFECTS,NOT ON SCENE (DESK REPORT),NO INJURY / DRIVE AWAY,,"$501 - $1,500",FAILING TO YIELD RIGHT-OF-WAY,NOT APPLICABLE,8300,W,ADDISON ST,1631,2,NO INDICATION OF INJURY,0,0,0,0,0,3,0,10,1,6,41.94493473,-87.83401889
6/24/2019 12:00,30,TRAFFIC SIGNAL,FUNCTIONING PROPERLY,RAIN,DAYLIGHT,PEDALCYCLIST,NOT DIVIDED,STRAIGHT AND LEVEL,WET,NO DEFECTS,ON SCENE,NO INJURY / DRIVE AWAY,,$500 OR LESS,IMPROPER LANE USAGE,DRIVING SKILLS/KNOWLEDGE/EXPERIENCE,2758,N,PULASKI RD,2524,2,NO INDICATION OF INJURY,0,0,0,0,0,2,0,12,2,6,41.93174236,-87.72712439
6/23/2019 19:30,45,NO CONTROLS,NO CONTROLS,RAIN,DAYLIGHT,SIDESWIPE SAME DIRECTION,DIVIDED - W/MEDIAN BARRIER,STRAIGHT AND LEVEL,WET,NO DEFECTS,,NO INJURY / DRIVE AWAY,,"OVER $1,500",UNABLE TO DETERMINE,NOT APPLICABLE,6200,S,LAKE SHORE DR,331,1,NO INDICATION OF INJURY,0,0,0,0,0,1,0,19,1,6,41.78242863,-87.57589221
6/25/2019 0:06,30,NO CONTROLS,NO CONTROLS,CLEAR,"DARKNESS, LIGHTED ROAD",OTHER NONCOLLISION,DIVIDED - W/MEDIAN BARRIER,STRAIGHT AND LEVEL,DRY,UNKNOWN,ON SCENE,INJURY AND / OR TOW DUE TO CRASH,,"OVER $1,500",UNABLE TO DETERMINE,NOT APPLICABLE,8623,S,ASHLAND AVE,614,1,"REPORTED, NOT EVIDENT",1,0,0,0,1,1,0,0,3,6,41.73690149,-87.66294485
6/28/2019 12:05,35,NO CONTROLS,NO CONTROLS,CLEAR,DARKNESS,SIDESWIPE SAME DIRECTION,NOT DIVIDED,STRAIGHT AND LEVEL,DRY,NO DEFECTS,,NO INJURY / DRIVE AWAY,,"$501 - $1,500",UNABLE TO DETERMINE,UNABLE TO DETERMINE,400,W,BELMONT AVE,1925,,,,,,,,,,12,6,6,41.94024119,-87.63963911
6/27/2019 18:10,30,NO CONTROLS,NO CONTROLS,CLEAR,DAYLIGHT,PEDALCYCLIST,DIVIDED - W/MEDIAN (NOT RAISED),STRAIGHT AND LEVEL,DRY,NO DEFECTS,ON SCENE,INJURY AND / OR TOW DUE TO CRASH,,$500 OR LESS,FAILING TO YIELD RIGHT-OF-WAY,FAILING TO YIELD RIGHT-OF-WAY,319,W,NORTH AVE,1821,2,NONINCAPACITATING INJURY,1,0,0,1,0,1,0,18,5,6,41.91102092,-87.63748633
6/20/2019 23:17,30,NO CONTROLS,NO CONTROLS,CLEAR,"DARKNESS, LIGHTED ROAD",TURNING,NOT DIVIDED,STRAIGHT AND LEVEL,DRY,NO DEFECTS,ON SCENE,INJURY AND / OR TOW DUE TO CRASH,,$500 OR LESS,IMPROPER OVERTAKING/PASSING,FAILING TO YIELD RIGHT-OF-WAY,1432,W,PERSHING RD,912,2,NONINCAPACITATING INJURY,1,0,0,1,0,2,0,23,5,6,41.82330391,-87.66179939
6/16/2019 2:00,20,NO CONTROLS,NO CONTROLS,FREEZING RAIN/DRIZZLE,DARKNESS,PARKED MOTOR VEHICLE,ONE-WAY,STRAIGHT AND LEVEL,WET,NO DEFECTS,NOT ON SCENE (DESK REPORT),NO INJURY / DRIVE AWAY,,"OVER $1,500",UNABLE TO DETERMINE,NOT APPLICABLE,8510,S,SANGAMON ST,613,2,NO INDICATION OF INJURY,0,0,0,0,0,1,0,2,1,6,41.73927879,-87.64750346
6/13/2019 10:04,30,NO CONTROLS,NO CONTROLS,CLEAR,DAYLIGHT,PARKED MOTOR VEHICLE,NOT DIVIDED,STRAIGHT AND LEVEL,DRY,NO DEFECTS,NOT ON SCENE (DESK REPORT),NO INJURY / DRIVE AWAY,,"OVER $1,500",UNABLE TO DETERMINE,UNABLE TO DETERMINE,5316,S,DORCHESTER AVE,234,2,NO INDICATION OF INJURY,0,0,0,0,0,1,0,10,5,6,41.79897237,-87.59191794
6/16/2019 12:00,30,NO CONTROLS,NO CONTROLS,CLEAR,DAYLIGHT,PARKED MOTOR VEHICLE,PARKING LOT,STRAIGHT AND LEVEL,DRY,NO DEFECTS,NOT ON SCENE (DESK REPORT),NO INJURY / DRIVE AWAY,,$500 OR LESS,UNABLE TO DETERMINE,UNABLE TO DETERMINE,3307,W,63RD ST,823,2,NO INDICATION OF INJURY,0,0,0,0,0,2,0,12,1,6,41.77881858,-87.70590358
6/22/2019 16:50,30,TRAFFIC SIGNAL,FUNCTIONING PROPERLY,CLEAR,DAYLIGHT,SIDESWIPE SAME DIRECTION,"FIVE POINT, OR MORE",STRAIGHT AND LEVEL,DRY,NO DEFECTS,NOT ON SCENE (DESK REPORT),INJURY AND / OR TOW DUE TO CRASH,Y,"$501 - $1,500",FAILING TO YIELD RIGHT-OF-WAY,IMPROPER OVERTAKING/PASSING,2800,N,WESTERN AVE,1411,2,NONINCAPACITATING INJURY,1,0,0,1,0,5,0,16,7,6,41.93221699,-87.68803328
6/26/2019 19:06,30,TRAFFIC SIGNAL,FUNCTIONING PROPERLY,CLEAR,"DARKNESS, LIGHTED ROAD",SIDESWIPE SAME DIRECTION,ONE-WAY,STRAIGHT AND LEVEL,DRY,NO DEFECTS,NOT ON SCENE (DESK REPORT),NO INJURY / DRIVE AWAY,,"OVER $1,500",UNABLE TO DETERMINE,UNABLE TO DETERMINE,199,N,LOWER WACKER DR,122,2,NO INDICATION OF INJURY,0,0,0,0,0,3,0,19,4,6,41.88569627,-87.63664223
6/25/2019 18:00,30,TRAFFIC SIGNAL,UNKNOWN,CLEAR,DARKNESS,SIDESWIPE SAME DIRECTION,DIVIDED - W/MEDIAN BARRIER,STRAIGHT AND LEVEL,DRY,UNKNOWN,NOT ON SCENE (DESK REPORT),NO INJURY / DRIVE AWAY,,"OVER $1,500",UNABLE TO DETERMINE,UNABLE TO DETERMINE,11501,S,HALSTED ST,524,2,NO INDICATION OF INJURY,0,0,0,0,0,2,0,18,3,6,41.68502959,-87.64200453
6/17/2019 18:20,10,NO CONTROLS,NO CONTROLS,CLEAR,DAYLIGHT,FIXED OBJECT,NOT DIVIDED,CURVE ON HILLCREST,DRY,UNKNOWN,NOT ON SCENE (DESK REPORT),NO INJURY / DRIVE AWAY,,"$501 - $1,500",UNABLE TO DETERMINE,UNABLE TO DETERMINE,1840,N,CLYBOURN AVE,1811,1,NO INDICATION OF INJURY,0,0,0,0,0,1,0,18,2,6,41.91442371,-87.65462784
6/26/2019 15:15,30,NO CONTROLS,NO CONTROLS,CLEAR,DAYLIGHT,SIDESWIPE SAME DIRECTION,NOT DIVIDED,STRAIGHT AND LEVEL,DRY,NO DEFECTS,NOT ON SCENE (DESK REPORT),NO INJURY / DRIVE AWAY,,$500 OR LESS,UNABLE TO DETERMINE,NOT APPLICABLE,1753,W,91ST ST,2221,2,NO INDICATION OF INJURY,0,0,0,0,0,2,0,15,4,6,41.72831081,-87.66717076
6/24/2019 13:35,30,NO CONTROLS,NO CONTROLS,CLEAR,DAYLIGHT,PARKED MOTOR VEHICLE,PARKING LOT,STRAIGHT AND LEVEL,WET,NO DEFECTS,NOT ON SCENE (DESK REPORT),NO INJURY / DRIVE AWAY,,"$501 - $1,500",UNABLE TO DETERMINE,NOT APPLICABLE,1676,W,OGDEN AVE,1224,2,NO INDICATION OF INJURY,0,0,0,0,0,10,0,13,2,6,41.87920456,-87.66899491
6/28/2019 11:45,30,TRAFFIC SIGNAL,FUNCTIONING PROPERLY,CLEAR,DAYLIGHT,REAR END,NOT DIVIDED,STRAIGHT AND LEVEL,WET,NO DEFECTS,NOT ON SCENE (DESK REPORT),NO INJURY / DRIVE AWAY,,"OVER $1,500",FOLLOWING TOO CLOSELY,NOT APPLICABLE,1656,N,KOSTNER AVE,2533,2,NO INDICATION OF INJURY,0,0,0,0,0,4,0,11,6,6,41.91134579,-87.73630188
6/26/2019 10:55,15,NO CONTROLS,NO CONTROLS,CLEAR,DAYLIGHT,PARKED MOTOR VEHICLE,NOT DIVIDED,STRAIGHT AND LEVEL,DRY,NO DEFECTS,ON SCENE,INJURY AND / OR TOW DUE TO CRASH,,"OVER $1,500",UNABLE TO DETERMINE,UNABLE TO DETERMINE,1049,W,72ND ST,733,2,NO INDICATION OF INJURY,0,0,0,0,0,1,0,10,4,6,41.76317107,-87.65115802
6/18/2019 15:50,0,NO CONTROLS,NO CONTROLS,CLEAR,DAYLIGHT,REAR TO REAR,PARKING LOT,STRAIGHT AND LEVEL,DRY,NO DEFECTS,NOT ON SCENE (DESK REPORT),NO INJURY / DRIVE AWAY,,$500 OR LESS,UNABLE TO DETERMINE,NOT APPLICABLE,5101,S,WENTWORTH AVE,225,2,NO INDICATION OF INJURY,0,0,0,0,0,2,0,15,3,6,41.80181109,-87.63056018
6/17/2019 18:55,30,TRAFFIC SIGNAL,FUNCTIONING PROPERLY,CLEAR,"DARKNESS, LIGHTED ROAD",TURNING,OTHER,STRAIGHT AND LEVEL,DRY,NO DEFECTS,ON SCENE,INJURY AND / OR TOW DUE TO CRASH,Y,"OVER $1,500",DISREGARDING TRAFFIC SIGNALS,FAILING TO YIELD RIGHT-OF-WAY,233,S,LOWER WACKER DR,122,2,NO INDICATION OF INJURY,0,0,0,0,0,2,0,18,2,6,41.87856008,-87.63648715
6/23/2019 0:08,30,NO CONTROLS,NO CONTROLS,CLEAR,"DARKNESS, LIGHTED ROAD",PARKED MOTOR VEHICLE,DIVIDED - W/MEDIAN (NOT RAISED),STRAIGHT AND LEVEL,DRY,NO DEFECTS,ON SCENE,NO INJURY / DRIVE AWAY,,"$501 - $1,500",UNDER THE INFLUENCE OF ALCOHOL/DRUGS (USE WHEN ARREST IS EFFECTED),NOT APPLICABLE,7030,N,CLARK ST,2424,2,NO INDICATION OF INJURY,0,0,0,0,0,2,0,0,1,6,42.00993936,-87.67432954
6/19/2019 4:30,30,TRAFFIC SIGNAL,FUNCTIONING PROPERLY,CLEAR,"DARKNESS, LIGHTED ROAD",REAR END,NOT DIVIDED,STRAIGHT AND LEVEL,DRY,NO DEFECTS,ON SCENE,INJURY AND / OR TOW DUE TO CRASH,Y,"OVER $1,500",FAILING TO REDUCE SPEED TO AVOID CRASH,FAILING TO REDUCE SPEED TO AVOID CRASH,5000,W,DIVERSEY AVE,2521,2,NO INDICATION OF INJURY,0,0,0,0,0,2,0,4,4,6,41.93157444,-87.75163128
6/17/2019 10:33,30,STOP SIGN/FLASHER,FUNCTIONING PROPERLY,CLEAR,DAYLIGHT,PARKED MOTOR VEHICLE,NOT DIVIDED,STRAIGHT AND LEVEL,DRY,NO DEFECTS,ON SCENE,NO INJURY / DRIVE AWAY,Y,"$501 - $1,500",IMPROPER BACKING,DRIVING SKILLS/KNOWLEDGE/EXPERIENCE,2042,W,WARNER AVE,1911,2,NO INDICATION OF INJURY,0,0,0,0,0,1,0,10,2,6,41.95697969,-87.68049569
6/28/2019 14:50,30,TRAFFIC SIGNAL,FUNCTIONING PROPERLY,CLEAR,DAYLIGHT,SIDESWIPE SAME DIRECTION,DIVIDED - W/MEDIAN (NOT RAISED),STRAIGHT AND LEVEL,DRY,NO DEFECTS,ON SCENE,NO INJURY / DRIVE AWAY,Y,"OVER $1,500",IMPROPER OVERTAKING/PASSING,NOT APPLICABLE,99,E,LAKE ST,111,2,NO INDICATION OF INJURY,0,0,0,0,0,4,0,14,6,6,41.88564292,-87.62454131
6/28/2019 10:00,15,NO CONTROLS,NO CONTROLS,CLEAR,DAYLIGHT,PARKED MOTOR VEHICLE,PARKING LOT,STRAIGHT AND LEVEL,DRY,NO DEFECTS,NOT ON SCENE (DESK REPORT),NO INJURY / DRIVE AWAY,,"$501 - $1,500",UNABLE TO DETERMINE,UNABLE TO DETERMINE,6201,N,CLARK ST,2433,2,NO INDICATION OF INJURY,0,0,0,0,0,1,0,10,6,6,41.99449043,-87.67000382
6/20/2019 1:08,30,NO CONTROLS,NO CONTROLS,RAIN,DARKNESS,TURNING,NOT DIVIDED,STRAIGHT AND LEVEL,WET,NO DEFECTS,ON SCENE,INJURY AND / OR TOW DUE TO CRASH,Y,"OVER $1,500",FAILING TO REDUCE SPEED TO AVOID CRASH,FAILING TO YIELD RIGHT-OF-WAY,45,E,63RD ST,312,2,NO INDICATION OF INJURY,0,0,0,0,0,4,0,1,5,6,41.7799016,-87.6235561
6/25/2019 18:17,30,NO CONTROLS,NO CONTROLS,CLEAR,DAYLIGHT,PARKED MOTOR VEHICLE,NOT DIVIDED,STRAIGHT AND LEVEL,DRY,NO DEFECTS,NOT ON SCENE (DESK REPORT),NO INJURY / DRIVE AWAY,,"$501 - $1,500",UNABLE TO DETERMINE,UNABLE TO DETERMINE,800,N,MIES VAN DER ROHE WAY,1833,2,NO INDICATION OF INJURY,0,0,0,0,0,5,0,18,3,6,41.89681157,-87.62197763
6/22/2019 16:37,35,TRAFFIC SIGNAL,FUNCTIONING PROPERLY,CLEAR,DAYLIGHT,PEDALCYCLIST,DIVIDED - W/MEDIAN (NOT RAISED),STRAIGHT AND LEVEL,DRY,NO DEFECTS,ON SCENE,INJURY AND / OR TOW DUE TO CRASH,Y,"OVER $1,500",DISREGARDING TRAFFIC SIGNALS,DISREGARDING TRAFFIC SIGNALS,5200,W,MADISON ST,1522,2,NONINCAPACITATING INJURY,1,0,0,1,0,1,0,16,7,6,41.88048075,-87.75513043
6/23/2019 15:20,30,STOP SIGN/FLASHER,FUNCTIONING PROPERLY,RAIN,DAYLIGHT,PARKED MOTOR VEHICLE,DIVIDED - W/MEDIAN BARRIER,STRAIGHT AND LEVEL,WET,UNKNOWN,NOT ON SCENE (DESK REPORT),NO INJURY / DRIVE AWAY,,$500 OR LESS,IMPROPER OVERTAKING/PASSING,IMPROPER OVERTAKING/PASSING,1255,S,STATE ST,131,2,NO INDICATION OF INJURY,0,0,0,0,0,2,0,15,1,6,41.86593147,-87.6272401
6/23/2019 3:00,30,TRAFFIC SIGNAL,UNKNOWN,CLEAR,UNKNOWN,REAR TO FRONT,NOT DIVIDED,STRAIGHT AND LEVEL,UNKNOWN,UNKNOWN,ON SCENE,NO INJURY / DRIVE AWAY,,"OVER $1,500",UNABLE TO DETERMINE,NOT APPLICABLE,3901,W,MADISON ST,1122,2,NO INDICATION OF INJURY,0,0,0,0,0,2,0,3,1,6,41.88064565,-87.72337094
6/30/2019 16:30,30,TRAFFIC SIGNAL,FUNCTIONING PROPERLY,CLEAR,DAYLIGHT,TURNING,NOT DIVIDED,STRAIGHT AND LEVEL,DRY,UNKNOWN,NOT ON SCENE (DESK REPORT),NO INJURY / DRIVE AWAY,,"OVER $1,500",IMPROPER TURNING/NO SIGNAL,NOT APPLICABLE,1545,N,LA SALLE DR,1821,2,NO INDICATION OF INJURY,0,0,0,0,0,2,0,16,1,6,41.91046638,-87.63297949
6/28/2019 18:05,30,NO CONTROLS,NO CONTROLS,CLEAR,DAYLIGHT,REAR TO FRONT,NOT DIVIDED,STRAIGHT AND LEVEL,DRY,NO DEFECTS,NOT ON SCENE (DESK REPORT),NO INJURY / DRIVE AWAY,,"$501 - $1,500",IMPROPER BACKING,NOT APPLICABLE,660,N,DEARBORN ST,1832,2,NO INDICATION OF INJURY,0,0,0,0,0,2,0,18,6,6,41.89416291,-87.6298671
6/21/2019 22:35,35,NO CONTROLS,UNKNOWN,CLEAR,DARKNESS,FIXED OBJECT,ROUNDABOUT,STRAIGHT AND LEVEL,DRY,NO DEFECTS,ON SCENE,INJURY AND / OR TOW DUE TO CRASH,N,"OVER $1,500",UNABLE TO DETERMINE,UNABLE TO DETERMINE,9500,S,HAMILTON AVE,2213,1,"REPORTED, NOT EVIDENT",1,0,0,0,1,0,0,22,6,6,41.72093426,-87.67615056
6/30/2019 17:37,30,NO CONTROLS,FUNCTIONING PROPERLY,CLEAR,DAYLIGHT,SIDESWIPE SAME DIRECTION,NOT DIVIDED,STRAIGHT AND LEVEL,WET,NO DEFECTS,ON SCENE,NO INJURY / DRIVE AWAY,,"$501 - $1,500",IMPROPER LANE USAGE,NOT APPLICABLE,906,W,LAWRENCE AVE,2024,3,NO INDICATION OF INJURY,0,0,0,0,0,4,0,17,1,6,41.96922528,-87.65283351
6/30/2019 0:30,30,NO CONTROLS,NO CONTROLS,CLEAR,"DARKNESS, LIGHTED ROAD",TURNING,ONE-WAY,STRAIGHT AND LEVEL,DRY,NO DEFECTS,NOT ON SCENE (DESK REPORT),NO INJURY / DRIVE AWAY,,"OVER $1,500",UNABLE TO DETERMINE,UNABLE TO DETERMINE,200,E,OHIO ST,1834,2,NO INDICATION OF INJURY,0,0,0,0,0,2,0,0,1,6,41.89267129,-87.6225722
6/27/2019 22:40,30,TRAFFIC SIGNAL,FUNCTIONING PROPERLY,CLEAR,DAWN,REAR END,ONE-WAY,STRAIGHT AND LEVEL,DRY,NO DEFECTS,NOT ON SCENE (DESK REPORT),NO INJURY / DRIVE AWAY,,"$501 - $1,500",FAILING TO REDUCE SPEED TO AVOID CRASH,NOT APPLICABLE,55,W,ONTARIO ST,1832,2,NO INDICATION OF INJURY,0,0,0,0,0,2,0,22,5,6,41.89313199,-87.63020873
6/30/2019 18:25,30,NO CONTROLS,NO CONTROLS,CLEAR,DAYLIGHT,TURNING,NOT DIVIDED,STRAIGHT AND LEVEL,DRY,NO DEFECTS,NOT ON SCENE (DESK REPORT),INJURY AND / OR TOW DUE TO CRASH,,$500 OR LESS,DISTRACTION - FROM INSIDE VEHICLE,NOT APPLICABLE,5721,S,ARCHER AVE,814,2,NONINCAPACITATING INJURY,2,0,0,2,0,2,0,18,1,6,41.7967401,-87.75501224
6/17/2019 16:30,30,STOP SIGN/FLASHER,NO CONTROLS,CLEAR,DAYLIGHT,ANGLE,FOUR WAY,STRAIGHT AND LEVEL,DRY,NO DEFECTS,NOT ON SCENE (DESK REPORT),NO INJURY / DRIVE AWAY,Y,"OVER $1,500",FAILING TO YIELD RIGHT-OF-WAY,NOT APPLICABLE,1500,N,CALIFORNIA AVE,1423,2,NO INDICATION OF INJURY,0,0,0,0,0,2,0,16,2,6,41.9084853,-87.6971623
6/20/2019 0:00,30,TRAFFIC SIGNAL,UNKNOWN,CLOUDY/OVERCAST,"DARKNESS, LIGHTED ROAD",TURNING,NOT DIVIDED,STRAIGHT AND LEVEL,WET,UNKNOWN,NOT ON SCENE (DESK REPORT),NO INJURY / DRIVE AWAY,Y,"OVER $1,500",UNABLE TO DETERMINE,NOT APPLICABLE,6400,W,GRAND AVE,2512,2,NO INDICATION OF INJURY,0,0,0,0,0,2,0,0,5,6,41.92275139,-87.78541631
6/21/2019 20:40,30,NO CONTROLS,NO CONTROLS,CLOUDY/OVERCAST,"DARKNESS, LIGHTED ROAD",SIDESWIPE SAME DIRECTION,NOT DIVIDED,STRAIGHT AND LEVEL,DRY,NO DEFECTS,NOT ON SCENE (DESK REPORT),NO INJURY / DRIVE AWAY,,"OVER $1,500",FOLLOWING TOO CLOSELY,UNABLE TO DETERMINE,218,W,KINZIE ST,1831,2,NO INDICATION OF INJURY,0,0,0,0,0,2,0,20,6,6,41.88926602,-87.63484424
6/22/2019 11:50,30,TRAFFIC SIGNAL,FUNCTIONING PROPERLY,CLEAR,DAYLIGHT,REAR END,NOT DIVIDED,STRAIGHT AND LEVEL,DRY,NO DEFECTS,NOT ON SCENE (DESK REPORT),NO INJURY / DRIVE AWAY,,"$501 - $1,500",FAILING TO REDUCE SPEED TO AVOID CRASH,NOT APPLICABLE,6358,W,FOSTER AVE,1622,2,NO INDICATION OF INJURY,0,0,0,0,0,2,0,11,7,6,41.97576254,-87.78764579
6/22/2019 12:10,30,NO CONTROLS,NO CONTROLS,CLEAR,DAYLIGHT,SIDESWIPE SAME DIRECTION,ONE-WAY,STRAIGHT AND LEVEL,DRY,NO DEFECTS,NOT ON SCENE (DESK REPORT),NO INJURY / DRIVE AWAY,,$500 OR LESS,IMPROPER OVERTAKING/PASSING,NOT APPLICABLE,10000,W,OHARE ST,1651,2,NO INDICATION OF INJURY,0,0,0,0,0,2,0,12,7,6,41.97620114,-87.90530913
6/17/2019 12:00,30,NO CONTROLS,NO CONTROLS,CLEAR,DAYLIGHT,REAR END,DIVIDED - W/MEDIAN (NOT RAISED),STRAIGHT AND LEVEL,DRY,UNKNOWN,NOT ON SCENE (DESK REPORT),NO INJURY / DRIVE AWAY,,"OVER $1,500",FOLLOWING TOO CLOSELY,UNABLE TO DETERMINE,3601,N,LAKE SHORE DR,1925,2,NO INDICATION OF INJURY,0,0,0,0,0,2,0,12,2,6,41.94877394,-87.6433817
6/21/2019 7:30,25,TRAFFIC SIGNAL,FUNCTIONING PROPERLY,CLEAR,DAYLIGHT,SIDESWIPE SAME DIRECTION,DIVIDED - W/MEDIAN BARRIER,STRAIGHT AND LEVEL,DRY,NO DEFECTS,NOT ON SCENE (DESK REPORT),NO INJURY / DRIVE AWAY,,$500 OR LESS,FAILING TO YIELD RIGHT-OF-WAY,IMPROPER OVERTAKING/PASSING,1401,S,MICHIGAN AVE,132,2,NO INDICATION OF INJURY,0,0,0,0,0,2,0,7,6,6,41.8640026,-87.62393205
6/27/2019 18:00,25,NO CONTROLS,NO CONTROLS,CLEAR,DAYLIGHT,PEDESTRIAN,NOT DIVIDED,STRAIGHT AND LEVEL,DRY,NO DEFECTS,,INJURY AND / OR TOW DUE TO CRASH,,$500 OR LESS,IMPROPER BACKING,NOT APPLICABLE,4300,N,KILPATRICK AVE,1722,2,"REPORTED, NOT EVIDENT",1,0,0,0,1,1,0,18,5,6,41.95889678,-87.74595307
6/17/2019 5:00,30,TRAFFIC SIGNAL,FUNCTIONING PROPERLY,CLEAR,DAYLIGHT,REAR END,DIVIDED - W/MEDIAN (NOT RAISED),STRAIGHT AND LEVEL,UNKNOWN,UNKNOWN,,NO INJURY / DRIVE AWAY,,"OVER $1,500",NOT APPLICABLE,NOT APPLICABLE,5900,S,KILPATRICK AVE,813,2,NO INDICATION OF INJURY,0,0,0,0,0,2,0,5,2,6,41.78533747,-87.73990415