CRASH_DATE,POSTED_SPEED_LIMIT,TRAFFIC_CONTROL_DEVICE,DEVICE_CONDITION,WEATHER_CONDITION,LIGHTING_CONDITION,FIRST_CRASH_TYPE,TRAFFICWAY_TYPE,ALIGNMENT,ROADWAY_SURFACE_COND,ROAD_DEFECT,REPORT_TYPE,CRASH_TYPE,INTERSECTION_RELATED_I,DAMAGE,PRIM_CONTRIBUTORY_CAUSE,SEC_CONTRIBUTORY_CAUSE,STREET_NO,STREET_DIRECTION,STREET_NAME,BEAT_OF_OCCURRENCE,NUM_UNITS,MOST_SEVERE_INJURY,INJURIES_TOTAL,INJURIES_FATAL,INJURIES_INCAPACITATING,INJURIES_NON_INCAPACITATING,INJURIES_REPORTED_NOT_EVIDENT,INJURIES_NO_INDICATION,INJURIES_UNKNOWN,CRASH_HOUR,CRASH_DAY_OF_WEEK,CRASH_MONTH,LATITUDE,LONGITUDE
6/21/2019 9:12,30,STOP SIGN/FLASHER,FUNCTIONING PROPERLY,CLEAR,DAYLIGHT,REAR END,NOT DIVIDED,STRAIGHT AND LEVEL,DRY,NO DEFECTS,ON SCENE,NO INJURY / DRIVE AWAY,Y,"OVER $1,500",FAILING TO REDUCE SPEED TO AVOID CRASH,NOT APPLICABLE,431,W,107TH ST,2233,2,NO INDICATION OF INJURY,0,0,0,0,0,2,0,9,6,6,41.69963169,-87.63412433
6/15/2019 19:20,30,NO CONTROLS,NO CONTROLS,RAIN,DAYLIGHT,SIDESWIPE SAME DIRECTION,NOT DIVIDED,STRAIGHT AND LEVEL,DRY,NO DEFECTS,ON SCENE,INJURY AND / OR TOW DUE TO CRASH,Y,"OVER $1,500",UNABLE TO DETERMINE,NOT APPLICABLE,5300,S,MORGAN ST,934,2,NO INDICATION OF INJURY,0,0,0,0,0,4,0,19,7,6,41.797724,-87.65025135
6/27/2019 8:50,30,NO CONTROLS,NO CONTROLS,CLEAR,DAYLIGHT,REAR END,DIVIDED - W/MEDIAN (NOT RAISED),STRAIGHT AND LEVEL,DRY,NO DEFECTS,ON SCENE,NO INJURY / DRIVE AWAY,,"$501 - $1,500",UNABLE TO DETERMINE,UNABLE TO DETERMINE,4831,N,NAGLE AVE,1622,2,NO INDICATION OF INJURY,0,0,0,0,0,2,0,8,5,6,41.96937774,-87.78785081
6/29/2019 9:35,30,NO CONTROLS,NO CONTROLS,CLEAR,DAYLIGHT,ANGLE,ALLEY,STRAIGHT AND LEVEL,DRY,NO DEFECTS,NOT ON SCENE (DESK REPORT),NO INJURY / DRIVE AWAY,,"OVER $1,500",IMPROPER BACKING,DRIVING SKILLS/KNOWLEDGE/EXPERIENCE,232,E,21ST ST,132,2,NO INDICATION OF INJURY,0,0,0,0,0,2,0,9,7,6,41.8544369,-87.62092873
6/21/2019 16:30,35,STOP SIGN/FLASHER,FUNCTIONING PROPERLY,CLEAR,DAYLIGHT,TURNING,NOT DIVIDED,STRAIGHT AND LEVEL,DRY,NO DEFECTS,NOT ON SCENE (DESK REPORT),NO INJURY / DRIVE AWAY,,"OVER $1,500",FAILING TO YIELD RIGHT-OF-WAY,UNABLE TO DETERMINE,630,E,87TH ST,632,2,NO INDICATION OF INJURY,0,0,0,0,0,2,0,16,6,6,41.73670762,-87.60846338
6/16/2019 3:25,30,STOP SIGN/FLASHER,FUNCTIONING PROPERLY,CLEAR,"DARKNESS, LIGHTED ROAD",REAR END,FOUR WAY,STRAIGHT AND LEVEL,WET,NO DEFECTS,ON SCENE,NO INJURY / DRIVE AWAY,Y,$500 OR LESS,UNABLE TO DETERMINE,UNABLE TO DETERMINE,1383,W,FULTON ST,1215,2,NO INDICATION OF INJURY,0,0,0,0,0,2,0,3,1,6,41.88648494,-87.66198736
6/27/2019 16:20,30,TRAFFIC SIGNAL,UNKNOWN,CLEAR,DAYLIGHT,REAR END,DIVIDED - W/MEDIAN (NOT RAISED),STRAIGHT AND LEVEL,DRY,UNKNOWN,NOT ON SCENE (DESK REPORT),NO INJURY / DRIVE AWAY,Y,"OVER $1,500",UNABLE TO DETERMINE,UNABLE TO DETERMINE,5701,N,SHERIDAN RD,2022,2,NO INDICATION OF INJURY,0,0,0,0,0,2,0,16,5,6,41.98563842,-87.65509432
6/21/2019 17:56,30,NO CONTROLS,NO CONTROLS,CLEAR,DAYLIGHT,PARKED MOTOR VEHICLE,NOT DIVIDED,STRAIGHT AND LEVEL,DRY,NO DEFECTS,ON SCENE,NO INJURY / DRIVE AWAY,,$500 OR LESS,FAILING TO REDUCE SPEED TO AVOID CRASH,NOT APPLICABLE,2615,W,DEVON AVE,2413,2,NO INDICATION OF INJURY,0,0,0,0,0,1,0,17,6,6,41.99752613,-87.69537206
6/27/2019 19:30,35,NO CONTROLS,NO CONTROLS,CLEAR,DUSK,PARKED MOTOR VEHICLE,PARKING LOT,STRAIGHT AND LEVEL,DRY,NO DEFECTS,NOT ON SCENE (DESK REPORT),NO INJURY / DRIVE AWAY,,"$501 - $1,500",DRIVING SKILLS/KNOWLEDGE/EXPERIENCE,IMPROPER BACKING,2600,S,MICHIGAN AVE,133,2,NO INDICATION OF INJURY,0,0,0,0,0,1,0,19,5,6,41.84556816,-87.62378129
6/18/2019 18:55,30,NO CONTROLS,NO CONTROLS,CLEAR,DAYLIGHT,FIXED OBJECT,NOT DIVIDED,STRAIGHT AND LEVEL,DRY,NO DEFECTS,ON SCENE,NO INJURY / DRIVE AWAY,,"$501 - $1,500",ROAD ENGINEERING/SURFACE/MARKING DEFECTS,NOT APPLICABLE,1836,W,CARROLL AVE,1223,1,NO INDICATION OF INJURY,0,0,0,0,0,3,0,18,3,6,41.88784001,-87.67333065
6/21/2019 12:54,25,NO CONTROLS,NO CONTROLS,CLEAR,DAYLIGHT,OTHER OBJECT,DIVIDED - W/MEDIAN BARRIER,STRAIGHT AND LEVEL,DRY,NO DEFECTS,ON SCENE,INJURY AND / OR TOW DUE TO CRASH,,"OVER $1,500",EQUIPMENT - VEHICLE CONDITION,UNABLE TO DETERMINE,333,S,ASHLAND AVE,1231,1,NONINCAPACITATING INJURY,1,0,0,1,0,1,0,12,6,6,41.87662506,-87.6665228
6/24/2019 10:25,30,TRAFFIC SIGNAL,FUNCTIONING PROPERLY,RAIN,DAYLIGHT,TURNING,NOT DIVIDED,STRAIGHT AND LEVEL,WET,NO DEFECTS,ON SCENE,NO INJURY / DRIVE AWAY,Y,"OVER $1,500",UNABLE TO DETERMINE,NOT APPLICABLE,7333,N,SHERIDAN RD,2423,2,NO INDICATION OF INJURY,0,0,0,0,0,2,0,10,2,6,42.0150117,-87.66452241
6/28/2019 11:15,15,NO CONTROLS,NO CONTROLS,CLEAR,DAYLIGHT,PARKED MOTOR VEHICLE,OTHER,STRAIGHT AND LEVEL,DRY,NO DEFECTS,NOT ON SCENE (DESK REPORT),NO INJURY / DRIVE AWAY,,$500 OR LESS,UNABLE TO DETERMINE,NOT APPLICABLE,501,E,79TH ST,624,2,NO INDICATION OF INJURY,0,0,0,0,0,1,0,11,6,6,41.75104995,-87.61243839
6/26/2019 11:00,15,NO CONTROLS,NO CONTROLS,CLEAR,DAYLIGHT,PARKED MOTOR VEHICLE,PARKING LOT,STRAIGHT AND LEVEL,DRY,NO DEFECTS,ON SCENE,NO INJURY / DRIVE AWAY,,$500 OR LESS,UNABLE TO DETERMINE,NOT APPLICABLE,327,W,64TH ST,722,2,NO INDICATION OF INJURY,0,0,0,0,0,1,0,11,4,6,41.77799567,-87.633458
6/21/2019 13:30,30,NO CONTROLS,UNKNOWN,CLEAR,DAYLIGHT,REAR END,NOT DIVIDED,STRAIGHT AND LEVEL,DRY,UNKNOWN,ON SCENE,NO INJURY / DRIVE AWAY,Y,"$501 - $1,500",FOLLOWING TOO CLOSELY,NOT APPLICABLE,300,W,111TH ST,513,2,NO INDICATION OF INJURY,0,0,0,0,0,2,0,13,6,6,41.69260786,-87.63043535
6/30/2019 11:30,25,STOP SIGN/FLASHER,FUNCTIONING PROPERLY,CLEAR,DAYLIGHT,FIXED OBJECT,NOT DIVIDED,STRAIGHT AND LEVEL,DRY,"RUT, HOLES",NOT ON SCENE (DESK REPORT),NO INJURY / DRIVE AWAY,,"$501 - $1,500",ROAD ENGINEERING/SURFACE/MARKING DEFECTS,NOT APPLICABLE,400,S,ABERDEEN ST,1232,1,NO INDICATION OF INJURY,0,0,0,0,0,1,0,11,1,6,41.87654322,-87.65467807
6/25/2019 5:10,20,NO CONTROLS,NO CONTROLS,CLEAR,"DARKNESS, LIGHTED ROAD",SIDESWIPE SAME DIRECTION,DRIVEWAY,STRAIGHT AND LEVEL,DRY,NO DEFECTS,NOT ON SCENE (DESK REPORT),NO INJURY / DRIVE AWAY,,"OVER $1,500",UNABLE TO DETERMINE,UNABLE TO DETERMINE,5701,S,CICERO AVE,813,2,NO INDICATION OF INJURY,0,0,0,0,0,2,0,5,3,6,41.78933864,-87.74135256
6/30/2019 21:55,20,NO CONTROLS,NO CONTROLS,CLEAR,"DARKNESS, LIGHTED ROAD",PARKED MOTOR VEHICLE,NOT DIVIDED,STRAIGHT AND LEVEL,DRY,NO DEFECTS,ON SCENE,INJURY AND / OR TOW DUE TO CRASH,,"OVER $1,500",FAILING TO REDUCE SPEED TO AVOID CRASH,UNABLE TO DETERMINE,2898,W,73RD ST,831,3,NO INDICATION OF INJURY,0,0,0,0,0,1,0,21,1,6,41.76096355,-87.69531573
6/26/2019 17:00,30,NO CONTROLS,NO CONTROLS,CLEAR,DAYLIGHT,PARKED MOTOR VEHICLE,ALLEY,STRAIGHT AND LEVEL,DRY,NO DEFECTS,NOT ON SCENE (DESK REPORT),NO INJURY / DRIVE AWAY,,"$501 - $1,500",FAILING TO REDUCE SPEED TO AVOID CRASH,NOT APPLICABLE,850,W,ADDISON ST,1923,2,NO INDICATION OF INJURY,0,0,0,0,0,1,0,17,4,6,41.94740046,-87.65151202
6/17/2019 7:00,30,TRAFFIC SIGNAL,FUNCTIONING PROPERLY,CLEAR,DAYLIGHT,REAR END,NOT DIVIDED,STRAIGHT AND LEVEL,DRY,NO DEFECTS,NOT ON SCENE (DESK REPORT),NO INJURY / DRIVE AWAY,Y,"OVER $1,500",UNABLE TO DETERMINE,NOT APPLICABLE,3559,N,CUMBERLAND AVE,1631,2,NO INDICATION OF INJURY,0,0,0,0,0,2,0,7,2,6,41.94456015,-87.8362771
6/20/2019 1:40,30,TRAFFIC SIGNAL,FUNCTIONING PROPERLY,RAIN,"DARKNESS, LIGHTED ROAD",SIDESWIPE SAME DIRECTION,DIVIDED - W/MEDIAN BARRIER,STRAIGHT AND LEVEL,WET,NO DEFECTS,ON SCENE,NO INJURY / DRIVE AWAY,,"$501 - $1,500",UNABLE TO DETERMINE,UNABLE TO DETERMINE,3219,W,79TH ST,834,2,NO INDICATION OF INJURY,0,0,0,0,0,2,0,1,5,6,41.74962738,-87.70321704
6/30/2019 16:20,30,STOP SIGN/FLASHER,FUNCTIONING PROPERLY,RAIN,DAYLIGHT,ANGLE,NOT DIVIDED,STRAIGHT AND LEVEL,WET,NO DEFECTS,NOT ON SCENE (DESK REPORT),NO INJURY / DRIVE AWAY,Y,"$501 - $1,500",FAILING TO YIELD RIGHT-OF-WAY,NOT APPLICABLE,2500,N,AUSTIN AVE,2512,2,NO INDICATION OF INJURY,0,0,0,0,0,4,0,16,1,6,41.92574342,-87.77592814
6/27/2019 9:20,40,NO CONTROLS,NO CONTROLS,CLEAR,DAYLIGHT,SIDESWIPE SAME DIRECTION,DIVIDED - W/MEDIAN BARRIER,STRAIGHT AND LEVEL,DRY,NO DEFECTS,NOT ON SCENE (DESK REPORT),NO INJURY / DRIVE AWAY,,"$501 - $1,500",IMPROPER LANE USAGE,UNABLE TO DETERMINE,3200,N,LAKE SHORE DR,1925,2,NO INDICATION OF INJURY,0,0,0,0,0,2,0,9,5,6,41.94090916,-87.63936916
6/25/2019 12:20,20,NO CONTROLS,NO CONTROLS,CLEAR,DAYLIGHT,PEDALCYCLIST,ONE-WAY,STRAIGHT AND LEVEL,DRY,NO DEFECTS,ON SCENE,NO INJURY / DRIVE AWAY,,$500 OR LESS,UNABLE TO DETERMINE,UNABLE TO DETERMINE,3005,W,24TH ST,1033,2,NO INDICATION OF INJURY,0,0,0,0,0,2,0,12,3,6,41.84809121,-87.7004915
6/25/2019 17:05,20,NO CONTROLS,NO CONTROLS,CLEAR,DAYLIGHT,PARKED MOTOR VEHICLE,NOT DIVIDED,STRAIGHT AND LEVEL,DRY,NO DEFECTS,ON SCENE,NO INJURY / DRIVE AWAY,,"OVER $1,500",IMPROPER TURNING/NO SIGNAL,UNABLE TO DETERMINE,3260,S,HAMILTON AVE,912,2,NO INDICATION OF INJURY,0,0,0,0,0,1,0,17,3,6,41.83421495,-87.6792113
6/24/2019 13:21,15,NO CONTROLS,NO CONTROLS,CLEAR,DAYLIGHT,SIDESWIPE OPPOSITE DIRECTION,ALLEY,STRAIGHT AND LEVEL,DRY,UNKNOWN,ON SCENE,INJURY AND / OR TOW DUE TO CRASH,,"OVER $1,500",FAILING TO YIELD RIGHT-OF-WAY,IMPROPER OVERTAKING/PASSING,5401,N,KEDZIE AVE,1712,2,NO INDICATION OF INJURY,0,0,0,0,0,5,0,13,2,6,41.97951786,-87.70862549
6/27/2019 16:35,30,TRAFFIC SIGNAL,FUNCTIONING PROPERLY,CLEAR,DAYLIGHT,REAR END,T-INTERSECTION,STRAIGHT AND LEVEL,DRY,NO DEFECTS,ON SCENE,NO INJURY / DRIVE AWAY,,"$501 - $1,500",FAILING TO REDUCE SPEED TO AVOID CRASH,FOLLOWING TOO CLOSELY,900,W,FOSTER AVE,2023,2,NO INDICATION OF INJURY,0,0,0,0,0,3,0,16,5,6,41.97654173,-87.65265764
6/24/2019 7:55,30,NO CONTROLS,NO CONTROLS,CLOUDY/OVERCAST,DAYLIGHT,PARKED MOTOR VEHICLE,DIVIDED - W/MEDIAN (NOT RAISED),STRAIGHT AND LEVEL,UNKNOWN,UNKNOWN,ON SCENE,NO INJURY / DRIVE AWAY,,$500 OR LESS,UNABLE TO DETERMINE,NOT APPLICABLE,10,N,WESTERN AVE,1222,2,NO INDICATION OF INJURY,0,0,0,0,0,2,0,7,2,6,41.88146215,-87.68658587
6/26/2019 13:00,30,TRAFFIC SIGNAL,FUNCTIONING PROPERLY,CLEAR,DAYLIGHT,TURNING,NOT DIVIDED,STRAIGHT AND LEVEL,DRY,NO DEFECTS,NOT ON SCENE (DESK REPORT),NO INJURY / DRIVE AWAY,Y,"$501 - $1,500",IMPROPER TURNING/NO SIGNAL,IMPROPER LANE USAGE,1400,E,47TH DR,222,2,NO INDICATION OF INJURY,0,0,0,0,0,2,0,13,4,6,41.80979548,-87.59237387
6/21/2019 18:09,30,NO CONTROLS,NO CONTROLS,CLEAR,"DARKNESS, LIGHTED ROAD",PARKED MOTOR VEHICLE,NOT DIVIDED,STRAIGHT AND LEVEL,DRY,"RUT, HOLES",ON SCENE,NO INJURY / DRIVE AWAY,,"OVER $1,500",FAILING TO REDUCE SPEED TO AVOID CRASH,IMPROPER LANE USAGE,6315,W,ADDISON ST,1633,3,NO INDICATION OF INJURY,0,0,0,0,0,1,0,18,6,6,41.94558076,-87.78444171
6/23/2019 7:32,30,TRAFFIC SIGNAL,FUNCTIONING PROPERLY,CLEAR,DAYLIGHT,TURNING,ONE-WAY,STRAIGHT AND LEVEL,WET,NO DEFECTS,ON SCENE,INJURY AND / OR TOW DUE TO CRASH,Y,"OVER $1,500",IMPROPER TURNING/NO SIGNAL,IMPROPER LANE USAGE,198,N,CLARK ST,122,2,NO INDICATION OF INJURY,0,0,0,0,0,2,0,7,1,6,41.88567613,-87.6311211
6/20/2019 15:20,30,NO CONTROLS,NO CONTROLS,CLOUDY/OVERCAST,DAYLIGHT,REAR END,DIVIDED - W/MEDIAN BARRIER,STRAIGHT AND LEVEL,DRY,NO DEFECTS,ON SCENE,NO INJURY / DRIVE AWAY,,"$501 - $1,500",DISTRACTION - FROM INSIDE VEHICLE,NOT APPLICABLE,100,N,BESSIE COLEMAN DR,1654,2,NO INDICATION OF INJURY,0,0,0,0,0,2,0,15,5,6,,
6/29/2019 18:10,25,NO CONTROLS,NO CONTROLS,CLEAR,DAYLIGHT,PARKED MOTOR VEHICLE,ONE-WAY,STRAIGHT AND LEVEL,DRY,NO DEFECTS,ON SCENE,NO INJURY / DRIVE AWAY,,$500 OR LESS,UNABLE TO DETERMINE,NOT APPLICABLE,4806,N,ST LOUIS AVE,1712,2,NO INDICATION OF INJURY,0,0,0,0,0,1,0,18,7,6,41.96863422,-87.71596313
6/23/2019 21:17,30,TRAFFIC SIGNAL,FUNCTIONING PROPERLY,CLEAR,"DARKNESS, LIGHTED ROAD",ANGLE,T-INTERSECTION,STRAIGHT AND LEVEL,DRY,NO DEFECTS,ON SCENE,INJURY AND / OR TOW DUE TO CRASH,Y,"OVER $1,500",DISREGARDING TRAFFIC SIGNALS,UNABLE TO DETERMINE,200,W,RANDOLPH ST,122,2,INCAPACITATING INJURY,1,0,1,0,0,2,0,21,1,6,41.88457905,-87.63396972
6/19/2019 15:21,30,NO CONTROLS,NO CONTROLS,CLEAR,DAYLIGHT,TURNING,NOT DIVIDED,STRAIGHT AND LEVEL,DRY,NO DEFECTS,ON SCENE,NO INJURY / DRIVE AWAY,Y,"$501 - $1,500",FAILING TO YIELD RIGHT-OF-WAY,NOT APPLICABLE,6400,S,CALIFORNIA AVE,823,2,NO INDICATION OF INJURY,0,0,0,0,0,5,0,15,4,6,41.77716717,-87.69348965
6/20/2019 21:10,30,TRAFFIC SIGNAL,FUNCTIONING PROPERLY,CLEAR,DARKNESS,REAR END,DIVIDED - W/MEDIAN (NOT RAISED),STRAIGHT AND LEVEL,DRY,NO DEFECTS,NOT ON SCENE (DESK REPORT),NO INJURY / DRIVE AWAY,Y,"OVER $1,500",FOLLOWING TOO CLOSELY,NOT APPLICABLE,6300,S,PULASKI RD,813,2,NO INDICATION OF INJURY,0,0,0,0,0,2,0,21,5,6,41.77863647,-87.72290636
6/22/2019 9:30,30,STOP SIGN/FLASHER,FUNCTIONING PROPERLY,UNKNOWN,UNKNOWN,PEDESTRIAN,FOUR WAY,STRAIGHT AND LEVEL,UNKNOWN,UNKNOWN,ON SCENE,INJURY AND / OR TOW DUE TO CRASH,Y,$500 OR LESS,UNABLE TO DETERMINE,UNABLE TO DETERMINE,2800,S,SHIELDS AVE,914,2,NONINCAPACITATING INJURY,1,0,0,1,0,1,0,9,7,6,41.84249025,-87.63557251
6/29/2019 21:29,30,TRAFFIC SIGNAL,FUNCTIONING PROPERLY,CLEAR,"DARKNESS, LIGHTED ROAD",PEDALCYCLIST,NOT DIVIDED,STRAIGHT AND LEVEL,DRY,NO DEFECTS,ON SCENE,INJURY AND / OR TOW DUE TO CRASH,Y,"OVER $1,500",FAILING TO YIELD RIGHT-OF-WAY,FAILING TO REDUCE SPEED TO AVOID CRASH,2300,N,CALIFORNIA AVE,1414,2,NONINCAPACITATING INJURY,1,0,0,1,0,1,0,21,7,6,41.92295108,-87.69751028
6/24/2019 18:30,30,TRAFFIC SIGNAL,FUNCTIONING PROPERLY,FOG/SMOKE/HAZE,DAYLIGHT,TURNING,NOT DIVIDED,STRAIGHT AND LEVEL,DRY,NO DEFECTS,NOT ON SCENE (DESK REPORT),NO INJURY / DRIVE AWAY,,"OVER $1,500",IMPROPER BACKING,NOT APPLICABLE,8710,S,HOLLAND RD,634,2,NO INDICATION OF INJURY,0,0,0,0,0,2,0,18,2,6,41.73568085,-87.63258953
6/26/2019 19:30,30,NO CONTROLS,NO CONTROLS,CLEAR,DAYLIGHT,FIXED OBJECT,NOT DIVIDED,STRAIGHT AND LEVEL,DRY,"RUT, HOLES",NOT ON SCENE (DESK REPORT),NO INJURY / DRIVE AWAY,,$500 OR LESS,UNABLE TO DETERMINE,NOT APPLICABLE,899,N,WESTERN AVE,1212,1,NO INDICATION OF INJURY,0,0,0,0,0,1,0,19,4,6,41.89751919,-87.6867402
6/20/2019 20:51,30,NO CONTROLS,NO CONTROLS,CLEAR,"DARKNESS, LIGHTED ROAD",PEDALCYCLIST,NOT DIVIDED,STRAIGHT AND LEVEL,DRY,NO DEFECTS,ON SCENE,INJURY AND / OR TOW DUE TO CRASH,,"OVER $1,500",FAILING TO YIELD RIGHT-OF-WAY,NOT APPLICABLE,1571,N,MILWAUKEE AVE,1424,2,NONINCAPACITATING INJURY,1,0,0,1,0,2,0,20,5,6,41.91014406,-87.67687503
6/28/2019 1:13,40,NO CONTROLS,NO CONTROLS,CLEAR,"DARKNESS, LIGHTED ROAD",REAR END,OTHER,STRAIGHT AND LEVEL,DRY,UNKNOWN,ON SCENE,INJURY AND / OR TOW DUE TO CRASH,,"OVER $1,500",PHYSICAL CONDITION OF DRIVER,UNDER THE INFLUENCE OF ALCOHOL/DRUGS (USE WHEN ARREST IS EFFECTED),2450,N,LAKE SHORE DR SB,1935,3,INCAPACITATING INJURY,1,0,1,0,0,2,0,1,6,6,41.92733514,-87.63188795
6/25/2019 3:05,30,NO CONTROLS,NO CONTROLS,CLEAR,"DARKNESS, LIGHTED ROAD",PARKED MOTOR VEHICLE,NOT DIVIDED,STRAIGHT AND LEVEL,DRY,NO DEFECTS,ON SCENE,INJURY AND / OR TOW DUE TO CRASH,,"OVER $1,500",UNABLE TO DETERMINE,UNABLE TO DETERMINE,1620,W,18TH ST,1234,2,NO INDICATION OF INJURY,0,0,0,0,0,1,0,3,3,6,41.85788681,-87.66715719
6/21/2019 7:10,30,NO CONTROLS,NO CONTROLS,CLEAR,DAYLIGHT,REAR END,ONE-WAY,STRAIGHT AND LEVEL,DRY,NO DEFECTS,NOT ON SCENE (DESK REPORT),NO INJURY / DRIVE AWAY,,"$501 - $1,500",UNABLE TO DETERMINE,UNABLE TO DETERMINE,345,W,MENOMONEE ST,1814,2,NO INDICATION OF INJURY,0,0,0,0,0,2,0,7,6,6,41.91464457,-87.63808945
6/15/2019 20:53,30,NO CONTROLS,UNKNOWN,CLEAR,UNKNOWN,SIDESWIPE SAME DIRECTION,NOT DIVIDED,STRAIGHT AND LEVEL,WET,UNKNOWN,ON SCENE,INJURY AND / OR TOW DUE TO CRASH,,"OVER $1,500",UNABLE TO DETERMINE,NOT APPLICABLE,501,E,47TH ST,223,2,NO INDICATION OF INJURY,0,0,0,0,0,2,0,20,7,6,41.80931653,-87.61379036
6/18/2019 10:15,30,NO CONTROLS,NO CONTROLS,CLEAR,DAYLIGHT,FIXED OBJECT,RAMP,STRAIGHT AND LEVEL,DRY,NO DEFECTS,ON SCENE,INJURY AND / OR TOW DUE TO CRASH,,"OVER $1,500",UNABLE TO DETERMINE,UNABLE TO DETERMINE,4599,S,LAKE SHORE DR SB,222,1,NO INDICATION OF INJURY,0,0,0,0,0,1,0,10,3,6,41.8133852,-87.59151066
6/24/2019 22:08,35,TRAFFIC SIGNAL,FUNCTIONING PROPERLY,CLEAR,"DARKNESS, LIGHTED ROAD",TURNING,NOT DIVIDED,STRAIGHT AND LEVEL,DRY,NO DEFECTS,ON SCENE,INJURY AND / OR TOW DUE TO CRASH,,"OVER $1,500",TEXTING,DRIVING SKILLS/KNOWLEDGE/EXPERIENCE,3200,N,KIMBALL AVE,1732,2,NONINCAPACITATING INJURY,1,0,0,1,0,3,0,22,2,6,41.93931966,-87.71264129
6/29/2019 3:00,30,NO CONTROLS,NO CONTROLS,CLEAR,DARKNESS,PARKED MOTOR VEHICLE,DIVIDED - W/MEDIAN (NOT RAISED),STRAIGHT AND LEVEL,DRY,NO DEFECTS,ON SCENE,INJURY AND / OR TOW DUE TO CRASH,,"OVER $1,500",UNABLE TO DETERMINE,UNABLE TO DETERMINE,2827,W,BRYN MAWR AVE,2011,2,NO INDICATION OF INJURY,0,0,0,0,0,1,0,3,7,6,41.98300646,-87.70022896
6/30/2019 2:15,30,NO CONTROLS,NO CONTROLS,CLEAR,"DARKNESS, LIGHTED ROAD",PARKED MOTOR VEHICLE,NOT DIVIDED,STRAIGHT AND LEVEL,DRY,UNKNOWN,ON SCENE,INJURY AND / OR TOW DUE TO CRASH,,"OVER $1,500",FAILING TO REDUCE SPEED TO AVOID CRASH,NOT APPLICABLE,2504,W,115TH ST,2212,2,NO INDICATION OF INJURY,0,0,0,0,0,1,0,2,1,6,41.68461431,-87.68361608
6/27/2019 14:20,45,NO CONTROLS,NO CONTROLS,CLEAR,DAYLIGHT,REAR END,DIVIDED - W/MEDIAN BARRIER,STRAIGHT AND LEVEL,DRY,NO DEFECTS,NOT ON SCENE (DESK REPORT),NO INJURY / DRIVE AWAY,,"OVER $1,500",UNABLE TO DETERMINE,UNABLE TO DETERMINE,4800,S,LAKE SHORE DR SB,222,2,NO INDICATION OF INJURY,0,0,0,0,0,2,0,14,5,6,41.80867417,-87.58771708
6/16/2019 8:00,30,NO CONTROLS,NO CONTROLS,CLEAR,DAYLIGHT,PARKED MOTOR VEHICLE,OTHER,STRAIGHT AND LEVEL,DRY,NO DEFECTS,NOT ON SCENE (DESK REPORT),NO INJURY / DRIVE AWAY,,"OVER $1,500",UNABLE TO DETERMINE,UNABLE TO DETERMINE,4100,S,DR MARTIN LUTHER KING JR SD,213,2,NO INDICATION OF INJURY,0,0,0,0,0,1,0,8,1,6,,
6/27/2019 7:54,20,NO CONTROLS,NO CONTROLS,CLEAR,DAYLIGHT,SIDESWIPE SAME DIRECTION,ONE-WAY,STRAIGHT AND LEVEL,DRY,NO DEFECTS,ON SCENE,NO INJURY / DRIVE AWAY,,$500 OR LESS,UNABLE TO DETERMINE,UNABLE TO DETERMINE,1431,W,JACKSON BLVD,1231,2,NO INDICATION OF INJURY,0,0,0,0,0,2,0,7,5,6,41.87757771,-87.66313859
6/21/2019 15:00,5,NO CONTROLS,NO CONTROLS,CLEAR,DAYLIGHT,PARKED MOTOR VEHICLE,PARKING LOT,STRAIGHT AND LEVEL,DRY,NO DEFECTS,ON SCENE,NO INJURY / DRIVE AWAY,,"OVER $1,500","VISION OBSCURED (SIGNS, TREE LIMBS, BUILDINGS, ETC.)",NOT APPLICABLE,1465,W,WEBSTER AVE,1811,2,NO INDICATION OF INJURY,0,0,0,0,0,1,0,15,6,6,41.92149446,-87.66576205
6/27/2019 17:45,20,NO CONTROLS,NO CONTROLS,CLEAR,DAYLIGHT,PARKED MOTOR VEHICLE,ONE-WAY,STRAIGHT AND LEVEL,DRY,UNKNOWN,NOT ON SCENE (DESK REPORT),NO INJURY / DRIVE AWAY,,"$501 - $1,500",UNABLE TO DETERMINE,UNABLE TO DETERMINE,6453,N,NEWGARD AVE,2432,2,NO INDICATION OF INJURY,0,0,0,0,0,1,0,17,5,6,41.99969285,-87.66664613
6/25/2019 16:44,30,NO CONTROLS,NO CONTROLS,RAIN,DAYLIGHT,REAR END,DIVIDED - W/MEDIAN BARRIER,STRAIGHT AND LEVEL,WET,NO DEFECTS,ON SCENE,NO INJURY / DRIVE AWAY,,$500 OR LESS,FOLLOWING TOO CLOSELY,NOT APPLICABLE,921,N,LA SALLE DR,1832,2,NO INDICATION OF INJURY,0,0,0,0,0,2,0,16,3,6,41.89966139,-87.63265774
6/22/2019 6:15,30,NO CONTROLS,NO CONTROLS,CLEAR,DAYLIGHT,PARKED MOTOR VEHICLE,ONE-WAY,STRAIGHT AND LEVEL,DRY,UNKNOWN,ON SCENE,NO INJURY / DRIVE AWAY,,"OVER $1,500",UNABLE TO DETERMINE,UNABLE TO DETERMINE,4901,W,THOMAS ST,1531,2,NO INDICATION OF INJURY,0,0,0,0,0,2,0,6,7,6,41.90038008,-87.74850169