CRASH_DATE,POSTED_SPEED_LIMIT,TRAFFIC_CONTROL_DEVICE,DEVICE_CONDITION,WEATHER_CONDITION,LIGHTING_CONDITION,FIRST_CRASH_TYPE,TRAFFICWAY_TYPE,ALIGNMENT,ROADWAY_SURFACE_COND,ROAD_DEFECT,REPORT_TYPE,CRASH_TYPE,INTERSECTION_RELATED_I,DAMAGE,PRIM_CONTRIBUTORY_CAUSE,SEC_CONTRIBUTORY_CAUSE,STREET_NO,STREET_DIRECTION,STREET_NAME,BEAT_OF_OCCURRENCE,NUM_UNITS,MOST_SEVERE_INJURY,INJURIES_TOTAL,INJURIES_FATAL,INJURIES_INCAPACITATING,INJURIES_NON_INCAPACITATING,INJURIES_REPORTED_NOT_EVIDENT,INJURIES_NO_INDICATION,INJURIES_UNKNOWN,CRASH_HOUR,CRASH_DAY_OF_WEEK,CRASH_MONTH,LATITUDE,LONGITUDE
6/18/2019 16:30,30,STOP SIGN/FLASHER,FUNCTIONING PROPERLY,CLEAR,DAYLIGHT,ANGLE,FOUR WAY,STRAIGHT AND LEVEL,DRY,NO DEFECTS,NOT ON SCENE (DESK REPORT),INJURY AND / OR TOW DUE TO CRASH,Y,"OVER $1,500",FAILING TO YIELD RIGHT-OF-WAY,NOT APPLICABLE,7500,S,DANTE AVE,411,2,NONINCAPACITATING INJURY,1,0,0,1,0,2,0,16,3,6,41.75864192,-87.58972937
6/28/2019 13:00,30,NO CONTROLS,NO CONTROLS,UNKNOWN,DAYLIGHT,PARKED MOTOR VEHICLE,NOT DIVIDED,STRAIGHT AND LEVEL,UNKNOWN,NO DEFECTS,NOT ON SCENE (DESK REPORT),NO INJURY / DRIVE AWAY,,"OVER $1,500",UNABLE TO DETERMINE,UNABLE TO DETERMINE,465,W,24TH ST,914,2,NO INDICATION OF INJURY,0,0,0,0,0,1,0,13,6,6,41.84894673,-87.63935323
6/25/2019 12:00,20,NO CONTROLS,NO CONTROLS,CLEAR,DAYLIGHT,PARKED MOTOR VEHICLE,ONE-WAY,STRAIGHT AND LEVEL,DRY,NO DEFECTS,ON SCENE,INJURY AND / OR TOW DUE TO CRASH,,"OVER $1,500",UNABLE TO DETERMINE,UNABLE TO DETERMINE,6420,S,TROY ST,823,2,NO INDICATION OF INJURY,0,0,0,0,0,1,0,12,3,6,41.77650584,-87.70200101
6/28/2019 8:46,30,NO CONTROLS,NO CONTROLS,CLEAR,DAYLIGHT,SIDESWIPE SAME DIRECTION,NOT DIVIDED,STRAIGHT AND LEVEL,DRY,NO DEFECTS,NOT ON SCENE (DESK REPORT),NO INJURY / DRIVE AWAY,,$500 OR LESS,FAILING TO YIELD RIGHT-OF-WAY,NOT APPLICABLE,820,W,LAWRENCE AVE,2024,2,NO INDICATION OF INJURY,0,0,0,0,0,2,0,8,6,6,41.96924936,-87.65110161
6/19/2019 14:00,30,TRAFFIC SIGNAL,FUNCTIONING PROPERLY,CLEAR,DAYLIGHT,REAR END,NOT DIVIDED,STRAIGHT AND LEVEL,DRY,NO DEFECTS,NOT ON SCENE (DESK REPORT),NO INJURY / DRIVE AWAY,,"$501 - $1,500",FOLLOWING TOO CLOSELY,FAILING TO REDUCE SPEED TO AVOID CRASH,8358,W,ADDISON ST,1631,2,NO INDICATION OF INJURY,0,0,0,0,0,3,0,14,4,6,41.94487221,-87.83637585
6/16/2019 14:30,30,NO CONTROLS,NO CONTROLS,CLEAR,DAYLIGHT,REAR END,NOT DIVIDED,STRAIGHT AND LEVEL,DRY,NO DEFECTS,NOT ON SCENE (DESK REPORT),INJURY AND / OR TOW DUE TO CRASH,,"$501 - $1,500",UNABLE TO DETERMINE,UNABLE TO DETERMINE,365,N,HALSTED ST,1214,3,INCAPACITATING INJURY,3,0,1,2,0,2,0,14,1,6,41.88868124,-87.64742285
6/23/2019 21:13,30,STOP SIGN/FLASHER,FUNCTIONING PROPERLY,RAIN,"DARKNESS, LIGHTED ROAD",ANGLE,NOT DIVIDED,STRAIGHT AND LEVEL,WET,NO DEFECTS,ON SCENE,INJURY AND / OR TOW DUE TO CRASH,Y,"OVER $1,500",DISREGARDING STOP SIGN,FAILING TO YIELD RIGHT-OF-WAY,3159,N,NATOMA AVE,2511,3,NONINCAPACITATING INJURY,3,0,0,2,1,1,0,21,1,6,41.93813069,-87.79188603
6/23/2019 11:00,15,STOP SIGN/FLASHER,NO CONTROLS,CLEAR,DAYLIGHT,PARKED MOTOR VEHICLE,ONE-WAY,STRAIGHT AND LEVEL,DRY,NO DEFECTS,NOT ON SCENE (DESK REPORT),NO INJURY / DRIVE AWAY,,"$501 - $1,500",NOT APPLICABLE,NOT APPLICABLE,2415,N,MASON AVE,2515,2,NO INDICATION OF INJURY,0,0,0,0,0,1,0,11,1,6,41.92433735,-87.774371
6/26/2019 9:17,30,NO CONTROLS,NO CONTROLS,CLEAR,DAYLIGHT,OTHER NONCOLLISION,OTHER,STRAIGHT AND LEVEL,DRY,NO DEFECTS,ON SCENE,INJURY AND / OR TOW DUE TO CRASH,,"OVER $1,500",DISTRACTION - FROM INSIDE VEHICLE,NOT APPLICABLE,202,N,DEARBORN ST,111,2,NONINCAPACITATING INJURY,1,0,0,1,0,2,0,9,4,6,41.88584459,-87.62964777
6/24/2019 6:30,30,NO CONTROLS,NO CONTROLS,RAIN,DAYLIGHT,PARKED MOTOR VEHICLE,NOT DIVIDED,STRAIGHT AND LEVEL,WET,NO DEFECTS,ON SCENE,NO INJURY / DRIVE AWAY,,"OVER $1,500",UNABLE TO DETERMINE,UNABLE TO DETERMINE,1151,S,KEDZIE AVE,1134,2,NO INDICATION OF INJURY,0,0,0,0,0,1,0,6,2,6,41.86664886,-87.70552897
6/27/2019 11:00,30,NO CONTROLS,NO CONTROLS,CLEAR,DAYLIGHT,SIDESWIPE SAME DIRECTION,DIVIDED - W/MEDIAN (NOT RAISED),STRAIGHT AND LEVEL,DRY,NO DEFECTS,NOT ON SCENE (DESK REPORT),NO INJURY / DRIVE AWAY,,"OVER $1,500",UNABLE TO DETERMINE,NOT APPLICABLE,3750,W,OGDEN AVE,1014,2,NO INDICATION OF INJURY,0,0,0,0,0,2,0,11,5,6,41.85319452,-87.71932895
6/17/2019 17:20,30,NO CONTROLS,NO CONTROLS,CLEAR,DAYLIGHT,REAR END,NOT DIVIDED,STRAIGHT AND LEVEL,DRY,NO DEFECTS,NOT ON SCENE (DESK REPORT),NO INJURY / DRIVE AWAY,,"OVER $1,500",FOLLOWING TOO CLOSELY,FOLLOWING TOO CLOSELY,5400,S,HALSTED ST,934,2,NO INDICATION OF INJURY,0,0,0,0,0,3,0,17,2,6,41.79599727,-87.64534767
6/20/2019 16:00,30,NO CONTROLS,NO CONTROLS,UNKNOWN,DAYLIGHT,PARKED MOTOR VEHICLE,NOT DIVIDED,STRAIGHT AND LEVEL,UNKNOWN,UNKNOWN,,NO INJURY / DRIVE AWAY,,"$501 - $1,500",NOT APPLICABLE,NOT APPLICABLE,349,W,108TH PL,513,,,,,,,,,,16,5,6,41.69691978,-87.63231138
6/26/2019 11:00,30,TRAFFIC SIGNAL,FUNCTIONING PROPERLY,CLEAR,DAYLIGHT,REAR END,NOT DIVIDED,STRAIGHT AND LEVEL,DRY,NO DEFECTS,NOT ON SCENE (DESK REPORT),NO INJURY / DRIVE AWAY,,"OVER $1,500",UNABLE TO DETERMINE,UNABLE TO DETERMINE,101,S,WESTERN AVE,1223,2,NO INDICATION OF INJURY,0,0,0,0,0,2,0,11,4,6,41.87981388,-87.68625056
6/16/2019 21:25,30,TRAFFIC SIGNAL,FUNCTIONING PROPERLY,CLEAR,"DARKNESS, LIGHTED ROAD",TURNING,NOT DIVIDED,STRAIGHT AND LEVEL,DRY,NO DEFECTS,ON SCENE,INJURY AND / OR TOW DUE TO CRASH,Y,"OVER $1,500",FAILING TO YIELD RIGHT-OF-WAY,NOT APPLICABLE,2800,W,47TH ST,922,2,NO INDICATION OF INJURY,0,0,0,0,0,2,0,21,1,6,41.80838959,-87.69426932
6/29/2019 16:22,30,NO CONTROLS,NO CONTROLS,CLEAR,DAYLIGHT,REAR END,NOT DIVIDED,STRAIGHT AND LEVEL,DRY,NO DEFECTS,NOT ON SCENE (DESK REPORT),NO INJURY / DRIVE AWAY,,"OVER $1,500",DISTRACTION - FROM OUTSIDE VEHICLE,DISTRACTION - FROM OUTSIDE VEHICLE,1150,E,130TH ST,532,2,NO INDICATION OF INJURY,0,0,0,0,0,2,0,16,7,6,41.66026004,-87.59334454
6/28/2019 22:44,40,NO CONTROLS,NO CONTROLS,CLEAR,"DARKNESS, LIGHTED ROAD",SIDESWIPE SAME DIRECTION,DIVIDED - W/MEDIAN BARRIER,STRAIGHT ON GRADE,DRY,NO DEFECTS,ON SCENE,NO INJURY / DRIVE AWAY,,"$501 - $1,500",IMPROPER LANE USAGE,"OPERATING VEHICLE IN ERRATIC, RECKLESS, CARELESS, NEGLIGENT OR AGGRESSIVE MANNER",2430,N,LAKE SHORE DR NB,1935,2,NO INDICATION OF INJURY,0,0,0,0,0,2,0,22,6,6,41.92697657,-87.63157786
6/30/2019 9:41,35,TRAFFIC SIGNAL,FUNCTIONING PROPERLY,CLEAR,DAYLIGHT,OTHER NONCOLLISION,NOT DIVIDED,STRAIGHT AND LEVEL,UNKNOWN,UNKNOWN,ON SCENE,INJURY AND / OR TOW DUE TO CRASH,Y,"OVER $1,500",UNABLE TO DETERMINE,UNABLE TO DETERMINE,10300,S,TORRENCE AVE,434,1,NONINCAPACITATING INJURY,1,0,0,1,0,0,0,9,1,6,41.70807743,-87.55980687
6/28/2019 19:05,30,NO CONTROLS,NO CONTROLS,RAIN,DAYLIGHT,REAR END,NOT DIVIDED,STRAIGHT AND LEVEL,DRY,NO DEFECTS,NOT ON SCENE (DESK REPORT),NO INJURY / DRIVE AWAY,,"OVER $1,500",FOLLOWING TOO CLOSELY,FOLLOWING TOO CLOSELY,1800,W,FOSTER AVE,2012,3,NO INDICATION OF INJURY,0,0,0,0,0,3,0,19,6,6,41.97620513,-87.67477655
6/22/2019 12:15,30,NO CONTROLS,NO CONTROLS,CLEAR,DAYLIGHT,SIDESWIPE SAME DIRECTION,NOT DIVIDED,STRAIGHT AND LEVEL,DRY,NO DEFECTS,ON SCENE,NO INJURY / DRIVE AWAY,N,"$501 - $1,500",FAILING TO REDUCE SPEED TO AVOID CRASH,FAILING TO YIELD RIGHT-OF-WAY,2414,W,55TH ST,923,2,NO INDICATION OF INJURY,0,0,0,0,0,3,0,12,7,6,41.79396631,-87.6846732
6/29/2019 11:59,25,NO CONTROLS,NO CONTROLS,CLEAR,DAYLIGHT,PARKED MOTOR VEHICLE,NOT DIVIDED,STRAIGHT AND LEVEL,DRY,OTHER,NOT ON SCENE (DESK REPORT),NO INJURY / DRIVE AWAY,,"$501 - $1,500",UNABLE TO DETERMINE,NOT APPLICABLE,3130,W,15TH ST,1022,2,NO INDICATION OF INJURY,0,0,0,0,0,1,0,11,7,6,41.86142906,-87.7043077
6/18/2019 10:10,55,UNKNOWN,UNKNOWN,CLEAR,DAYLIGHT,TURNING,UNKNOWN INTERSECTION TYPE,STRAIGHT AND LEVEL,DRY,UNKNOWN,NOT ON SCENE (DESK REPORT),NO INJURY / DRIVE AWAY,,"$501 - $1,500",UNABLE TO DETERMINE,UNABLE TO DETERMINE,1200,S,ASHLAND AVE,1233,2,NO INDICATION OF INJURY,0,0,0,0,0,2,0,10,3,6,41.86681578,-87.66652926
6/16/2019 10:00,30,NO CONTROLS,NO CONTROLS,RAIN,DAYLIGHT,PARKED MOTOR VEHICLE,ONE-WAY,STRAIGHT AND LEVEL,WET,NO DEFECTS,ON SCENE,NO INJURY / DRIVE AWAY,,"OVER $1,500",UNABLE TO DETERMINE,NOT APPLICABLE,2420,W,40TH ST,921,2,NO INDICATION OF INJURY,0,0,0,0,0,1,0,10,1,6,41.82119071,-87.68579673
6/27/2019 15:30,30,NO CONTROLS,NO CONTROLS,CLEAR,DAYLIGHT,TURNING,NOT DIVIDED,STRAIGHT AND LEVEL,DRY,NO DEFECTS,,NO INJURY / DRIVE AWAY,,"OVER $1,500",IMPROPER OVERTAKING/PASSING,NOT APPLICABLE,4814,W,WARNER AVE,1624,,,,,,,,,,15,5,6,41.9562578,-87.74806316
6/21/2019 19:50,30,TRAFFIC SIGNAL,FUNCTIONING PROPERLY,CLEAR,DARKNESS,REAR END,T-INTERSECTION,STRAIGHT ON GRADE,DRY,NO DEFECTS,ON SCENE,INJURY AND / OR TOW DUE TO CRASH,Y,"OVER $1,500",FOLLOWING TOO CLOSELY,FOLLOWING TOO CLOSELY,5200,N,CANFIELD AVE,1614,2,NO INDICATION OF INJURY,0,0,0,0,0,2,0,19,6,6,41.97414628,-87.82482399
6/14/2019 23:50,20,NO CONTROLS,NO CONTROLS,CLEAR,"DARKNESS, LIGHTED ROAD",PEDALCYCLIST,ONE-WAY,STRAIGHT AND LEVEL,DRY,NO DEFECTS,NOT ON SCENE (DESK REPORT),NO INJURY / DRIVE AWAY,,"$501 - $1,500",UNABLE TO DETERMINE,UNABLE TO DETERMINE,1516,E,65TH PL,321,2,NO INDICATION OF INJURY,0,0,0,0,0,1,0,23,6,6,41.77617711,-87.58813995
6/25/2019 12:24,30,TRAFFIC SIGNAL,FUNCTIONING PROPERLY,CLEAR,DAYLIGHT,TURNING,FOUR WAY,STRAIGHT AND LEVEL,DRY,NO DEFECTS,ON SCENE,NO INJURY / DRIVE AWAY,Y,"OVER $1,500",DRIVING ON WRONG SIDE/WRONG WAY,DRIVING SKILLS/KNOWLEDGE/EXPERIENCE,599,W,ADAMS ST,121,3,NO INDICATION OF INJURY,0,0,0,0,0,3,0,12,3,6,41.87916395,-87.64250332
6/27/2019 8:56,30,NO CONTROLS,NO CONTROLS,CLEAR,DAYLIGHT,SIDESWIPE SAME DIRECTION,NOT DIVIDED,STRAIGHT AND LEVEL,DRY,NO DEFECTS,NOT ON SCENE (DESK REPORT),NO INJURY / DRIVE AWAY,,"OVER $1,500",UNABLE TO DETERMINE,NOT APPLICABLE,2500,W,ROOSEVELT RD,1135,2,NO INDICATION OF INJURY,0,0,0,0,0,2,0,8,5,6,41.86669652,-87.68851182
6/29/2019 17:30,25,NO CONTROLS,NO CONTROLS,CLEAR,DAYLIGHT,REAR TO FRONT,NOT DIVIDED,STRAIGHT AND LEVEL,DRY,NO DEFECTS,NOT ON SCENE (DESK REPORT),NO INJURY / DRIVE AWAY,,"OVER $1,500",IMPROPER BACKING,NOT APPLICABLE,841,W,RANDOLPH ST,1224,2,NO INDICATION OF INJURY,0,0,0,0,0,2,0,17,7,6,41.88427123,-87.64900872
6/26/2019 10:30,30,TRAFFIC SIGNAL,UNKNOWN,CLEAR,DAYLIGHT,TURNING,FOUR WAY,STRAIGHT AND LEVEL,DRY,UNKNOWN,NOT ON SCENE (DESK REPORT),NO INJURY / DRIVE AWAY,,"$501 - $1,500",FAILING TO YIELD RIGHT-OF-WAY,FAILING TO YIELD RIGHT-OF-WAY,6201,N,CLARK ST,2433,2,NO INDICATION OF INJURY,0,0,0,0,0,4,0,10,4,6,41.99449043,-87.67000382
6/24/2019 2:56,30,TRAFFIC SIGNAL,FUNCTIONING PROPERLY,CLEAR,DAYLIGHT,REAR END,NOT DIVIDED,STRAIGHT AND LEVEL,DRY,NO DEFECTS,NOT ON SCENE (DESK REPORT),NO INJURY / DRIVE AWAY,,$500 OR LESS,FOLLOWING TOO CLOSELY,NOT APPLICABLE,5659,N,LAKE SHORE DR NB,2022,2,NO INDICATION OF INJURY,0,0,0,0,0,2,0,2,2,6,41.98555677,-87.65336148
6/16/2019 17:30,30,NO CONTROLS,NO CONTROLS,CLEAR,DAYLIGHT,PARKED MOTOR VEHICLE,NOT DIVIDED,STRAIGHT AND LEVEL,DRY,NO DEFECTS,ON SCENE,NO INJURY / DRIVE AWAY,,"OVER $1,500",DRIVING SKILLS/KNOWLEDGE/EXPERIENCE,NOT APPLICABLE,870,W,BUENA AVE,1915,4,NO INDICATION OF INJURY,0,0,0,0,0,1,0,17,1,6,41.95856495,-87.65254754
6/29/2019 20:30,30,NO CONTROLS,NO CONTROLS,CLEAR,"DARKNESS, LIGHTED ROAD",ANGLE,NOT DIVIDED,STRAIGHT AND LEVEL,DRY,NO DEFECTS,ON SCENE,NO INJURY / DRIVE AWAY,,"$501 - $1,500",FAILING TO YIELD RIGHT-OF-WAY,NOT APPLICABLE,1420,W,CARROLL AVE,1215,2,NO INDICATION OF INJURY,0,0,0,0,0,2,0,20,7,6,41.88754762,-87.66339021
6/13/2019 19:00,30,NO CONTROLS,NO CONTROLS,CLEAR,DAYLIGHT,PARKED MOTOR VEHICLE,ONE-WAY,STRAIGHT AND LEVEL,UNKNOWN,NO DEFECTS,NOT ON SCENE (DESK REPORT),NO INJURY / DRIVE AWAY,,$500 OR LESS,UNABLE TO DETERMINE,NOT APPLICABLE,1306,N,HOYNE AVE,1424,2,NO INDICATION OF INJURY,0,0,0,0,0,1,0,19,5,6,41.90519087,-87.67990739
6/29/2019 12:02,30,NO CONTROLS,NO CONTROLS,CLEAR,DAYLIGHT,PEDALCYCLIST,NOT DIVIDED,STRAIGHT AND LEVEL,DRY,NO DEFECTS,ON SCENE,INJURY AND / OR TOW DUE TO CRASH,,$500 OR LESS,UNABLE TO DETERMINE,UNABLE TO DETERMINE,5306,N,CLARK ST,2012,2,NONINCAPACITATING INJURY,1,0,0,1,0,0,0,12,7,6,41.97827366,-87.66848748
6/24/2019 13:45,30,TRAFFIC SIGNAL,FUNCTIONING PROPERLY,CLEAR,DAYLIGHT,TURNING,DIVIDED - W/MEDIAN (NOT RAISED),STRAIGHT AND LEVEL,DRY,NO DEFECTS,NOT ON SCENE (DESK REPORT),NO INJURY / DRIVE AWAY,,$500 OR LESS,FAILING TO YIELD RIGHT-OF-WAY,UNABLE TO DETERMINE,7535,S,ASHLAND AVE,612,2,NO INDICATION OF INJURY,0,0,0,0,0,3,0,13,2,6,41.75654541,-87.66344385
6/25/2019 9:45,25,NO CONTROLS,NO CONTROLS,CLEAR,DAYLIGHT,PEDALCYCLIST,NOT DIVIDED,STRAIGHT AND LEVEL,DRY,NO DEFECTS,ON SCENE,INJURY AND / OR TOW DUE TO CRASH,,$500 OR LESS,UNABLE TO DETERMINE,UNABLE TO DETERMINE,2351,W,GRANVILLE AVE,2413,2,INCAPACITATING INJURY,1,0,1,0,0,1,0,9,3,6,41.99398895,-87.68936359
6/28/2019 16:14,30,NO CONTROLS,NO CONTROLS,CLEAR,DAYLIGHT,REAR END,NOT DIVIDED,STRAIGHT AND LEVEL,DRY,NO DEFECTS,ON SCENE,NO INJURY / DRIVE AWAY,,$500 OR LESS,IMPROPER BACKING,NOT APPLICABLE,1920,W,PETERSON AVE,2413,,,,,,,,,,16,6,6,41.99081369,-87.6780111
6/18/2019 16:25,30,TRAFFIC SIGNAL,FUNCTIONING PROPERLY,CLEAR,DAYLIGHT,SIDESWIPE SAME DIRECTION,ONE-WAY,STRAIGHT AND LEVEL,DRY,NO DEFECTS,ON SCENE,NO INJURY / DRIVE AWAY,Y,$500 OR LESS,IMPROPER LANE USAGE,IMPROPER LANE USAGE,7459,S,LAFAYETTE AVE,731,2,NO INDICATION OF INJURY,0,0,0,0,0,2,0,16,3,6,41.75825008,-87.62622877
6/26/2019 21:00,40,TRAFFIC SIGNAL,FUNCTIONING PROPERLY,RAIN,"DARKNESS, LIGHTED ROAD",TURNING,T-INTERSECTION,STRAIGHT AND LEVEL,WET,NO DEFECTS,ON SCENE,INJURY AND / OR TOW DUE TO CRASH,Y,"OVER $1,500",DISREGARDING TRAFFIC SIGNALS,NOT APPLICABLE,800,N,LAKE SHORE DR SB,1833,2,NO INDICATION OF INJURY,0,0,0,0,0,2,0,21,4,6,41.89680497,-87.61702742
6/17/2019 11:00,30,TRAFFIC SIGNAL,FUNCTIONING PROPERLY,CLEAR,DAYLIGHT,TURNING,NOT DIVIDED,STRAIGHT AND LEVEL,DRY,NO DEFECTS,NOT ON SCENE (DESK REPORT),NO INJURY / DRIVE AWAY,,"OVER $1,500",UNABLE TO DETERMINE,NOT APPLICABLE,3600,N,CICERO AVE,1634,2,NO INDICATION OF INJURY,0,0,0,0,0,2,0,11,2,6,41.94616352,-87.74721517
6/20/2019 13:47,30,NO CONTROLS,NO CONTROLS,CLEAR,DAYLIGHT,PARKED MOTOR VEHICLE,DIVIDED - W/MEDIAN (NOT RAISED),STRAIGHT AND LEVEL,DRY,NO DEFECTS,ON SCENE,INJURY AND / OR TOW DUE TO CRASH,,"$501 - $1,500",PHYSICAL CONDITION OF DRIVER,NOT APPLICABLE,2748,N,CICERO AVE,2521,2,NONINCAPACITATING INJURY,1,0,0,1,0,0,0,13,5,6,41.93117137,-87.74672743
6/30/2019 15:00,25,TRAFFIC SIGNAL,NO CONTROLS,CLEAR,DAYLIGHT,TURNING,NOT DIVIDED,STRAIGHT AND LEVEL,DRY,NO DEFECTS,NOT ON SCENE (DESK REPORT),NO INJURY / DRIVE AWAY,Y,"$501 - $1,500",IMPROPER TURNING/NO SIGNAL,IMPROPER OVERTAKING/PASSING,2000,W,CONGRESS PKWY,1225,2,NO INDICATION OF INJURY,0,0,0,0,0,2,0,15,1,6,41.87513098,-87.67651098
6/17/2019 17:25,30,TRAFFIC SIGNAL,FUNCTIONING PROPERLY,CLEAR,DAYLIGHT,REAR END,DIVIDED - W/MEDIAN BARRIER,STRAIGHT AND LEVEL,DRY,NO DEFECTS,NOT ON SCENE (DESK REPORT),NO INJURY / DRIVE AWAY,,"$501 - $1,500",FOLLOWING TOO CLOSELY,FAILING TO REDUCE SPEED TO AVOID CRASH,8700,S,STONY ISLAND AVE,412,2,NO INDICATION OF INJURY,0,0,0,0,0,2,0,17,2,6,41.73682263,-87.58578342
6/21/2019 20:50,30,TRAFFIC SIGNAL,FUNCTIONING PROPERLY,CLEAR,"DARKNESS, LIGHTED ROAD",TURNING,DIVIDED - W/MEDIAN (NOT RAISED),STRAIGHT AND LEVEL,DRY,NO DEFECTS,ON SCENE,INJURY AND / OR TOW DUE TO CRASH,Y,"$501 - $1,500",IMPROPER TURNING/NO SIGNAL,FAILING TO YIELD RIGHT-OF-WAY,8501,S,ASHLAND AVE,614,2,"REPORTED, NOT EVIDENT",1,0,0,0,1,1,0,20,6,6,41.73934321,-87.66300792
6/18/2019 9:35,30,NO CONTROLS,NO CONTROLS,CLOUDY/OVERCAST,DAYLIGHT,SIDESWIPE SAME DIRECTION,NOT DIVIDED,STRAIGHT AND LEVEL,DRY,NO DEFECTS,NOT ON SCENE (DESK REPORT),NO INJURY / DRIVE AWAY,,"$501 - $1,500",IMPROPER OVERTAKING/PASSING,UNABLE TO DETERMINE,1852,S,ALBANY AVE,1022,2,NO INDICATION OF INJURY,0,0,0,0,0,5,0,9,3,6,41.85570712,-87.70299144
6/20/2019 17:35,30,UNKNOWN,UNKNOWN,UNKNOWN,UNKNOWN,TURNING,UNKNOWN,STRAIGHT AND LEVEL,UNKNOWN,UNKNOWN,NOT ON SCENE (DESK REPORT),NO INJURY / DRIVE AWAY,,"OVER $1,500",UNABLE TO DETERMINE,NOT APPLICABLE,848,W,EASTMAN ST,1822,2,NO INDICATION OF INJURY,0,0,0,0,0,2,0,17,5,6,41.90754214,-87.65020288
6/25/2019 14:10,30,STOP SIGN/FLASHER,OTHER,CLEAR,DAYLIGHT,REAR END,NOT DIVIDED,STRAIGHT AND LEVEL,DRY,NO DEFECTS,ON SCENE,INJURY AND / OR TOW DUE TO CRASH,Y,"OVER $1,500",UNABLE TO DETERMINE,UNABLE TO DETERMINE,3500,W,31ST ST,1032,2,INCAPACITATING INJURY,1,0,1,0,0,1,0,14,3,6,41.83721147,-87.7121884
6/26/2019 10:46,30,TRAFFIC SIGNAL,FUNCTIONING PROPERLY,CLEAR,DAYLIGHT,SIDESWIPE SAME DIRECTION,DIVIDED - W/MEDIAN BARRIER,STRAIGHT AND LEVEL,DRY,NO DEFECTS,ON SCENE,NO INJURY / DRIVE AWAY,Y,"$501 - $1,500",IMPROPER OVERTAKING/PASSING,NOT APPLICABLE,8254,S,STONY ISLAND AVE,411,2,NO INDICATION OF INJURY,0,0,0,0,0,5,0,10,4,6,41.74440148,-87.58594862
6/21/2019 1:00,30,NO CONTROLS,NO CONTROLS,CLEAR,UNKNOWN,PARKED MOTOR VEHICLE,NOT DIVIDED,STRAIGHT AND LEVEL,UNKNOWN,UNKNOWN,NOT ON SCENE (DESK REPORT),NO INJURY / DRIVE AWAY,,"$501 - $1,500",UNABLE TO DETERMINE,UNABLE TO DETERMINE,5130,N,ALBANY AVE,1713,2,NO INDICATION OF INJURY,0,0,0,0,0,1,0,1,6,6,41.97488516,-87.7063612
6/18/2019 22:30,15,NO CONTROLS,NO CONTROLS,CLEAR,"DARKNESS, LIGHTED ROAD",PARKED MOTOR VEHICLE,PARKING LOT,STRAIGHT AND LEVEL,DRY,UNKNOWN,NOT ON SCENE (DESK REPORT),NO INJURY / DRIVE AWAY,,"OVER $1,500",NOT APPLICABLE,NOT APPLICABLE,4117,W,47TH ST,815,2,NO INDICATION OF INJURY,0,0,0,0,0,1,0,22,3,6,41.80772112,-87.72682517
6/21/2019 23:20,35,NO CONTROLS,NO CONTROLS,CLEAR,DARKNESS,REAR END,DIVIDED - W/MEDIAN BARRIER,STRAIGHT AND LEVEL,DRY,NO DEFECTS,ON SCENE,NO INJURY / DRIVE AWAY,,"OVER $1,500",UNABLE TO DETERMINE,UNABLE TO DETERMINE,397,E,MARQUETTE RD,322,,,,,,,,,,23,6,6,41.77285891,-87.61552915
6/24/2019 5:35,30,NO CONTROLS,NO CONTROLS,CLOUDY/OVERCAST,DAYLIGHT,SIDESWIPE SAME DIRECTION,ONE-WAY,STRAIGHT AND LEVEL,DRY,NO DEFECTS,NOT ON SCENE (DESK REPORT),NO INJURY / DRIVE AWAY,,"OVER $1,500",UNABLE TO DETERMINE,NOT APPLICABLE,9900,S,GENOA AVE,2232,2,NO INDICATION OF INJURY,0,0,0,0,0,2,0,5,2,6,41.71405089,-87.65214175
6/18/2019 18:15,30,TRAFFIC SIGNAL,FUNCTIONING PROPERLY,CLEAR,DAYLIGHT,REAR END,NOT DIVIDED,STRAIGHT AND LEVEL,DRY,NO DEFECTS,NOT ON SCENE (DESK REPORT),NO INJURY / DRIVE AWAY,,"OVER $1,500",FOLLOWING TOO CLOSELY,FAILING TO REDUCE SPEED TO AVOID CRASH,8401,W,IRVING PARK RD,1631,2,NO INDICATION OF INJURY,0,0,0,0,0,2,0,18,3,6,41.95194999,-87.83679806
6/30/2019 12:00,30,UNKNOWN,UNKNOWN,CLEAR,DAYLIGHT,PARKED MOTOR VEHICLE,NOT DIVIDED,STRAIGHT AND LEVEL,DRY,UNKNOWN,NOT ON SCENE (DESK REPORT),NO INJURY / DRIVE AWAY,,"OVER $1,500",IMPROPER BACKING,UNABLE TO DETERMINE,7100,W,SCHUBERT AVE,2512,2,NO INDICATION OF INJURY,0,0,0,0,0,1,0,12,1,6,41.92909196,-87.80281868
6/30/2019 22:00,30,NO CONTROLS,NO CONTROLS,UNKNOWN,"DARKNESS, LIGHTED ROAD",FIXED OBJECT,NOT DIVIDED,STRAIGHT AND LEVEL,UNKNOWN,UNKNOWN,NOT ON SCENE (DESK REPORT),NO INJURY / DRIVE AWAY,,"OVER $1,500",UNABLE TO DETERMINE,UNABLE TO DETERMINE,11215,S,CICERO AVE,2211,1,NO INDICATION OF INJURY,0,0,0,0,0,1,0,22,1,6,41.68857818,-87.7394936