CRASH_DATE,POSTED_SPEED_LIMIT,TRAFFIC_CONTROL_DEVICE,DEVICE_CONDITION,WEATHER_CONDITION,LIGHTING_CONDITION,FIRST_CRASH_TYPE,TRAFFICWAY_TYPE,ALIGNMENT,ROADWAY_SURFACE_COND,ROAD_DEFECT,REPORT_TYPE,CRASH_TYPE,INTERSECTION_RELATED_I,DAMAGE,PRIM_CONTRIBUTORY_CAUSE,SEC_CONTRIBUTORY_CAUSE,STREET_NO,STREET_DIRECTION,STREET_NAME,BEAT_OF_OCCURRENCE,NUM_UNITS,MOST_SEVERE_INJURY,INJURIES_TOTAL,INJURIES_FATAL,INJURIES_INCAPACITATING,INJURIES_NON_INCAPACITATING,INJURIES_REPORTED_NOT_EVIDENT,INJURIES_NO_INDICATION,INJURIES_UNKNOWN,CRASH_HOUR,CRASH_DAY_OF_WEEK,CRASH_MONTH,LATITUDE,LONGITUDE
6/27/2019 13:00,30,NO CONTROLS,WORN REFLECTIVE MATERIAL,CLEAR,DAYLIGHT,SIDESWIPE SAME DIRECTION,DIVIDED - W/MEDIAN (NOT RAISED),STRAIGHT AND LEVEL,DRY,WORN SURFACE,ON SCENE,NO INJURY / DRIVE AWAY,,"OVER $1,500",DRIVING SKILLS/KNOWLEDGE/EXPERIENCE,UNABLE TO DETERMINE,6202,N,SHERIDAN RD,2433,2,NO INDICATION OF INJURY,0,0,0,0,0,2,0,13,5,6,41.99474314,-87.65567638
6/24/2019 15:30,30,NO CONTROLS,NO CONTROLS,CLEAR,DAYLIGHT,REAR END,NOT DIVIDED,STRAIGHT AND LEVEL,DRY,UNKNOWN,NOT ON SCENE (DESK REPORT),NO INJURY / DRIVE AWAY,,"$501 - $1,500",FOLLOWING TOO CLOSELY,NOT APPLICABLE,1861,S,FARRAR DR,1022,2,NO INDICATION OF INJURY,0,0,0,0,0,2,0,15,2,6,41.85597338,-87.69762128
6/19/2019 16:48,30,NO CONTROLS,NO CONTROLS,CLOUDY/OVERCAST,DAYLIGHT,SIDESWIPE SAME DIRECTION,ONE-WAY,STRAIGHT AND LEVEL,DRY,NO DEFECTS,ON SCENE,NO INJURY / DRIVE AWAY,,"OVER $1,500",UNABLE TO DETERMINE,UNABLE TO DETERMINE,3,W,TERMINAL ST,1653,2,NO INDICATION OF INJURY,0,0,0,0,0,2,0,16,4,6,,
6/25/2019 15:30,30,NO CONTROLS,NO CONTROLS,CLEAR,DAYLIGHT,SIDESWIPE SAME DIRECTION,DIVIDED - W/MEDIAN (NOT RAISED),STRAIGHT AND LEVEL,DRY,NO DEFECTS,NOT ON SCENE (DESK REPORT),NO INJURY / DRIVE AWAY,,$500 OR LESS,UNABLE TO DETERMINE,NOT APPLICABLE,8658,S,VINCENNES AVE,613,2,NO INDICATION OF INJURY,0,0,0,0,0,2,0,15,3,6,41.73737623,-87.64378072
6/17/2019 3:50,25,NO CONTROLS,NO CONTROLS,CLEAR,"DARKNESS, LIGHTED ROAD",PARKED MOTOR VEHICLE,ONE-WAY,STRAIGHT AND LEVEL,DRY,NO DEFECTS,ON SCENE,INJURY AND / OR TOW DUE TO CRASH,,"OVER $1,500",FAILING TO REDUCE SPEED TO AVOID CRASH,UNABLE TO DETERMINE,340,W,111TH PL,522,3,NO INDICATION OF INJURY,0,0,0,0,0,1,0,3,2,6,41.69168429,-87.63188386
6/18/2019 20:30,15,NO CONTROLS,NO CONTROLS,CLEAR,"DARKNESS, LIGHTED ROAD",PARKED MOTOR VEHICLE,PARKING LOT,STRAIGHT AND LEVEL,DRY,UNKNOWN,NOT ON SCENE (DESK REPORT),NO INJURY / DRIVE AWAY,,"OVER $1,500",NOT APPLICABLE,NOT APPLICABLE,6333,S,CICERO AVE,813,2,NO INDICATION OF INJURY,0,0,0,0,0,1,0,20,3,6,41.77743609,-87.74211358
6/22/2019 20:52,30,NO CONTROLS,NO CONTROLS,CLEAR,"DARKNESS, LIGHTED ROAD",PARKED MOTOR VEHICLE,NOT DIVIDED,STRAIGHT AND LEVEL,DRY,NO DEFECTS,ON SCENE,NO INJURY / DRIVE AWAY,,$500 OR LESS,UNABLE TO DETERMINE,UNABLE TO DETERMINE,4149,W,59TH ST,813,2,NO INDICATION OF INJURY,0,0,0,0,0,1,0,20,7,6,41.78578234,-87.72733219
6/20/2019 8:23,10,NO CONTROLS,NO CONTROLS,UNKNOWN,DAYLIGHT,REAR END,OTHER,STRAIGHT AND LEVEL,UNKNOWN,UNKNOWN,NOT ON SCENE (DESK REPORT),NO INJURY / DRIVE AWAY,,"OVER $1,500",UNABLE TO DETERMINE,UNABLE TO DETERMINE,732,W,87TH ST,622,2,NO INDICATION OF INJURY,0,0,0,0,0,2,0,8,5,6,41.73625146,-87.64246347
6/17/2019 11:41,30,NO CONTROLS,NO CONTROLS,CLEAR,DAYLIGHT,PEDESTRIAN,NOT DIVIDED,STRAIGHT AND LEVEL,DRY,NO DEFECTS,ON SCENE,INJURY AND / OR TOW DUE TO CRASH,,$500 OR LESS,IMPROPER BACKING,UNABLE TO DETERMINE,4209,S,PRINCETON AVE,925,2,NONINCAPACITATING INJURY,1,0,0,1,0,1,0,11,2,6,41.81791141,-87.63344791
6/19/2019 2:31,30,NO CONTROLS,NO CONTROLS,CLEAR,"DARKNESS, LIGHTED ROAD",TURNING,TRAFFIC ROUTE,STRAIGHT AND LEVEL,DRY,NO DEFECTS,ON SCENE,INJURY AND / OR TOW DUE TO CRASH,Y,"OVER $1,500",FAILING TO YIELD RIGHT-OF-WAY,UNABLE TO DETERMINE,620,N,LA SALLE DR,1832,2,"REPORTED, NOT EVIDENT",2,0,0,0,2,4,0,2,4,6,41.89316465,-87.63278356
6/22/2019 23:05,25,NO CONTROLS,NO CONTROLS,CLEAR,"DARKNESS, LIGHTED ROAD",PARKED MOTOR VEHICLE,ONE-WAY,STRAIGHT AND LEVEL,DRY,NO DEFECTS,NOT ON SCENE (DESK REPORT),NO INJURY / DRIVE AWAY,,"OVER $1,500",IMPROPER LANE USAGE,UNABLE TO DETERMINE,7958,S,CARPENTER ST,612,,,,,,,,,,23,7,6,41.74881769,-87.6502003
6/19/2019 12:42,30,TRAFFIC SIGNAL,FUNCTIONING PROPERLY,CLEAR,DAYLIGHT,PEDESTRIAN,NOT REPORTED,STRAIGHT AND LEVEL,DRY,NO DEFECTS,ON SCENE,INJURY AND / OR TOW DUE TO CRASH,Y,$500 OR LESS,UNABLE TO DETERMINE,UNABLE TO DETERMINE,400,S,SACRAMENTO BLVD,1134,2,NONINCAPACITATING INJURY,1,0,0,1,0,2,0,12,4,6,41.87589394,-87.70122497
6/29/2019 18:25,30,TRAFFIC SIGNAL,FUNCTIONING PROPERLY,CLEAR,DAYLIGHT,REAR TO FRONT,FOUR WAY,STRAIGHT AND LEVEL,DRY,NO DEFECTS,ON SCENE,INJURY AND / OR TOW DUE TO CRASH,Y,"OVER $1,500",IMPROPER BACKING,UNABLE TO DETERMINE,7230,W,FOSTER AVE,1613,2,NONINCAPACITATING INJURY,1,0,0,1,0,2,0,18,7,6,41.97461823,-87.80843119
6/24/2019 11:15,30,NO CONTROLS,NO CONTROLS,CLEAR,DAYLIGHT,SIDESWIPE SAME DIRECTION,DIVIDED - W/MEDIAN BARRIER,STRAIGHT AND LEVEL,DRY,NO DEFECTS,NOT ON SCENE (DESK REPORT),NO INJURY / DRIVE AWAY,,"OVER $1,500",IMPROPER LANE USAGE,NOT APPLICABLE,10558,S,INDIANAPOLIS AVE,432,2,NO INDICATION OF INJURY,0,0,0,0,0,2,0,11,2,6,41.70307757,-87.5250752
6/17/2019 18:15,30,NO CONTROLS,NO CONTROLS,CLEAR,DAYLIGHT,TURNING,NOT DIVIDED,STRAIGHT AND LEVEL,DRY,NO DEFECTS,NOT ON SCENE (DESK REPORT),NO INJURY / DRIVE AWAY,,"OVER $1,500",UNABLE TO DETERMINE,NOT APPLICABLE,301,E,79TH ST,623,2,NO INDICATION OF INJURY,0,0,0,0,0,2,0,18,2,6,41.75095466,-87.6180691
6/24/2019 15:00,40,NO CONTROLS,NO CONTROLS,CLEAR,DAYLIGHT,FIXED OBJECT,DIVIDED - W/MEDIAN BARRIER,STRAIGHT AND LEVEL,DRY,"RUT, HOLES",ON SCENE,NO INJURY / DRIVE AWAY,,"$501 - $1,500",NOT APPLICABLE,NOT APPLICABLE,5200,N,LAKE SHORE DR SB,2024,1,NO INDICATION OF INJURY,0,0,0,0,0,1,0,15,2,6,41.97662163,-87.65079003
6/23/2019 1:30,45,NO CONTROLS,NO CONTROLS,CLEAR,"DARKNESS, LIGHTED ROAD",SIDESWIPE SAME DIRECTION,DIVIDED - W/MEDIAN (NOT RAISED),STRAIGHT AND LEVEL,DRY,NO DEFECTS,ON SCENE,INJURY AND / OR TOW DUE TO CRASH,,"OVER $1,500",IMPROPER OVERTAKING/PASSING,IMPROPER OVERTAKING/PASSING,3700,N,LAKE SHORE DR,1925,2,NONINCAPACITATING INJURY,1,0,0,1,0,1,0,1,1,6,41.95049927,-87.64474905
6/28/2019 16:10,30,TRAFFIC SIGNAL,FUNCTIONING PROPERLY,CLEAR,DAYLIGHT,SIDESWIPE SAME DIRECTION,DIVIDED - W/MEDIAN BARRIER,STRAIGHT ON HILLCREST,DRY,NO DEFECTS,ON SCENE,NO INJURY / DRIVE AWAY,Y,"OVER $1,500",FOLLOWING TOO CLOSELY,NOT APPLICABLE,360,N,CENTRAL AVE,1512,2,NO INDICATION OF INJURY,0,0,0,0,0,2,0,16,6,6,41.88744909,-87.76525855
6/22/2019 19:49,30,TRAFFIC SIGNAL,FUNCTIONING PROPERLY,CLEAR,DUSK,TURNING,NOT DIVIDED,STRAIGHT AND LEVEL,DRY,NO DEFECTS,NOT ON SCENE (DESK REPORT),NO INJURY / DRIVE AWAY,,$500 OR LESS,IMPROPER TURNING/NO SIGNAL,FOLLOWING TOO CLOSELY,7900,S,ASHLAND AVE,611,2,NO INDICATION OF INJURY,0,0,0,0,0,2,0,19,7,6,41.75026224,-87.66358012
6/23/2019 21:50,30,NO CONTROLS,NO CONTROLS,CLEAR,DARKNESS,TURNING,NOT DIVIDED,STRAIGHT AND LEVEL,DRY,NO DEFECTS,NOT ON SCENE (DESK REPORT),NO INJURY / DRIVE AWAY,,"OVER $1,500",UNABLE TO DETERMINE,NOT APPLICABLE,1150,N,CICERO AVE,1531,2,NO INDICATION OF INJURY,0,0,0,0,0,2,0,21,1,6,41.90202844,-87.74611706
6/30/2019 15:00,40,NO CONTROLS,NO CONTROLS,RAIN,DAYLIGHT,REAR END,RAMP,STRAIGHT AND LEVEL,WET,NO DEFECTS,ON SCENE,NO INJURY / DRIVE AWAY,,"$501 - $1,500",FOLLOWING TOO CLOSELY,UNABLE TO DETERMINE,4200,N,LAKE SHORE DR SB,1915,3,NO INDICATION OF INJURY,0,0,0,0,0,3,0,15,1,6,41.95855184,-87.64623776
6/20/2019 12:00,30,NO CONTROLS,NO CONTROLS,CLEAR,DAYLIGHT,PARKED MOTOR VEHICLE,ONE-WAY,STRAIGHT AND LEVEL,DRY,UNKNOWN,NOT ON SCENE (DESK REPORT),NO INJURY / DRIVE AWAY,,"OVER $1,500",UNABLE TO DETERMINE,NOT APPLICABLE,1157,N,WALLER AVE,1511,2,NO INDICATION OF INJURY,0,0,0,0,0,1,0,12,5,6,41.90196352,-87.76792808
6/22/2019 1:00,30,TRAFFIC SIGNAL,FUNCTIONING PROPERLY,CLEAR,"DARKNESS, LIGHTED ROAD",TURNING,NOT DIVIDED,STRAIGHT AND LEVEL,DRY,NO DEFECTS,ON SCENE,NO INJURY / DRIVE AWAY,Y,"$501 - $1,500",UNABLE TO DETERMINE,NOT APPLICABLE,504,N,HALSTED ST,1214,2,NO INDICATION OF INJURY,0,0,0,0,0,2,0,1,7,6,41.8913637,-87.64776847
6/25/2019 10:35,30,NO CONTROLS,NO CONTROLS,CLEAR,DAYLIGHT,REAR END,DIVIDED - W/MEDIAN BARRIER,STRAIGHT AND LEVEL,DRY,NO DEFECTS,ON SCENE,INJURY AND / OR TOW DUE TO CRASH,,$500 OR LESS,FOLLOWING TOO CLOSELY,NOT APPLICABLE,4030,N,ASHLAND AVE,1912,2,"REPORTED, NOT EVIDENT",1,0,0,0,1,2,0,10,3,6,41.95523565,-87.66922235
6/13/2019 17:30,30,TRAFFIC SIGNAL,FUNCTIONING PROPERLY,CLEAR,DAYLIGHT,REAR END,NOT DIVIDED,STRAIGHT AND LEVEL,DRY,NO DEFECTS,NOT ON SCENE (DESK REPORT),NO INJURY / DRIVE AWAY,,"OVER $1,500",FOLLOWING TOO CLOSELY,FOLLOWING TOO CLOSELY,7100,S,WESTERN AVE,832,2,NO INDICATION OF INJURY,0,0,0,0,0,2,0,17,5,6,41.76460891,-87.68338705
6/22/2019 8:30,30,NO CONTROLS,NO CONTROLS,CLEAR,DAYLIGHT,PARKED MOTOR VEHICLE,NOT DIVIDED,STRAIGHT AND LEVEL,DRY,UNKNOWN,ON SCENE,NO INJURY / DRIVE AWAY,,"$501 - $1,500",UNABLE TO DETERMINE,NOT APPLICABLE,3706,W,79TH PL,834,2,NO INDICATION OF INJURY,0,0,0,0,0,1,0,8,7,6,41.74880517,-87.71491395
6/27/2019 13:54,30,NO CONTROLS,NO CONTROLS,CLEAR,DAYLIGHT,PARKED MOTOR VEHICLE,NOT DIVIDED,STRAIGHT ON HILLCREST,DRY,NO DEFECTS,ON SCENE,NO INJURY / DRIVE AWAY,,$500 OR LESS,NOT APPLICABLE,NOT APPLICABLE,777,N,GREEN ST,1214,2,NO INDICATION OF INJURY,0,0,0,0,0,3,0,13,5,6,41.89633458,-87.64877822
6/18/2019 18:16,30,NO CONTROLS,NO CONTROLS,CLEAR,DUSK,FIXED OBJECT,OTHER,STRAIGHT AND LEVEL,DRY,NO DEFECTS,NOT ON SCENE (DESK REPORT),NO INJURY / DRIVE AWAY,,$500 OR LESS,UNABLE TO DETERMINE,NOT APPLICABLE,6500,S,RACINE AVE,724,1,NO INDICATION OF INJURY,0,0,0,0,0,2,0,18,3,6,41.77588058,-87.6545464
6/4/2019 8:38,35,TRAFFIC SIGNAL,FUNCTIONING PROPERLY,UNKNOWN,UNKNOWN,TURNING,NOT DIVIDED,STRAIGHT AND LEVEL,UNKNOWN,UNKNOWN,NOT ON SCENE (DESK REPORT),NO INJURY / DRIVE AWAY,,"$501 - $1,500",IMPROPER LANE USAGE,NOT APPLICABLE,2006,S,CLARK ST,131,2,NO INDICATION OF INJURY,0,0,0,0,0,3,0,8,3,6,41.85513664,-87.63030463
6/26/2019 0:00,30,TRAFFIC SIGNAL,FUNCTIONING PROPERLY,CLEAR,"DARKNESS, LIGHTED ROAD",TURNING,DIVIDED - W/MEDIAN (NOT RAISED),STRAIGHT AND LEVEL,DRY,NO DEFECTS,ON SCENE,NO INJURY / DRIVE AWAY,Y,"OVER $1,500",UNABLE TO DETERMINE,UNABLE TO DETERMINE,98,S,MICHIGAN AVE,112,2,NO INDICATION OF INJURY,0,0,0,0,0,2,0,0,4,6,41.88089012,-87.62448327
6/21/2019 13:05,30,TRAFFIC SIGNAL,FUNCTIONING PROPERLY,CLEAR,DAYLIGHT,REAR END,DIVIDED - W/MEDIAN BARRIER,STRAIGHT AND LEVEL,DRY,NO DEFECTS,NOT ON SCENE (DESK REPORT),NO INJURY / DRIVE AWAY,,"$501 - $1,500",FOLLOWING TOO CLOSELY,NOT APPLICABLE,1650,S,DAMEN AVE,1234,2,NO INDICATION OF INJURY,0,0,0,0,0,2,0,13,6,6,41.85861486,-87.67616737
6/19/2019 11:50,30,NO CONTROLS,NO CONTROLS,CLEAR,DAYLIGHT,REAR END,ONE-WAY,STRAIGHT AND LEVEL,DRY,NO DEFECTS,ON SCENE,NO INJURY / DRIVE AWAY,,"$501 - $1,500",UNABLE TO DETERMINE,UNABLE TO DETERMINE,9156,S,BRANDON AVE,424,2,NO INDICATION OF INJURY,0,0,0,0,0,2,0,11,4,6,41.72844481,-87.54703285
6/23/2019 18:04,30,NO CONTROLS,UNKNOWN,RAIN,DAYLIGHT,SIDESWIPE SAME DIRECTION,ONE-WAY,STRAIGHT AND LEVEL,WET,NO DEFECTS,ON SCENE,INJURY AND / OR TOW DUE TO CRASH,,"OVER $1,500","OPERATING VEHICLE IN ERRATIC, RECKLESS, CARELESS, NEGLIGENT OR AGGRESSIVE MANNER",NOT APPLICABLE,2835,W,CONGRESS PKWY,1135,4,NONINCAPACITATING INJURY,1,0,0,1,0,5,0,18,1,6,41.87478092,-87.6975379
6/22/2019 12:00,30,TRAFFIC SIGNAL,FUNCTIONING PROPERLY,CLEAR,DAYLIGHT,TURNING,NOT DIVIDED,STRAIGHT AND LEVEL,DRY,NO DEFECTS,ON SCENE,NO INJURY / DRIVE AWAY,Y,"$501 - $1,500",IMPROPER TURNING/NO SIGNAL,NOT APPLICABLE,4800,N,CICERO AVE,1623,2,NO INDICATION OF INJURY,0,0,0,0,0,2,0,12,7,6,41.96804801,-87.74787599
6/19/2019 16:00,30,TRAFFIC SIGNAL,FUNCTIONING PROPERLY,CLEAR,DAYLIGHT,SIDESWIPE SAME DIRECTION,NOT DIVIDED,STRAIGHT AND LEVEL,DRY,UNKNOWN,NOT ON SCENE (DESK REPORT),NO INJURY / DRIVE AWAY,Y,"OVER $1,500",IMPROPER LANE USAGE,NOT APPLICABLE,2,N,KEDZIE AVE,1123,2,NO INDICATION OF INJURY,0,0,0,0,0,3,0,16,4,6,41.88101595,-87.70627083
6/25/2019 18:00,30,NO CONTROLS,NO CONTROLS,CLEAR,DAYLIGHT,PARKED MOTOR VEHICLE,NOT DIVIDED,STRAIGHT AND LEVEL,DRY,NO DEFECTS,ON SCENE,NO INJURY / DRIVE AWAY,,"$501 - $1,500",IMPROPER LANE USAGE,NOT APPLICABLE,2905,W,80TH ST,835,2,NO INDICATION OF INJURY,0,0,0,0,0,1,0,18,3,6,41.74798153,-87.69524466
6/30/2019 14:55,30,NO CONTROLS,NO CONTROLS,RAIN,DAYLIGHT,SIDESWIPE SAME DIRECTION,DIVIDED - W/MEDIAN BARRIER,STRAIGHT AND LEVEL,WET,NO DEFECTS,NOT ON SCENE (DESK REPORT),NO INJURY / DRIVE AWAY,,"OVER $1,500",FAILING TO YIELD RIGHT-OF-WAY,WEATHER,720,S,MICHIGAN AVE,123,2,NO INDICATION OF INJURY,0,0,0,0,0,2,0,14,1,6,41.87279887,-87.62433781
6/24/2019 18:02,30,NO CONTROLS,NO CONTROLS,CLEAR,DAYLIGHT,PEDALCYCLIST,DIVIDED - W/MEDIAN (NOT RAISED),STRAIGHT ON GRADE,DRY,UNKNOWN,ON SCENE,INJURY AND / OR TOW DUE TO CRASH,,"$501 - $1,500",UNABLE TO DETERMINE,NOT APPLICABLE,1640,W,DIVISION ST,1424,2,NONINCAPACITATING INJURY,1,0,0,1,0,2,0,18,2,6,41.90342906,-87.66912961
6/26/2019 11:30,30,NO CONTROLS,NO CONTROLS,CLEAR,DAYLIGHT,ANGLE,NOT DIVIDED,STRAIGHT AND LEVEL,DRY,NO DEFECTS,NOT ON SCENE (DESK REPORT),NO INJURY / DRIVE AWAY,,"$501 - $1,500",NOT APPLICABLE,NOT APPLICABLE,5499,S,HARLEM AVE,811,2,NO INDICATION OF INJURY,0,0,0,0,0,2,0,11,4,6,41.79201847,-87.80138434
6/17/2019 13:34,30,TRAFFIC SIGNAL,FUNCTIONING PROPERLY,CLEAR,DAYLIGHT,SIDESWIPE SAME DIRECTION,NOT DIVIDED,STRAIGHT AND LEVEL,DRY,NO DEFECTS,NOT ON SCENE (DESK REPORT),NO INJURY / DRIVE AWAY,,"OVER $1,500",UNABLE TO DETERMINE,NOT APPLICABLE,6259,S,CICERO AVE,813,2,NO INDICATION OF INJURY,0,0,0,0,0,2,0,13,2,6,41.77852311,-87.74214897
6/30/2019 20:10,30,NO CONTROLS,NO CONTROLS,CLEAR,DUSK,FIXED OBJECT,DIVIDED - W/MEDIAN BARRIER,STRAIGHT AND LEVEL,DRY,NO DEFECTS,ON SCENE,INJURY AND / OR TOW DUE TO CRASH,,"OVER $1,500","EVASIVE ACTION DUE TO ANIMAL, OBJECT, NONMOTORIST",UNABLE TO DETERMINE,12335,S,HALSTED ST,523,1,NONINCAPACITATING INJURY,2,0,0,2,0,4,0,20,1,6,41.66948839,-87.64148341
6/22/2019 15:15,30,NO CONTROLS,NO CONTROLS,CLEAR,DAYLIGHT,PARKED MOTOR VEHICLE,PARKING LOT,STRAIGHT AND LEVEL,DRY,NO DEFECTS,NOT ON SCENE (DESK REPORT),NO INJURY / DRIVE AWAY,,"OVER $1,500",UNABLE TO DETERMINE,NOT APPLICABLE,10900,S,DOTY AVE E,513,2,NO INDICATION OF INJURY,0,0,0,0,0,1,0,15,7,6,41.69623253,-87.5958062
6/30/2019 17:50,35,NO CONTROLS,NO CONTROLS,CLEAR,DAYLIGHT,PARKED MOTOR VEHICLE,NOT DIVIDED,STRAIGHT AND LEVEL,DRY,NO DEFECTS,ON SCENE,NO INJURY / DRIVE AWAY,,"OVER $1,500",DRIVING SKILLS/KNOWLEDGE/EXPERIENCE,NOT APPLICABLE,840,W,WAVELAND AVE,1923,2,NO INDICATION OF INJURY,0,0,0,0,0,2,0,17,1,6,41.94920217,-87.6511684
6/17/2019 12:39,30,TRAFFIC SIGNAL,FUNCTIONING PROPERLY,CLEAR,DAYLIGHT,OTHER NONCOLLISION,NOT DIVIDED,STRAIGHT AND LEVEL,DRY,NO DEFECTS,NOT ON SCENE (DESK REPORT),NO INJURY / DRIVE AWAY,,"$501 - $1,500",ROAD ENGINEERING/SURFACE/MARKING DEFECTS,NOT APPLICABLE,1855,W,TAYLOR ST,1231,1,NO INDICATION OF INJURY,0,0,0,0,0,1,0,12,2,6,41.86905034,-87.67344149
6/18/2019 17:30,30,TRAFFIC SIGNAL,FUNCTIONING PROPERLY,CLEAR,DAYLIGHT,SIDESWIPE SAME DIRECTION,NOT DIVIDED,STRAIGHT AND LEVEL,DRY,NO DEFECTS,NOT ON SCENE (DESK REPORT),NO INJURY / DRIVE AWAY,,"OVER $1,500","OPERATING VEHICLE IN ERRATIC, RECKLESS, CARELESS, NEGLIGENT OR AGGRESSIVE MANNER",UNABLE TO DETERMINE,4900,N,PULASKI RD,1712,2,NO INDICATION OF INJURY,0,0,0,0,0,2,0,17,3,6,41.97015238,-87.72823041
6/23/2019 19:16,30,TRAFFIC SIGNAL,FUNCTIONING PROPERLY,CLEAR,DARKNESS,REAR END,CENTER TURN LANE,STRAIGHT AND LEVEL,DRY,NO DEFECTS,NOT ON SCENE (DESK REPORT),NO INJURY / DRIVE AWAY,,"$501 - $1,500",UNABLE TO DETERMINE,UNABLE TO DETERMINE,739,W,BELMONT AVE,1934,2,NO INDICATION OF INJURY,0,0,0,0,0,2,0,19,1,6,41.93988318,-87.64838804
6/19/2019 12:30,30,TRAFFIC SIGNAL,FUNCTIONING PROPERLY,CLEAR,DAYLIGHT,SIDESWIPE SAME DIRECTION,DIVIDED - W/MEDIAN (NOT RAISED),STRAIGHT AND LEVEL,DRY,NO DEFECTS,ON SCENE,NO INJURY / DRIVE AWAY,,"OVER $1,500","OPERATING VEHICLE IN ERRATIC, RECKLESS, CARELESS, NEGLIGENT OR AGGRESSIVE MANNER",FAILING TO REDUCE SPEED TO AVOID CRASH,800,N,KEDZIE AVE,1121,3,NO INDICATION OF INJURY,0,0,0,0,0,5,0,12,4,6,41.89561531,-87.70670533
6/18/2019 9:45,35,TRAFFIC SIGNAL,FUNCTIONING PROPERLY,CLEAR,DAYLIGHT,SIDESWIPE SAME DIRECTION,DIVIDED - W/MEDIAN BARRIER,STRAIGHT AND LEVEL,DRY,NO DEFECTS,NOT ON SCENE (DESK REPORT),NO INJURY / DRIVE AWAY,Y,"$501 - $1,500",FAILING TO REDUCE SPEED TO AVOID CRASH,NOT APPLICABLE,401,N,MICHIGAN AVE,1834,2,NO INDICATION OF INJURY,0,0,0,0,0,2,0,9,3,6,41.88935425,-87.62410246
6/11/2019 11:08,30,STOP SIGN/FLASHER,FUNCTIONING PROPERLY,CLEAR,DAYLIGHT,ANGLE,NOT DIVIDED,STRAIGHT AND LEVEL,DRY,NO DEFECTS,ON SCENE,NO INJURY / DRIVE AWAY,Y,"$501 - $1,500",FAILING TO YIELD RIGHT-OF-WAY,UNABLE TO DETERMINE,1900,W,CONGRESS PKWY,1225,2,NO INDICATION OF INJURY,0,0,0,0,0,2,0,11,3,6,41.87516579,-87.67417708
6/27/2019 12:47,30,NO CONTROLS,NO CONTROLS,CLEAR,DAYLIGHT,REAR END,DIVIDED - W/MEDIAN (NOT RAISED),STRAIGHT AND LEVEL,DRY,NO DEFECTS,ON SCENE,INJURY AND / OR TOW DUE TO CRASH,,"OVER $1,500",FOLLOWING TOO CLOSELY,FOLLOWING TOO CLOSELY,935,N,CICERO AVE,1111,5,NONINCAPACITATING INJURY,1,0,0,1,0,6,0,12,5,6,41.89787918,-87.74572196
6/17/2019 16:23,30,NO CONTROLS,NO CONTROLS,CLEAR,DAYLIGHT,PARKED MOTOR VEHICLE,NOT DIVIDED,STRAIGHT AND LEVEL,DRY,NO DEFECTS,ON SCENE,NO INJURY / DRIVE AWAY,,$500 OR LESS,UNABLE TO DETERMINE,NOT APPLICABLE,4800,S,CHICAGO BEACH DR,222,2,NO INDICATION OF INJURY,0,0,0,0,0,1,0,16,2,6,41.80725439,-87.58667436
6/22/2019 19:09,30,TRAFFIC SIGNAL,FUNCTIONING PROPERLY,CLEAR,DUSK,PEDALCYCLIST,DIVIDED - W/MEDIAN (NOT RAISED),STRAIGHT AND LEVEL,DRY,NO DEFECTS,NOT ON SCENE (DESK REPORT),INJURY AND / OR TOW DUE TO CRASH,,$500 OR LESS,UNABLE TO DETERMINE,UNABLE TO DETERMINE,1144,W,ADDISON ST,1923,2,NONINCAPACITATING INJURY,1,0,0,1,0,0,0,19,7,6,41.94726619,-87.65859628
6/21/2019 18:05,30,UNKNOWN,UNKNOWN,CLEAR,DAYLIGHT,REAR END,DIVIDED - W/MEDIAN (NOT RAISED),STRAIGHT AND LEVEL,DRY,NO DEFECTS,NOT ON SCENE (DESK REPORT),NO INJURY / DRIVE AWAY,,"OVER $1,500",NOT APPLICABLE,NOT APPLICABLE,6300,S,OAK PARK AVE,812,2,NO INDICATION OF INJURY,0,0,0,0,0,5,0,18,6,6,41.77749517,-87.79116948
6/30/2019 19:00,30,NO CONTROLS,NO CONTROLS,CLEAR,DAYLIGHT,PARKED MOTOR VEHICLE,ONE-WAY,STRAIGHT AND LEVEL,DRY,NO DEFECTS,NOT ON SCENE (DESK REPORT),NO INJURY / DRIVE AWAY,,"$501 - $1,500",UNABLE TO DETERMINE,UNABLE TO DETERMINE,2707,S,SPAULDING AVE,1032,2,NO INDICATION OF INJURY,0,0,0,0,0,1,0,19,1,6,41.84240014,-87.70726843
6/25/2019 17:40,30,TRAFFIC SIGNAL,FUNCTIONING PROPERLY,CLEAR,DAYLIGHT,PARKED MOTOR VEHICLE,NOT DIVIDED,STRAIGHT AND LEVEL,UNKNOWN,UNKNOWN,NOT ON SCENE (DESK REPORT),NO INJURY / DRIVE AWAY,,"$501 - $1,500",DRIVING SKILLS/KNOWLEDGE/EXPERIENCE,DRIVING SKILLS/KNOWLEDGE/EXPERIENCE,3100,W,FULLERTON AVE,1414,2,NO INDICATION OF INJURY,0,0,0,0,0,3,0,17,3,6,41.92485061,-87.70475596
6/28/2019 8:45,30,NO CONTROLS,NO CONTROLS,CLEAR,DAYLIGHT,TURNING,ONE-WAY,STRAIGHT AND LEVEL,DRY,NO DEFECTS,NOT ON SCENE (DESK REPORT),NO INJURY / DRIVE AWAY,,"OVER $1,500",UNABLE TO DETERMINE,NOT APPLICABLE,5501,W,DIVISION ST,1524,2,NO INDICATION OF INJURY,0,0,0,0,0,3,0,8,6,6,41.90205364,-87.76391484