CRASH_DATE,POSTED_SPEED_LIMIT,TRAFFIC_CONTROL_DEVICE,DEVICE_CONDITION,WEATHER_CONDITION,LIGHTING_CONDITION,FIRST_CRASH_TYPE,TRAFFICWAY_TYPE,ALIGNMENT,ROADWAY_SURFACE_COND,ROAD_DEFECT,REPORT_TYPE,CRASH_TYPE,INTERSECTION_RELATED_I,DAMAGE,PRIM_CONTRIBUTORY_CAUSE,SEC_CONTRIBUTORY_CAUSE,STREET_NO,STREET_DIRECTION,STREET_NAME,BEAT_OF_OCCURRENCE,NUM_UNITS,MOST_SEVERE_INJURY,INJURIES_TOTAL,INJURIES_FATAL,INJURIES_INCAPACITATING,INJURIES_NON_INCAPACITATING,INJURIES_REPORTED_NOT_EVIDENT,INJURIES_NO_INDICATION,INJURIES_UNKNOWN,CRASH_HOUR,CRASH_DAY_OF_WEEK,CRASH_MONTH,LATITUDE,LONGITUDE
6/21/2019 18:45,30,STOP SIGN/FLASHER,FUNCTIONING PROPERLY,CLEAR,DAYLIGHT,FIXED OBJECT,NOT DIVIDED,STRAIGHT AND LEVEL,DRY,NO DEFECTS,NOT ON SCENE (DESK REPORT),NO INJURY / DRIVE AWAY,Y,"OVER $1,500",DRIVING SKILLS/KNOWLEDGE/EXPERIENCE,NOT APPLICABLE,250,S,LEAMINGTON AVE,1533,1,NO INDICATION OF INJURY,0,0,0,0,0,1,0,18,6,6,41.87699237,-87.75357463
6/24/2019 14:48,30,NO CONTROLS,NO CONTROLS,CLEAR,DAYLIGHT,PARKED MOTOR VEHICLE,NOT DIVIDED,STRAIGHT AND LEVEL,DRY,NO DEFECTS,ON SCENE,NO INJURY / DRIVE AWAY,,"OVER $1,500",UNABLE TO DETERMINE,UNABLE TO DETERMINE,1159,N,KEELER AVE,1111,3,NO INDICATION OF INJURY,0,0,0,0,0,1,0,14,2,6,41.90254893,-87.7310769
6/20/2019 18:20,30,NO CONTROLS,NO CONTROLS,CLEAR,DAYLIGHT,TURNING,DIVIDED - W/MEDIAN (NOT RAISED),STRAIGHT AND LEVEL,DRY,NO DEFECTS,NOT ON SCENE (DESK REPORT),NO INJURY / DRIVE AWAY,,"OVER $1,500",IMPROPER TURNING/NO SIGNAL,NOT APPLICABLE,7600,S,RACINE AVE,612,2,NO INDICATION OF INJURY,0,0,0,0,0,3,0,18,5,6,41.75592679,-87.65402522
6/20/2019 18:20,30,NO CONTROLS,NO CONTROLS,CLEAR,DAWN,TURNING,NOT DIVIDED,STRAIGHT AND LEVEL,DRY,NO DEFECTS,NOT ON SCENE (DESK REPORT),NO INJURY / DRIVE AWAY,Y,"$501 - $1,500",FAILING TO YIELD RIGHT-OF-WAY,DRIVING SKILLS/KNOWLEDGE/EXPERIENCE,5700,S,PULASKI RD,813,2,NO INDICATION OF INJURY,0,0,0,0,0,2,0,18,5,6,41.78953063,-87.72320717
6/21/2019 12:00,30,NO CONTROLS,NO CONTROLS,CLEAR,DAYLIGHT,PARKED MOTOR VEHICLE,ONE-WAY,STRAIGHT AND LEVEL,DRY,UNKNOWN,NOT ON SCENE (DESK REPORT),NO INJURY / DRIVE AWAY,,"$501 - $1,500",UNABLE TO DETERMINE,UNABLE TO DETERMINE,8731,S,PAXTON AVE,412,2,NO INDICATION OF INJURY,0,0,0,0,0,1,0,12,6,6,41.7361877,-87.57070086
6/23/2019 13:35,30,STOP SIGN/FLASHER,FUNCTIONING PROPERLY,CLEAR,DAYLIGHT,OTHER NONCOLLISION,NOT DIVIDED,STRAIGHT AND LEVEL,DRY,NO DEFECTS,NOT ON SCENE (DESK REPORT),NO INJURY / DRIVE AWAY,,$500 OR LESS,UNABLE TO DETERMINE,ROAD ENGINEERING/SURFACE/MARKING DEFECTS,3948,N,WOLCOTT AVE,1922,1,NO INDICATION OF INJURY,0,0,0,0,0,2,0,13,1,6,41.95381624,-87.67646677
6/26/2019 18:55,30,TRAFFIC SIGNAL,FUNCTIONING PROPERLY,CLEAR,DAYLIGHT,REAR END,NOT DIVIDED,STRAIGHT AND LEVEL,DRY,NO DEFECTS,NOT ON SCENE (DESK REPORT),NO INJURY / DRIVE AWAY,,"$501 - $1,500",IMPROPER BACKING,IMPROPER BACKING,5500,S,SHORE DR,235,2,NO INDICATION OF INJURY,0,0,0,0,0,2,0,18,4,6,41.79518502,-87.58059777
6/28/2019 12:22,30,STOP SIGN/FLASHER,FUNCTIONING PROPERLY,CLEAR,DAYLIGHT,REAR END,DIVIDED - W/MEDIAN (NOT RAISED),STRAIGHT AND LEVEL,WET,NO DEFECTS,ON SCENE,NO INJURY / DRIVE AWAY,Y,"OVER $1,500",FAILING TO REDUCE SPEED TO AVOID CRASH,FOLLOWING TOO CLOSELY,4503,S,CALIFORNIA AVE,922,2,NO INDICATION OF INJURY,0,0,0,0,0,3,0,12,6,6,41.81176762,-87.69416335
6/19/2019 8:45,35,TRAFFIC SIGNAL,FUNCTIONING PROPERLY,CLEAR,DAWN,TURNING,T-INTERSECTION,STRAIGHT AND LEVEL,WET,NO DEFECTS,ON SCENE,INJURY AND / OR TOW DUE TO CRASH,Y,"OVER $1,500",UNABLE TO DETERMINE,UNABLE TO DETERMINE,2550,W,FOSTER AVE,2011,2,INCAPACITATING INJURY,2,0,1,0,1,1,0,8,4,6,41.97596481,-87.69399274
6/27/2019 12:45,30,TRAFFIC SIGNAL,FUNCTIONING PROPERLY,CLEAR,DAYLIGHT,REAR END,ONE-WAY,STRAIGHT AND LEVEL,DRY,NO DEFECTS,NOT ON SCENE (DESK REPORT),NO INJURY / DRIVE AWAY,Y,$500 OR LESS,FOLLOWING TOO CLOSELY,NOT APPLICABLE,139,N,MORGAN ST,1224,2,NO INDICATION OF INJURY,0,0,0,0,0,2,0,12,5,6,41.88427296,-87.65195518
6/22/2019 14:25,30,TRAFFIC SIGNAL,FUNCTIONING PROPERLY,CLEAR,DAYLIGHT,REAR END,NOT DIVIDED,STRAIGHT AND LEVEL,DRY,NO DEFECTS,NOT ON SCENE (DESK REPORT),NO INJURY / DRIVE AWAY,,"OVER $1,500",UNABLE TO DETERMINE,UNABLE TO DETERMINE,940,N,HOMAN AVE,1121,2,NO INDICATION OF INJURY,0,0,0,0,0,4,0,14,7,6,41.89849448,-87.71167964
6/26/2019 21:30,30,TRAFFIC SIGNAL,FUNCTIONING PROPERLY,RAIN,"DARKNESS, LIGHTED ROAD",SIDESWIPE SAME DIRECTION,NOT DIVIDED,STRAIGHT AND LEVEL,WET,UNKNOWN,NOT ON SCENE (DESK REPORT),NO INJURY / DRIVE AWAY,,$500 OR LESS,IMPROPER LANE USAGE,FAILING TO YIELD RIGHT-OF-WAY,266,W,FULLERTON DR,1935,2,NO INDICATION OF INJURY,0,0,0,0,0,2,0,21,4,6,41.92578311,-87.63594672
6/22/2019 15:07,30,STOP SIGN/FLASHER,OTHER,CLEAR,DAYLIGHT,TURNING,OTHER,STRAIGHT AND LEVEL,DRY,NO DEFECTS,NOT ON SCENE (DESK REPORT),NO INJURY / DRIVE AWAY,Y,"OVER $1,500",FAILING TO YIELD RIGHT-OF-WAY,NOT APPLICABLE,7100,W,GUNNISON ST,1613,2,NO INDICATION OF INJURY,0,0,0,0,0,2,0,15,7,6,41.96839307,-87.80491568
6/21/2019 19:46,25,NO CONTROLS,NO CONTROLS,CLEAR,DAYLIGHT,REAR TO FRONT,NOT DIVIDED,STRAIGHT AND LEVEL,DRY,UNKNOWN,ON SCENE,INJURY AND / OR TOW DUE TO CRASH,,"OVER $1,500",UNABLE TO DETERMINE,UNABLE TO DETERMINE,736,W,61ST ST,711,2,NONINCAPACITATING INJURY,1,0,0,1,0,2,0,19,6,6,41.78351003,-87.64393806
6/22/2019 7:30,30,NO CONTROLS,NO CONTROLS,CLEAR,DAYLIGHT,SIDESWIPE SAME DIRECTION,ONE-WAY,STRAIGHT AND LEVEL,DRY,NO DEFECTS,NOT ON SCENE (DESK REPORT),NO INJURY / DRIVE AWAY,,$500 OR LESS,DRIVING SKILLS/KNOWLEDGE/EXPERIENCE,NOT APPLICABLE,20,N,LOWER WACKER DR,122,2,NO INDICATION OF INJURY,0,0,0,0,0,2,0,7,7,6,41.88241054,-87.63721144
6/30/2019 21:50,30,TRAFFIC SIGNAL,FUNCTIONING PROPERLY,CLEAR,"DARKNESS, LIGHTED ROAD",FIXED OBJECT,NOT DIVIDED,STRAIGHT AND LEVEL,DRY,NO DEFECTS,NOT ON SCENE (DESK REPORT),NO INJURY / DRIVE AWAY,,"OVER $1,500",DISTRACTION - FROM OUTSIDE VEHICLE,"EVASIVE ACTION DUE TO ANIMAL, OBJECT, NONMOTORIST",4700,S,STATE ST,224,1,NO INDICATION OF INJURY,0,0,0,0,0,1,0,21,1,6,41.80914302,-87.62622913
6/23/2019 19:40,30,TRAFFIC SIGNAL,FUNCTIONING PROPERLY,CLEAR,DAYLIGHT,REAR END,NOT DIVIDED,STRAIGHT AND LEVEL,DRY,NO DEFECTS,ON SCENE,NO INJURY / DRIVE AWAY,,"$501 - $1,500",IMPROPER LANE USAGE,NOT APPLICABLE,211,E,87TH ST,632,2,NO INDICATION OF INJURY,0,0,0,0,0,2,0,19,1,6,41.73632755,-87.61886357
6/23/2019 13:40,30,TRAFFIC SIGNAL,FUNCTIONING PROPERLY,CLEAR,DAYLIGHT,TURNING,DIVIDED - W/MEDIAN (NOT RAISED),STRAIGHT AND LEVEL,DRY,UNKNOWN,NOT ON SCENE (DESK REPORT),NO INJURY / DRIVE AWAY,Y,"$501 - $1,500",IMPROPER TURNING/NO SIGNAL,DRIVING SKILLS/KNOWLEDGE/EXPERIENCE,200,E,83RD ST,631,2,NO INDICATION OF INJURY,0,0,0,0,0,4,0,13,1,6,41.74384296,-87.61949235
6/28/2019 20:44,30,TRAFFIC SIGNAL,FUNCTIONING PROPERLY,CLEAR,"DARKNESS, LIGHTED ROAD",TURNING,DIVIDED - W/MEDIAN (NOT RAISED),STRAIGHT AND LEVEL,DRY,NO DEFECTS,ON SCENE,INJURY AND / OR TOW DUE TO CRASH,Y,"OVER $1,500",FAILING TO YIELD RIGHT-OF-WAY,NOT APPLICABLE,400,W,63RD ST,711,2,NO INDICATION OF INJURY,0,0,0,0,0,3,0,20,6,6,41.78001804,-87.63511276
6/16/2019 12:30,30,TRAFFIC SIGNAL,FUNCTIONING PROPERLY,CLEAR,DAYLIGHT,REAR END,NOT DIVIDED,STRAIGHT AND LEVEL,DRY,NO DEFECTS,NOT ON SCENE (DESK REPORT),NO INJURY / DRIVE AWAY,Y,$500 OR LESS,UNABLE TO DETERMINE,NOT APPLICABLE,711,N,WELLS ST,1832,2,NO INDICATION OF INJURY,0,0,0,0,0,3,0,12,1,6,41.89519589,-87.63401655
6/23/2019 23:35,30,NO CONTROLS,NO CONTROLS,RAIN,"DARKNESS, LIGHTED ROAD",PARKED MOTOR VEHICLE,ONE-WAY,STRAIGHT AND LEVEL,WET,NO DEFECTS,ON SCENE,NO INJURY / DRIVE AWAY,,"$501 - $1,500",NOT APPLICABLE,UNABLE TO DETERMINE,2817,N,MOBILE AVE,2511,2,NO INDICATION OF INJURY,0,0,0,0,0,1,0,23,1,6,41.93158469,-87.78313033
6/19/2019 13:00,30,NO CONTROLS,NO CONTROLS,CLEAR,DAYLIGHT,REAR END,NOT DIVIDED,STRAIGHT AND LEVEL,DRY,NO DEFECTS,NOT ON SCENE (DESK REPORT),NO INJURY / DRIVE AWAY,,"OVER $1,500",FOLLOWING TOO CLOSELY,FOLLOWING TOO CLOSELY,1600,W,GARFIELD BLVD,932,2,NO INDICATION OF INJURY,0,0,0,0,0,2,0,13,4,6,41.79413322,-87.66464526
6/18/2019 12:53,30,NO CONTROLS,OTHER,CLEAR,DAYLIGHT,REAR END,NOT DIVIDED,STRAIGHT AND LEVEL,DRY,NO DEFECTS,ON SCENE,NO INJURY / DRIVE AWAY,,"OVER $1,500",UNABLE TO DETERMINE,UNABLE TO DETERMINE,141,N,WESTERN AVE,1223,2,NO INDICATION OF INJURY,0,0,0,0,0,2,0,12,3,6,41.88424173,-87.68637108
6/26/2019 8:30,30,TRAFFIC SIGNAL,FUNCTIONING PROPERLY,CLEAR,DAYLIGHT,REAR END,DIVIDED - W/MEDIAN BARRIER,STRAIGHT AND LEVEL,DRY,NO DEFECTS,NOT ON SCENE (DESK REPORT),NO INJURY / DRIVE AWAY,Y,"$501 - $1,500",IMPROPER OVERTAKING/PASSING,FOLLOWING TOO CLOSELY,6300,S,WENTWORTH AVE,312,2,NO INDICATION OF INJURY,0,0,0,0,0,2,0,8,4,6,41.77990261,-87.63029381
6/26/2019 22:30,30,NO CONTROLS,NO CONTROLS,CLEAR,DARKNESS,SIDESWIPE OPPOSITE DIRECTION,DIVIDED - W/MEDIAN BARRIER,STRAIGHT AND LEVEL,DRY,NO DEFECTS,ON SCENE,INJURY AND / OR TOW DUE TO CRASH,,"OVER $1,500",IMPROPER LANE USAGE,"OPERATING VEHICLE IN ERRATIC, RECKLESS, CARELESS, NEGLIGENT OR AGGRESSIVE MANNER",2020,W,87TH ST,614,2,NO INDICATION OF INJURY,0,0,0,0,0,2,0,22,4,6,41.73576515,-87.67370579
6/29/2019 16:55,30,STOP SIGN/FLASHER,FUNCTIONING PROPERLY,CLEAR,DAYLIGHT,PARKED MOTOR VEHICLE,DIVIDED - W/MEDIAN (NOT RAISED),STRAIGHT AND LEVEL,DRY,NO DEFECTS,ON SCENE,NO INJURY / DRIVE AWAY,,$500 OR LESS,FAILING TO REDUCE SPEED TO AVOID CRASH,UNABLE TO DETERMINE,2854,W,MADISON ST,1222,2,NO INDICATION OF INJURY,0,0,0,0,0,1,0,16,7,6,41.88116284,-87.69854586
6/30/2019 19:00,30,NO CONTROLS,NO CONTROLS,CLEAR,DAYLIGHT,PARKED MOTOR VEHICLE,ONE-WAY,STRAIGHT AND LEVEL,DRY,NO DEFECTS,NOT ON SCENE (DESK REPORT),NO INJURY / DRIVE AWAY,,"OVER $1,500",CELL PHONE USE OTHER THAN TEXTING,NOT APPLICABLE,1122,N,LEAMINGTON AVE,1531,2,NO INDICATION OF INJURY,0,0,0,0,0,1,0,19,1,6,41.90114641,-87.75466794
6/15/2019 15:10,30,UNKNOWN,UNKNOWN,UNKNOWN,UNKNOWN,REAR END,NOT DIVIDED,STRAIGHT AND LEVEL,UNKNOWN,UNKNOWN,NOT ON SCENE (DESK REPORT),NO INJURY / DRIVE AWAY,,"OVER $1,500",UNABLE TO DETERMINE,NOT APPLICABLE,9048,S,JEFFERY BLVD,413,2,NO INDICATION OF INJURY,0,0,0,0,0,2,0,15,7,6,41.73013292,-87.57569534
6/25/2019 22:23,35,NO CONTROLS,UNKNOWN,CLEAR,DARKNESS,TURNING,DIVIDED - W/MEDIAN (NOT RAISED),STRAIGHT AND LEVEL,DRY,NO DEFECTS,ON SCENE,NO INJURY / DRIVE AWAY,,"$501 - $1,500",IMPROPER OVERTAKING/PASSING,NOT APPLICABLE,242,W,GARFIELD BLVD,935,2,NO INDICATION OF INJURY,0,0,0,0,0,5,0,22,3,6,41.79463883,-87.63226705
6/25/2019 16:00,30,NO CONTROLS,NO CONTROLS,CLEAR,DAYLIGHT,OTHER OBJECT,NOT DIVIDED,"CURVE, LEVEL",DRY,"RUT, HOLES",NOT ON SCENE (DESK REPORT),NO INJURY / DRIVE AWAY,,$500 OR LESS,UNABLE TO DETERMINE,NOT APPLICABLE,5531,S,DR MARTIN LUTHER KING JR DR,233,1,NO INDICATION OF INJURY,0,0,0,0,0,1,0,16,3,6,41.79353306,-87.61580306
6/20/2019 9:15,30,NO CONTROLS,NO CONTROLS,RAIN,DAYLIGHT,SIDESWIPE SAME DIRECTION,DIVIDED - W/MEDIAN BARRIER,STRAIGHT AND LEVEL,WET,NO DEFECTS,ON SCENE,NO INJURY / DRIVE AWAY,,$500 OR LESS,NOT APPLICABLE,NOT APPLICABLE,409,E,79TH ST,624,2,NO INDICATION OF INJURY,0,0,0,0,0,2,0,9,5,6,41.75101241,-87.61454557
6/15/2019 19:35,25,TRAFFIC SIGNAL,FUNCTIONING PROPERLY,CLEAR,DUSK,ANGLE,UNKNOWN INTERSECTION TYPE,STRAIGHT AND LEVEL,DRY,NO DEFECTS,,INJURY AND / OR TOW DUE TO CRASH,Y,"OVER $1,500",UNABLE TO DETERMINE,UNABLE TO DETERMINE,530,E,GRAND AVE,1834,,,,,,,,,,19,7,6,41.89204875,-87.6129694
6/30/2019 19:00,30,NO CONTROLS,NO CONTROLS,CLEAR,DUSK,PARKED MOTOR VEHICLE,PARKING LOT,STRAIGHT AND LEVEL,DRY,NO DEFECTS,NOT ON SCENE (DESK REPORT),NO INJURY / DRIVE AWAY,,"$501 - $1,500",IMPROPER BACKING,IMPROPER BACKING,6049,S,HALSTED ST,711,2,NO INDICATION OF INJURY,0,0,0,0,0,1,0,19,1,6,41.78355805,-87.64473539
6/19/2019 15:00,30,TRAFFIC SIGNAL,FUNCTIONING PROPERLY,CLEAR,DAYLIGHT,SIDESWIPE SAME DIRECTION,NOT DIVIDED,STRAIGHT AND LEVEL,DRY,NO DEFECTS,,NO INJURY / DRIVE AWAY,,"OVER $1,500",IMPROPER OVERTAKING/PASSING,NOT APPLICABLE,1529,E,HYDE PARK BLVD,234,,,,,,,,,,15,4,6,41.80236303,-87.5881265
6/16/2019 5:25,40,NO CONTROLS,NO CONTROLS,CLEAR,DAWN,FIXED OBJECT,DIVIDED - W/MEDIAN BARRIER,"CURVE, LEVEL",WET,NO DEFECTS,ON SCENE,INJURY AND / OR TOW DUE TO CRASH,,"OVER $1,500",UNABLE TO DETERMINE,UNABLE TO DETERMINE,1000,N,LAKE SHORE DR,1824,1,NO INDICATION OF INJURY,0,0,0,0,0,1,0,5,1,6,41.90075297,-87.624235
6/30/2019 16:33,15,NO CONTROLS,NO CONTROLS,CLOUDY/OVERCAST,DAYLIGHT,PARKED MOTOR VEHICLE,ALLEY,STRAIGHT AND LEVEL,WET,NO DEFECTS,ON SCENE,NO INJURY / DRIVE AWAY,,"$501 - $1,500",DRIVING SKILLS/KNOWLEDGE/EXPERIENCE,HAD BEEN DRINKING (USE WHEN ARREST IS NOT MADE),30,W,HUBBARD ST,1831,2,NO INDICATION OF INJURY,0,0,0,0,0,1,0,16,1,6,41.89015607,-87.629152
6/24/2019 18:15,35,NO CONTROLS,NO CONTROLS,CLEAR,DAYLIGHT,SIDESWIPE SAME DIRECTION,NOT DIVIDED,STRAIGHT AND LEVEL,DRY,NO DEFECTS,NOT ON SCENE (DESK REPORT),NO INJURY / DRIVE AWAY,,"OVER $1,500",DRIVING SKILLS/KNOWLEDGE/EXPERIENCE,UNABLE TO DETERMINE,100,E,GRAND AVE,1834,2,NO INDICATION OF INJURY,0,0,0,0,0,4,0,18,2,6,41.89182349,-87.62531771
6/28/2019 14:35,30,NO CONTROLS,NO CONTROLS,CLEAR,DAYLIGHT,REAR END,NOT DIVIDED,STRAIGHT AND LEVEL,DRY,NO DEFECTS,ON SCENE,INJURY AND / OR TOW DUE TO CRASH,,"OVER $1,500",FAILING TO YIELD RIGHT-OF-WAY,PHYSICAL CONDITION OF DRIVER,5946,W,CHICAGO AVE,1511,4,NONINCAPACITATING INJURY,4,0,0,4,0,1,0,14,6,6,41.89483679,-87.7741643
6/23/2019 15:30,30,NO CONTROLS,NO CONTROLS,CLEAR,DAYLIGHT,TURNING,NOT DIVIDED,STRAIGHT AND LEVEL,WET,NO DEFECTS,ON SCENE,NO INJURY / DRIVE AWAY,,"OVER $1,500",FOLLOWING TOO CLOSELY,FAILING TO YIELD RIGHT-OF-WAY,4572,S,ARCHER AVE,821,2,NO INDICATION OF INJURY,0,0,0,0,0,3,0,15,1,6,41.80997608,-87.71117585
6/28/2019 0:35,30,NO CONTROLS,NO CONTROLS,CLEAR,"DARKNESS, LIGHTED ROAD",PARKED MOTOR VEHICLE,PARKING LOT,STRAIGHT AND LEVEL,DRY,NO DEFECTS,NOT ON SCENE (DESK REPORT),NO INJURY / DRIVE AWAY,,"$501 - $1,500",IMPROPER BACKING,NOT APPLICABLE,8058,S,HALSTED ST,621,2,NO INDICATION OF INJURY,0,0,0,0,0,1,0,0,6,6,41.7470861,-87.64408438
6/28/2019 15:37,30,TRAFFIC SIGNAL,FUNCTIONING PROPERLY,CLEAR,DAYLIGHT,REAR END,DIVIDED - W/MEDIAN (NOT RAISED),STRAIGHT AND LEVEL,DRY,NO DEFECTS,ON SCENE,INJURY AND / OR TOW DUE TO CRASH,,"OVER $1,500",UNABLE TO DETERMINE,NOT APPLICABLE,5956,W,NORTH AVE,2531,5,NO INDICATION OF INJURY,0,0,0,0,0,5,0,15,6,6,41.90936709,-87.7753
6/21/2019 0:10,30,NO CONTROLS,NO CONTROLS,CLEAR,"DARKNESS, LIGHTED ROAD",PARKED MOTOR VEHICLE,NOT DIVIDED,STRAIGHT AND LEVEL,DRY,NO DEFECTS,ON SCENE,INJURY AND / OR TOW DUE TO CRASH,,"OVER $1,500",DRIVING SKILLS/KNOWLEDGE/EXPERIENCE,UNABLE TO DETERMINE,4428,S,CALIFORNIA AVE,922,2,NO INDICATION OF INJURY,0,0,0,0,0,3,0,0,6,6,41.8128499,-87.6944901
6/24/2019 12:30,20,UNKNOWN,UNKNOWN,CLEAR,DAYLIGHT,PARKED MOTOR VEHICLE,ONE-WAY,STRAIGHT AND LEVEL,DRY,NO DEFECTS,NOT ON SCENE (DESK REPORT),NO INJURY / DRIVE AWAY,,"OVER $1,500",UNABLE TO DETERMINE,UNABLE TO DETERMINE,1403,W,OLIVE AVE,2013,2,NO INDICATION OF INJURY,0,0,0,0,0,1,0,12,2,6,41.98441309,-87.66518127
6/16/2019 14:45,35,OTHER RAILROAD CROSSING,FUNCTIONING PROPERLY,CLEAR,DAYLIGHT,REAR END,DIVIDED - W/MEDIAN BARRIER,STRAIGHT AND LEVEL,DRY,NO DEFECTS,NOT ON SCENE (DESK REPORT),NO INJURY / DRIVE AWAY,,"OVER $1,500",FOLLOWING TOO CLOSELY,FAILING TO REDUCE SPEED TO AVOID CRASH,51,E,71ST ST,323,2,NO INDICATION OF INJURY,0,0,0,0,0,3,0,14,1,6,41.76544527,-87.62289032
6/20/2019 12:58,30,TRAFFIC SIGNAL,FUNCTIONING PROPERLY,CLOUDY/OVERCAST,DAYLIGHT,TURNING,NOT DIVIDED,STRAIGHT AND LEVEL,DRY,NO DEFECTS,ON SCENE,INJURY AND / OR TOW DUE TO CRASH,Y,"OVER $1,500",IMPROPER TURNING/NO SIGNAL,NOT APPLICABLE,198,S,STATE ST,112,2,NONINCAPACITATING INJURY,1,0,0,1,0,3,0,12,5,6,41.8794915,-87.62785787
6/21/2019 0:30,35,NO CONTROLS,NO CONTROLS,UNKNOWN,UNKNOWN,FIXED OBJECT,NOT DIVIDED,STRAIGHT AND LEVEL,UNKNOWN,NO DEFECTS,ON SCENE,NO INJURY / DRIVE AWAY,,"OVER $1,500",UNABLE TO DETERMINE,NOT APPLICABLE,3900,W,COLUMBUS AVE,834,1,NO INDICATION OF INJURY,0,0,0,0,0,1,0,0,6,6,41.73756102,-87.71916759
6/27/2019 11:50,30,TRAFFIC SIGNAL,FUNCTIONING PROPERLY,CLEAR,DAYLIGHT,PEDESTRIAN,FOUR WAY,STRAIGHT AND LEVEL,DRY,NO DEFECTS,ON SCENE,INJURY AND / OR TOW DUE TO CRASH,Y,$500 OR LESS,DISREGARDING OTHER TRAFFIC SIGNS,DISTRACTION - FROM OUTSIDE VEHICLE,143,W,WACKER DR,122,2,NONINCAPACITATING INJURY,1,0,0,1,0,1,0,11,5,6,41.88670496,-87.6322398
6/29/2019 1:50,30,NO CONTROLS,NO CONTROLS,CLEAR,"DARKNESS, LIGHTED ROAD",REAR END,ONE-WAY,STRAIGHT AND LEVEL,DRY,NO DEFECTS,ON SCENE,INJURY AND / OR TOW DUE TO CRASH,,$500 OR LESS,FAILING TO REDUCE SPEED TO AVOID CRASH,FOLLOWING TOO CLOSELY,5444,W,OHIO ST,1524,2,"REPORTED, NOT EVIDENT",4,0,0,0,4,2,0,1,7,6,41.89123207,-87.76222657
6/30/2019 4:30,30,NO CONTROLS,NO CONTROLS,CLEAR,"DARKNESS, LIGHTED ROAD",PARKED MOTOR VEHICLE,ONE-WAY,STRAIGHT AND LEVEL,DRY,NO DEFECTS,ON SCENE,NO INJURY / DRIVE AWAY,,"OVER $1,500",UNABLE TO DETERMINE,NOT APPLICABLE,4425,S,ARTESIAN AVE,922,3,NO INDICATION OF INJURY,0,0,0,0,0,1,0,4,1,6,41.81310101,-87.68568424
6/14/2019 3:00,30,NO CONTROLS,UNKNOWN,CLEAR,DARKNESS,PARKED MOTOR VEHICLE,NOT DIVIDED,STRAIGHT AND LEVEL,DRY,UNKNOWN,NOT ON SCENE (DESK REPORT),NO INJURY / DRIVE AWAY,,"OVER $1,500",UNABLE TO DETERMINE,NOT APPLICABLE,3000,N,PULASKI RD,2523,2,NO INDICATION OF INJURY,0,0,0,0,0,1,0,3,6,6,41.93547504,-87.72722801
6/18/2019 13:21,30,TRAFFIC SIGNAL,FUNCTIONING PROPERLY,CLEAR,DAYLIGHT,SIDESWIPE SAME DIRECTION,ONE-WAY,STRAIGHT AND LEVEL,DRY,NO DEFECTS,NOT ON SCENE (DESK REPORT),NO INJURY / DRIVE AWAY,Y,"$501 - $1,500",IMPROPER OVERTAKING/PASSING,IMPROPER LANE USAGE,255,E,GRAND AVE,1834,2,NO INDICATION OF INJURY,0,0,0,0,0,3,0,13,3,6,41.89168984,-87.62044414
6/28/2019 19:33,30,NO CONTROLS,NO CONTROLS,CLEAR,DAYLIGHT,SIDESWIPE SAME DIRECTION,DIVIDED - W/MEDIAN (NOT RAISED),STRAIGHT AND LEVEL,DRY,NO DEFECTS,NOT ON SCENE (DESK REPORT),NO INJURY / DRIVE AWAY,,"OVER $1,500",FAILING TO YIELD RIGHT-OF-WAY,NOT APPLICABLE,5149,S,LONG AVE,814,2,NO INDICATION OF INJURY,0,0,0,0,0,2,0,19,6,6,41.79867155,-87.75743792
6/25/2019 10:30,10,NO CONTROLS,NO CONTROLS,CLEAR,DAYLIGHT,PARKED MOTOR VEHICLE,PARKING LOT,STRAIGHT AND LEVEL,DRY,UNKNOWN,NOT ON SCENE (DESK REPORT),NO INJURY / DRIVE AWAY,,"$501 - $1,500",IMPROPER BACKING,NOT APPLICABLE,712,E,87TH ST,632,2,NO INDICATION OF INJURY,0,0,0,0,0,1,0,10,3,6,41.73673155,-87.60671703
6/16/2019 0:01,25,UNKNOWN,UNKNOWN,RAIN,DARKNESS,PARKED MOTOR VEHICLE,NOT DIVIDED,STRAIGHT AND LEVEL,WET,NO DEFECTS,NOT ON SCENE (DESK REPORT),NO INJURY / DRIVE AWAY,,"OVER $1,500",UNABLE TO DETERMINE,UNABLE TO DETERMINE,5257,S,PRAIRIE AVE,231,2,NO INDICATION OF INJURY,0,0,0,0,0,1,0,0,1,6,41.79855199,-87.6191761
6/24/2019 15:30,30,NO CONTROLS,NO CONTROLS,CLEAR,DAYLIGHT,REAR END,NOT DIVIDED,STRAIGHT AND LEVEL,DRY,NO DEFECTS,NOT ON SCENE (DESK REPORT),NO INJURY / DRIVE AWAY,,"$501 - $1,500",FOLLOWING TOO CLOSELY,IMPROPER OVERTAKING/PASSING,4040,W,NORTH AVE,2534,2,NO INDICATION OF INJURY,0,0,0,0,0,2,0,15,2,6,41.9099736,-87.72796635
6/18/2019 8:05,30,TRAFFIC SIGNAL,FUNCTIONING PROPERLY,FOG/SMOKE/HAZE,DAYLIGHT,REAR END,DIVIDED - W/MEDIAN (NOT RAISED),STRAIGHT AND LEVEL,DRY,NO DEFECTS,ON SCENE,INJURY AND / OR TOW DUE TO CRASH,Y,"OVER $1,500",FOLLOWING TOO CLOSELY,NOT APPLICABLE,9901,S,VINCENNES AVE,2232,2,NO INDICATION OF INJURY,0,0,0,0,0,3,0,8,3,6,41.71391906,-87.65323063