CRASH_DATE,POSTED_SPEED_LIMIT,TRAFFIC_CONTROL_DEVICE,DEVICE_CONDITION,WEATHER_CONDITION,LIGHTING_CONDITION,FIRST_CRASH_TYPE,TRAFFICWAY_TYPE,ALIGNMENT,ROADWAY_SURFACE_COND,ROAD_DEFECT,REPORT_TYPE,CRASH_TYPE,INTERSECTION_RELATED_I,DAMAGE,PRIM_CONTRIBUTORY_CAUSE,SEC_CONTRIBUTORY_CAUSE,STREET_NO,STREET_DIRECTION,STREET_NAME,BEAT_OF_OCCURRENCE,NUM_UNITS,MOST_SEVERE_INJURY,INJURIES_TOTAL,INJURIES_FATAL,INJURIES_INCAPACITATING,INJURIES_NON_INCAPACITATING,INJURIES_REPORTED_NOT_EVIDENT,INJURIES_NO_INDICATION,INJURIES_UNKNOWN,CRASH_HOUR,CRASH_DAY_OF_WEEK,CRASH_MONTH,LATITUDE,LONGITUDE
6/20/2019 16:30,30,TRAFFIC SIGNAL,FUNCTIONING PROPERLY,UNKNOWN,DAYLIGHT,ANGLE,NOT DIVIDED,STRAIGHT AND LEVEL,UNKNOWN,UNKNOWN,NOT ON SCENE (DESK REPORT),NO INJURY / DRIVE AWAY,Y,$500 OR LESS,IMPROPER TURNING/NO SIGNAL,UNABLE TO DETERMINE,3602,N,AUSTIN AVE,1633,2,NO INDICATION OF INJURY,0,0,0,0,0,2,0,16,5,6,41.94587169,-87.77665483
6/19/2019 11:00,30,TRAFFIC SIGNAL,FUNCTIONING PROPERLY,CLEAR,DAYLIGHT,TURNING,CENTER TURN LANE,STRAIGHT AND LEVEL,DRY,NO DEFECTS,NOT ON SCENE (DESK REPORT),NO INJURY / DRIVE AWAY,,"OVER $1,500",IMPROPER TURNING/NO SIGNAL,FOLLOWING TOO CLOSELY,6375,N,NAGLE AVE,1611,2,NO INDICATION OF INJURY,0,0,0,0,0,5,0,11,4,6,41.9973325,-87.78729629
6/29/2019 11:58,25,NO CONTROLS,NO CONTROLS,CLEAR,DAYLIGHT,SIDESWIPE SAME DIRECTION,NOT DIVIDED,STRAIGHT AND LEVEL,DRY,NO DEFECTS,NOT ON SCENE (DESK REPORT),INJURY AND / OR TOW DUE TO CRASH,,"$501 - $1,500",FAILING TO YIELD RIGHT-OF-WAY,DRIVING SKILLS/KNOWLEDGE/EXPERIENCE,1620,W,MORSE AVE,2431,2,NO INDICATION OF INJURY,0,0,0,0,0,2,0,11,7,6,42.00793343,-87.67092568
6/29/2019 20:20,30,NO CONTROLS,NO CONTROLS,CLEAR,DAYLIGHT,FIXED OBJECT,NOT DIVIDED,STRAIGHT AND LEVEL,DRY,NO DEFECTS,ON SCENE,INJURY AND / OR TOW DUE TO CRASH,,"OVER $1,500",UNABLE TO DETERMINE,UNABLE TO DETERMINE,7656,S,EGGLESTON AVE,621,1,NO INDICATION OF INJURY,0,0,0,0,0,1,0,20,7,6,41.75455708,-87.63575933
6/25/2019 16:40,30,NO CONTROLS,NO CONTROLS,RAIN,DAYLIGHT,REAR END,NOT DIVIDED,STRAIGHT AND LEVEL,WET,NO DEFECTS,NOT ON SCENE (DESK REPORT),INJURY AND / OR TOW DUE TO CRASH,,"OVER $1,500",FOLLOWING TOO CLOSELY,UNABLE TO DETERMINE,4700,N,WESTERN AVE,1911,2,NONINCAPACITATING INJURY,1,0,0,1,0,1,0,16,3,6,41.96684845,-87.6889984
6/27/2019 17:40,30,STOP SIGN/FLASHER,FUNCTIONING PROPERLY,CLEAR,DAYLIGHT,REAR END,NOT DIVIDED,STRAIGHT AND LEVEL,DRY,NO DEFECTS,ON SCENE,INJURY AND / OR TOW DUE TO CRASH,,$500 OR LESS,DISTRACTION - FROM INSIDE VEHICLE,FAILING TO REDUCE SPEED TO AVOID CRASH,905,S,CENTRAL PARK AVE,1133,2,"REPORTED, NOT EVIDENT",1,0,0,0,1,2,0,17,5,6,41.86977776,-87.71538251
6/25/2019 17:15,30,NO CONTROLS,NO CONTROLS,CLEAR,DAYLIGHT,OTHER NONCOLLISION,NOT DIVIDED,STRAIGHT AND LEVEL,DRY,OTHER,NOT ON SCENE (DESK REPORT),NO INJURY / DRIVE AWAY,,"OVER $1,500",NOT APPLICABLE,NOT APPLICABLE,7658,S,ST LAWRENCE AVE,624,1,NO INDICATION OF INJURY,0,0,0,0,0,1,0,17,3,6,41.75493482,-87.61032011
6/18/2019 12:30,30,NO CONTROLS,NO CONTROLS,CLEAR,DAYLIGHT,PARKED MOTOR VEHICLE,NOT DIVIDED,STRAIGHT AND LEVEL,DRY,NO DEFECTS,NOT ON SCENE (DESK REPORT),NO INJURY / DRIVE AWAY,,"$501 - $1,500",FAILING TO REDUCE SPEED TO AVOID CRASH,NOT APPLICABLE,2351,N,CICERO AVE,2522,2,NO INDICATION OF INJURY,0,0,0,0,0,2,0,12,3,6,41.92396127,-87.7461458
6/17/2019 15:30,30,TRAFFIC SIGNAL,FUNCTIONING PROPERLY,CLOUDY/OVERCAST,DAYLIGHT,REAR END,NOT DIVIDED,STRAIGHT AND LEVEL,DRY,NO DEFECTS,ON SCENE,NO INJURY / DRIVE AWAY,Y,$500 OR LESS,EQUIPMENT - VEHICLE CONDITION,FAILING TO REDUCE SPEED TO AVOID CRASH,3905,W,MADISON ST,1122,2,NO INDICATION OF INJURY,0,0,0,0,0,3,0,15,2,6,41.88064443,-87.72346802
6/27/2019 12:35,45,TRAFFIC SIGNAL,FUNCTIONING PROPERLY,CLEAR,DAYLIGHT,TURNING,FOUR WAY,STRAIGHT AND LEVEL,DRY,NO DEFECTS,ON SCENE,INJURY AND / OR TOW DUE TO CRASH,Y,"OVER $1,500",FAILING TO YIELD RIGHT-OF-WAY,DRIVING SKILLS/KNOWLEDGE/EXPERIENCE,6359,N,MANNHEIM RD,1654,2,NONINCAPACITATING INJURY,1,0,0,1,0,1,0,12,5,6,41.99429165,-87.88430214
6/18/2019 10:15,30,TRAFFIC SIGNAL,FUNCTIONING PROPERLY,CLEAR,DAYLIGHT,SIDESWIPE SAME DIRECTION,NOT DIVIDED,STRAIGHT AND LEVEL,DRY,NO DEFECTS,NOT ON SCENE (DESK REPORT),NO INJURY / DRIVE AWAY,,"$501 - $1,500",UNABLE TO DETERMINE,UNABLE TO DETERMINE,737,N,ORLEANS ST,1831,2,NO INDICATION OF INJURY,0,0,0,0,0,2,0,10,3,6,41.89581255,-87.63700987
6/18/2019 17:11,30,TRAFFIC SIGNAL,FUNCTIONING PROPERLY,CLEAR,DAYLIGHT,SIDESWIPE SAME DIRECTION,FOUR WAY,STRAIGHT AND LEVEL,DRY,UNKNOWN,NOT ON SCENE (DESK REPORT),NO INJURY / DRIVE AWAY,Y,"OVER $1,500",FAILING TO YIELD RIGHT-OF-WAY,NOT APPLICABLE,7430,S,STONY ISLAND AVE,324,2,NO INDICATION OF INJURY,0,0,0,0,0,4,0,17,3,6,41.75972064,-87.58631045
6/25/2019 17:09,30,TRAFFIC SIGNAL,FUNCTIONING PROPERLY,CLEAR,DAYLIGHT,PEDESTRIAN,DIVIDED - W/MEDIAN (NOT RAISED),STRAIGHT AND LEVEL,DRY,NO DEFECTS,ON SCENE,INJURY AND / OR TOW DUE TO CRASH,Y,$500 OR LESS,FAILING TO YIELD RIGHT-OF-WAY,UNABLE TO DETERMINE,535,W,LAKE ST,121,2,NONINCAPACITATING INJURY,1,0,0,1,0,1,0,17,3,6,41.88558985,-87.64128413
6/29/2019 11:50,25,NO CONTROLS,NO CONTROLS,CLEAR,"DARKNESS, LIGHTED ROAD",SIDESWIPE SAME DIRECTION,DIVIDED - W/MEDIAN (NOT RAISED),STRAIGHT AND LEVEL,DRY,NO DEFECTS,ON SCENE,INJURY AND / OR TOW DUE TO CRASH,,"OVER $1,500",UNABLE TO DETERMINE,IMPROPER LANE USAGE,6304,N,MILWAUKEE AVE,1611,2,INCAPACITATING INJURY,1,0,1,0,0,1,0,11,7,6,41.99526639,-87.78608348
6/25/2019 10:00,35,STOP SIGN/FLASHER,FUNCTIONING PROPERLY,CLEAR,DAYLIGHT,ANGLE,NOT DIVIDED,STRAIGHT AND LEVEL,DRY,NO DEFECTS,ON SCENE,NO INJURY / DRIVE AWAY,Y,"OVER $1,500",FAILING TO YIELD RIGHT-OF-WAY,NOT APPLICABLE,2930,W,SCHOOL ST,1733,2,NO INDICATION OF INJURY,0,0,0,0,0,2,0,10,3,6,41.94141204,-87.70129934
6/26/2019 16:45,30,TRAFFIC SIGNAL,FUNCTIONING PROPERLY,CLEAR,DAYLIGHT,SIDESWIPE SAME DIRECTION,NOT DIVIDED,STRAIGHT AND LEVEL,DRY,NO DEFECTS,NOT ON SCENE (DESK REPORT),NO INJURY / DRIVE AWAY,,"OVER $1,500",IMPROPER LANE USAGE,UNABLE TO DETERMINE,2026,S,CLARK ST,131,2,NO INDICATION OF INJURY,0,0,0,0,0,4,0,16,4,6,41.8545508,-87.63028972
6/16/2019 9:40,40,NO CONTROLS,NO CONTROLS,CLEAR,DAYLIGHT,SIDESWIPE SAME DIRECTION,DIVIDED - W/MEDIAN BARRIER,STRAIGHT AND LEVEL,DRY,NO DEFECTS,ON SCENE,NO INJURY / DRIVE AWAY,,"OVER $1,500",IMPROPER LANE USAGE,IMPROPER OVERTAKING/PASSING,3900,N,LAKE SHORE DR SB,1925,2,NO INDICATION OF INJURY,0,0,0,0,0,5,0,9,1,6,41.95309688,-87.64494708
6/26/2019 8:16,30,NO CONTROLS,NO CONTROLS,CLEAR,DAYLIGHT,PARKED MOTOR VEHICLE,NOT DIVIDED,STRAIGHT AND LEVEL,DRY,NO DEFECTS,ON SCENE,NO INJURY / DRIVE AWAY,,"$501 - $1,500",UNABLE TO DETERMINE,UNABLE TO DETERMINE,627,W,25TH PL,914,2,NO INDICATION OF INJURY,0,0,0,0,0,1,0,8,4,6,41.84617591,-87.64271752
6/29/2019 2:30,25,STOP SIGN/FLASHER,FUNCTIONING PROPERLY,UNKNOWN,UNKNOWN,REAR END,NOT DIVIDED,STRAIGHT AND LEVEL,UNKNOWN,UNKNOWN,NOT ON SCENE (DESK REPORT),NO INJURY / DRIVE AWAY,,"$501 - $1,500",FAILING TO REDUCE SPEED TO AVOID CRASH,NOT APPLICABLE,1452,W,DEVON AVE,2432,2,NO INDICATION OF INJURY,0,0,0,0,0,2,0,2,7,6,41.99822386,-87.66755496
6/21/2019 11:28,30,TRAFFIC SIGNAL,FUNCTIONING PROPERLY,CLEAR,DAYLIGHT,REAR END,NOT DIVIDED,STRAIGHT ON GRADE,DRY,NO DEFECTS,ON SCENE,INJURY AND / OR TOW DUE TO CRASH,,"$501 - $1,500",FOLLOWING TOO CLOSELY,NOT APPLICABLE,101,W,18TH ST,131,2,NO INDICATION OF INJURY,0,0,0,0,0,2,0,11,6,6,41.8576798,-87.62950313
6/28/2019 12:01,35,STOP SIGN/FLASHER,FUNCTIONING PROPERLY,RAIN,DAYLIGHT,TURNING,T-INTERSECTION,STRAIGHT AND LEVEL,WET,NO DEFECTS,ON SCENE,INJURY AND / OR TOW DUE TO CRASH,Y,"OVER $1,500",UNABLE TO DETERMINE,UNABLE TO DETERMINE,3659,W,47TH ST,821,2,NO INDICATION OF INJURY,0,0,0,0,0,2,0,12,6,6,41.80785693,-87.71612509
6/28/2019 6:30,30,TRAFFIC SIGNAL,FUNCTIONING PROPERLY,CLOUDY/OVERCAST,DAYLIGHT,ANGLE,FOUR WAY,STRAIGHT AND LEVEL,DRY,NO DEFECTS,ON SCENE,INJURY AND / OR TOW DUE TO CRASH,Y,"OVER $1,500",DISREGARDING TRAFFIC SIGNALS,NOT APPLICABLE,34,N,KEDZIE AVE,1123,2,NO INDICATION OF INJURY,0,0,0,0,0,2,0,6,6,6,41.88192437,-87.70629651
6/24/2019 17:30,30,NO CONTROLS,NO CONTROLS,CLEAR,DAYLIGHT,PARKED MOTOR VEHICLE,ONE-WAY,STRAIGHT AND LEVEL,DRY,NO DEFECTS,NOT ON SCENE (DESK REPORT),NO INJURY / DRIVE AWAY,,"$501 - $1,500",UNABLE TO DETERMINE,UNABLE TO DETERMINE,5333,N,WINTHROP AVE,2023,2,NO INDICATION OF INJURY,0,0,0,0,0,1,0,17,2,6,41.97917829,-87.65774581
6/23/2019 22:10,30,TRAFFIC SIGNAL,FUNCTIONING PROPERLY,CLEAR,DARKNESS,REAR END,DIVIDED - W/MEDIAN (NOT RAISED),STRAIGHT AND LEVEL,DRY,NO DEFECTS,NOT ON SCENE (DESK REPORT),NO INJURY / DRIVE AWAY,,"OVER $1,500",IMPROPER LANE USAGE,IMPROPER LANE USAGE,2,E,24TH PL,131,2,NO INDICATION OF INJURY,0,0,0,0,0,2,0,22,1,6,41.84779092,-87.62692627
6/23/2019 19:30,30,TRAFFIC SIGNAL,FUNCTIONING PROPERLY,RAIN,"DARKNESS, LIGHTED ROAD",REAR END,NOT DIVIDED,STRAIGHT AND LEVEL,WET,NO DEFECTS,NOT ON SCENE (DESK REPORT),INJURY AND / OR TOW DUE TO CRASH,,"OVER $1,500",FOLLOWING TOO CLOSELY,NOT APPLICABLE,2831,N,LINCOLN AVE,1933,2,NONINCAPACITATING INJURY,1,0,0,1,0,1,0,19,1,6,41.93334165,-87.65959186
6/24/2019 17:08,15,NO CONTROLS,NO CONTROLS,CLEAR,DAYLIGHT,PARKED MOTOR VEHICLE,PARKING LOT,STRAIGHT AND LEVEL,DRY,NO DEFECTS,ON SCENE,NO INJURY / DRIVE AWAY,,$500 OR LESS,IMPROPER BACKING,DRIVING SKILLS/KNOWLEDGE/EXPERIENCE,2333,W,MADISON ST,1223,2,NO INDICATION OF INJURY,0,0,0,0,0,1,0,17,2,6,41.88106937,-87.68530755
6/18/2019 19:10,30,TRAFFIC SIGNAL,FUNCTIONING PROPERLY,CLEAR,DAYLIGHT,TURNING,DIVIDED - W/MEDIAN BARRIER,STRAIGHT AND LEVEL,DRY,NO DEFECTS,NOT ON SCENE (DESK REPORT),NO INJURY / DRIVE AWAY,Y,"OVER $1,500",IMPROPER TURNING/NO SIGNAL,UNABLE TO DETERMINE,200,W,CERMAK RD,914,2,NO INDICATION OF INJURY,0,0,0,0,0,3,0,19,3,6,41.85295968,-87.632152
6/17/2019 20:10,40,NO CONTROLS,NO CONTROLS,CLEAR,DAYLIGHT,SIDESWIPE SAME DIRECTION,DIVIDED - W/MEDIAN BARRIER,STRAIGHT AND LEVEL,DRY,NO DEFECTS,NOT ON SCENE (DESK REPORT),NO INJURY / DRIVE AWAY,,"OVER $1,500",UNABLE TO DETERMINE,UNABLE TO DETERMINE,300,S,LAKE SHORE DR SB,114,2,NO INDICATION OF INJURY,0,0,0,0,0,3,0,20,2,6,41.87831014,-87.6175759
6/25/2019 11:35,30,TRAFFIC SIGNAL,FUNCTIONING PROPERLY,CLEAR,DAYLIGHT,REAR END,NOT DIVIDED,STRAIGHT AND LEVEL,DRY,NO DEFECTS,NOT ON SCENE (DESK REPORT),INJURY AND / OR TOW DUE TO CRASH,,"OVER $1,500",FOLLOWING TOO CLOSELY,NOT APPLICABLE,5961,N,CALIFORNIA AVE,2011,2,"REPORTED, NOT EVIDENT",1,0,0,0,1,1,0,11,3,6,41.99035159,-87.69925293
6/27/2019 17:42,35,TRAFFIC SIGNAL,FUNCTIONING PROPERLY,CLEAR,DAYLIGHT,SIDESWIPE SAME DIRECTION,NOT DIVIDED,STRAIGHT AND LEVEL,DRY,NO DEFECTS,NOT ON SCENE (DESK REPORT),INJURY AND / OR TOW DUE TO CRASH,N,"$501 - $1,500",FOLLOWING TOO CLOSELY,UNABLE TO DETERMINE,2358,W,51ST ST,923,2,NONINCAPACITATING INJURY,1,0,0,1,0,1,0,17,5,6,41.80123291,-87.6835707
6/26/2019 17:00,30,TRAFFIC SIGNAL,FUNCTIONING PROPERLY,CLEAR,DAYLIGHT,REAR END,NOT DIVIDED,STRAIGHT AND LEVEL,DRY,NO DEFECTS,ON SCENE,NO INJURY / DRIVE AWAY,,"OVER $1,500",DISTRACTION - FROM INSIDE VEHICLE,FAILING TO REDUCE SPEED TO AVOID CRASH,7458,S,SOUTH SHORE DR,334,2,NO INDICATION OF INJURY,0,0,0,0,0,2,0,17,4,6,41.76091432,-87.55768441
6/16/2019 10:55,25,NO CONTROLS,NO CONTROLS,RAIN,DAYLIGHT,PARKED MOTOR VEHICLE,DIVIDED - W/MEDIAN (NOT RAISED),STRAIGHT AND LEVEL,WET,NO DEFECTS,ON SCENE,NO INJURY / DRIVE AWAY,,$500 OR LESS,IMPROPER BACKING,IMPROPER BACKING,11583,S,STATE ST,532,2,NO INDICATION OF INJURY,0,0,0,0,0,1,0,10,1,6,41.682958,-87.62266896
6/21/2019 15:45,35,NO CONTROLS,NO CONTROLS,CLEAR,DAYLIGHT,SIDESWIPE SAME DIRECTION,OTHER,STRAIGHT AND LEVEL,DRY,NO DEFECTS,NOT ON SCENE (DESK REPORT),NO INJURY / DRIVE AWAY,,$500 OR LESS,IMPROPER OVERTAKING/PASSING,NOT APPLICABLE,3500,W,CONGRESS PKWY,1133,2,NO INDICATION OF INJURY,0,0,0,0,0,2,0,15,6,6,41.87462143,-87.71307
6/17/2019 4:38,30,TRAFFIC SIGNAL,FUNCTIONING PROPERLY,CLEAR,DAWN,REAR END,FOUR WAY,STRAIGHT AND LEVEL,DRY,NO DEFECTS,ON SCENE,INJURY AND / OR TOW DUE TO CRASH,,"OVER $1,500",DISREGARDING TRAFFIC SIGNALS,NOT APPLICABLE,601,S,SACRAMENTO BLVD,1135,2,NO INDICATION OF INJURY,0,0,0,0,0,2,0,4,2,6,41.87370412,-87.70086462
6/26/2019 12:30,30,NO CONTROLS,NO CONTROLS,CLEAR,DAYLIGHT,REAR TO FRONT,NOT DIVIDED,STRAIGHT AND LEVEL,DRY,NO DEFECTS,ON SCENE,NO INJURY / DRIVE AWAY,,"$501 - $1,500",IMPROPER BACKING,FAILING TO REDUCE SPEED TO AVOID CRASH,2532,E,79TH ST,421,2,NO INDICATION OF INJURY,0,0,0,0,0,2,0,12,4,6,41.75188951,-87.5625394
6/25/2019 8:30,30,NO CONTROLS,NO CONTROLS,CLEAR,DAYLIGHT,SIDESWIPE SAME DIRECTION,ONE-WAY,STRAIGHT AND LEVEL,DRY,NO DEFECTS,NOT ON SCENE (DESK REPORT),NO INJURY / DRIVE AWAY,,"OVER $1,500",IMPROPER BACKING,NOT APPLICABLE,7015,N,RAVENSWOOD AVE,2424,2,NO INDICATION OF INJURY,0,0,0,0,0,2,0,8,3,6,42.00945514,-87.67518608
6/20/2019 21:22,30,STOP SIGN/FLASHER,OTHER,CLEAR,"DARKNESS, LIGHTED ROAD",ANGLE,OTHER,STRAIGHT AND LEVEL,DRY,NO DEFECTS,NOT ON SCENE (DESK REPORT),NO INJURY / DRIVE AWAY,Y,"OVER $1,500",FAILING TO YIELD RIGHT-OF-WAY,UNABLE TO DETERMINE,6600,W,FOSTER AVE,1613,2,NO INDICATION OF INJURY,0,0,0,0,0,6,0,21,5,6,41.97572243,-87.79278427
6/27/2019 7:30,30,NO CONTROLS,NO CONTROLS,CLEAR,DAYLIGHT,TURNING,NOT DIVIDED,STRAIGHT AND LEVEL,DRY,NO DEFECTS,NOT ON SCENE (DESK REPORT),INJURY AND / OR TOW DUE TO CRASH,,"OVER $1,500",IMPROPER TURNING/NO SIGNAL,UNABLE TO DETERMINE,3600,S,WESTERN AVE,911,2,"REPORTED, NOT EVIDENT",1,0,0,0,1,2,0,7,5,6,41.82838159,-87.68512204
6/24/2019 13:00,30,TRAFFIC SIGNAL,FUNCTIONING PROPERLY,RAIN,DAYLIGHT,TURNING,T-INTERSECTION,STRAIGHT AND LEVEL,WET,NO DEFECTS,ON SCENE,INJURY AND / OR TOW DUE TO CRASH,Y,"OVER $1,500",UNABLE TO DETERMINE,UNABLE TO DETERMINE,6600,S,STATE ST,312,2,NO INDICATION OF INJURY,0,0,0,0,0,6,0,13,2,6,41.77491577,-87.62532692
6/24/2019 15:35,30,NO CONTROLS,NO CONTROLS,CLEAR,DAYLIGHT,SIDESWIPE SAME DIRECTION,NOT DIVIDED,STRAIGHT AND LEVEL,DRY,NO DEFECTS,NOT ON SCENE (DESK REPORT),NO INJURY / DRIVE AWAY,,"OVER $1,500",IMPROPER OVERTAKING/PASSING,IMPROPER OVERTAKING/PASSING,13725,S,BRAINARD AVE,433,2,NO INDICATION OF INJURY,0,0,0,0,0,2,0,15,2,6,41.64593811,-87.54245384
6/28/2019 21:08,25,TRAFFIC SIGNAL,UNKNOWN,CLEAR,"DARKNESS, LIGHTED ROAD",TURNING,NOT DIVIDED,STRAIGHT AND LEVEL,DRY,UNKNOWN,NOT ON SCENE (DESK REPORT),NO INJURY / DRIVE AWAY,Y,$500 OR LESS,IMPROPER OVERTAKING/PASSING,NOT APPLICABLE,505,N,ORLEANS ST,1831,2,NO INDICATION OF INJURY,0,0,0,0,0,2,0,21,6,6,41.89093112,-87.6368685
6/13/2019 14:35,30,TRAFFIC SIGNAL,UNKNOWN,CLEAR,DAYLIGHT,TURNING,DIVIDED - W/MEDIAN (NOT RAISED),STRAIGHT AND LEVEL,UNKNOWN,UNKNOWN,NOT ON SCENE (DESK REPORT),NO INJURY / DRIVE AWAY,Y,"OVER $1,500",UNABLE TO DETERMINE,UNABLE TO DETERMINE,2955,N,ASHLAND AVE,1932,2,NO INDICATION OF INJURY,0,0,0,0,0,2,0,14,5,6,41.9358802,-87.66837671
6/25/2019 16:00,30,NO CONTROLS,NO CONTROLS,CLEAR,"DARKNESS, LIGHTED ROAD",PARKED MOTOR VEHICLE,NOT DIVIDED,STRAIGHT AND LEVEL,DRY,NO DEFECTS,NOT ON SCENE (DESK REPORT),NO INJURY / DRIVE AWAY,,"OVER $1,500",UNABLE TO DETERMINE,UNABLE TO DETERMINE,800,E,56TH ST,235,2,NO INDICATION OF INJURY,0,0,0,0,0,1,0,16,3,6,41.79326535,-87.60613216
6/18/2019 1:10,30,TRAFFIC SIGNAL,FUNCTIONING PROPERLY,CLEAR,"DARKNESS, LIGHTED ROAD",TURNING,DIVIDED - W/MEDIAN (NOT RAISED),STRAIGHT AND LEVEL,DRY,NO DEFECTS,NOT ON SCENE (DESK REPORT),NO INJURY / DRIVE AWAY,,"OVER $1,500",IMPROPER TURNING/NO SIGNAL,DISREGARDING ROAD MARKINGS,140,W,NORTH AVE,1814,2,NO INDICATION OF INJURY,0,0,0,0,0,2,0,1,3,6,41.91127201,-87.63322899
6/20/2019 21:30,30,TRAFFIC SIGNAL,FUNCTIONING PROPERLY,CLEAR,"DARKNESS, LIGHTED ROAD",ANGLE,ONE-WAY,STRAIGHT AND LEVEL,DRY,NO DEFECTS,NOT ON SCENE (DESK REPORT),INJURY AND / OR TOW DUE TO CRASH,Y,"OVER $1,500",UNABLE TO DETERMINE,NOT APPLICABLE,150,W,OHIO ST,1832,2,NONINCAPACITATING INJURY,1,0,0,1,0,1,0,21,5,6,41.89251035,-87.63312845
6/15/2019 19:48,30,STOP SIGN/FLASHER,FUNCTIONING PROPERLY,RAIN,DAYLIGHT,TURNING,NOT DIVIDED,STRAIGHT AND LEVEL,WET,NO DEFECTS,ON SCENE,INJURY AND / OR TOW DUE TO CRASH,Y,"OVER $1,500",FAILING TO YIELD RIGHT-OF-WAY,WEATHER,6200,S,MORGAN ST,712,2,NONINCAPACITATING INJURY,1,0,0,1,0,2,0,19,7,6,41.78139891,-87.64983498
6/27/2019 19:30,30,NO CONTROLS,NO CONTROLS,CLEAR,DAYLIGHT,REAR END,NOT DIVIDED,STRAIGHT AND LEVEL,DRY,NO DEFECTS,NOT ON SCENE (DESK REPORT),NO INJURY / DRIVE AWAY,,"OVER $1,500","OPERATING VEHICLE IN ERRATIC, RECKLESS, CARELESS, NEGLIGENT OR AGGRESSIVE MANNER",NOT APPLICABLE,4729,W,FOSTER AVE,1712,2,NO INDICATION OF INJURY,0,0,0,0,0,2,0,19,5,6,41.9752429,-87.74692542
6/20/2019 16:00,30,TRAFFIC SIGNAL,FUNCTIONING PROPERLY,CLEAR,DAYLIGHT,SIDESWIPE OPPOSITE DIRECTION,NOT DIVIDED,STRAIGHT AND LEVEL,DRY,NO DEFECTS,ON SCENE,NO INJURY / DRIVE AWAY,Y,"OVER $1,500",NOT APPLICABLE,NOT APPLICABLE,4100,W,WASHINGTON BLVD,1114,2,NO INDICATION OF INJURY,0,0,0,0,0,2,0,16,5,6,41.8821223,-87.72828358
6/19/2019 21:00,30,NO CONTROLS,NO CONTROLS,CLEAR,"DARKNESS, LIGHTED ROAD",PARKED MOTOR VEHICLE,ONE-WAY,STRAIGHT AND LEVEL,DRY,SHOULDER DEFECT,NOT ON SCENE (DESK REPORT),NO INJURY / DRIVE AWAY,,"OVER $1,500",FAILING TO YIELD RIGHT-OF-WAY,FOLLOWING TOO CLOSELY,4822,W,MELROSE ST,1634,2,NO INDICATION OF INJURY,0,0,0,0,0,1,0,21,4,6,41.93983611,-87.74786308
6/18/2019 21:30,30,NO CONTROLS,NO CONTROLS,UNKNOWN,DARKNESS,PARKED MOTOR VEHICLE,ALLEY,STRAIGHT AND LEVEL,UNKNOWN,NO DEFECTS,NOT ON SCENE (DESK REPORT),NO INJURY / DRIVE AWAY,,"OVER $1,500",UNABLE TO DETERMINE,NOT APPLICABLE,416,W,BRIAR PL,1934,2,NO INDICATION OF INJURY,0,0,0,0,0,1,0,21,3,6,41.93886148,-87.64021963
6/19/2019 21:03,25,TRAFFIC SIGNAL,FUNCTIONING PROPERLY,RAIN,"DARKNESS, LIGHTED ROAD",TURNING,DIVIDED - W/MEDIAN (NOT RAISED),STRAIGHT AND LEVEL,WET,NO DEFECTS,NOT ON SCENE (DESK REPORT),NO INJURY / DRIVE AWAY,Y,"OVER $1,500",IMPROPER TURNING/NO SIGNAL,UNABLE TO DETERMINE,3160,W,OGDEN AVE,1022,2,NO INDICATION OF INJURY,0,0,0,0,0,2,0,21,4,6,41.85817338,-87.70523094
6/27/2019 13:30,30,NO CONTROLS,NO CONTROLS,CLEAR,DAYLIGHT,SIDESWIPE SAME DIRECTION,NOT DIVIDED,STRAIGHT AND LEVEL,DRY,NO DEFECTS,NOT ON SCENE (DESK REPORT),NO INJURY / DRIVE AWAY,,"$501 - $1,500",UNABLE TO DETERMINE,UNABLE TO DETERMINE,2801,S,PULASKI RD,1031,2,NO INDICATION OF INJURY,0,0,0,0,0,2,0,13,5,6,41.8404763,-87.72429988
6/25/2019 12:50,35,TRAFFIC SIGNAL,FUNCTIONING PROPERLY,CLEAR,DAYLIGHT,REAR TO FRONT,DIVIDED - W/MEDIAN (NOT RAISED),STRAIGHT AND LEVEL,DRY,NO DEFECTS,NOT ON SCENE (DESK REPORT),NO INJURY / DRIVE AWAY,,"OVER $1,500",IMPROPER BACKING,UNABLE TO DETERMINE,3800,W,IRVING PARK RD,1723,2,NO INDICATION OF INJURY,0,0,0,0,0,2,0,12,3,6,41.9538344,-87.72277548
6/15/2019 21:15,30,TRAFFIC SIGNAL,FUNCTIONING PROPERLY,RAIN,DAYLIGHT,REAR END,NOT DIVIDED,STRAIGHT AND LEVEL,WET,NO DEFECTS,NOT ON SCENE (DESK REPORT),NO INJURY / DRIVE AWAY,Y,"$501 - $1,500",UNABLE TO DETERMINE,UNABLE TO DETERMINE,1201,N,DAMEN AVE,1424,2,NO INDICATION OF INJURY,0,0,0,0,0,3,0,21,7,6,41.9032401,-87.6771123