CRASH_DATE,POSTED_SPEED_LIMIT,TRAFFIC_CONTROL_DEVICE,DEVICE_CONDITION,WEATHER_CONDITION,LIGHTING_CONDITION,FIRST_CRASH_TYPE,TRAFFICWAY_TYPE,ALIGNMENT,ROADWAY_SURFACE_COND,ROAD_DEFECT,REPORT_TYPE,CRASH_TYPE,INTERSECTION_RELATED_I,DAMAGE,PRIM_CONTRIBUTORY_CAUSE,SEC_CONTRIBUTORY_CAUSE,STREET_NO,STREET_DIRECTION,STREET_NAME,BEAT_OF_OCCURRENCE,NUM_UNITS,MOST_SEVERE_INJURY,INJURIES_TOTAL,INJURIES_FATAL,INJURIES_INCAPACITATING,INJURIES_NON_INCAPACITATING,INJURIES_REPORTED_NOT_EVIDENT,INJURIES_NO_INDICATION,INJURIES_UNKNOWN,CRASH_HOUR,CRASH_DAY_OF_WEEK,CRASH_MONTH,LATITUDE,LONGITUDE
6/26/2019 18:20,30,UNKNOWN,UNKNOWN,CLEAR,UNKNOWN,SIDESWIPE SAME DIRECTION,ONE-WAY,STRAIGHT AND LEVEL,UNKNOWN,UNKNOWN,ON SCENE,NO INJURY / DRIVE AWAY,,"$501 - $1,500",UNABLE TO DETERMINE,UNABLE TO DETERMINE,746,N,LECLAIRE AVE,1531,2,NO INDICATION OF INJURY,0,0,0,0,0,2,0,18,4,6,41.89437119,-87.75328048
6/24/2019 9:44,25,STOP SIGN/FLASHER,FUNCTIONING PROPERLY,CLEAR,DAYLIGHT,ANGLE,ONE-WAY,STRAIGHT AND LEVEL,DRY,NO DEFECTS,ON SCENE,INJURY AND / OR TOW DUE TO CRASH,,"$501 - $1,500",UNABLE TO DETERMINE,NOT APPLICABLE,3636,W,IOWA ST,1112,2,NO INDICATION OF INJURY,0,0,0,0,0,2,0,9,2,6,41.8973806,-87.71774797
6/19/2019 15:00,30,NO CONTROLS,NO CONTROLS,CLEAR,DAYLIGHT,REAR TO SIDE,NOT DIVIDED,STRAIGHT AND LEVEL,DRY,NO DEFECTS,NOT ON SCENE (DESK REPORT),NO INJURY / DRIVE AWAY,,"$501 - $1,500",IMPROPER BACKING,DRIVING ON WRONG SIDE/WRONG WAY,856,E,101ST ST,511,2,NO INDICATION OF INJURY,0,0,0,0,0,2,0,15,4,6,41.71149604,-87.60324635
6/24/2019 8:30,30,TRAFFIC SIGNAL,UNKNOWN,CLEAR,DAYLIGHT,REAR END,DIVIDED - W/MEDIAN (NOT RAISED),STRAIGHT AND LEVEL,DRY,NO DEFECTS,NOT ON SCENE (DESK REPORT),NO INJURY / DRIVE AWAY,,"$501 - $1,500",FOLLOWING TOO CLOSELY,NOT APPLICABLE,2400,S,DR MARTIN LUTHER KING JR DR,132,2,NO INDICATION OF INJURY,0,0,0,0,0,6,0,8,2,6,41.84923758,-87.6185348
6/18/2019 8:00,30,UNKNOWN,NO CONTROLS,CLEAR,DAYLIGHT,PARKED MOTOR VEHICLE,NOT DIVIDED,STRAIGHT AND LEVEL,DRY,NO DEFECTS,NOT ON SCENE (DESK REPORT),NO INJURY / DRIVE AWAY,,"OVER $1,500",UNABLE TO DETERMINE,NOT APPLICABLE,7443,S,JEFFERY BLVD,333,2,NO INDICATION OF INJURY,0,0,0,0,0,1,0,8,3,6,41.75944508,-87.57600745
6/26/2019 3:20,30,TRAFFIC SIGNAL,FUNCTIONING PROPERLY,CLEAR,"DARKNESS, LIGHTED ROAD",PARKED MOTOR VEHICLE,NOT DIVIDED,STRAIGHT AND LEVEL,DRY,NO DEFECTS,ON SCENE,INJURY AND / OR TOW DUE TO CRASH,,"OVER $1,500",DISTRACTION - FROM INSIDE VEHICLE,UNABLE TO DETERMINE,6143,W,63RD ST,812,3,NO INDICATION OF INJURY,0,0,0,0,0,2,0,3,4,6,41.7776715,-87.7756894
6/19/2019 7:04,25,NO CONTROLS,NO CONTROLS,RAIN,DAYLIGHT,TURNING,NOT DIVIDED,STRAIGHT AND LEVEL,DRY,NO DEFECTS,NOT ON SCENE (DESK REPORT),NO INJURY / DRIVE AWAY,,"OVER $1,500",DRIVING SKILLS/KNOWLEDGE/EXPERIENCE,NOT APPLICABLE,3159,N,LOWELL AVE,2523,2,NO INDICATION OF INJURY,0,0,0,0,0,3,0,7,4,6,41.93888883,-87.73587606
6/23/2019 12:15,25,NO CONTROLS,NO CONTROLS,CLEAR,DAYLIGHT,PARKED MOTOR VEHICLE,ONE-WAY,STRAIGHT ON GRADE,DRY,NO DEFECTS,ON SCENE,NO INJURY / DRIVE AWAY,,"$501 - $1,500",UNABLE TO DETERMINE,UNABLE TO DETERMINE,7247,S,FAIRFIELD AVE,831,2,NO INDICATION OF INJURY,0,0,0,0,0,1,0,12,1,6,41.76134582,-87.69156867
6/30/2019 1:00,30,NO CONTROLS,NO CONTROLS,CLEAR,UNKNOWN,PARKED MOTOR VEHICLE,NOT DIVIDED,STRAIGHT AND LEVEL,DRY,NO DEFECTS,ON SCENE,NO INJURY / DRIVE AWAY,,"$501 - $1,500",UNABLE TO DETERMINE,UNABLE TO DETERMINE,2536,W,50TH ST,923,2,NO INDICATION OF INJURY,0,0,0,0,0,1,0,1,1,6,41.80302292,-87.68818463
6/26/2019 10:30,30,TRAFFIC SIGNAL,FUNCTIONING PROPERLY,CLEAR,DAYLIGHT,SIDESWIPE SAME DIRECTION,DIVIDED - W/MEDIAN (NOT RAISED),STRAIGHT AND LEVEL,DRY,NO DEFECTS,NOT ON SCENE (DESK REPORT),NO INJURY / DRIVE AWAY,,"OVER $1,500",IMPROPER OVERTAKING/PASSING,NOT APPLICABLE,4300,S,CICERO AVE,814,2,NO INDICATION OF INJURY,0,0,0,0,0,2,0,10,4,6,41.81483675,-87.74350148
6/23/2019 19:26,30,NO CONTROLS,NO CONTROLS,RAIN,DAYLIGHT,PARKED MOTOR VEHICLE,DIVIDED - W/MEDIAN (NOT RAISED),STRAIGHT AND LEVEL,WET,UNKNOWN,ON SCENE,NO INJURY / DRIVE AWAY,,"OVER $1,500",IMPROPER OVERTAKING/PASSING,RELATED TO BUS STOP,2000,N,PULASKI RD,2525,2,NO INDICATION OF INJURY,0,0,0,0,0,1,0,19,1,6,41.91720737,-87.72670826
6/27/2019 18:10,30,NO CONTROLS,NO CONTROLS,CLEAR,DUSK,TURNING,NOT DIVIDED,STRAIGHT AND LEVEL,DRY,NO DEFECTS,ON SCENE,INJURY AND / OR TOW DUE TO CRASH,,"OVER $1,500",UNABLE TO DETERMINE,UNABLE TO DETERMINE,612,W,83RD ST,622,2,NO INDICATION OF INJURY,0,0,0,0,0,3,0,18,5,6,41.74353508,-87.63964934
6/24/2019 13:04,30,TRAFFIC SIGNAL,FUNCTIONING PROPERLY,RAIN,DAYLIGHT,PEDESTRIAN,DIVIDED - W/MEDIAN (NOT RAISED),STRAIGHT AND LEVEL,WET,NO DEFECTS,ON SCENE,INJURY AND / OR TOW DUE TO CRASH,Y,$500 OR LESS,FAILING TO YIELD RIGHT-OF-WAY,NOT APPLICABLE,3200,W,61ST ST,823,2,NONINCAPACITATING INJURY,1,0,0,1,0,1,0,13,2,6,41.78271702,-87.70330708
6/22/2019 11:20,30,NO CONTROLS,NO CONTROLS,CLEAR,DAYLIGHT,PARKED MOTOR VEHICLE,PARKING LOT,STRAIGHT AND LEVEL,DRY,NO DEFECTS,NOT ON SCENE (DESK REPORT),NO INJURY / DRIVE AWAY,,"$501 - $1,500",UNABLE TO DETERMINE,UNABLE TO DETERMINE,4700,S,LAKE PARK AVE,222,2,NO INDICATION OF INJURY,0,0,0,0,0,1,0,11,7,6,41.80953478,-87.59245022
6/18/2019 9:45,25,NO CONTROLS,NO CONTROLS,CLEAR,DAYLIGHT,SIDESWIPE SAME DIRECTION,NOT DIVIDED,STRAIGHT AND LEVEL,DRY,NO DEFECTS,NOT ON SCENE (DESK REPORT),NO INJURY / DRIVE AWAY,,"$501 - $1,500",FAILING TO YIELD RIGHT-OF-WAY,UNABLE TO DETERMINE,2408,N,CLARK ST,1935,2,NO INDICATION OF INJURY,0,0,0,0,0,2,0,9,3,6,41.92579607,-87.64077873
6/24/2019 17:33,35,STOP SIGN/FLASHER,FUNCTIONING PROPERLY,CLEAR,DAYLIGHT,ANGLE,FOUR WAY,STRAIGHT AND LEVEL,DRY,NO DEFECTS,ON SCENE,NO INJURY / DRIVE AWAY,Y,"$501 - $1,500",DISREGARDING STOP SIGN,FAILING TO YIELD RIGHT-OF-WAY,8100,S,CARPENTER ST,613,2,NO INDICATION OF INJURY,0,0,0,0,0,4,0,17,2,6,41.74681691,-87.65014602
6/30/2019 3:30,30,NO CONTROLS,NO CONTROLS,CLEAR,UNKNOWN,PARKED MOTOR VEHICLE,ONE-WAY,STRAIGHT AND LEVEL,DRY,NO DEFECTS,ON SCENE,NO INJURY / DRIVE AWAY,N,"OVER $1,500",UNABLE TO DETERMINE,UNABLE TO DETERMINE,1049,N,TRUMBULL AVE,1121,3,NO INDICATION OF INJURY,0,0,0,0,0,1,0,3,1,6,41.90060365,-87.71267558
6/28/2019 10:05,30,TRAFFIC SIGNAL,FUNCTIONING PROPERLY,CLEAR,DAYLIGHT,SIDESWIPE SAME DIRECTION,NOT DIVIDED,STRAIGHT AND LEVEL,DRY,NO DEFECTS,ON SCENE,NO INJURY / DRIVE AWAY,,"OVER $1,500",IMPROPER OVERTAKING/PASSING,NOT APPLICABLE,190,S,LA SALLE ST,122,2,NO INDICATION OF INJURY,0,0,0,0,0,2,0,10,6,6,41.87943076,-87.63243937
6/20/2019 16:03,30,TRAFFIC SIGNAL,FUNCTIONING PROPERLY,CLEAR,DAYLIGHT,TURNING,FOUR WAY,STRAIGHT AND LEVEL,DRY,NO DEFECTS,ON SCENE,NO INJURY / DRIVE AWAY,Y,"OVER $1,500",UNABLE TO DETERMINE,UNABLE TO DETERMINE,3900,S,ROCKWELL ST,921,2,NO INDICATION OF INJURY,0,0,0,0,0,2,0,16,5,6,41.82283813,-87.68987401
6/30/2019 11:30,30,TRAFFIC SIGNAL,FUNCTIONING PROPERLY,CLEAR,DAYLIGHT,REAR END,NOT DIVIDED,STRAIGHT AND LEVEL,DRY,NO DEFECTS,NOT ON SCENE (DESK REPORT),NO INJURY / DRIVE AWAY,,"OVER $1,500",FOLLOWING TOO CLOSELY,UNABLE TO DETERMINE,4400,W,CONGRESS PKWY,1131,2,NO INDICATION OF INJURY,0,0,0,0,0,2,0,11,1,6,41.8743399,-87.73536536
6/25/2019 20:30,30,NO CONTROLS,NO CONTROLS,CLEAR,UNKNOWN,PARKED MOTOR VEHICLE,PARKING LOT,STRAIGHT AND LEVEL,UNKNOWN,UNKNOWN,NOT ON SCENE (DESK REPORT),NO INJURY / DRIVE AWAY,,"OVER $1,500",UNABLE TO DETERMINE,NOT APPLICABLE,4720,S,COTTAGE GROVE AVE,223,2,NO INDICATION OF INJURY,0,0,0,0,0,1,0,20,3,6,41.80890166,-87.60669697
6/23/2019 9:15,30,NO CONTROLS,NO CONTROLS,UNKNOWN,UNKNOWN,PARKED MOTOR VEHICLE,ONE-WAY,STRAIGHT AND LEVEL,UNKNOWN,NO DEFECTS,ON SCENE,NO INJURY / DRIVE AWAY,,"$501 - $1,500",UNABLE TO DETERMINE,NOT APPLICABLE,9625,S,EUCLID AVE,431,2,NO INDICATION OF INJURY,0,0,0,0,0,1,0,9,1,6,41.71985902,-87.57636393
6/22/2019 22:15,30,TRAFFIC SIGNAL,FUNCTIONING PROPERLY,CLEAR,"DARKNESS, LIGHTED ROAD",REAR END,DIVIDED - W/MEDIAN BARRIER,STRAIGHT AND LEVEL,DRY,NO DEFECTS,NOT ON SCENE (DESK REPORT),NO INJURY / DRIVE AWAY,,"$501 - $1,500",UNABLE TO DETERMINE,NOT APPLICABLE,4729,W,79TH ST,834,2,NO INDICATION OF INJURY,0,0,0,0,0,3,0,22,7,6,41.74906931,-87.74009287
6/24/2019 22:45,20,TRAFFIC SIGNAL,FUNCTIONING PROPERLY,CLEAR,"DARKNESS, LIGHTED ROAD",REAR END,DIVIDED - W/MEDIAN BARRIER,STRAIGHT AND LEVEL,DRY,NO DEFECTS,ON SCENE,INJURY AND / OR TOW DUE TO CRASH,,"OVER $1,500",DISTRACTION - FROM INSIDE VEHICLE,NOT APPLICABLE,3614,N,ASHLAND AVE,1922,3,NO INDICATION OF INJURY,0,0,0,0,0,4,0,22,2,6,41.94747559,-87.66901668
6/16/2019 15:30,30,NO CONTROLS,NO CONTROLS,CLEAR,DAYLIGHT,PARKED MOTOR VEHICLE,NOT DIVIDED,STRAIGHT AND LEVEL,DRY,NO DEFECTS,NOT ON SCENE (DESK REPORT),NO INJURY / DRIVE AWAY,,"$501 - $1,500",UNABLE TO DETERMINE,UNABLE TO DETERMINE,244,E,PEARSON ST,1833,2,NO INDICATION OF INJURY,0,0,0,0,0,5,0,15,1,6,41.89775475,-87.61989958
6/21/2019 2:05,30,NO CONTROLS,NO CONTROLS,CLEAR,"DARKNESS, LIGHTED ROAD",PARKED MOTOR VEHICLE,NOT DIVIDED,STRAIGHT AND LEVEL,DRY,NO DEFECTS,ON SCENE,INJURY AND / OR TOW DUE TO CRASH,,"OVER $1,500",FAILING TO REDUCE SPEED TO AVOID CRASH,NOT APPLICABLE,645,W,46TH ST,925,3,NO INDICATION OF INJURY,0,0,0,0,0,1,0,2,6,6,41.81063582,-87.64254884
6/16/2019 10:35,20,NO CONTROLS,NO CONTROLS,CLEAR,DAYLIGHT,PARKED MOTOR VEHICLE,NOT DIVIDED,STRAIGHT AND LEVEL,DRY,NO DEFECTS,NOT ON SCENE (DESK REPORT),NO INJURY / DRIVE AWAY,,"$501 - $1,500",UNABLE TO DETERMINE,NOT APPLICABLE,1624,W,DIVISION ST,1424,2,NO INDICATION OF INJURY,0,0,0,0,0,1,0,10,1,6,41.9034408,-87.66850547
6/26/2019 15:50,30,NO CONTROLS,NO CONTROLS,CLEAR,DAYLIGHT,SIDESWIPE SAME DIRECTION,DIVIDED - W/MEDIAN BARRIER,STRAIGHT AND LEVEL,DRY,NO DEFECTS,NOT ON SCENE (DESK REPORT),NO INJURY / DRIVE AWAY,,"$501 - $1,500",FOLLOWING TOO CLOSELY,UNABLE TO DETERMINE,2053,W,PETERSON AVE,2012,2,NO INDICATION OF INJURY,0,0,0,0,0,3,0,15,4,6,41.99052959,-87.68188993
6/24/2019 22:19,30,TRAFFIC SIGNAL,FUNCTIONING PROPERLY,CLEAR,"DARKNESS, LIGHTED ROAD",REAR END,NOT DIVIDED,STRAIGHT AND LEVEL,DRY,NO DEFECTS,ON SCENE,NO INJURY / DRIVE AWAY,,"$501 - $1,500",HAD BEEN DRINKING (USE WHEN ARREST IS NOT MADE),FOLLOWING TOO CLOSELY,3612,N,RACINE AVE,1923,2,NO INDICATION OF INJURY,0,0,0,0,0,2,0,22,2,6,41.94754305,-87.65932042
6/26/2019 16:30,10,NO CONTROLS,NO CONTROLS,CLEAR,DAYLIGHT,PARKED MOTOR VEHICLE,PARKING LOT,STRAIGHT AND LEVEL,DRY,NO DEFECTS,ON SCENE,NO INJURY / DRIVE AWAY,,"OVER $1,500",NOT APPLICABLE,NOT APPLICABLE,2150,W,HARRISON ST,1225,2,NO INDICATION OF INJURY,0,0,0,0,0,1,0,16,4,6,41.87408197,-87.68092244
6/21/2019 15:15,30,TRAFFIC SIGNAL,FUNCTIONING PROPERLY,CLEAR,DAYLIGHT,REAR END,NOT DIVIDED,STRAIGHT AND LEVEL,DRY,NO DEFECTS,,NO INJURY / DRIVE AWAY,,"$501 - $1,500",IMPROPER OVERTAKING/PASSING,UNABLE TO DETERMINE,3231,N,SACRAMENTO AVE,1733,2,NO INDICATION OF INJURY,0,0,0,0,0,3,0,15,6,6,41.94030197,-87.70260798
6/27/2019 8:30,30,OTHER,OTHER,CLEAR,DAYLIGHT,PARKED MOTOR VEHICLE,OTHER,STRAIGHT AND LEVEL,DRY,NO DEFECTS,NOT ON SCENE (DESK REPORT),NO INJURY / DRIVE AWAY,,"$501 - $1,500",DRIVING SKILLS/KNOWLEDGE/EXPERIENCE,UNABLE TO DETERMINE,659,S,DESPLAINES ST,124,2,NO INDICATION OF INJURY,0,0,0,0,0,1,0,8,5,6,41.87357464,-87.64371723
6/29/2019 19:36,35,STOP SIGN/FLASHER,FUNCTIONING PROPERLY,CLEAR,DAWN,SIDESWIPE SAME DIRECTION,PARKING LOT,STRAIGHT AND LEVEL,DRY,NO DEFECTS,ON SCENE,INJURY AND / OR TOW DUE TO CRASH,,"OVER $1,500",UNABLE TO DETERMINE,UNABLE TO DETERMINE,5500,S,LAKE PARK AVE,235,2,NO INDICATION OF INJURY,0,0,0,0,0,2,0,19,7,6,41.79510594,-87.58770941
6/25/2019 12:00,30,NO CONTROLS,NO CONTROLS,CLEAR,DAYLIGHT,PARKED MOTOR VEHICLE,NOT DIVIDED,STRAIGHT AND LEVEL,DRY,NO DEFECTS,NOT ON SCENE (DESK REPORT),NO INJURY / DRIVE AWAY,,"OVER $1,500",UNABLE TO DETERMINE,NOT APPLICABLE,702,W,FULLERTON AVE,1935,2,NO INDICATION OF INJURY,0,0,0,0,0,1,0,12,3,6,41.92560121,-87.64645102
6/29/2019 4:53,25,NO CONTROLS,NO CONTROLS,CLEAR,"DARKNESS, LIGHTED ROAD",PARKED MOTOR VEHICLE,PARKING LOT,STRAIGHT AND LEVEL,WET,NO DEFECTS,ON SCENE,NO INJURY / DRIVE AWAY,,"OVER $1,500",UNABLE TO DETERMINE,UNABLE TO DETERMINE,303,W,ERIE ST,1831,2,NO INDICATION OF INJURY,0,0,0,0,0,1,0,4,7,6,41.89385682,-87.63579585
6/25/2019 12:55,30,TRAFFIC SIGNAL,FUNCTIONING PROPERLY,CLEAR,DAYLIGHT,TURNING,FOUR WAY,STRAIGHT AND LEVEL,DRY,NO DEFECTS,ON SCENE,INJURY AND / OR TOW DUE TO CRASH,Y,"OVER $1,500",FAILING TO YIELD RIGHT-OF-WAY,NOT APPLICABLE,6300,S,CORNELL DR,331,2,NONINCAPACITATING INJURY,2,0,0,2,0,1,0,12,3,6,41.78055215,-87.5847433
6/23/2019 19:30,30,TRAFFIC SIGNAL,FUNCTIONING PROPERLY,RAIN,DARKNESS,FIXED OBJECT,FOUR WAY,STRAIGHT AND LEVEL,WET,"RUT, HOLES",ON SCENE,INJURY AND / OR TOW DUE TO CRASH,Y,"OVER $1,500",UNABLE TO DETERMINE,UNABLE TO DETERMINE,198,E,111TH ST,513,1,NONINCAPACITATING INJURY,1,0,0,1,0,0,0,19,1,6,41.69276058,-87.61832438
6/21/2019 18:40,30,TRAFFIC SIGNAL,FUNCTIONING PROPERLY,CLEAR,DAYLIGHT,REAR END,NOT DIVIDED,STRAIGHT AND LEVEL,DRY,NO DEFECTS,NOT ON SCENE (DESK REPORT),NO INJURY / DRIVE AWAY,,$500 OR LESS,NOT APPLICABLE,NOT APPLICABLE,5000,S,ASHLAND AVE,931,2,NO INDICATION OF INJURY,0,0,0,0,0,2,0,18,6,6,41.80304684,-87.66496864
6/23/2019 11:25,10,NO CONTROLS,NO CONTROLS,CLEAR,DAYLIGHT,PEDESTRIAN,PARKING LOT,STRAIGHT AND LEVEL,DRY,NO DEFECTS,ON SCENE,INJURY AND / OR TOW DUE TO CRASH,,$500 OR LESS,FAILING TO YIELD RIGHT-OF-WAY,NOT APPLICABLE,555,W,ROOSEVELT RD,124,2,"REPORTED, NOT EVIDENT",1,0,0,0,1,1,0,11,1,6,41.86712202,-87.6414076
6/23/2019 14:30,30,UNKNOWN,UNKNOWN,UNKNOWN,UNKNOWN,REAR END,CENTER TURN LANE,STRAIGHT AND LEVEL,UNKNOWN,UNKNOWN,NOT ON SCENE (DESK REPORT),NO INJURY / DRIVE AWAY,Y,"OVER $1,500",UNABLE TO DETERMINE,UNABLE TO DETERMINE,10321,S,PULASKI RD,2211,2,NO INDICATION OF INJURY,0,0,0,0,0,4,0,14,1,6,41.70521744,-87.72074582
6/19/2019 21:10,30,TRAFFIC SIGNAL,UNKNOWN,CLOUDY/OVERCAST,"DARKNESS, LIGHTED ROAD",REAR END,NOT DIVIDED,STRAIGHT AND LEVEL,WET,UNKNOWN,NOT ON SCENE (DESK REPORT),NO INJURY / DRIVE AWAY,,"$501 - $1,500",UNABLE TO DETERMINE,NOT APPLICABLE,7936,W,FOREST PRESERVE AVE,1631,2,NO INDICATION OF INJURY,0,0,0,0,0,3,0,21,4,6,41.94503269,-87.82575541
6/19/2019 22:30,30,NO CONTROLS,NO CONTROLS,RAIN,"DARKNESS, LIGHTED ROAD",FIXED OBJECT,DIVIDED - W/MEDIAN (NOT RAISED),STRAIGHT AND LEVEL,WET,"RUT, HOLES",NOT ON SCENE (DESK REPORT),NO INJURY / DRIVE AWAY,,$500 OR LESS,UNABLE TO DETERMINE,UNABLE TO DETERMINE,230,W,18TH ST,914,1,NO INDICATION OF INJURY,0,0,0,0,0,1,0,22,4,6,41.85784615,-87.63313057
6/29/2019 13:30,30,TRAFFIC SIGNAL,FUNCTIONING PROPERLY,CLEAR,DAYLIGHT,TURNING,DIVIDED - W/MEDIAN (NOT RAISED),STRAIGHT AND LEVEL,DRY,NO DEFECTS,NOT ON SCENE (DESK REPORT),INJURY AND / OR TOW DUE TO CRASH,,"OVER $1,500",UNABLE TO DETERMINE,UNABLE TO DETERMINE,4903,W,JACKSON BLVD,1533,2,"REPORTED, NOT EVIDENT",2,0,0,0,2,2,0,13,7,6,41.8766448,-87.74752547
6/27/2019 16:40,30,NO CONTROLS,NO CONTROLS,CLEAR,DAYLIGHT,PEDESTRIAN,NOT DIVIDED,STRAIGHT AND LEVEL,DRY,NO DEFECTS,ON SCENE,INJURY AND / OR TOW DUE TO CRASH,,"$501 - $1,500",FAILING TO YIELD RIGHT-OF-WAY,NOT APPLICABLE,2360,N,LINCOLN AVE,1812,2,NONINCAPACITATING INJURY,1,0,0,1,0,1,0,16,5,6,41.9248928,-87.6481984
6/18/2019 7:30,30,TRAFFIC SIGNAL,FUNCTIONING PROPERLY,CLEAR,DAYLIGHT,TURNING,NOT DIVIDED,STRAIGHT AND LEVEL,DRY,NO DEFECTS,ON SCENE,NO INJURY / DRIVE AWAY,Y,"$501 - $1,500",UNABLE TO DETERMINE,UNABLE TO DETERMINE,4700,S,KEDZIE AVE,821,2,NO INDICATION OF INJURY,0,0,0,0,0,3,0,7,3,6,41.80804727,-87.70411882
6/18/2019 15:00,30,TRAFFIC SIGNAL,FUNCTIONING PROPERLY,CLEAR,DAYLIGHT,PEDESTRIAN,DIVIDED - W/MEDIAN (NOT RAISED),STRAIGHT AND LEVEL,DRY,UNKNOWN,ON SCENE,INJURY AND / OR TOW DUE TO CRASH,Y,$500 OR LESS,NOT APPLICABLE,NOT APPLICABLE,4700,S,INDIANA AVE,224,2,NONINCAPACITATING INJURY,1,0,0,1,0,1,0,15,3,6,41.80921782,-87.62135691
6/18/2019 12:40,35,NO CONTROLS,NO CONTROLS,CLEAR,DAYLIGHT,PEDESTRIAN,ONE-WAY,STRAIGHT AND LEVEL,DRY,NO DEFECTS,ON SCENE,INJURY AND / OR TOW DUE TO CRASH,,"OVER $1,500",DISREGARDING OTHER TRAFFIC SIGNS,CELL PHONE USE OTHER THAN TEXTING,560,W,WASHINGTON BLVD,121,2,INCAPACITATING INJURY,1,0,1,0,0,1,0,12,3,6,41.88328391,-87.64218722
6/17/2019 15:10,30,NO CONTROLS,NO CONTROLS,CLEAR,DAYLIGHT,TURNING,NOT DIVIDED,STRAIGHT AND LEVEL,DRY,NO DEFECTS,,NO INJURY / DRIVE AWAY,,"OVER $1,500",FAILING TO YIELD RIGHT-OF-WAY,NOT APPLICABLE,7331,W,IRVING PARK RD,1631,2,NO INDICATION OF INJURY,0,0,0,0,0,2,0,15,2,6,41.95256368,-87.81135527
6/17/2019 21:30,30,NO CONTROLS,NO CONTROLS,CLEAR,"DARKNESS, LIGHTED ROAD",REAR END,DIVIDED - W/MEDIAN BARRIER,STRAIGHT AND LEVEL,DRY,NO DEFECTS,NOT ON SCENE (DESK REPORT),INJURY AND / OR TOW DUE TO CRASH,,"OVER $1,500",FOLLOWING TOO CLOSELY,UNABLE TO DETERMINE,234,W,CERMAK RD,914,2,"REPORTED, NOT EVIDENT",1,0,0,0,1,2,0,21,2,6,41.8529417,-87.63345427
6/27/2019 12:55,30,TRAFFIC SIGNAL,FUNCTIONING PROPERLY,CLEAR,DAYLIGHT,SIDESWIPE SAME DIRECTION,ONE-WAY,STRAIGHT AND LEVEL,DRY,NO DEFECTS,NOT ON SCENE (DESK REPORT),NO INJURY / DRIVE AWAY,Y,"$501 - $1,500",IMPROPER LANE USAGE,UNABLE TO DETERMINE,44,W,MONROE ST,112,2,NO INDICATION OF INJURY,0,0,0,0,0,2,0,12,5,6,41.88082618,-87.62951366
6/29/2019 8:45,30,NO CONTROLS,NO CONTROLS,CLEAR,DAYLIGHT,PARKED MOTOR VEHICLE,DIVIDED - W/MEDIAN BARRIER,STRAIGHT AND LEVEL,DRY,NO DEFECTS,NOT ON SCENE (DESK REPORT),NO INJURY / DRIVE AWAY,,"$501 - $1,500",UNABLE TO DETERMINE,UNABLE TO DETERMINE,5130,S,LAKE PARK AVE,234,2,NO INDICATION OF INJURY,0,0,0,0,0,2,0,8,7,6,41.80145655,-87.58774186
6/28/2019 16:30,30,STOP SIGN/FLASHER,FUNCTIONING PROPERLY,CLEAR,DAYLIGHT,REAR END,NOT DIVIDED,STRAIGHT AND LEVEL,DRY,NO DEFECTS,ON SCENE,NO INJURY / DRIVE AWAY,,$500 OR LESS,UNABLE TO DETERMINE,UNABLE TO DETERMINE,8299,S,FRANCISCO AVE,835,2,NO INDICATION OF INJURY,0,0,0,0,0,3,0,16,6,6,41.74271239,-87.69473335
6/17/2019 16:15,10,NO CONTROLS,NO CONTROLS,CLOUDY/OVERCAST,DAYLIGHT,PARKED MOTOR VEHICLE,PARKING LOT,STRAIGHT AND LEVEL,DRY,NO DEFECTS,ON SCENE,NO INJURY / DRIVE AWAY,,$500 OR LESS,IMPROPER LANE USAGE,UNABLE TO DETERMINE,87,W,87TH ST,634,2,NO INDICATION OF INJURY,0,0,0,0,0,1,0,16,2,6,41.73614513,-87.62691784
6/16/2019 10:30,30,NO CONTROLS,NO CONTROLS,UNKNOWN,UNKNOWN,PARKED MOTOR VEHICLE,ONE-WAY,STRAIGHT AND LEVEL,UNKNOWN,UNKNOWN,NOT ON SCENE (DESK REPORT),NO INJURY / DRIVE AWAY,,"OVER $1,500",UNABLE TO DETERMINE,UNABLE TO DETERMINE,809,W,WINDSOR AVE,1914,2,NO INDICATION OF INJURY,0,0,0,0,0,1,0,10,1,6,41.964401,-87.65040534
6/26/2019 23:50,30,TRAFFIC SIGNAL,FUNCTIONING PROPERLY,RAIN,"DARKNESS, LIGHTED ROAD",REAR END,NOT DIVIDED,STRAIGHT AND LEVEL,WET,NO DEFECTS,ON SCENE,INJURY AND / OR TOW DUE TO CRASH,Y,"OVER $1,500",UNABLE TO DETERMINE,UNABLE TO DETERMINE,5701,N,SHERIDAN RD,2022,2,NO INDICATION OF INJURY,0,0,0,0,0,2,0,23,4,6,41.98563842,-87.65509432
6/28/2019 21:02,30,NO CONTROLS,NO CONTROLS,CLEAR,"DARKNESS, LIGHTED ROAD",OTHER OBJECT,DIVIDED - W/MEDIAN (NOT RAISED),STRAIGHT AND LEVEL,DRY,NO DEFECTS,ON SCENE,INJURY AND / OR TOW DUE TO CRASH,,"OVER $1,500","OPERATING VEHICLE IN ERRATIC, RECKLESS, CARELESS, NEGLIGENT OR AGGRESSIVE MANNER",NOT APPLICABLE,11465,S,VINCENNES AVE,2234,1,NO INDICATION OF INJURY,0,0,0,0,0,1,0,21,6,6,41.68486575,-87.66747093