CRASH_DATE,POSTED_SPEED_LIMIT,TRAFFIC_CONTROL_DEVICE,DEVICE_CONDITION,WEATHER_CONDITION,LIGHTING_CONDITION,FIRST_CRASH_TYPE,TRAFFICWAY_TYPE,ALIGNMENT,ROADWAY_SURFACE_COND,ROAD_DEFECT,REPORT_TYPE,CRASH_TYPE,INTERSECTION_RELATED_I,DAMAGE,PRIM_CONTRIBUTORY_CAUSE,SEC_CONTRIBUTORY_CAUSE,STREET_NO,STREET_DIRECTION,STREET_NAME,BEAT_OF_OCCURRENCE,NUM_UNITS,MOST_SEVERE_INJURY,INJURIES_TOTAL,INJURIES_FATAL,INJURIES_INCAPACITATING,INJURIES_NON_INCAPACITATING,INJURIES_REPORTED_NOT_EVIDENT,INJURIES_NO_INDICATION,INJURIES_UNKNOWN,CRASH_HOUR,CRASH_DAY_OF_WEEK,CRASH_MONTH,LATITUDE,LONGITUDE
6/30/2019 5:15,30,NO CONTROLS,NO CONTROLS,CLEAR,DAYLIGHT,PARKED MOTOR VEHICLE,DIVIDED - W/MEDIAN (NOT RAISED),STRAIGHT AND LEVEL,DRY,NO DEFECTS,ON SCENE,INJURY AND / OR TOW DUE TO CRASH,,"OVER $1,500",FAILING TO REDUCE SPEED TO AVOID CRASH,UNABLE TO DETERMINE,2335,N,CICERO AVE,2522,2,NO INDICATION OF INJURY,0,0,0,0,0,1,0,5,1,6,41.92349096,-87.74613234
6/30/2019 9:40,30,NO CONTROLS,NO CONTROLS,CLEAR,DAYLIGHT,HEAD ON,NOT DIVIDED,STRAIGHT AND LEVEL,DRY,NO DEFECTS,ON SCENE,INJURY AND / OR TOW DUE TO CRASH,,"OVER $1,500",DRIVING ON WRONG SIDE/WRONG WAY,NOT APPLICABLE,1435,S,KOSTNER AVE,1011,2,"REPORTED, NOT EVIDENT",2,0,0,0,2,0,0,9,1,6,41.86132973,-87.73466863
6/20/2019 11:55,30,TRAFFIC SIGNAL,FUNCTIONING PROPERLY,CLEAR,DAYLIGHT,PEDALCYCLIST,FOUR WAY,STRAIGHT AND LEVEL,DRY,NO DEFECTS,ON SCENE,INJURY AND / OR TOW DUE TO CRASH,,"$501 - $1,500",FAILING TO YIELD RIGHT-OF-WAY,"VISION OBSCURED (SIGNS, TREE LIMBS, BUILDINGS, ETC.)",2000,W,ARMITAGE AVE,1432,2,NONINCAPACITATING INJURY,1,0,0,1,0,1,0,11,5,6,41.91786481,-87.67774954
6/22/2019 16:05,30,TRAFFIC SIGNAL,FUNCTIONING PROPERLY,UNKNOWN,UNKNOWN,SIDESWIPE SAME DIRECTION,NOT DIVIDED,STRAIGHT AND LEVEL,UNKNOWN,UNKNOWN,NOT ON SCENE (DESK REPORT),NO INJURY / DRIVE AWAY,,"OVER $1,500",UNABLE TO DETERMINE,UNABLE TO DETERMINE,5648,N,CENTRAL AVE,1622,2,NO INDICATION OF INJURY,0,0,0,0,0,2,0,16,7,6,41.98434799,-87.76845956
6/20/2019 17:00,15,NO CONTROLS,NO CONTROLS,CLEAR,DAYLIGHT,PARKED MOTOR VEHICLE,PARKING LOT,STRAIGHT AND LEVEL,DRY,NO DEFECTS,NOT ON SCENE (DESK REPORT),NO INJURY / DRIVE AWAY,,"$501 - $1,500",IMPROPER BACKING,NOT APPLICABLE,4741,W,FULLERTON AVE,2522,2,NO INDICATION OF INJURY,0,0,0,0,0,1,0,17,5,6,41.92414064,-87.74552934
6/18/2019 16:20,35,NO CONTROLS,NO CONTROLS,CLEAR,DAYLIGHT,REAR END,DIVIDED - W/MEDIAN (NOT RAISED),STRAIGHT AND LEVEL,DRY,NO DEFECTS,ON SCENE,INJURY AND / OR TOW DUE TO CRASH,,"OVER $1,500",DISTRACTION - FROM INSIDE VEHICLE,FAILING TO REDUCE SPEED TO AVOID CRASH,3712,W,JACKSON BLVD,1122,3,"REPORTED, NOT EVIDENT",1,0,0,0,1,4,0,16,3,6,41.87728012,-87.71890778
6/19/2019 20:55,30,NO CONTROLS,NO CONTROLS,RAIN,"DARKNESS, LIGHTED ROAD",PARKED MOTOR VEHICLE,ONE-WAY,STRAIGHT AND LEVEL,WET,UNKNOWN,NOT ON SCENE (DESK REPORT),INJURY AND / OR TOW DUE TO CRASH,,"$501 - $1,500",DISTRACTION - FROM INSIDE VEHICLE,NOT APPLICABLE,4223,N,HERMITAGE AVE,1912,3,NONINCAPACITATING INJURY,1,0,0,1,0,1,0,20,4,6,41.95861784,-87.67217748
6/15/2019 21:00,30,STOP SIGN/FLASHER,FUNCTIONING PROPERLY,CLEAR,"DARKNESS, LIGHTED ROAD",PARKED MOTOR VEHICLE,NOT DIVIDED,STRAIGHT AND LEVEL,WET,NO DEFECTS,ON SCENE,NO INJURY / DRIVE AWAY,,"OVER $1,500",UNABLE TO DETERMINE,NOT APPLICABLE,3126,N,MILWAUKEE AVE,2523,3,NO INDICATION OF INJURY,0,0,0,0,0,1,0,21,7,6,41.9377325,-87.72184593
6/30/2019 9:44,30,TRAFFIC SIGNAL,FUNCTIONING PROPERLY,CLEAR,DAYLIGHT,TURNING,CENTER TURN LANE,STRAIGHT AND LEVEL,DRY,NO DEFECTS,ON SCENE,INJURY AND / OR TOW DUE TO CRASH,Y,"OVER $1,500",FAILING TO YIELD RIGHT-OF-WAY,FAILING TO REDUCE SPEED TO AVOID CRASH,1599,W,83RD ST,614,2,NONINCAPACITATING INJURY,2,0,0,2,0,1,0,9,1,6,41.74296935,-87.66318384
6/25/2019 19:50,30,STOP SIGN/FLASHER,FUNCTIONING PROPERLY,CLEAR,DUSK,REAR END,DIVIDED - W/MEDIAN (NOT RAISED),STRAIGHT AND LEVEL,DRY,NO DEFECTS,NOT ON SCENE (DESK REPORT),INJURY AND / OR TOW DUE TO CRASH,Y,"OVER $1,500",DISTRACTION - FROM INSIDE VEHICLE,NOT APPLICABLE,2031,N,CENTRAL PARK AVE,1413,2,"REPORTED, NOT EVIDENT",2,0,0,0,2,2,0,19,3,6,41.91824785,-87.71665378
6/16/2019 2:24,30,STOP SIGN/FLASHER,FUNCTIONING PROPERLY,RAIN,"DARKNESS, LIGHTED ROAD",ANGLE,NOT REPORTED,STRAIGHT AND LEVEL,WET,NO DEFECTS,,NO INJURY / DRIVE AWAY,,"OVER $1,500",UNABLE TO DETERMINE,UNABLE TO DETERMINE,8231,W,ADDISON ST,1631,2,NO INDICATION OF INJURY,0,0,0,0,0,2,0,2,1,6,41.94475064,-87.83267151
6/21/2019 9:00,10,NO CONTROLS,NO CONTROLS,CLEAR,DAYLIGHT,PARKED MOTOR VEHICLE,OTHER,STRAIGHT AND LEVEL,UNKNOWN,UNKNOWN,NOT ON SCENE (DESK REPORT),NO INJURY / DRIVE AWAY,,$500 OR LESS,IMPROPER OVERTAKING/PASSING,NOT APPLICABLE,5035,S,WESTERN AVE,923,2,NO INDICATION OF INJURY,0,0,0,0,0,2,0,9,6,6,41.80188249,-87.68409791
6/20/2019 18:30,30,STOP SIGN/FLASHER,FUNCTIONING PROPERLY,CLEAR,DAYLIGHT,ANGLE,NOT DIVIDED,STRAIGHT AND LEVEL,DRY,UNKNOWN,NOT ON SCENE (DESK REPORT),INJURY AND / OR TOW DUE TO CRASH,Y,"OVER $1,500",FAILING TO YIELD RIGHT-OF-WAY,NOT APPLICABLE,8000,S,HALSTED ST,621,3,NO INDICATION OF INJURY,0,0,0,0,0,4,0,18,5,6,41.74872543,-87.64413194
6/26/2019 10:30,30,TRAFFIC SIGNAL,FUNCTIONING PROPERLY,CLEAR,DAYLIGHT,TURNING,FOUR WAY,STRAIGHT AND LEVEL,DRY,NO DEFECTS,NOT ON SCENE (DESK REPORT),NO INJURY / DRIVE AWAY,,"OVER $1,500",FAILING TO YIELD RIGHT-OF-WAY,FOLLOWING TOO CLOSELY,4801,W,BELLE PLAINE AVE,1624,2,NO INDICATION OF INJURY,0,0,0,0,0,3,0,10,4,6,41.9551315,-87.74747457
6/22/2019 22:45,30,STOP SIGN/FLASHER,FUNCTIONING PROPERLY,CLEAR,"DARKNESS, LIGHTED ROAD",SIDESWIPE SAME DIRECTION,ONE-WAY,STRAIGHT AND LEVEL,DRY,NO DEFECTS,NOT ON SCENE (DESK REPORT),NO INJURY / DRIVE AWAY,,"OVER $1,500",IMPROPER OVERTAKING/PASSING,DRIVING SKILLS/KNOWLEDGE/EXPERIENCE,601,W,ALDINE AVE,1925,2,NO INDICATION OF INJURY,0,0,0,0,0,2,0,22,7,6,41.94175584,-87.64458345
6/28/2019 11:30,30,NO CONTROLS,NO CONTROLS,CLEAR,DAYLIGHT,FIXED OBJECT,NOT DIVIDED,STRAIGHT AND LEVEL,DRY,NO DEFECTS,ON SCENE,NO INJURY / DRIVE AWAY,,"$501 - $1,500",NOT APPLICABLE,NOT APPLICABLE,4633,S,ASHLAND AVE,924,1,NO INDICATION OF INJURY,0,0,0,0,0,1,0,11,6,6,41.80950268,-87.66484974
6/23/2019 23:35,30,STOP SIGN/FLASHER,FUNCTIONING PROPERLY,RAIN,"DARKNESS, LIGHTED ROAD",REAR END,DIVIDED - W/MEDIAN (NOT RAISED),STRAIGHT AND LEVEL,WET,NO DEFECTS,ON SCENE,NO INJURY / DRIVE AWAY,,"OVER $1,500",WEATHER,UNABLE TO DETERMINE,6100,S,WESTERN AVE,825,2,NO INDICATION OF INJURY,0,0,0,0,0,3,0,23,1,6,41.7828162,-87.683886
6/26/2019 11:10,30,NO CONTROLS,NO CONTROLS,CLEAR,DAYLIGHT,PARKED MOTOR VEHICLE,ONE-WAY,STRAIGHT AND LEVEL,DRY,NO DEFECTS,ON SCENE,NO INJURY / DRIVE AWAY,,$500 OR LESS,UNABLE TO DETERMINE,NOT APPLICABLE,2528,S,CLAREMONT AVE,1034,2,NO INDICATION OF INJURY,0,0,0,0,0,1,0,11,4,6,41.8456736,-87.68462154
6/21/2019 15:40,30,NO CONTROLS,NO CONTROLS,CLEAR,DAYLIGHT,SIDESWIPE SAME DIRECTION,NOT DIVIDED,STRAIGHT AND LEVEL,DRY,NO DEFECTS,NOT ON SCENE (DESK REPORT),NO INJURY / DRIVE AWAY,,"OVER $1,500",IMPROPER LANE USAGE,NOT APPLICABLE,4062,N,KEELER AVE,1722,2,NO INDICATION OF INJURY,0,0,0,0,0,2,0,15,6,6,41.95522751,-87.73266807
6/30/2019 18:40,20,NO CONTROLS,NO CONTROLS,CLOUDY/OVERCAST,DAYLIGHT,PARKED MOTOR VEHICLE,ONE-WAY,STRAIGHT AND LEVEL,WET,NO DEFECTS,ON SCENE,NO INJURY / DRIVE AWAY,,"OVER $1,500",DRIVING SKILLS/KNOWLEDGE/EXPERIENCE,UNABLE TO DETERMINE,42,E,103RD PL,512,2,NO INDICATION OF INJURY,0,0,0,0,0,1,0,18,1,6,41.70639124,-87.62196326
6/30/2019 17:05,30,NO CONTROLS,FUNCTIONING PROPERLY,CLEAR,DAYLIGHT,ANGLE,DIVIDED - W/MEDIAN (NOT RAISED),STRAIGHT AND LEVEL,WET,NO DEFECTS,ON SCENE,NO INJURY / DRIVE AWAY,Y,"$501 - $1,500",FAILING TO YIELD RIGHT-OF-WAY,UNABLE TO DETERMINE,233,W,87TH ST,634,2,NO INDICATION OF INJURY,0,0,0,0,0,4,0,17,1,6,41.73593587,-87.62982658
6/21/2019 16:45,30,TRAFFIC SIGNAL,FUNCTIONING PROPERLY,CLEAR,DAYLIGHT,TURNING,NOT DIVIDED,STRAIGHT AND LEVEL,DRY,NO DEFECTS,NOT ON SCENE (DESK REPORT),NO INJURY / DRIVE AWAY,Y,"$501 - $1,500",UNABLE TO DETERMINE,NOT APPLICABLE,601,S,PAULINA ST,1231,2,NO INDICATION OF INJURY,0,0,0,0,0,3,0,16,6,6,41.87409802,-87.66896237
6/28/2019 19:45,30,TRAFFIC SIGNAL,FUNCTIONING PROPERLY,CLEAR,DUSK,REAR END,NOT DIVIDED,STRAIGHT AND LEVEL,DRY,NO DEFECTS,NOT ON SCENE (DESK REPORT),NO INJURY / DRIVE AWAY,Y,$500 OR LESS,UNABLE TO DETERMINE,UNABLE TO DETERMINE,1501,S,CALIFORNIA BLVD,1023,2,NO INDICATION OF INJURY,0,0,0,0,0,2,0,19,6,6,41.86112443,-87.69560234
6/29/2019 22:34,30,TRAFFIC SIGNAL,FUNCTIONING PROPERLY,CLEAR,DUSK,REAR END,FOUR WAY,STRAIGHT AND LEVEL,DRY,UNKNOWN,ON SCENE,NO INJURY / DRIVE AWAY,,"OVER $1,500",FAILING TO REDUCE SPEED TO AVOID CRASH,NOT APPLICABLE,11,W,83RD ST,622,2,NO INDICATION OF INJURY,0,0,0,0,0,2,0,22,7,6,41.74353847,-87.62478674
6/20/2019 10:00,30,TRAFFIC SIGNAL,FUNCTIONING PROPERLY,CLEAR,DAYLIGHT,REAR END,DIVIDED - W/MEDIAN (NOT RAISED),STRAIGHT AND LEVEL,DRY,NO DEFECTS,NOT ON SCENE (DESK REPORT),NO INJURY / DRIVE AWAY,,"OVER $1,500",FAILING TO YIELD RIGHT-OF-WAY,FOLLOWING TOO CLOSELY,3799,N,CENTRAL AVE,1633,3,NO INDICATION OF INJURY,0,0,0,0,0,5,0,10,5,6,41.94948629,-87.76673176
6/25/2019 17:50,30,NO CONTROLS,NO CONTROLS,CLEAR,DAYLIGHT,TURNING,NOT DIVIDED,STRAIGHT AND LEVEL,DRY,NO DEFECTS,NOT ON SCENE (DESK REPORT),NO INJURY / DRIVE AWAY,,"OVER $1,500",UNABLE TO DETERMINE,NOT APPLICABLE,1300,S,CLINTON ST,124,2,NO INDICATION OF INJURY,0,0,0,0,0,3,0,17,3,6,41.86553468,-87.64081331
6/26/2019 21:30,30,TRAFFIC SIGNAL,FUNCTIONING PROPERLY,RAIN,"DARKNESS, LIGHTED ROAD",REAR END,NOT DIVIDED,STRAIGHT AND LEVEL,WET,NO DEFECTS,NOT ON SCENE (DESK REPORT),NO INJURY / DRIVE AWAY,,"OVER $1,500",FAILING TO REDUCE SPEED TO AVOID CRASH,UNABLE TO DETERMINE,600,S,LARAMIE AVE,1522,3,NO INDICATION OF INJURY,0,0,0,0,0,3,0,21,4,6,41.87289554,-87.75495203
6/28/2019 7:00,35,TRAFFIC SIGNAL,FUNCTIONING PROPERLY,CLEAR,DAYLIGHT,SIDESWIPE SAME DIRECTION,NOT DIVIDED,STRAIGHT AND LEVEL,DRY,NO DEFECTS,NOT ON SCENE (DESK REPORT),NO INJURY / DRIVE AWAY,,"OVER $1,500",IMPROPER OVERTAKING/PASSING,DRIVING SKILLS/KNOWLEDGE/EXPERIENCE,5218,N,CENTRAL AVE,1622,2,NO INDICATION OF INJURY,0,0,0,0,0,2,0,7,6,6,41.97628431,-87.76861888
6/24/2019 9:55,30,NO CONTROLS,FUNCTIONING PROPERLY,CLEAR,DAYLIGHT,SIDESWIPE SAME DIRECTION,DIVIDED - W/MEDIAN (NOT RAISED),STRAIGHT AND LEVEL,DRY,NO DEFECTS,NOT ON SCENE (DESK REPORT),NO INJURY / DRIVE AWAY,,"$501 - $1,500",FOLLOWING TOO CLOSELY,NOT APPLICABLE,500,W,MONROE ST,121,2,NO INDICATION OF INJURY,0,0,0,0,0,2,0,9,2,6,41.88069925,-87.63972503
6/28/2019 23:30,25,NO CONTROLS,NO CONTROLS,CLEAR,"DARKNESS, LIGHTED ROAD",PARKED MOTOR VEHICLE,ONE-WAY,STRAIGHT AND LEVEL,DRY,NO DEFECTS,NOT ON SCENE (DESK REPORT),NO INJURY / DRIVE AWAY,,"OVER $1,500",FAILING TO YIELD RIGHT-OF-WAY,NOT APPLICABLE,1321,N,MAYFIELD AVE,2531,2,NO INDICATION OF INJURY,0,0,0,0,0,1,0,23,6,6,41.90450303,-87.77287062
6/29/2019 12:20,20,NO CONTROLS,NO CONTROLS,CLEAR,DAYLIGHT,FIXED OBJECT,PARKING LOT,STRAIGHT AND LEVEL,DRY,NO DEFECTS,ON SCENE,NO INJURY / DRIVE AWAY,,"OVER $1,500",UNABLE TO DETERMINE,UNABLE TO DETERMINE,5701,S,KENTON AVE,813,1,NO INDICATION OF INJURY,0,0,0,0,0,1,0,12,7,6,41.78935259,-87.73743853
6/19/2019 9:35,30,TRAFFIC SIGNAL,FUNCTIONING PROPERLY,CLEAR,DAYLIGHT,ANGLE,NOT DIVIDED,STRAIGHT AND LEVEL,DRY,NO DEFECTS,ON SCENE,INJURY AND / OR TOW DUE TO CRASH,Y,"$501 - $1,500",UNABLE TO DETERMINE,UNABLE TO DETERMINE,3202,W,LAKE ST,1123,2,NONINCAPACITATING INJURY,3,0,0,3,0,2,0,9,4,6,41.88447252,-87.70640955
6/16/2019 15:00,10,NO CONTROLS,NO CONTROLS,CLEAR,DAYLIGHT,ANGLE,NOT DIVIDED,STRAIGHT AND LEVEL,DRY,NO DEFECTS,NOT ON SCENE (DESK REPORT),NO INJURY / DRIVE AWAY,,"OVER $1,500",IMPROPER BACKING,DRIVING SKILLS/KNOWLEDGE/EXPERIENCE,6107,S,ARCHER AVE,811,2,NO INDICATION OF INJURY,0,0,0,0,0,2,0,15,1,6,41.79435485,-87.77052715
6/29/2019 12:14,20,NO CONTROLS,NO CONTROLS,CLEAR,DAYLIGHT,PARKED MOTOR VEHICLE,OTHER,CURVE ON HILLCREST,DRY,NO DEFECTS,NOT ON SCENE (DESK REPORT),NO INJURY / DRIVE AWAY,,"OVER $1,500",IMPROPER BACKING,NOT APPLICABLE,11106,S,LONGWOOD DR,2212,2,NO INDICATION OF INJURY,0,0,0,0,0,1,0,12,7,6,41.69171956,-87.67211425
6/15/2019 22:30,30,NO CONTROLS,NO CONTROLS,CLEAR,"DARKNESS, LIGHTED ROAD",SIDESWIPE SAME DIRECTION,OTHER,STRAIGHT AND LEVEL,WET,UNKNOWN,NOT ON SCENE (DESK REPORT),NO INJURY / DRIVE AWAY,,"OVER $1,500",UNABLE TO DETERMINE,NOT APPLICABLE,172,W,ADAMS ST,122,2,NO INDICATION OF INJURY,0,0,0,0,0,3,0,22,7,6,41.87950365,-87.63296974
6/23/2019 20:56,30,UNKNOWN,UNKNOWN,CLEAR,"DARKNESS, LIGHTED ROAD",PARKED MOTOR VEHICLE,NOT DIVIDED,STRAIGHT AND LEVEL,DRY,UNKNOWN,ON SCENE,NO INJURY / DRIVE AWAY,,"OVER $1,500",IMPROPER BACKING,IMPROPER BACKING,1000,N,LA SALLE DR,1824,2,NO INDICATION OF INJURY,0,0,0,0,0,1,0,20,1,6,41.9005848,-87.63298607
6/19/2019 13:50,30,NO CONTROLS,NO CONTROLS,CLEAR,DAYLIGHT,REAR END,DIVIDED - W/MEDIAN (NOT RAISED),STRAIGHT AND LEVEL,DRY,NO DEFECTS,ON SCENE,NO INJURY / DRIVE AWAY,,"$501 - $1,500",FAILING TO REDUCE SPEED TO AVOID CRASH,NOT APPLICABLE,7733,S,CICERO AVE,834,2,NO INDICATION OF INJURY,0,0,0,0,0,2,0,13,4,6,41.75177207,-87.74131864
6/18/2019 14:00,10,NO CONTROLS,NO CONTROLS,CLEAR,DAYLIGHT,PARKED MOTOR VEHICLE,PARKING LOT,STRAIGHT AND LEVEL,UNKNOWN,UNKNOWN,NOT ON SCENE (DESK REPORT),NO INJURY / DRIVE AWAY,,"$501 - $1,500",UNABLE TO DETERMINE,NOT APPLICABLE,1340,S,CANAL ST,124,2,NO INDICATION OF INJURY,0,0,0,0,0,1,0,14,3,6,41.86452119,-87.6393041
6/30/2019 2:14,30,TRAFFIC SIGNAL,FUNCTIONING PROPERLY,CLEAR,"DARKNESS, LIGHTED ROAD",PEDESTRIAN,ONE-WAY,STRAIGHT AND LEVEL,DRY,NO DEFECTS,ON SCENE,INJURY AND / OR TOW DUE TO CRASH,Y,$500 OR LESS,FAILING TO REDUCE SPEED TO AVOID CRASH,FAILING TO YIELD RIGHT-OF-WAY,36,W,ONTARIO ST,1832,2,NONINCAPACITATING INJURY,1,0,0,1,0,2,0,2,1,6,41.89336002,-87.62961998
6/17/2019 11:20,30,TRAFFIC SIGNAL,FUNCTIONING PROPERLY,CLEAR,DAYLIGHT,SIDESWIPE SAME DIRECTION,NOT DIVIDED,STRAIGHT AND LEVEL,DRY,NO DEFECTS,NOT ON SCENE (DESK REPORT),NO INJURY / DRIVE AWAY,,"OVER $1,500",UNABLE TO DETERMINE,UNABLE TO DETERMINE,2600,N,WESTERN AVE,1411,2,NO INDICATION OF INJURY,0,0,0,0,0,2,0,11,2,6,41.92866979,-87.68792224
6/20/2019 9:40,30,STOP SIGN/FLASHER,FUNCTIONING PROPERLY,CLOUDY/OVERCAST,DAYLIGHT,ANGLE,ONE-WAY,STRAIGHT AND LEVEL,WET,NO DEFECTS,ON SCENE,NO INJURY / DRIVE AWAY,Y,"OVER $1,500","VISION OBSCURED (SIGNS, TREE LIMBS, BUILDINGS, ETC.)",NOT APPLICABLE,436,S,JEFFERSON ST,121,2,NO INDICATION OF INJURY,0,0,0,0,0,2,0,9,5,6,41.87584763,-87.64261718
6/24/2019 12:00,35,NO CONTROLS,NO CONTROLS,UNKNOWN,UNKNOWN,PARKED MOTOR VEHICLE,ONE-WAY,STRAIGHT AND LEVEL,UNKNOWN,NO DEFECTS,NOT ON SCENE (DESK REPORT),NO INJURY / DRIVE AWAY,,"OVER $1,500",UNABLE TO DETERMINE,NOT APPLICABLE,6100,S,SACRAMENTO AVE,823,2,NO INDICATION OF INJURY,0,0,0,0,0,1,0,12,2,6,41.78258995,-87.69851133
6/16/2019 14:35,20,NO CONTROLS,NO CONTROLS,CLEAR,DAYLIGHT,REAR TO FRONT,NOT DIVIDED,STRAIGHT AND LEVEL,DRY,NO DEFECTS,ON SCENE,NO INJURY / DRIVE AWAY,,"OVER $1,500",IMPROPER BACKING,NOT APPLICABLE,7158,W,STRONG ST,1613,2,NO INDICATION OF INJURY,0,0,0,0,0,2,0,14,1,6,41.97018492,-87.8070616
6/22/2019 3:00,0,NO CONTROLS,NO CONTROLS,CLEAR,DARKNESS,FIXED OBJECT,PARKING LOT,STRAIGHT AND LEVEL,DRY,NO DEFECTS,ON SCENE,NO INJURY / DRIVE AWAY,,"$501 - $1,500",UNABLE TO DETERMINE,UNABLE TO DETERMINE,2148,N,LONG AVE,2515,1,NO INDICATION OF INJURY,0,0,0,0,0,1,0,3,7,6,41.92003613,-87.76108432
6/28/2019 17:15,30,NO CONTROLS,NO CONTROLS,CLEAR,DAYLIGHT,REAR END,NOT DIVIDED,STRAIGHT AND LEVEL,DRY,NO DEFECTS,NOT ON SCENE (DESK REPORT),NO INJURY / DRIVE AWAY,Y,"OVER $1,500",IMPROPER OVERTAKING/PASSING,NOT APPLICABLE,1343,N,ELSTON AVE,1433,2,NO INDICATION OF INJURY,0,0,0,0,0,2,0,17,6,6,41.90665767,-87.65968833
6/15/2019 16:30,30,STOP SIGN/FLASHER,FUNCTIONING PROPERLY,RAIN,DAYLIGHT,SIDESWIPE SAME DIRECTION,ONE-WAY,STRAIGHT AND LEVEL,WET,NO DEFECTS,NOT ON SCENE (DESK REPORT),NO INJURY / DRIVE AWAY,Y,"$501 - $1,500",IMPROPER LANE USAGE,DRIVING SKILLS/KNOWLEDGE/EXPERIENCE,699,N,RUSH ST,1834,2,NO INDICATION OF INJURY,0,0,0,0,0,2,0,16,7,6,41.89488568,-87.62531144
6/26/2019 9:55,30,NO CONTROLS,NO CONTROLS,CLEAR,DAYLIGHT,PARKED MOTOR VEHICLE,ONE-WAY,STRAIGHT AND LEVEL,DRY,NO DEFECTS,NOT ON SCENE (DESK REPORT),NO INJURY / DRIVE AWAY,,"OVER $1,500",UNABLE TO DETERMINE,NOT APPLICABLE,7713,S,MARSHFIELD AVE,611,2,NO INDICATION OF INJURY,0,0,0,0,0,1,0,9,4,6,41.75355066,-87.66458438
6/24/2019 16:41,30,NO CONTROLS,NO CONTROLS,CLEAR,DAYLIGHT,PEDALCYCLIST,NOT DIVIDED,STRAIGHT AND LEVEL,DRY,NO DEFECTS,ON SCENE,INJURY AND / OR TOW DUE TO CRASH,,$500 OR LESS,FAILING TO YIELD RIGHT-OF-WAY,DRIVING SKILLS/KNOWLEDGE/EXPERIENCE,3323,N,HALSTED ST,1925,2,INCAPACITATING INJURY,1,0,1,0,0,1,0,16,2,6,41.94253959,-87.64920491
6/17/2019 6:43,30,TRAFFIC SIGNAL,FUNCTIONING PROPERLY,CLEAR,DAYLIGHT,TURNING,ONE-WAY,STRAIGHT AND LEVEL,DRY,NO DEFECTS,NOT ON SCENE (DESK REPORT),NO INJURY / DRIVE AWAY,,"$501 - $1,500",DISREGARDING ROAD MARKINGS,UNABLE TO DETERMINE,1598,W,VAN BUREN ST,1231,2,NO INDICATION OF INJURY,0,0,0,0,0,2,0,6,2,6,41.87646063,-87.66662208
6/25/2019 11:30,30,TRAFFIC SIGNAL,FUNCTIONING PROPERLY,CLEAR,DAYLIGHT,SIDESWIPE SAME DIRECTION,FOUR WAY,STRAIGHT AND LEVEL,DRY,NO DEFECTS,ON SCENE,NO INJURY / DRIVE AWAY,Y,"$501 - $1,500",IMPROPER LANE USAGE,IMPROPER OVERTAKING/PASSING,4300,S,WESTERN AVE,922,2,NO INDICATION OF INJURY,0,0,0,0,0,2,0,11,3,6,41.81560321,-87.68477272
6/17/2019 17:15,30,NO CONTROLS,NO CONTROLS,CLEAR,DAYLIGHT,TURNING,NOT DIVIDED,STRAIGHT AND LEVEL,DRY,NO DEFECTS,NOT ON SCENE (DESK REPORT),NO INJURY / DRIVE AWAY,,"OVER $1,500",UNABLE TO DETERMINE,UNABLE TO DETERMINE,156,W,POLK ST,123,2,NO INDICATION OF INJURY,0,0,0,0,0,3,0,17,2,6,41.87227759,-87.63258185
6/20/2019 0:01,30,UNKNOWN,UNKNOWN,RAIN,UNKNOWN,PEDESTRIAN,UNKNOWN,STRAIGHT AND LEVEL,UNKNOWN,UNKNOWN,ON SCENE,INJURY AND / OR TOW DUE TO CRASH,,$500 OR LESS,UNABLE TO DETERMINE,NOT APPLICABLE,14,W,87TH ST,622,2,"REPORTED, NOT EVIDENT",1,0,0,0,1,1,0,0,5,6,41.73639036,-87.6249754
6/24/2019 18:10,30,NO CONTROLS,NO CONTROLS,CLOUDY/OVERCAST,DAYLIGHT,REAR END,DIVIDED - W/MEDIAN (NOT RAISED),STRAIGHT AND LEVEL,WET,UNKNOWN,NOT ON SCENE (DESK REPORT),NO INJURY / DRIVE AWAY,,"OVER $1,500",FAILING TO YIELD RIGHT-OF-WAY,UNABLE TO DETERMINE,2300,W,GRAND AVE,1221,2,NO INDICATION OF INJURY,0,0,0,0,0,2,0,18,2,6,41.89081045,-87.68431333
6/22/2019 10:00,30,NO CONTROLS,NO CONTROLS,CLEAR,DAYLIGHT,REAR END,NOT DIVIDED,STRAIGHT AND LEVEL,DRY,NO DEFECTS,NOT ON SCENE (DESK REPORT),INJURY AND / OR TOW DUE TO CRASH,,"OVER $1,500",FOLLOWING TOO CLOSELY,NOT APPLICABLE,2340,W,FOSTER AVE,2012,2,NO INDICATION OF INJURY,0,0,0,0,0,2,0,10,7,6,41.97601055,-87.68840099
6/27/2019 23:30,25,NO CONTROLS,NO CONTROLS,CLEAR,"DARKNESS, LIGHTED ROAD",PARKED MOTOR VEHICLE,NOT DIVIDED,STRAIGHT AND LEVEL,DRY,UNKNOWN,ON SCENE,INJURY AND / OR TOW DUE TO CRASH,,"OVER $1,500",DISTRACTION - FROM INSIDE VEHICLE,NOT APPLICABLE,1915,E,74TH ST,333,2,NO INDICATION OF INJURY,0,0,0,0,0,2,0,23,5,6,41.76056642,-87.57798376