CRASH_DATE,POSTED_SPEED_LIMIT,TRAFFIC_CONTROL_DEVICE,DEVICE_CONDITION,WEATHER_CONDITION,LIGHTING_CONDITION,FIRST_CRASH_TYPE,TRAFFICWAY_TYPE,ALIGNMENT,ROADWAY_SURFACE_COND,ROAD_DEFECT,REPORT_TYPE,CRASH_TYPE,INTERSECTION_RELATED_I,DAMAGE,PRIM_CONTRIBUTORY_CAUSE,SEC_CONTRIBUTORY_CAUSE,STREET_NO,STREET_DIRECTION,STREET_NAME,BEAT_OF_OCCURRENCE,NUM_UNITS,MOST_SEVERE_INJURY,INJURIES_TOTAL,INJURIES_FATAL,INJURIES_INCAPACITATING,INJURIES_NON_INCAPACITATING,INJURIES_REPORTED_NOT_EVIDENT,INJURIES_NO_INDICATION,INJURIES_UNKNOWN,CRASH_HOUR,CRASH_DAY_OF_WEEK,CRASH_MONTH,LATITUDE,LONGITUDE
6/13/2019 15:30,25,NO CONTROLS,NO CONTROLS,CLEAR,DAYLIGHT,PARKED MOTOR VEHICLE,ONE-WAY,STRAIGHT AND LEVEL,DRY,UNKNOWN,NOT ON SCENE (DESK REPORT),NO INJURY / DRIVE AWAY,,"$501 - $1,500",UNABLE TO DETERMINE,UNABLE TO DETERMINE,6605,S,MINERVA AVE,321,2,NO INDICATION OF INJURY,0,0,0,0,0,1,0,15,5,6,41.77484505,-87.59714253
6/24/2019 19:15,25,NO CONTROLS,NO CONTROLS,CLEAR,DAYLIGHT,PARKED MOTOR VEHICLE,ONE-WAY,STRAIGHT AND LEVEL,DRY,NO DEFECTS,ON SCENE,NO INJURY / DRIVE AWAY,,"OVER $1,500",IMPROPER BACKING,NOT APPLICABLE,335,E,OHIO ST,1834,2,NO INDICATION OF INJURY,0,0,0,0,0,1,0,19,2,6,41.89251185,-87.61887104
6/23/2019 18:10,30,NO CONTROLS,NO CONTROLS,RAIN,DAYLIGHT,PEDESTRIAN,NOT DIVIDED,STRAIGHT AND LEVEL,WET,NO DEFECTS,NOT ON SCENE (DESK REPORT),NO INJURY / DRIVE AWAY,,"$501 - $1,500",NOT APPLICABLE,NOT APPLICABLE,3900,W,MADISON ST,1122,2,NO INDICATION OF INJURY,0,0,0,0,0,5,0,18,1,6,41.88086516,-87.72337597
6/30/2019 23:30,30,TRAFFIC SIGNAL,FUNCTIONING PROPERLY,CLEAR,DARKNESS,REAR END,NOT DIVIDED,STRAIGHT AND LEVEL,DRY,NO DEFECTS,NOT ON SCENE (DESK REPORT),INJURY AND / OR TOW DUE TO CRASH,Y,"$501 - $1,500",FOLLOWING TOO CLOSELY,UNABLE TO DETERMINE,1000,W,63RD ST,712,2,"REPORTED, NOT EVIDENT",1,0,0,0,1,2,0,23,1,6,41.77978407,-87.64970295
6/26/2019 8:25,20,NO CONTROLS,NO CONTROLS,CLEAR,DAYLIGHT,PARKED MOTOR VEHICLE,ONE-WAY,STRAIGHT AND LEVEL,DRY,NO DEFECTS,ON SCENE,NO INJURY / DRIVE AWAY,,"OVER $1,500",IMPROPER LANE USAGE,DRIVING SKILLS/KNOWLEDGE/EXPERIENCE,1,W,TERMINAL ST,1651,2,NO INDICATION OF INJURY,0,0,0,0,0,1,0,8,4,6,,
6/22/2019 23:45,30,NO CONTROLS,NO CONTROLS,CLEAR,"DARKNESS, LIGHTED ROAD",PARKED MOTOR VEHICLE,NOT DIVIDED,STRAIGHT AND LEVEL,DRY,NO DEFECTS,ON SCENE,NO INJURY / DRIVE AWAY,,"$501 - $1,500",UNABLE TO DETERMINE,NOT APPLICABLE,4600,S,WOOD ST,924,3,NO INDICATION OF INJURY,0,0,0,0,0,1,0,23,7,6,41.81028546,-87.67002227
6/28/2019 9:45,30,NO CONTROLS,NO CONTROLS,CLEAR,DAYLIGHT,TURNING,NOT DIVIDED,STRAIGHT AND LEVEL,DRY,NO DEFECTS,NOT ON SCENE (DESK REPORT),NO INJURY / DRIVE AWAY,,$500 OR LESS,UNABLE TO DETERMINE,UNABLE TO DETERMINE,934,W,BELMONT AVE,1924,2,NO INDICATION OF INJURY,0,0,0,0,0,2,0,9,6,6,41.94003836,-87.65282809
6/19/2019 8:35,20,NO CONTROLS,NO CONTROLS,CLEAR,DAYLIGHT,SIDESWIPE SAME DIRECTION,NOT DIVIDED,STRAIGHT AND LEVEL,DRY,NO DEFECTS,NOT ON SCENE (DESK REPORT),NO INJURY / DRIVE AWAY,,"OVER $1,500",FAILING TO YIELD RIGHT-OF-WAY,UNABLE TO DETERMINE,3057,S,LOOMIS ST,913,2,NO INDICATION OF INJURY,0,0,0,0,0,2,0,8,4,6,41.83844694,-87.65462338
6/28/2019 21:30,35,NO CONTROLS,NO CONTROLS,RAIN,"DARKNESS, LIGHTED ROAD",TURNING,NOT DIVIDED,STRAIGHT AND LEVEL,WET,NO DEFECTS,NOT ON SCENE (DESK REPORT),NO INJURY / DRIVE AWAY,,"OVER $1,500",IMPROPER OVERTAKING/PASSING,DRIVING ON WRONG SIDE/WRONG WAY,8010,S,KEDZIE AVE,834,2,NO INDICATION OF INJURY,0,0,0,0,0,2,0,21,6,6,41.74761584,-87.70247966
6/20/2019 12:00,30,UNKNOWN,UNKNOWN,UNKNOWN,UNKNOWN,PARKED MOTOR VEHICLE,NOT DIVIDED,STRAIGHT AND LEVEL,UNKNOWN,UNKNOWN,NOT ON SCENE (DESK REPORT),NO INJURY / DRIVE AWAY,,"OVER $1,500",UNABLE TO DETERMINE,UNABLE TO DETERMINE,43,N,HOMAN BLVD,1123,2,NO INDICATION OF INJURY,0,0,0,0,0,1,0,12,5,6,41.88221129,-87.71089861
6/14/2019 17:55,40,TRAFFIC SIGNAL,FUNCTIONING PROPERLY,CLEAR,DAYLIGHT,TURNING,DIVIDED - W/MEDIAN (NOT RAISED),STRAIGHT AND LEVEL,DRY,NO DEFECTS,NOT ON SCENE (DESK REPORT),NO INJURY / DRIVE AWAY,Y,"$501 - $1,500",NOT APPLICABLE,UNABLE TO DETERMINE,900,N,MICHIGAN AVE,1833,2,NO INDICATION OF INJURY,0,0,0,0,0,2,0,17,6,6,41.8992486,-87.62427498
6/18/2019 20:02,30,NO CONTROLS,NO CONTROLS,CLEAR,DUSK,TURNING,DIVIDED - W/MEDIAN (NOT RAISED),STRAIGHT AND LEVEL,DRY,NO DEFECTS,ON SCENE,INJURY AND / OR TOW DUE TO CRASH,,"OVER $1,500",DRIVING SKILLS/KNOWLEDGE/EXPERIENCE,DRIVING SKILLS/KNOWLEDGE/EXPERIENCE,2651,S,PULASKI RD,1031,2,NONINCAPACITATING INJURY,1,0,0,1,0,1,0,20,3,6,41.84273384,-87.72436008
6/17/2019 7:00,30,STOP SIGN/FLASHER,FUNCTIONING PROPERLY,CLEAR,DAYLIGHT,REAR END,NOT DIVIDED,STRAIGHT AND LEVEL,DRY,NO DEFECTS,NOT ON SCENE (DESK REPORT),INJURY AND / OR TOW DUE TO CRASH,,"$501 - $1,500",FOLLOWING TOO CLOSELY,NOT APPLICABLE,4100,N,CUMBERLAND AVE,1614,2,"REPORTED, NOT EVIDENT",1,0,0,0,1,1,0,7,2,6,41.95396632,-87.83683853
6/27/2019 9:30,15,OTHER,NO CONTROLS,CLEAR,DAYLIGHT,FIXED OBJECT,OTHER,"CURVE, LEVEL",WET,NO DEFECTS,ON SCENE,NO INJURY / DRIVE AWAY,,"OVER $1,500",UNABLE TO DETERMINE,UNABLE TO DETERMINE,4660,W,LAWRENCE AVE,1712,1,NO INDICATION OF INJURY,0,0,0,0,0,1,0,9,5,6,41.96816515,-87.74525377
6/23/2019 20:25,20,NO CONTROLS,NO CONTROLS,RAIN,DAYLIGHT,PARKED MOTOR VEHICLE,ONE-WAY,STRAIGHT AND LEVEL,WET,NO DEFECTS,ON SCENE,NO INJURY / DRIVE AWAY,,"$501 - $1,500",UNABLE TO DETERMINE,UNABLE TO DETERMINE,2603,W,23RD ST,1034,2,NO INDICATION OF INJURY,0,0,0,0,0,1,0,20,1,6,41.85003263,-87.69068787
6/24/2019 12:30,25,NO CONTROLS,NO CONTROLS,CLEAR,UNKNOWN,PARKED MOTOR VEHICLE,ONE-WAY,STRAIGHT AND LEVEL,DRY,NO DEFECTS,NOT ON SCENE (DESK REPORT),NO INJURY / DRIVE AWAY,,"OVER $1,500",UNABLE TO DETERMINE,UNABLE TO DETERMINE,1200,W,LOYOLA AVE,2432,2,NO INDICATION OF INJURY,0,0,0,0,0,1,0,12,2,6,42.00072012,-87.66065603
6/25/2019 8:30,25,NO CONTROLS,NO CONTROLS,CLEAR,DAYLIGHT,SIDESWIPE SAME DIRECTION,ONE-WAY,STRAIGHT AND LEVEL,DRY,NO DEFECTS,NOT ON SCENE (DESK REPORT),NO INJURY / DRIVE AWAY,,"OVER $1,500",IMPROPER OVERTAKING/PASSING,NOT APPLICABLE,1056,W,CATALPA AVE,2023,2,NO INDICATION OF INJURY,0,0,0,0,0,2,0,8,3,6,41.9819512,-87.6573943
6/15/2019 1:20,30,NO CONTROLS,NO CONTROLS,CLEAR,DARKNESS,SIDESWIPE SAME DIRECTION,DIVIDED - W/MEDIAN (NOT RAISED),STRAIGHT AND LEVEL,DRY,NO DEFECTS,NOT ON SCENE (DESK REPORT),NO INJURY / DRIVE AWAY,,"OVER $1,500",IMPROPER OVERTAKING/PASSING,NOT APPLICABLE,320,W,CHICAGO AVE,1823,2,NO INDICATION OF INJURY,0,0,0,0,0,3,0,1,7,6,41.89667214,-87.63655336
6/20/2019 11:20,35,TRAFFIC SIGNAL,FUNCTIONING PROPERLY,CLEAR,DAYLIGHT,REAR END,DIVIDED - W/MEDIAN (NOT RAISED),STRAIGHT AND LEVEL,WET,NO DEFECTS,ON SCENE,INJURY AND / OR TOW DUE TO CRASH,Y,"OVER $1,500",UNABLE TO DETERMINE,UNABLE TO DETERMINE,1997,W,PETERSON AVE,2012,2,"REPORTED, NOT EVIDENT",1,0,0,0,1,1,0,11,5,6,41.99056673,-87.67975418
6/29/2019 15:00,15,OTHER,OTHER,CLEAR,DAYLIGHT,FIXED OBJECT,PARKING LOT,STRAIGHT AND LEVEL,DRY,OTHER,ON SCENE,NO INJURY / DRIVE AWAY,,"OVER $1,500",ROAD CONSTRUCTION/MAINTENANCE,NOT APPLICABLE,5205,N,NAGLE AVE,1622,1,NO INDICATION OF INJURY,0,0,0,0,0,1,0,15,7,6,41.97591107,-87.78772272
6/26/2019 1:40,30,NO CONTROLS,NO CONTROLS,CLEAR,"DARKNESS, LIGHTED ROAD",PARKED MOTOR VEHICLE,NOT DIVIDED,STRAIGHT AND LEVEL,DRY,NO DEFECTS,ON SCENE,NO INJURY / DRIVE AWAY,,"OVER $1,500",DRIVING SKILLS/KNOWLEDGE/EXPERIENCE,UNABLE TO DETERMINE,4425,N,AUSTIN AVE,1622,4,NO INDICATION OF INJURY,0,0,0,0,0,1,0,1,4,6,41.96110514,-87.77689859
6/26/2019 17:21,30,NO CONTROLS,NO CONTROLS,CLEAR,DAYLIGHT,PEDALCYCLIST,NOT DIVIDED,STRAIGHT AND LEVEL,DRY,NO DEFECTS,ON SCENE,NO INJURY / DRIVE AWAY,,"OVER $1,500",IMPROPER OVERTAKING/PASSING,UNABLE TO DETERMINE,3259,W,WABANSIA AVE,1422,2,NO INDICATION OF INJURY,0,0,0,0,0,2,0,17,4,6,41.91180096,-87.70919134
6/24/2019 14:10,30,TRAFFIC SIGNAL,FUNCTIONING PROPERLY,CLEAR,DAYLIGHT,REAR END,DIVIDED - W/MEDIAN (NOT RAISED),STRAIGHT AND LEVEL,DRY,UNKNOWN,NOT ON SCENE (DESK REPORT),NO INJURY / DRIVE AWAY,Y,$500 OR LESS,FOLLOWING TOO CLOSELY,NOT APPLICABLE,200,W,ONTARIO ST,1831,2,NO INDICATION OF INJURY,0,0,0,0,0,2,0,14,2,6,41.89329744,-87.63418828
6/25/2019 17:40,30,NO CONTROLS,NO CONTROLS,CLEAR,DAYLIGHT,PARKED MOTOR VEHICLE,NOT DIVIDED,STRAIGHT AND LEVEL,DRY,NO DEFECTS,NOT ON SCENE (DESK REPORT),NO INJURY / DRIVE AWAY,Y,"$501 - $1,500",IMPROPER TURNING/NO SIGNAL,NOT APPLICABLE,6010,W,NORTH AVE,2513,2,NO INDICATION OF INJURY,0,0,0,0,0,2,0,17,3,6,41.90936108,-87.77578081
6/18/2019 22:47,30,NO CONTROLS,NO CONTROLS,CLEAR,"DARKNESS, LIGHTED ROAD",TURNING,DIVIDED - W/MEDIAN (NOT RAISED),STRAIGHT AND LEVEL,DRY,NO DEFECTS,ON SCENE,INJURY AND / OR TOW DUE TO CRASH,,"OVER $1,500",FAILING TO YIELD RIGHT-OF-WAY,DRIVING SKILLS/KNOWLEDGE/EXPERIENCE,731,W,ADDISON ST,1925,2,NO INDICATION OF INJURY,0,0,0,0,0,3,0,22,3,6,41.94720052,-87.64848736
6/18/2019 6:22,30,NO CONTROLS,NO CONTROLS,CLEAR,DAYLIGHT,REAR TO SIDE,NOT DIVIDED,STRAIGHT AND LEVEL,DRY,NO DEFECTS,ON SCENE,INJURY AND / OR TOW DUE TO CRASH,,"OVER $1,500",FAILING TO YIELD RIGHT-OF-WAY,FAILING TO REDUCE SPEED TO AVOID CRASH,4920,N,NAGLE AVE,1613,2,NO INDICATION OF INJURY,0,0,0,0,0,2,0,6,3,6,41.97087516,-87.78811729
6/29/2019 17:00,25,NO CONTROLS,NO CONTROLS,CLEAR,DAYLIGHT,PARKED MOTOR VEHICLE,NOT DIVIDED,STRAIGHT AND LEVEL,DRY,NO DEFECTS,NOT ON SCENE (DESK REPORT),NO INJURY / DRIVE AWAY,Y,"$501 - $1,500",IMPROPER TURNING/NO SIGNAL,DRIVING SKILLS/KNOWLEDGE/EXPERIENCE,1337,W,FARGO AVE,2422,2,NO INDICATION OF INJURY,0,0,0,0,0,1,0,17,7,6,42.01706509,-87.66474749
6/29/2019 8:20,30,TRAFFIC SIGNAL,FUNCTIONING PROPERLY,CLEAR,DAYLIGHT,SIDESWIPE SAME DIRECTION,DIVIDED - W/MEDIAN (NOT RAISED),STRAIGHT AND LEVEL,DRY,NO DEFECTS,ON SCENE,NO INJURY / DRIVE AWAY,,"OVER $1,500",UNABLE TO DETERMINE,UNABLE TO DETERMINE,4632,N,AUSTIN AVE,1622,2,NO INDICATION OF INJURY,0,0,0,0,0,3,0,8,7,6,41.96500744,-87.77731509
6/19/2019 15:30,30,NO CONTROLS,NO CONTROLS,CLEAR,DAYLIGHT,REAR END,DIVIDED - W/MEDIAN (NOT RAISED),STRAIGHT AND LEVEL,DRY,NO DEFECTS,NOT ON SCENE (DESK REPORT),NO INJURY / DRIVE AWAY,,"OVER $1,500",FAILING TO REDUCE SPEED TO AVOID CRASH,DRIVING SKILLS/KNOWLEDGE/EXPERIENCE,2400,S,HALSTED ST,913,2,NO INDICATION OF INJURY,0,0,0,0,0,2,0,15,4,6,41.84922843,-87.64662014
6/30/2019 21:45,30,NO CONTROLS,NO CONTROLS,CLEAR,"DARKNESS, LIGHTED ROAD",REAR END,NOT DIVIDED,STRAIGHT AND LEVEL,UNKNOWN,UNKNOWN,NOT ON SCENE (DESK REPORT),NO INJURY / DRIVE AWAY,,"OVER $1,500",FOLLOWING TOO CLOSELY,NOT APPLICABLE,3307,W,63RD ST,823,2,NO INDICATION OF INJURY,0,0,0,0,0,2,0,21,1,6,41.77881858,-87.70590358
6/21/2019 1:23,30,UNKNOWN,UNKNOWN,CLEAR,"DARKNESS, LIGHTED ROAD",PARKED MOTOR VEHICLE,NOT DIVIDED,STRAIGHT AND LEVEL,UNKNOWN,UNKNOWN,ON SCENE,INJURY AND / OR TOW DUE TO CRASH,,"OVER $1,500",FAILING TO REDUCE SPEED TO AVOID CRASH,UNABLE TO DETERMINE,2704,W,83RD ST,835,3,NO INDICATION OF INJURY,0,0,0,0,0,1,0,1,6,6,41.74280388,-87.69024142
6/25/2019 13:00,30,TRAFFIC SIGNAL,FUNCTIONING PROPERLY,CLEAR,DAYLIGHT,REAR END,NOT DIVIDED,STRAIGHT AND LEVEL,DRY,NO DEFECTS,NOT ON SCENE (DESK REPORT),NO INJURY / DRIVE AWAY,,"$501 - $1,500",UNABLE TO DETERMINE,NOT APPLICABLE,5100,W,MONTROSE AVE,1623,3,NO INDICATION OF INJURY,0,0,0,0,0,3,0,13,3,6,41.96074044,-87.75462192
6/16/2019 23:10,20,OTHER WARNING SIGN,FUNCTIONING PROPERLY,CLEAR,"DARKNESS, LIGHTED ROAD",PARKED MOTOR VEHICLE,ONE-WAY,STRAIGHT AND LEVEL,DRY,NO DEFECTS,ON SCENE,NO INJURY / DRIVE AWAY,,"$501 - $1,500",DISREGARDING OTHER TRAFFIC SIGNS,"OPERATING VEHICLE IN ERRATIC, RECKLESS, CARELESS, NEGLIGENT OR AGGRESSIVE MANNER",2654,W,62ND ST,825,2,NO INDICATION OF INJURY,0,0,0,0,0,1,0,23,1,6,41.78108915,-87.69078199
6/22/2019 14:30,30,TRAFFIC SIGNAL,FUNCTIONING PROPERLY,CLEAR,DAYLIGHT,SIDESWIPE SAME DIRECTION,NOT DIVIDED,STRAIGHT AND LEVEL,DRY,NO DEFECTS,NOT ON SCENE (DESK REPORT),NO INJURY / DRIVE AWAY,,"OVER $1,500",UNABLE TO DETERMINE,NOT APPLICABLE,3814,W,JACKSON BLVD,1122,2,NO INDICATION OF INJURY,0,0,0,0,0,2,0,14,7,6,41.87725238,-87.7213113
6/20/2019 14:49,30,NO CONTROLS,NO CONTROLS,CLOUDY/OVERCAST,DAYLIGHT,TURNING,NOT DIVIDED,STRAIGHT AND LEVEL,DRY,NO DEFECTS,ON SCENE,INJURY AND / OR TOW DUE TO CRASH,,"OVER $1,500",FAILING TO YIELD RIGHT-OF-WAY,NOT APPLICABLE,25,N,BESSIE COLEMAN DR,1654,2,"REPORTED, NOT EVIDENT",1,0,0,0,1,1,0,14,5,6,,
6/18/2019 19:01,35,TRAFFIC SIGNAL,FUNCTIONING PROPERLY,CLEAR,DAYLIGHT,TURNING,NOT DIVIDED,STRAIGHT AND LEVEL,DRY,NO DEFECTS,ON SCENE,INJURY AND / OR TOW DUE TO CRASH,Y,"$501 - $1,500",FAILING TO YIELD RIGHT-OF-WAY,UNABLE TO DETERMINE,340,N,COLUMBUS DR,114,2,NO INDICATION OF INJURY,0,0,0,0,0,2,0,19,3,6,41.88791004,-87.62080356
6/26/2019 16:20,20,NO CONTROLS,NO CONTROLS,CLEAR,DAYLIGHT,PEDALCYCLIST,DIVIDED - W/MEDIAN (NOT RAISED),STRAIGHT AND LEVEL,DRY,NO DEFECTS,ON SCENE,INJURY AND / OR TOW DUE TO CRASH,,$500 OR LESS,DRIVING SKILLS/KNOWLEDGE/EXPERIENCE,DRIVING SKILLS/KNOWLEDGE/EXPERIENCE,9500,S,ESCANABA AVE,431,2,"REPORTED, NOT EVIDENT",1,0,0,0,1,1,0,16,4,6,41.72264099,-87.55399161
6/18/2019 19:30,30,NO CONTROLS,NO CONTROLS,CLEAR,DAYLIGHT,TURNING,DIVIDED - W/MEDIAN BARRIER,"CURVE, LEVEL",DRY,NO DEFECTS,ON SCENE,NO INJURY / DRIVE AWAY,,"$501 - $1,500",IMPROPER BACKING,ROAD ENGINEERING/SURFACE/MARKING DEFECTS,320,E,130TH ST,532,2,NO INDICATION OF INJURY,0,0,0,0,0,2,0,19,3,6,41.65922295,-87.61490297
6/22/2019 16:00,30,NO CONTROLS,NO CONTROLS,CLEAR,DAYLIGHT,REAR END,NOT DIVIDED,STRAIGHT AND LEVEL,DRY,UNKNOWN,ON SCENE,INJURY AND / OR TOW DUE TO CRASH,,"$501 - $1,500",FAILING TO REDUCE SPEED TO AVOID CRASH,FOLLOWING TOO CLOSELY,2551,W,ADDISON ST,1921,2,NONINCAPACITATING INJURY,1,0,0,1,0,1,0,16,7,6,41.94660753,-87.69271894
6/20/2019 15:30,30,TRAFFIC SIGNAL,FUNCTIONING PROPERLY,CLEAR,DAYLIGHT,TURNING,ONE-WAY,STRAIGHT AND LEVEL,DRY,NO DEFECTS,NOT ON SCENE (DESK REPORT),NO INJURY / DRIVE AWAY,Y,"$501 - $1,500",IMPROPER LANE USAGE,FOLLOWING TOO CLOSELY,1200,S,RUBLE ST,1232,2,NO INDICATION OF INJURY,0,0,0,0,0,2,0,15,5,6,41.86713421,-87.64423752
6/10/2019 16:45,30,NO CONTROLS,NO CONTROLS,CLEAR,DAYLIGHT,TURNING,NOT DIVIDED,STRAIGHT AND LEVEL,DRY,NO DEFECTS,NOT ON SCENE (DESK REPORT),NO INJURY / DRIVE AWAY,,$500 OR LESS,FOLLOWING TOO CLOSELY,FOLLOWING TOO CLOSELY,6401,N,RIDGE BLVD,2432,2,NO INDICATION OF INJURY,0,0,0,0,0,2,0,16,2,6,41.99808892,-87.67674037
6/22/2019 14:45,30,NO CONTROLS,NO CONTROLS,CLEAR,DAYLIGHT,REAR END,PARKING LOT,STRAIGHT AND LEVEL,DRY,NO DEFECTS,NOT ON SCENE (DESK REPORT),NO INJURY / DRIVE AWAY,,"OVER $1,500",NOT APPLICABLE,NOT APPLICABLE,4730,W,79TH ST,834,2,NO INDICATION OF INJURY,0,0,0,0,0,3,0,14,7,6,41.74928884,-87.74009538
6/20/2019 9:00,30,TRAFFIC SIGNAL,FUNCTIONING PROPERLY,CLOUDY/OVERCAST,DAYLIGHT,TURNING,ONE-WAY,STRAIGHT AND LEVEL,DRY,NO DEFECTS,NOT ON SCENE (DESK REPORT),NO INJURY / DRIVE AWAY,Y,"OVER $1,500",IMPROPER OVERTAKING/PASSING,UNABLE TO DETERMINE,111,W,WASHINGTON ST,122,2,NO INDICATION OF INJURY,0,0,0,0,0,2,0,9,5,6,41.88310096,-87.63126322
6/20/2019 14:06,35,TRAFFIC SIGNAL,FUNCTIONING PROPERLY,CLEAR,DAYLIGHT,REAR END,NOT DIVIDED,STRAIGHT AND LEVEL,DRY,NO DEFECTS,NOT ON SCENE (DESK REPORT),NO INJURY / DRIVE AWAY,,"$501 - $1,500",UNABLE TO DETERMINE,UNABLE TO DETERMINE,3200,W,PERSHING RD,911,2,NO INDICATION OF INJURY,0,0,0,0,0,2,0,14,5,6,41.82269729,-87.70456403
6/21/2019 18:00,30,NO CONTROLS,NO CONTROLS,CLEAR,DAYLIGHT,PARKED MOTOR VEHICLE,PARKING LOT,STRAIGHT AND LEVEL,DRY,NO DEFECTS,NOT ON SCENE (DESK REPORT),NO INJURY / DRIVE AWAY,,"$501 - $1,500",UNABLE TO DETERMINE,UNABLE TO DETERMINE,350,N,ORLEANS ST,1831,2,NO INDICATION OF INJURY,0,0,0,0,0,1,0,18,6,6,41.88874104,-87.63708054
6/16/2019 1:12,30,NO CONTROLS,NO CONTROLS,CLOUDY/OVERCAST,"DARKNESS, LIGHTED ROAD",REAR TO FRONT,ONE-WAY,STRAIGHT AND LEVEL,WET,NO DEFECTS,NOT ON SCENE (DESK REPORT),NO INJURY / DRIVE AWAY,,"$501 - $1,500","OPERATING VEHICLE IN ERRATIC, RECKLESS, CARELESS, NEGLIGENT OR AGGRESSIVE MANNER",NOT APPLICABLE,6245,S,PARKSIDE AVE,812,2,NO INDICATION OF INJURY,0,0,0,0,0,4,0,1,1,6,41.77852142,-87.76281867
6/28/2019 21:00,30,NO CONTROLS,NO CONTROLS,CLEAR,"DARKNESS, LIGHTED ROAD",PARKED MOTOR VEHICLE,NOT DIVIDED,STRAIGHT AND LEVEL,DRY,UNKNOWN,ON SCENE,INJURY AND / OR TOW DUE TO CRASH,,"OVER $1,500",UNDER THE INFLUENCE OF ALCOHOL/DRUGS (USE WHEN ARREST IS EFFECTED),NOT APPLICABLE,3652,N,OAK PARK AVE,1632,3,NO INDICATION OF INJURY,0,0,0,0,0,1,0,21,6,6,41.94693542,-87.79619404
6/25/2019 2:30,30,NO CONTROLS,NO CONTROLS,CLEAR,"DARKNESS, LIGHTED ROAD",PARKED MOTOR VEHICLE,NOT DIVIDED,STRAIGHT AND LEVEL,DRY,NO DEFECTS,ON SCENE,NO INJURY / DRIVE AWAY,,"OVER $1,500",UNABLE TO DETERMINE,NOT APPLICABLE,423,N,LARAMIE AVE,1532,2,NO INDICATION OF INJURY,0,0,0,0,0,1,0,2,3,6,41.88849311,-87.7552162
6/15/2019 1:00,30,NO CONTROLS,NO CONTROLS,UNKNOWN,"DARKNESS, LIGHTED ROAD",PARKED MOTOR VEHICLE,NOT DIVIDED,STRAIGHT AND LEVEL,UNKNOWN,NO DEFECTS,NOT ON SCENE (DESK REPORT),NO INJURY / DRIVE AWAY,,"OVER $1,500",UNABLE TO DETERMINE,NOT APPLICABLE,5833,W,CATALPA AVE,1622,2,NO INDICATION OF INJURY,0,0,0,0,0,1,0,1,7,6,41.98099636,-87.77456954
6/20/2019 11:06,30,NO CONTROLS,NO CONTROLS,CLEAR,DAYLIGHT,PARKED MOTOR VEHICLE,NOT DIVIDED,STRAIGHT AND LEVEL,DRY,NO DEFECTS,NOT ON SCENE (DESK REPORT),NO INJURY / DRIVE AWAY,,"$501 - $1,500",IMPROPER BACKING,UNABLE TO DETERMINE,850,W,WAVELAND AVE,1923,2,NO INDICATION OF INJURY,0,0,0,0,0,1,0,11,5,6,41.94919593,-87.65154409
6/16/2019 19:00,30,NO CONTROLS,NO CONTROLS,CLEAR,"DARKNESS, LIGHTED ROAD",PARKED MOTOR VEHICLE,NOT DIVIDED,STRAIGHT AND LEVEL,DRY,NO DEFECTS,NOT ON SCENE (DESK REPORT),NO INJURY / DRIVE AWAY,,"$501 - $1,500",UNABLE TO DETERMINE,UNABLE TO DETERMINE,1149,W,111TH ST,2234,2,NO INDICATION OF INJURY,0,0,0,0,0,1,0,19,1,6,41.6921352,-87.65160659
6/12/2019 11:20,30,TRAFFIC SIGNAL,FUNCTIONING PROPERLY,RAIN,DAYLIGHT,REAR END,NOT DIVIDED,STRAIGHT AND LEVEL,WET,NO DEFECTS,NOT ON SCENE (DESK REPORT),NO INJURY / DRIVE AWAY,,"OVER $1,500",FOLLOWING TOO CLOSELY,FOLLOWING TOO CLOSELY,628,N,CLARK ST,1832,2,NO INDICATION OF INJURY,0,0,0,0,0,3,0,11,4,6,41.89318763,-87.63131472
6/15/2019 22:23,30,TRAFFIC SIGNAL,FUNCTIONING PROPERLY,CLEAR,"DARKNESS, LIGHTED ROAD",TURNING,DIVIDED - W/MEDIAN BARRIER,STRAIGHT AND LEVEL,DRY,NO DEFECTS,ON SCENE,INJURY AND / OR TOW DUE TO CRASH,Y,"OVER $1,500",FAILING TO REDUCE SPEED TO AVOID CRASH,FAILING TO YIELD RIGHT-OF-WAY,233,S,LOWER WACKER DR,122,2,NONINCAPACITATING INJURY,2,0,0,2,0,0,0,22,7,6,41.87856008,-87.63648715
6/17/2019 15:30,30,NO CONTROLS,NO CONTROLS,CLOUDY/OVERCAST,DAYLIGHT,PARKED MOTOR VEHICLE,DIVIDED - W/MEDIAN BARRIER,STRAIGHT AND LEVEL,DRY,NO DEFECTS,ON SCENE,NO INJURY / DRIVE AWAY,,"OVER $1,500",UNABLE TO DETERMINE,UNABLE TO DETERMINE,5420,S,LAKE PARK AVE,234,2,NO INDICATION OF INJURY,0,0,0,0,0,2,0,15,2,6,41.79741568,-87.58740345
6/15/2019 14:40,30,NO CONTROLS,NO CONTROLS,RAIN,DAYLIGHT,PARKED MOTOR VEHICLE,NOT DIVIDED,STRAIGHT AND LEVEL,WET,NO DEFECTS,NOT ON SCENE (DESK REPORT),NO INJURY / DRIVE AWAY,,"OVER $1,500",UNABLE TO DETERMINE,UNABLE TO DETERMINE,5900,W,BARRY AVE,2514,2,NO INDICATION OF INJURY,0,0,0,0,0,1,0,14,7,6,41.93676271,-87.77378704