CRASH_DATE,POSTED_SPEED_LIMIT,TRAFFIC_CONTROL_DEVICE,DEVICE_CONDITION,WEATHER_CONDITION,LIGHTING_CONDITION,FIRST_CRASH_TYPE,TRAFFICWAY_TYPE,ALIGNMENT,ROADWAY_SURFACE_COND,ROAD_DEFECT,REPORT_TYPE,CRASH_TYPE,INTERSECTION_RELATED_I,DAMAGE,PRIM_CONTRIBUTORY_CAUSE,SEC_CONTRIBUTORY_CAUSE,STREET_NO,STREET_DIRECTION,STREET_NAME,BEAT_OF_OCCURRENCE,NUM_UNITS,MOST_SEVERE_INJURY,INJURIES_TOTAL,INJURIES_FATAL,INJURIES_INCAPACITATING,INJURIES_NON_INCAPACITATING,INJURIES_REPORTED_NOT_EVIDENT,INJURIES_NO_INDICATION,INJURIES_UNKNOWN,CRASH_HOUR,CRASH_DAY_OF_WEEK,CRASH_MONTH,LATITUDE,LONGITUDE
6/26/2019 8:30,30,NO CONTROLS,NO CONTROLS,CLEAR,DAYLIGHT,FIXED OBJECT,NOT DIVIDED,STRAIGHT AND LEVEL,DRY,"RUT, HOLES",NOT ON SCENE (DESK REPORT),NO INJURY / DRIVE AWAY,,"$501 - $1,500",UNABLE TO DETERMINE,UNABLE TO DETERMINE,1790,W,WRIGHTWOOD AVE,1931,1,NO INDICATION OF INJURY,0,0,0,0,0,1,0,8,4,6,41.92882415,-87.67304202
6/20/2019 14:00,30,TRAFFIC SIGNAL,FUNCTIONING PROPERLY,CLEAR,DAYLIGHT,FIXED OBJECT,FOUR WAY,STRAIGHT AND LEVEL,DRY,NO DEFECTS,ON SCENE,INJURY AND / OR TOW DUE TO CRASH,Y,"OVER $1,500",FAILING TO REDUCE SPEED TO AVOID CRASH,NOT APPLICABLE,4001,N,BROADWAY,1915,1,NO INDICATION OF INJURY,0,0,0,0,0,1,0,14,5,6,41.95464159,-87.65042816
6/17/2019 9:20,30,NO CONTROLS,NO CONTROLS,CLEAR,DAYLIGHT,PARKED MOTOR VEHICLE,NOT DIVIDED,STRAIGHT AND LEVEL,DRY,NO DEFECTS,NOT ON SCENE (DESK REPORT),NO INJURY / DRIVE AWAY,,"OVER $1,500",UNABLE TO DETERMINE,NOT APPLICABLE,915,E,60TH ST,235,2,NO INDICATION OF INJURY,0,0,0,0,0,1,0,9,2,6,41.78579096,-87.60374469
6/24/2019 13:29,30,NO CONTROLS,NO CONTROLS,RAIN,DAYLIGHT,TURNING,NOT DIVIDED,STRAIGHT AND LEVEL,WET,NO DEFECTS,ON SCENE,INJURY AND / OR TOW DUE TO CRASH,,"OVER $1,500",FAILING TO YIELD RIGHT-OF-WAY,NOT APPLICABLE,161,W,DIVISION ST,1824,2,NO INDICATION OF INJURY,0,0,0,0,0,3,0,13,2,6,41.90375448,-87.63377391
6/19/2019 20:45,30,NO CONTROLS,NO CONTROLS,RAIN,"DARKNESS, LIGHTED ROAD",SIDESWIPE SAME DIRECTION,ONE-WAY,STRAIGHT AND LEVEL,WET,NO DEFECTS,ON SCENE,NO INJURY / DRIVE AWAY,,"OVER $1,500",FAILING TO YIELD RIGHT-OF-WAY,NOT APPLICABLE,208,N,CLARK ST,122,2,NO INDICATION OF INJURY,0,0,0,0,0,4,0,20,4,6,41.88598621,-87.63112944
6/28/2019 17:05,30,NO CONTROLS,UNKNOWN,CLEAR,DAYLIGHT,PARKED MOTOR VEHICLE,PARKING LOT,STRAIGHT AND LEVEL,DRY,NO DEFECTS,ON SCENE,NO INJURY / DRIVE AWAY,,"$501 - $1,500",UNABLE TO DETERMINE,UNABLE TO DETERMINE,1011,N,ORLEANS ST,1823,2,NO INDICATION OF INJURY,0,0,0,0,0,1,0,17,6,6,41.90089775,-87.63719189
6/20/2019 6:35,30,TRAFFIC SIGNAL,FUNCTIONING PROPERLY,RAIN,DAYLIGHT,REAR END,NOT DIVIDED,STRAIGHT AND LEVEL,WET,UNKNOWN,ON SCENE,NO INJURY / DRIVE AWAY,,"$501 - $1,500",UNABLE TO DETERMINE,UNABLE TO DETERMINE,3519,S,WESTERN BLVD,912,2,NO INDICATION OF INJURY,0,0,0,0,0,2,0,6,5,6,41.82966407,-87.68429522
6/22/2019 11:47,30,NO CONTROLS,NO CONTROLS,CLEAR,DAYLIGHT,PARKED MOTOR VEHICLE,NOT DIVIDED,STRAIGHT AND LEVEL,DRY,NO DEFECTS,NOT ON SCENE (DESK REPORT),NO INJURY / DRIVE AWAY,,"OVER $1,500",UNABLE TO DETERMINE,UNABLE TO DETERMINE,1007,W,GRACE ST,1923,2,NO INDICATION OF INJURY,0,0,0,0,0,1,0,11,7,6,41.95100992,-87.65475274
6/28/2019 16:10,30,NO CONTROLS,NO CONTROLS,CLEAR,DAYLIGHT,SIDESWIPE SAME DIRECTION,NOT DIVIDED,STRAIGHT AND LEVEL,DRY,UNKNOWN,NOT ON SCENE (DESK REPORT),NO INJURY / DRIVE AWAY,,"$501 - $1,500",IMPROPER LANE USAGE,NOT APPLICABLE,7936,S,VINCENNES AVE,621,2,NO INDICATION OF INJURY,0,0,0,0,0,2,0,16,6,6,41.74981194,-87.63461766
6/27/2019 16:35,30,NO CONTROLS,NO CONTROLS,CLEAR,DAYLIGHT,REAR END,DIVIDED - W/MEDIAN BARRIER,STRAIGHT AND LEVEL,DRY,WORN SURFACE,ON SCENE,INJURY AND / OR TOW DUE TO CRASH,,"$501 - $1,500",FOLLOWING TOO CLOSELY,NOT APPLICABLE,402,W,GARFIELD BLVD,935,2,NO INDICATION OF INJURY,0,0,0,0,0,3,0,16,5,6,41.79457924,-87.63579653
6/21/2019 17:15,30,STOP SIGN/FLASHER,FUNCTIONING PROPERLY,CLEAR,DAYLIGHT,SIDESWIPE SAME DIRECTION,NOT DIVIDED,STRAIGHT AND LEVEL,DRY,NO DEFECTS,ON SCENE,NO INJURY / DRIVE AWAY,,"OVER $1,500",FAILING TO YIELD RIGHT-OF-WAY,FOLLOWING TOO CLOSELY,99,E,42ND ST,213,2,NO INDICATION OF INJURY,0,0,0,0,0,2,0,17,6,6,41.818234,-87.62315561
6/30/2019 16:55,30,TRAFFIC SIGNAL,FUNCTIONING PROPERLY,CLEAR,DAYLIGHT,TURNING,T-INTERSECTION,STRAIGHT AND LEVEL,DRY,NO DEFECTS,NOT ON SCENE (DESK REPORT),NO INJURY / DRIVE AWAY,Y,"$501 - $1,500",FAILING TO YIELD RIGHT-OF-WAY,NOT APPLICABLE,3959,W,103RD ST,2211,2,NO INDICATION OF INJURY,0,0,0,0,0,2,0,16,1,6,41.70576565,-87.72085479
6/25/2019 9:33,35,NO CONTROLS,NO CONTROLS,CLEAR,DAYLIGHT,SIDESWIPE SAME DIRECTION,DIVIDED - W/MEDIAN BARRIER,STRAIGHT AND LEVEL,DRY,NO DEFECTS,ON SCENE,NO INJURY / DRIVE AWAY,,"OVER $1,500",IMPROPER LANE USAGE,IMPROPER OVERTAKING/PASSING,8700,S,ANTHONY AVE,412,2,NO INDICATION OF INJURY,0,0,0,0,0,2,0,9,3,6,41.73706395,-87.5689622
6/19/2019 17:15,25,TRAFFIC SIGNAL,UNKNOWN,CLOUDY/OVERCAST,DAWN,REAR END,NOT DIVIDED,STRAIGHT AND LEVEL,DRY,UNKNOWN,NOT ON SCENE (DESK REPORT),NO INJURY / DRIVE AWAY,Y,$500 OR LESS,UNABLE TO DETERMINE,NOT APPLICABLE,200,E,WACKER DR,114,2,NO INDICATION OF INJURY,0,0,0,0,0,3,0,17,4,6,41.88829704,-87.62219224
6/18/2019 12:00,25,NO CONTROLS,NO CONTROLS,CLEAR,DAYLIGHT,REAR END,NOT DIVIDED,STRAIGHT AND LEVEL,DRY,NO DEFECTS,NOT ON SCENE (DESK REPORT),NO INJURY / DRIVE AWAY,,"$501 - $1,500",UNABLE TO DETERMINE,UNABLE TO DETERMINE,849,W,BELMONT AVE,1933,2,NO INDICATION OF INJURY,0,0,0,0,0,2,0,12,3,6,41.93984444,-87.65118006
6/20/2019 6:15,20,NO CONTROLS,NO CONTROLS,CLEAR,DAWN,REAR END,ONE-WAY,STRAIGHT AND LEVEL,DRY,NO DEFECTS,NOT ON SCENE (DESK REPORT),NO INJURY / DRIVE AWAY,,"$501 - $1,500",UNABLE TO DETERMINE,NOT APPLICABLE,440,W,BRIAR PL,1934,2,NO INDICATION OF INJURY,0,0,0,0,0,2,0,6,5,6,41.93884758,-87.64110315
6/28/2019 12:30,30,NO CONTROLS,NO CONTROLS,CLEAR,DAYLIGHT,ANGLE,NOT DIVIDED,STRAIGHT AND LEVEL,DRY,NO DEFECTS,NOT ON SCENE (DESK REPORT),NO INJURY / DRIVE AWAY,,$500 OR LESS,FAILING TO YIELD RIGHT-OF-WAY,NOT APPLICABLE,200,W,VAN BUREN ST,122,2,NO INDICATION OF INJURY,0,0,0,0,0,2,0,12,6,6,41.87695741,-87.63377286
6/19/2019 12:10,35,NO CONTROLS,NO CONTROLS,CLEAR,DAYLIGHT,TURNING,NOT DIVIDED,STRAIGHT AND LEVEL,DRY,NO DEFECTS,ON SCENE,INJURY AND / OR TOW DUE TO CRASH,Y,"OVER $1,500",UNABLE TO DETERMINE,UNABLE TO DETERMINE,237,N,HAMLIN BLVD,1122,2,NONINCAPACITATING INJURY,1,0,0,1,0,1,0,12,4,6,41.88403542,-87.72074094
6/18/2019 14:42,30,NO CONTROLS,NO CONTROLS,CLEAR,DAYLIGHT,SIDESWIPE SAME DIRECTION,NOT DIVIDED,STRAIGHT AND LEVEL,DRY,NO DEFECTS,ON SCENE,NO INJURY / DRIVE AWAY,,"$501 - $1,500",UNABLE TO DETERMINE,NOT APPLICABLE,1157,S,CANAL ST,124,2,NO INDICATION OF INJURY,0,0,0,0,0,2,0,14,3,6,41.86739563,-87.63904467
6/25/2019 20:12,30,TRAFFIC SIGNAL,FUNCTIONING PROPERLY,CLEAR,DUSK,REAR END,NOT DIVIDED,STRAIGHT AND LEVEL,DRY,UNKNOWN,ON SCENE,NO INJURY / DRIVE AWAY,,"OVER $1,500",UNABLE TO DETERMINE,NOT APPLICABLE,2255,E,103RD ST,434,2,NO INDICATION OF INJURY,0,0,0,0,0,4,0,20,3,6,41.70793329,-87.56834912
6/20/2019 17:46,30,TRAFFIC SIGNAL,FUNCTIONING PROPERLY,CLEAR,DAYLIGHT,REAR END,DIVIDED - W/MEDIAN BARRIER,STRAIGHT AND LEVEL,DRY,NO DEFECTS,ON SCENE,INJURY AND / OR TOW DUE TO CRASH,,"OVER $1,500",FOLLOWING TOO CLOSELY,UNABLE TO DETERMINE,2009,W,87TH ST,2221,4,NONINCAPACITATING INJURY,2,0,0,2,0,5,0,17,5,6,41.73554814,-87.67323371
6/15/2019 11:13,30,TRAFFIC SIGNAL,FUNCTIONING PROPERLY,CLEAR,DAYLIGHT,REAR END,NOT DIVIDED,STRAIGHT AND LEVEL,DRY,NO DEFECTS,NOT ON SCENE (DESK REPORT),NO INJURY / DRIVE AWAY,,"OVER $1,500",UNABLE TO DETERMINE,UNABLE TO DETERMINE,2600,N,CANNON DR,1935,2,NO INDICATION OF INJURY,0,0,0,0,0,2,0,11,7,6,41.92967872,-87.63623992
6/25/2019 11:38,35,NO CONTROLS,NO CONTROLS,CLEAR,DAYLIGHT,SIDESWIPE OPPOSITE DIRECTION,DIVIDED - W/MEDIAN (NOT RAISED),STRAIGHT AND LEVEL,DRY,NO DEFECTS,ON SCENE,INJURY AND / OR TOW DUE TO CRASH,,"OVER $1,500",UNDER THE INFLUENCE OF ALCOHOL/DRUGS (USE WHEN ARREST IS EFFECTED),FAILING TO REDUCE SPEED TO AVOID CRASH,3010,S,KEDZIE AVE,1032,2,NONINCAPACITATING INJURY,1,0,0,1,0,1,0,11,3,6,41.83868045,-87.70501063
6/17/2019 10:00,30,TRAFFIC SIGNAL,FUNCTIONING PROPERLY,CLEAR,DAYLIGHT,TURNING,DIVIDED - W/MEDIAN (NOT RAISED),STRAIGHT AND LEVEL,DRY,NO DEFECTS,NOT ON SCENE (DESK REPORT),NO INJURY / DRIVE AWAY,,"$501 - $1,500",IMPROPER OVERTAKING/PASSING,NOT APPLICABLE,222,W,ADAMS ST,122,2,NO INDICATION OF INJURY,0,0,0,0,0,2,0,10,2,6,41.87948775,-87.63444223
6/18/2019 9:30,25,NO CONTROLS,NO CONTROLS,CLEAR,DAYLIGHT,PARKED MOTOR VEHICLE,ONE-WAY,STRAIGHT AND LEVEL,DRY,NO DEFECTS,NOT ON SCENE (DESK REPORT),NO INJURY / DRIVE AWAY,,"$501 - $1,500",UNABLE TO DETERMINE,UNABLE TO DETERMINE,2170,W,BOWLER ST,1225,2,NO INDICATION OF INJURY,0,0,0,0,0,1,0,9,3,6,41.87062157,-87.68066165
6/29/2019 7:45,15,NO CONTROLS,NO CONTROLS,CLEAR,DAYLIGHT,REAR END,PARKING LOT,STRAIGHT AND LEVEL,DRY,NO DEFECTS,NOT ON SCENE (DESK REPORT),NO INJURY / DRIVE AWAY,,"OVER $1,500",UNABLE TO DETERMINE,UNABLE TO DETERMINE,7601,S,STONY ISLAND AVE,411,2,NO INDICATION OF INJURY,0,0,0,0,0,2,0,7,7,6,41.75690491,-87.58554286
6/27/2019 13:00,30,NO CONTROLS,NO CONTROLS,CLEAR,DAYLIGHT,PARKED MOTOR VEHICLE,DIVIDED - W/MEDIAN (NOT RAISED),STRAIGHT AND LEVEL,DRY,NO DEFECTS,NOT ON SCENE (DESK REPORT),NO INJURY / DRIVE AWAY,,"$501 - $1,500",UNABLE TO DETERMINE,NOT APPLICABLE,2840,N,LINCOLN AVE,1932,2,NO INDICATION OF INJURY,0,0,0,0,0,1,0,13,5,6,41.93339147,-87.66008188
6/28/2019 22:55,30,TRAFFIC SIGNAL,FUNCTIONING PROPERLY,CLEAR,"DARKNESS, LIGHTED ROAD",TURNING,FOUR WAY,STRAIGHT AND LEVEL,DRY,NO DEFECTS,ON SCENE,NO INJURY / DRIVE AWAY,Y,"$501 - $1,500",FAILING TO YIELD RIGHT-OF-WAY,IMPROPER OVERTAKING/PASSING,700,W,ROOSEVELT RD,1232,2,NO INDICATION OF INJURY,0,0,0,0,0,2,0,22,6,6,41.86728716,-87.64524694
6/29/2019 23:15,30,STOP SIGN/FLASHER,FUNCTIONING PROPERLY,CLEAR,"DARKNESS, LIGHTED ROAD",PARKED MOTOR VEHICLE,ONE-WAY,STRAIGHT AND LEVEL,DRY,NO DEFECTS,NOT ON SCENE (DESK REPORT),NO INJURY / DRIVE AWAY,,"OVER $1,500",UNABLE TO DETERMINE,UNABLE TO DETERMINE,1824,W,83RD ST,614,2,NO INDICATION OF INJURY,0,0,0,0,0,1,0,23,7,6,41.74310311,-87.66918076
6/18/2019 12:17,30,TRAFFIC SIGNAL,FUNCTIONING PROPERLY,CLEAR,DAYLIGHT,ANGLE,NOT DIVIDED,STRAIGHT AND LEVEL,DRY,NO DEFECTS,ON SCENE,INJURY AND / OR TOW DUE TO CRASH,Y,"OVER $1,500",DISREGARDING TRAFFIC SIGNALS,FAILING TO YIELD RIGHT-OF-WAY,600,N,LA SALLE DR,1832,2,NO INDICATION OF INJURY,0,0,0,0,0,2,0,12,3,6,41.89244528,-87.63275537
6/21/2019 8:00,30,NO CONTROLS,NO CONTROLS,CLEAR,DAYLIGHT,PARKED MOTOR VEHICLE,ONE-WAY,STRAIGHT AND LEVEL,DRY,NO DEFECTS,NOT ON SCENE (DESK REPORT),NO INJURY / DRIVE AWAY,,"$501 - $1,500",UNABLE TO DETERMINE,NOT APPLICABLE,1016,N,WALLER AVE,1511,2,NO INDICATION OF INJURY,0,0,0,0,0,1,0,8,6,6,41.89900278,-87.76811563
6/16/2019 13:00,25,NO CONTROLS,NO CONTROLS,CLEAR,UNKNOWN,PARKED MOTOR VEHICLE,NOT DIVIDED,STRAIGHT AND LEVEL,DRY,NO DEFECTS,NOT ON SCENE (DESK REPORT),NO INJURY / DRIVE AWAY,,"$501 - $1,500",NOT APPLICABLE,NOT APPLICABLE,1099,W,WINONA ST,2024,2,NO INDICATION OF INJURY,0,0,0,0,0,1,0,13,1,6,41.97513052,-87.65771381
6/30/2019 23:00,25,TRAFFIC SIGNAL,FUNCTIONING PROPERLY,UNKNOWN,UNKNOWN,PARKED MOTOR VEHICLE,ONE-WAY,STRAIGHT AND LEVEL,UNKNOWN,NO DEFECTS,ON SCENE,NO INJURY / DRIVE AWAY,,"OVER $1,500",NOT APPLICABLE,NOT APPLICABLE,1448,W,BALMORAL AVE,2013,2,NO INDICATION OF INJURY,0,0,0,0,0,1,0,23,1,6,41.97997841,-87.66678842
6/29/2019 21:30,30,UNKNOWN,UNKNOWN,UNKNOWN,UNKNOWN,TURNING,NOT DIVIDED,STRAIGHT AND LEVEL,UNKNOWN,UNKNOWN,NOT ON SCENE (DESK REPORT),NO INJURY / DRIVE AWAY,,"$501 - $1,500",IMPROPER TURNING/NO SIGNAL,UNABLE TO DETERMINE,1332,W,DIVISION ST,1433,2,NO INDICATION OF INJURY,0,0,0,0,0,2,0,21,7,6,41.90353679,-87.66185958
6/28/2019 14:25,30,NO CONTROLS,NO CONTROLS,CLEAR,DAYLIGHT,REAR END,NOT DIVIDED,STRAIGHT AND LEVEL,DRY,NO DEFECTS,ON SCENE,NO INJURY / DRIVE AWAY,,"$501 - $1,500",FOLLOWING TOO CLOSELY,NOT APPLICABLE,200,W,87TH ST,622,2,NO INDICATION OF INJURY,0,0,0,0,0,2,0,14,6,6,41.7362617,-87.62906472
6/28/2019 14:51,25,BICYCLE CROSSING SIGN,NO CONTROLS,CLEAR,DAYLIGHT,PEDESTRIAN,DIVIDED - W/MEDIAN (NOT RAISED),STRAIGHT AND LEVEL,DRY,NO DEFECTS,ON SCENE,NO INJURY / DRIVE AWAY,Y,$500 OR LESS,UNABLE TO DETERMINE,UNABLE TO DETERMINE,3934,N,LINCOLN AVE,1922,2,NO INDICATION OF INJURY,0,0,0,0,0,2,0,14,6,6,41.95330494,-87.67832896
6/30/2019 3:26,30,NO CONTROLS,NO CONTROLS,CLEAR,DUSK,PARKED MOTOR VEHICLE,NOT DIVIDED,STRAIGHT AND LEVEL,DRY,NO DEFECTS,ON SCENE,INJURY AND / OR TOW DUE TO CRASH,,"OVER $1,500",UNABLE TO DETERMINE,UNABLE TO DETERMINE,4518,N,KIMBALL AVE,1723,7,NO INDICATION OF INJURY,0,0,0,0,0,1,0,3,1,6,41.96352979,-87.71336126
6/21/2019 14:08,35,UNKNOWN,UNKNOWN,CLEAR,DAYLIGHT,TURNING,NOT DIVIDED,STRAIGHT AND LEVEL,DRY,NO DEFECTS,ON SCENE,NO INJURY / DRIVE AWAY,,"OVER $1,500",UNABLE TO DETERMINE,NOT APPLICABLE,2415,W,IRVING PARK RD,1921,2,NO INDICATION OF INJURY,0,0,0,0,0,2,0,14,6,6,41.95389344,-87.68910693
6/27/2019 15:00,10,NO CONTROLS,NO CONTROLS,CLEAR,DAYLIGHT,REAR TO SIDE,PARKING LOT,STRAIGHT AND LEVEL,DRY,NO DEFECTS,ON SCENE,NO INJURY / DRIVE AWAY,,"OVER $1,500",IMPROPER BACKING,NOT APPLICABLE,5501,N,KEDZIE AVE,1712,2,NO INDICATION OF INJURY,0,0,0,0,0,2,0,15,5,6,41.98135196,-87.70867192
6/20/2019 8:56,30,NO CONTROLS,NO CONTROLS,RAIN,DAYLIGHT,SIDESWIPE SAME DIRECTION,DIVIDED - W/MEDIAN (NOT RAISED),STRAIGHT AND LEVEL,WET,NO DEFECTS,ON SCENE,NO INJURY / DRIVE AWAY,,"$501 - $1,500",IMPROPER LANE USAGE,UNABLE TO DETERMINE,2666,W,FULLERTON AVE,1431,2,NO INDICATION OF INJURY,0,0,0,0,0,3,0,8,5,6,41.92494197,-87.69491046
6/30/2019 15:38,30,NO CONTROLS,NO CONTROLS,RAIN,DAYLIGHT,ANGLE,DIVIDED - W/MEDIAN (NOT RAISED),STRAIGHT AND LEVEL,WET,NO DEFECTS,ON SCENE,NO INJURY / DRIVE AWAY,,"OVER $1,500",FAILING TO YIELD RIGHT-OF-WAY,NOT APPLICABLE,6343,S,PULASKI RD,823,2,NO INDICATION OF INJURY,0,0,0,0,0,8,0,15,1,6,41.77734892,-87.7225817
6/26/2019 5:00,20,NO CONTROLS,NO CONTROLS,CLEAR,"DARKNESS, LIGHTED ROAD",PARKED MOTOR VEHICLE,ONE-WAY,STRAIGHT AND LEVEL,DRY,NO DEFECTS,NOT ON SCENE (DESK REPORT),NO INJURY / DRIVE AWAY,,$500 OR LESS,NOT APPLICABLE,NOT APPLICABLE,7346,S,WINCHESTER AVE,735,2,NO INDICATION OF INJURY,0,0,0,0,0,1,0,5,4,6,41.7597755,-87.6723327
6/17/2019 11:45,30,TRAFFIC SIGNAL,UNKNOWN,CLEAR,DAYLIGHT,TURNING,FOUR WAY,STRAIGHT AND LEVEL,DRY,UNKNOWN,ON SCENE,NO INJURY / DRIVE AWAY,Y,"$501 - $1,500",FAILING TO YIELD RIGHT-OF-WAY,UNABLE TO DETERMINE,3545,N,CICERO AVE,1731,2,NO INDICATION OF INJURY,0,0,0,0,0,2,0,11,2,6,41.94602823,-87.74691055
6/21/2019 14:10,30,TRAFFIC SIGNAL,FUNCTIONING PROPERLY,CLEAR,DAYLIGHT,TURNING,ONE-WAY,STRAIGHT AND LEVEL,DRY,NO DEFECTS,NOT ON SCENE (DESK REPORT),NO INJURY / DRIVE AWAY,Y,"OVER $1,500",IMPROPER LANE USAGE,IMPROPER TURNING/NO SIGNAL,225,W,RANDOLPH ST,122,2,NO INDICATION OF INJURY,0,0,0,0,0,2,0,14,6,6,41.88435558,-87.63463655
6/24/2019 10:00,30,NO CONTROLS,NO CONTROLS,CLEAR,DAYLIGHT,PARKED MOTOR VEHICLE,PARKING LOT,STRAIGHT AND LEVEL,DRY,UNKNOWN,NOT ON SCENE (DESK REPORT),NO INJURY / DRIVE AWAY,,"OVER $1,500",UNABLE TO DETERMINE,UNABLE TO DETERMINE,112,W,87TH ST,622,2,NO INDICATION OF INJURY,0,0,0,0,0,1,0,10,2,6,41.73638005,-87.62750922
6/19/2019 6:13,30,TRAFFIC SIGNAL,FUNCTIONING PROPERLY,CLEAR,DAYLIGHT,ANGLE,DIVIDED - W/MEDIAN (NOT RAISED),STRAIGHT AND LEVEL,DRY,NO DEFECTS,ON SCENE,INJURY AND / OR TOW DUE TO CRASH,Y,"OVER $1,500",DISREGARDING TRAFFIC SIGNALS,NOT APPLICABLE,140,W,RANDOLPH ST,122,2,"REPORTED, NOT EVIDENT",2,0,0,0,2,0,0,6,4,6,41.88458269,-87.6321357
6/23/2019 18:05,35,TRAFFIC SIGNAL,FUNCTIONING PROPERLY,RAIN,DAYLIGHT,ANGLE,UNKNOWN INTERSECTION TYPE,STRAIGHT AND LEVEL,WET,NO DEFECTS,ON SCENE,NO INJURY / DRIVE AWAY,Y,"$501 - $1,500",UNABLE TO DETERMINE,UNABLE TO DETERMINE,6369,N,MILWAUKEE AVE,1611,2,NO INDICATION OF INJURY,0,0,0,0,0,3,0,18,1,6,41.9967495,-87.78713038
6/28/2019 13:45,30,NO CONTROLS,NO CONTROLS,CLEAR,DAYLIGHT,PARKED MOTOR VEHICLE,NOT DIVIDED,STRAIGHT AND LEVEL,DRY,NO DEFECTS,NOT ON SCENE (DESK REPORT),NO INJURY / DRIVE AWAY,,"OVER $1,500",IMPROPER LANE USAGE,NOT APPLICABLE,4014,W,CHICAGO AVE,1111,2,NO INDICATION OF INJURY,0,0,0,0,0,1,0,13,6,6,41.89546789,-87.72666482
6/17/2019 17:00,30,NO CONTROLS,NO CONTROLS,CLEAR,DAYLIGHT,PARKED MOTOR VEHICLE,NOT DIVIDED,STRAIGHT AND LEVEL,DRY,NO DEFECTS,ON SCENE,NO INJURY / DRIVE AWAY,,"OVER $1,500",UNABLE TO DETERMINE,UNABLE TO DETERMINE,431,E,76TH ST,624,2,NO INDICATION OF INJURY,0,0,0,0,0,1,0,17,2,6,41.75649421,-87.61390148
6/24/2019 4:52,30,TRAFFIC SIGNAL,FUNCTIONING PROPERLY,CLEAR,DAYLIGHT,REAR END,NOT DIVIDED,STRAIGHT AND LEVEL,WET,NO DEFECTS,ON SCENE,INJURY AND / OR TOW DUE TO CRASH,,"$501 - $1,500",FOLLOWING TOO CLOSELY,FAILING TO REDUCE SPEED TO AVOID CRASH,7899,S,WESTERN AVE,835,2,NONINCAPACITATING INJURY,1,0,0,1,0,1,0,4,2,6,41.75019716,-87.68270365
6/18/2019 8:35,30,TRAFFIC SIGNAL,NO CONTROLS,CLEAR,DAYLIGHT,SIDESWIPE SAME DIRECTION,NOT DIVIDED,STRAIGHT AND LEVEL,DRY,NO DEFECTS,NOT ON SCENE (DESK REPORT),NO INJURY / DRIVE AWAY,Y,"OVER $1,500",FAILING TO YIELD RIGHT-OF-WAY,NOT APPLICABLE,2355,N,CICERO AVE,2522,2,NO INDICATION OF INJURY,0,0,0,0,0,2,0,8,3,6,41.92407872,-87.74614957
6/19/2019 19:00,30,STOP SIGN/FLASHER,FUNCTIONING PROPERLY,RAIN,DAYLIGHT,ANGLE,NOT DIVIDED,STRAIGHT AND LEVEL,WET,UNKNOWN,NOT ON SCENE (DESK REPORT),NO INJURY / DRIVE AWAY,Y,"OVER $1,500",FAILING TO YIELD RIGHT-OF-WAY,NOT APPLICABLE,401,N,LARAMIE AVE,1532,2,NO INDICATION OF INJURY,0,0,0,0,0,5,0,19,4,6,41.88786906,-87.75519264
6/28/2019 12:45,35,NO CONTROLS,NO CONTROLS,CLEAR,DAYLIGHT,REAR END,DIVIDED - W/MEDIAN (NOT RAISED),STRAIGHT AND LEVEL,DRY,NO DEFECTS,ON SCENE,INJURY AND / OR TOW DUE TO CRASH,,"$501 - $1,500",UNABLE TO DETERMINE,UNABLE TO DETERMINE,1535,S,WESTERN AVE,1233,2,NONINCAPACITATING INJURY,1,0,0,1,0,1,0,12,6,6,41.86009945,-87.68570716
6/28/2019 14:09,30,TRAFFIC SIGNAL,FUNCTIONING PROPERLY,CLEAR,DAYLIGHT,TURNING,T-INTERSECTION,STRAIGHT AND LEVEL,DRY,NO DEFECTS,ON SCENE,INJURY AND / OR TOW DUE TO CRASH,Y,"OVER $1,500",EQUIPMENT - VEHICLE CONDITION,UNABLE TO DETERMINE,2630,E,103RD ST,431,2,NO INDICATION OF INJURY,0,0,0,0,0,2,0,14,6,6,41.70827661,-87.55972622
6/23/2019 15:54,30,TRAFFIC SIGNAL,NO CONTROLS,RAIN,DAYLIGHT,SIDESWIPE SAME DIRECTION,NOT DIVIDED,STRAIGHT AND LEVEL,WET,UNKNOWN,NOT ON SCENE (DESK REPORT),INJURY AND / OR TOW DUE TO CRASH,,"$501 - $1,500",UNABLE TO DETERMINE,UNABLE TO DETERMINE,9501,S,STONY ISLAND AVE,431,2,"REPORTED, NOT EVIDENT",5,0,0,0,5,3,0,15,1,6,41.72224382,-87.58496912
6/22/2019 20:00,25,NO CONTROLS,NO CONTROLS,CLEAR,DUSK,PEDALCYCLIST,NOT DIVIDED,STRAIGHT AND LEVEL,DRY,NO DEFECTS,NOT ON SCENE (DESK REPORT),NO INJURY / DRIVE AWAY,,$500 OR LESS,FAILING TO YIELD RIGHT-OF-WAY,FAILING TO YIELD RIGHT-OF-WAY,2826,W,FULTON ST,1222,2,NO INDICATION OF INJURY,0,0,0,0,0,2,0,20,7,6,41.88663505,-87.69748829
6/23/2019 13:00,25,NO CONTROLS,NO CONTROLS,CLEAR,DAYLIGHT,TURNING,DIVIDED - W/MEDIAN (NOT RAISED),STRAIGHT AND LEVEL,DRY,NO DEFECTS,NOT ON SCENE (DESK REPORT),NO INJURY / DRIVE AWAY,Y,"OVER $1,500",DRIVING SKILLS/KNOWLEDGE/EXPERIENCE,NOT APPLICABLE,1133,E,83RD ST,412,,,,,,,,,,13,1,6,41.74396258,-87.59639856