CRASH_DATE,POSTED_SPEED_LIMIT,TRAFFIC_CONTROL_DEVICE,DEVICE_CONDITION,WEATHER_CONDITION,LIGHTING_CONDITION,FIRST_CRASH_TYPE,TRAFFICWAY_TYPE,ALIGNMENT,ROADWAY_SURFACE_COND,ROAD_DEFECT,REPORT_TYPE,CRASH_TYPE,INTERSECTION_RELATED_I,DAMAGE,PRIM_CONTRIBUTORY_CAUSE,SEC_CONTRIBUTORY_CAUSE,STREET_NO,STREET_DIRECTION,STREET_NAME,BEAT_OF_OCCURRENCE,NUM_UNITS,MOST_SEVERE_INJURY,INJURIES_TOTAL,INJURIES_FATAL,INJURIES_INCAPACITATING,INJURIES_NON_INCAPACITATING,INJURIES_REPORTED_NOT_EVIDENT,INJURIES_NO_INDICATION,INJURIES_UNKNOWN,CRASH_HOUR,CRASH_DAY_OF_WEEK,CRASH_MONTH,LATITUDE,LONGITUDE
6/18/2019 21:09,30,NO CONTROLS,NO CONTROLS,CLEAR,DUSK,SIDESWIPE SAME DIRECTION,DIVIDED - W/MEDIAN (NOT RAISED),STRAIGHT AND LEVEL,DRY,NO DEFECTS,ON SCENE,NO INJURY / DRIVE AWAY,,"OVER $1,500",FAILING TO YIELD RIGHT-OF-WAY,DRIVING SKILLS/KNOWLEDGE/EXPERIENCE,5153,S,PULASKI RD,822,2,NO INDICATION OF INJURY,0,0,0,0,0,5,0,21,3,6,41.79896098,-87.72317964
6/28/2019 3:45,10,NO CONTROLS,NO CONTROLS,UNKNOWN,DAYLIGHT,PARKED MOTOR VEHICLE,PARKING LOT,STRAIGHT AND LEVEL,UNKNOWN,NO DEFECTS,NOT ON SCENE (DESK REPORT),NO INJURY / DRIVE AWAY,,$500 OR LESS,UNABLE TO DETERMINE,NOT APPLICABLE,2006,W,DIVISION ST,1424,2,NO INDICATION OF INJURY,0,0,0,0,0,1,0,3,6,6,41.9032948,-87.67761095
6/22/2019 13:30,10,NO CONTROLS,NO CONTROLS,CLEAR,DAYLIGHT,PARKED MOTOR VEHICLE,PARKING LOT,STRAIGHT AND LEVEL,DRY,UNKNOWN,NOT ON SCENE (DESK REPORT),NO INJURY / DRIVE AWAY,,"OVER $1,500",DRIVING SKILLS/KNOWLEDGE/EXPERIENCE,UNABLE TO DETERMINE,112,W,87TH ST,622,2,NO INDICATION OF INJURY,0,0,0,0,0,1,0,13,7,6,41.73638005,-87.62750922
6/21/2019 19:30,30,NO CONTROLS,FUNCTIONING PROPERLY,CLEAR,DAYLIGHT,SIDESWIPE SAME DIRECTION,ONE-WAY,STRAIGHT AND LEVEL,UNKNOWN,NO DEFECTS,NOT ON SCENE (DESK REPORT),NO INJURY / DRIVE AWAY,,"OVER $1,500",NOT APPLICABLE,NOT APPLICABLE,4635,S,KOMENSKY AVE,815,2,NO INDICATION OF INJURY,0,0,0,0,0,2,0,19,6,6,41.80863143,-87.7246885
6/26/2019 20:30,15,NO CONTROLS,NO CONTROLS,RAIN,DARKNESS,OTHER OBJECT,PARKING LOT,STRAIGHT AND LEVEL,WET,NO DEFECTS,NOT ON SCENE (DESK REPORT),NO INJURY / DRIVE AWAY,,"OVER $1,500",UNABLE TO DETERMINE,UNABLE TO DETERMINE,1665,W,LAKE ST,1224,1,NO INDICATION OF INJURY,0,0,0,0,0,3,0,20,4,6,41.8851593,-87.66872401
6/19/2019 15:25,30,NO CONTROLS,NO CONTROLS,CLEAR,DAYLIGHT,ANGLE,NOT DIVIDED,STRAIGHT AND LEVEL,DRY,NO DEFECTS,ON SCENE,INJURY AND / OR TOW DUE TO CRASH,Y,"$501 - $1,500",FAILING TO YIELD RIGHT-OF-WAY,UNABLE TO DETERMINE,3030,W,CULLOM AVE,1724,2,NO INDICATION OF INJURY,0,0,0,0,0,2,0,15,4,6,41.95950487,-87.7045873
6/29/2019 23:00,30,NO CONTROLS,NO CONTROLS,CLEAR,"DARKNESS, LIGHTED ROAD",TURNING,NOT DIVIDED,STRAIGHT AND LEVEL,DRY,NO DEFECTS,ON SCENE,NO INJURY / DRIVE AWAY,,"$501 - $1,500",IMPROPER OVERTAKING/PASSING,FAILING TO REDUCE SPEED TO AVOID CRASH,440,N,WABASH AVE,1834,2,NO INDICATION OF INJURY,0,0,0,0,0,2,0,23,7,6,41.89048644,-87.62682446
6/23/2019 18:00,30,NO CONTROLS,NO CONTROLS,CLEAR,DAYLIGHT,PARKED MOTOR VEHICLE,ONE-WAY,STRAIGHT AND LEVEL,DRY,NO DEFECTS,NOT ON SCENE (DESK REPORT),NO INJURY / DRIVE AWAY,,"$501 - $1,500",DRIVING SKILLS/KNOWLEDGE/EXPERIENCE,UNABLE TO DETERMINE,8047,S,MORGAN ST,621,2,NO INDICATION OF INJURY,0,0,0,0,0,1,0,18,1,6,41.74736063,-87.64865131
6/22/2019 15:15,30,NO CONTROLS,NO CONTROLS,CLEAR,DAYLIGHT,SIDESWIPE SAME DIRECTION,ONE-WAY,STRAIGHT ON GRADE,DRY,NO DEFECTS,ON SCENE,NO INJURY / DRIVE AWAY,,"OVER $1,500",IMPROPER LANE USAGE,NOT APPLICABLE,455,W,MADISON ST,121,2,NO INDICATION OF INJURY,0,0,0,0,0,2,0,15,7,6,41.88177389,-87.63963922
6/23/2019 14:26,30,TRAFFIC SIGNAL,FUNCTIONING PROPERLY,RAIN,DAYLIGHT,FIXED OBJECT,NOT DIVIDED,STRAIGHT AND LEVEL,WET,NO DEFECTS,ON SCENE,INJURY AND / OR TOW DUE TO CRASH,,"OVER $1,500",PHYSICAL CONDITION OF DRIVER,PHYSICAL CONDITION OF DRIVER,2457,S,KEDZIE AVE,1033,1,NONINCAPACITATING INJURY,1,0,0,1,0,0,0,14,1,6,41.84648284,-87.70495143
6/30/2019 0:20,30,TRAFFIC SIGNAL,FUNCTIONING PROPERLY,CLEAR,"DARKNESS, LIGHTED ROAD",SIDESWIPE SAME DIRECTION,DIVIDED - W/MEDIAN (NOT RAISED),STRAIGHT AND LEVEL,DRY,NO DEFECTS,NOT ON SCENE (DESK REPORT),NO INJURY / DRIVE AWAY,,"$501 - $1,500",IMPROPER OVERTAKING/PASSING,NOT APPLICABLE,7128,W,DEVON AVE,1611,2,NO INDICATION OF INJURY,0,0,0,0,0,3,0,0,1,6,41.99789416,-87.80603199
6/16/2019 17:00,30,NO CONTROLS,NO CONTROLS,UNKNOWN,UNKNOWN,PARKED MOTOR VEHICLE,UNKNOWN,STRAIGHT AND LEVEL,UNKNOWN,UNKNOWN,NOT ON SCENE (DESK REPORT),NO INJURY / DRIVE AWAY,,"$501 - $1,500",UNABLE TO DETERMINE,NOT APPLICABLE,9801,S,AVENUE G,432,2,NO INDICATION OF INJURY,0,0,0,0,0,1,0,17,1,6,41.71772004,-87.53150812
6/16/2019 6:45,25,TRAFFIC SIGNAL,FUNCTIONING PROPERLY,CLOUDY/OVERCAST,DAYLIGHT,PEDESTRIAN,OTHER,STRAIGHT AND LEVEL,WET,NO DEFECTS,NOT ON SCENE (DESK REPORT),INJURY AND / OR TOW DUE TO CRASH,,$500 OR LESS,FAILING TO YIELD RIGHT-OF-WAY,UNABLE TO DETERMINE,219,S,DEARBORN ST,113,2,"REPORTED, NOT EVIDENT",1,0,0,0,1,1,0,6,1,6,41.87896684,-87.62919336
6/21/2019 8:30,15,UNKNOWN,UNKNOWN,CLEAR,DAYLIGHT,OTHER OBJECT,OTHER,STRAIGHT AND LEVEL,DRY,NO DEFECTS,NOT ON SCENE (DESK REPORT),NO INJURY / DRIVE AWAY,,"OVER $1,500",UNABLE TO DETERMINE,UNABLE TO DETERMINE,4338,W,WABANSIA AVE,2534,1,NO INDICATION OF INJURY,0,0,0,0,0,1,0,8,6,6,41.91170094,-87.73525152
6/16/2019 10:45,30,STOP SIGN/FLASHER,FUNCTIONING PROPERLY,RAIN,DAYLIGHT,ANGLE,FOUR WAY,STRAIGHT AND LEVEL,WET,"RUT, HOLES",ON SCENE,INJURY AND / OR TOW DUE TO CRASH,Y,"OVER $1,500",UNABLE TO DETERMINE,UNABLE TO DETERMINE,828,W,ADAMS ST,1232,2,NONINCAPACITATING INJURY,1,0,0,1,0,1,0,10,1,6,41.87930887,-87.64839743
6/15/2019 17:00,30,NO CONTROLS,NO CONTROLS,CLEAR,DAYLIGHT,TURNING,DIVIDED - W/MEDIAN (NOT RAISED),STRAIGHT AND LEVEL,DRY,NO DEFECTS,NOT ON SCENE (DESK REPORT),NO INJURY / DRIVE AWAY,,"$501 - $1,500",IMPROPER OVERTAKING/PASSING,NOT APPLICABLE,3833,W,CERMAK RD,1013,2,NO INDICATION OF INJURY,0,0,0,0,0,2,0,17,7,6,41.8514861,-87.72103896
6/19/2019 18:43,30,TRAFFIC SIGNAL,FUNCTIONING PROPERLY,RAIN,"DARKNESS, LIGHTED ROAD",ANGLE,DIVIDED - W/MEDIAN (NOT RAISED),STRAIGHT ON HILLCREST,WET,NO DEFECTS,NOT ON SCENE (DESK REPORT),NO INJURY / DRIVE AWAY,Y,"OVER $1,500",FAILING TO YIELD RIGHT-OF-WAY,FAILING TO YIELD RIGHT-OF-WAY,7200,N,ROGERS AVE,2424,2,NO INDICATION OF INJURY,0,0,0,0,0,2,0,18,4,6,42.01264548,-87.68265298
6/23/2019 3:30,30,TRAFFIC SIGNAL,FUNCTIONING PROPERLY,CLEAR,"DARKNESS, LIGHTED ROAD",ANGLE,FOUR WAY,STRAIGHT AND LEVEL,DRY,NO DEFECTS,ON SCENE,INJURY AND / OR TOW DUE TO CRASH,Y,"OVER $1,500",DRIVING ON WRONG SIDE/WRONG WAY,DISREGARDING TRAFFIC SIGNALS,231,W,GARFIELD BLVD,711,2,NO INDICATION OF INJURY,0,0,0,0,0,3,0,3,1,6,41.79406846,-87.63176508
6/22/2019 16:30,30,TRAFFIC SIGNAL,FUNCTIONING PROPERLY,CLEAR,DAYLIGHT,SIDESWIPE SAME DIRECTION,NOT DIVIDED,STRAIGHT AND LEVEL,DRY,NO DEFECTS,NOT ON SCENE (DESK REPORT),NO INJURY / DRIVE AWAY,,$500 OR LESS,UNABLE TO DETERMINE,NOT APPLICABLE,530,N,LA SALLE DR,1831,2,NO INDICATION OF INJURY,0,0,0,0,0,2,0,16,7,6,41.89168232,-87.63273071
6/16/2019 0:30,30,UNKNOWN,UNKNOWN,RAIN,DARKNESS,ANGLE,UNKNOWN,STRAIGHT AND LEVEL,UNKNOWN,UNKNOWN,NOT ON SCENE (DESK REPORT),NO INJURY / DRIVE AWAY,Y,"OVER $1,500",UNABLE TO DETERMINE,NOT APPLICABLE,3309,N,SEMINARY AVE,1924,2,NO INDICATION OF INJURY,0,0,0,0,0,5,0,0,1,6,41.94202644,-87.65645436
6/16/2019 18:50,30,NO CONTROLS,NO CONTROLS,CLOUDY/OVERCAST,DAYLIGHT,PARKED MOTOR VEHICLE,ONE-WAY,STRAIGHT AND LEVEL,DRY,NO DEFECTS,ON SCENE,NO INJURY / DRIVE AWAY,,"OVER $1,500",NOT APPLICABLE,UNABLE TO DETERMINE,1636,S,TRUMBULL AVE,1021,2,NO INDICATION OF INJURY,0,0,0,0,0,2,0,18,1,6,41.85789849,-87.71166657
6/25/2019 8:30,30,TRAFFIC SIGNAL,FUNCTIONING PROPERLY,CLEAR,DAYLIGHT,SIDESWIPE SAME DIRECTION,NOT DIVIDED,STRAIGHT AND LEVEL,DRY,NO DEFECTS,NOT ON SCENE (DESK REPORT),NO INJURY / DRIVE AWAY,Y,"OVER $1,500",IMPROPER TURNING/NO SIGNAL,FAILING TO YIELD RIGHT-OF-WAY,4391,N,LARAMIE AVE,1624,2,NO INDICATION OF INJURY,0,0,0,0,0,2,0,8,3,6,41.96055677,-87.75723824
6/22/2019 18:45,30,TRAFFIC SIGNAL,FUNCTIONING PROPERLY,CLEAR,DAYLIGHT,SIDESWIPE SAME DIRECTION,DIVIDED - W/MEDIAN (NOT RAISED),STRAIGHT AND LEVEL,DRY,NO DEFECTS,NOT ON SCENE (DESK REPORT),NO INJURY / DRIVE AWAY,,"OVER $1,500",NOT APPLICABLE,NOT APPLICABLE,5700,S,PULASKI RD,813,2,NO INDICATION OF INJURY,0,0,0,0,0,5,0,18,7,6,41.78953063,-87.72320717
6/29/2019 6:10,30,NO CONTROLS,NO CONTROLS,UNKNOWN,UNKNOWN,PARKED MOTOR VEHICLE,NOT DIVIDED,STRAIGHT AND LEVEL,UNKNOWN,NO DEFECTS,ON SCENE,INJURY AND / OR TOW DUE TO CRASH,,"OVER $1,500",UNABLE TO DETERMINE,NOT APPLICABLE,8110,S,ANTHONY AVE,414,2,NO INDICATION OF INJURY,0,0,0,0,0,1,0,6,7,6,41.74736821,-87.58333674
6/24/2019 11:30,20,NO CONTROLS,NO CONTROLS,RAIN,DAYLIGHT,PARKED MOTOR VEHICLE,OTHER,STRAIGHT AND LEVEL,WET,NO DEFECTS,ON SCENE,NO INJURY / DRIVE AWAY,,"$501 - $1,500",DRIVING SKILLS/KNOWLEDGE/EXPERIENCE,WEATHER,663,W,OHARE ST,1651,2,NO INDICATION OF INJURY,0,0,0,0,0,2,0,11,2,6,,
6/17/2019 10:25,20,NO CONTROLS,NO CONTROLS,CLOUDY/OVERCAST,DAYLIGHT,SIDESWIPE SAME DIRECTION,DIVIDED - W/MEDIAN (NOT RAISED),STRAIGHT AND LEVEL,DRY,NO DEFECTS,ON SCENE,INJURY AND / OR TOW DUE TO CRASH,,"OVER $1,500",UNABLE TO DETERMINE,UNABLE TO DETERMINE,3022,W,FULLERTON AVE,1414,2,NO INDICATION OF INJURY,0,0,0,0,0,3,0,10,2,6,41.9248636,-87.70323045
6/18/2019 16:40,30,TRAFFIC SIGNAL,FUNCTIONING PROPERLY,CLEAR,DAYLIGHT,REAR END,NOT DIVIDED,STRAIGHT AND LEVEL,DRY,UNKNOWN,NOT ON SCENE (DESK REPORT),NO INJURY / DRIVE AWAY,,"OVER $1,500",FAILING TO REDUCE SPEED TO AVOID CRASH,NOT APPLICABLE,2300,W,NORTH AVE,1434,2,NO INDICATION OF INJURY,0,0,0,0,0,2,0,16,3,6,41.91046646,-87.68484542
6/19/2019 0:14,25,NO CONTROLS,NO CONTROLS,CLEAR,"DARKNESS, LIGHTED ROAD",ANGLE,ONE-WAY,STRAIGHT AND LEVEL,WET,NO DEFECTS,ON SCENE,NO INJURY / DRIVE AWAY,,"$501 - $1,500",FAILING TO YIELD RIGHT-OF-WAY,DRIVING SKILLS/KNOWLEDGE/EXPERIENCE,3110,W,SUNNYSIDE AVE,1724,2,NO INDICATION OF INJURY,0,0,0,0,0,2,0,0,4,6,41.96313723,-87.7063147
6/21/2019 16:00,30,NO CONTROLS,NO CONTROLS,CLEAR,DAYLIGHT,SIDESWIPE SAME DIRECTION,NOT DIVIDED,STRAIGHT AND LEVEL,DRY,NO DEFECTS,NOT ON SCENE (DESK REPORT),NO INJURY / DRIVE AWAY,,"OVER $1,500",FAILING TO YIELD RIGHT-OF-WAY,NOT APPLICABLE,833,W,63RD ST,723,2,NO INDICATION OF INJURY,0,0,0,0,0,2,0,16,6,6,41.77962053,-87.6461237
6/26/2019 23:40,30,TRAFFIC SIGNAL,FUNCTIONING IMPROPERLY,CLEAR,"DARKNESS, LIGHTED ROAD",REAR END,TRAFFIC ROUTE,STRAIGHT AND LEVEL,DRY,NO DEFECTS,NOT ON SCENE (DESK REPORT),NO INJURY / DRIVE AWAY,Y,"$501 - $1,500",FAILING TO REDUCE SPEED TO AVOID CRASH,PHYSICAL CONDITION OF DRIVER,1200,W,79TH ST,612,2,NO INDICATION OF INJURY,0,0,0,0,0,2,0,23,4,6,41.75060652,-87.65379975
6/23/2019 18:15,30,TRAFFIC SIGNAL,FUNCTIONING PROPERLY,UNKNOWN,DUSK,TURNING,NOT DIVIDED,STRAIGHT AND LEVEL,UNKNOWN,NO DEFECTS,NOT ON SCENE (DESK REPORT),NO INJURY / DRIVE AWAY,Y,"OVER $1,500",DISREGARDING TRAFFIC SIGNALS,TURNING RIGHT ON RED,430,N,LA SALLE DR,1831,2,NO INDICATION OF INJURY,0,0,0,0,0,2,0,18,1,6,41.89004243,-87.63269468
6/28/2019 19:00,30,TRAFFIC SIGNAL,FUNCTIONING PROPERLY,RAIN,DAYLIGHT,SIDESWIPE SAME DIRECTION,DIVIDED - W/MEDIAN (NOT RAISED),STRAIGHT AND LEVEL,WET,NO DEFECTS,NOT ON SCENE (DESK REPORT),NO INJURY / DRIVE AWAY,,"$501 - $1,500",IMPROPER TURNING/NO SIGNAL,IMPROPER LANE USAGE,3358,W,BELMONT AVE,1733,2,NO INDICATION OF INJURY,0,0,0,0,0,2,0,19,6,6,41.93939112,-87.71243708
6/24/2019 15:25,25,NO CONTROLS,NO CONTROLS,CLEAR,DAYLIGHT,REAR TO FRONT,NOT DIVIDED,STRAIGHT AND LEVEL,DRY,NO DEFECTS,ON SCENE,INJURY AND / OR TOW DUE TO CRASH,,"OVER $1,500",UNABLE TO DETERMINE,UNABLE TO DETERMINE,10411,S,PULASKI RD,2211,3,NO INDICATION OF INJURY,0,0,0,0,0,5,0,15,2,6,41.70367133,-87.7206667
6/28/2019 18:45,30,NO CONTROLS,NO CONTROLS,CLEAR,DUSK,PARKED MOTOR VEHICLE,ONE-WAY,STRAIGHT AND LEVEL,DRY,NO DEFECTS,NOT ON SCENE (DESK REPORT),NO INJURY / DRIVE AWAY,,"$501 - $1,500",FAILING TO YIELD RIGHT-OF-WAY,NOT APPLICABLE,2330,N,SPRINGFIELD AVE,2525,2,NO INDICATION OF INJURY,0,0,0,0,0,1,0,18,6,6,41.92362541,-87.72444642
6/21/2019 11:10,30,TRAFFIC SIGNAL,FUNCTIONING PROPERLY,CLEAR,DAYLIGHT,PEDESTRIAN,FOUR WAY,STRAIGHT AND LEVEL,DRY,NO DEFECTS,ON SCENE,INJURY AND / OR TOW DUE TO CRASH,Y,"OVER $1,500",DISREGARDING OTHER TRAFFIC SIGNS,UNABLE TO DETERMINE,149,N,LA SALLE ST,122,2,NONINCAPACITATING INJURY,1,0,0,1,0,1,0,11,6,6,41.88444281,-87.63228784
6/29/2019 22:30,30,UNKNOWN,UNKNOWN,UNKNOWN,UNKNOWN,REAR END,UNKNOWN,STRAIGHT AND LEVEL,UNKNOWN,UNKNOWN,ON SCENE,NO INJURY / DRIVE AWAY,,"$501 - $1,500",FOLLOWING TOO CLOSELY,NOT APPLICABLE,700,S,WESTERN AVE,1135,2,NO INDICATION OF INJURY,0,0,0,0,0,2,0,22,7,6,41.87295149,-87.68635922
6/19/2019 8:35,30,TRAFFIC SIGNAL,FUNCTIONING PROPERLY,CLEAR,DAYLIGHT,REAR END,NOT DIVIDED,STRAIGHT AND LEVEL,DRY,NO DEFECTS,ON SCENE,NO INJURY / DRIVE AWAY,Y,"OVER $1,500",FOLLOWING TOO CLOSELY,FOLLOWING TOO CLOSELY,6201,N,NAGLE AVE,1611,4,NO INDICATION OF INJURY,0,0,0,0,0,4,0,8,4,6,41.99370848,-87.78738558
6/23/2019 15:15,30,NO CONTROLS,NO CONTROLS,RAIN,DAYLIGHT,REAR TO SIDE,PARKING LOT,STRAIGHT AND LEVEL,DRY,NO DEFECTS,ON SCENE,NO INJURY / DRIVE AWAY,,"OVER $1,500",FAILING TO YIELD RIGHT-OF-WAY,NOT APPLICABLE,3311,N,HALSTED ST,1925,2,NO INDICATION OF INJURY,0,0,0,0,0,7,0,15,1,6,41.94216011,-87.64919239
6/20/2019 19:00,30,TRAFFIC SIGNAL,FUNCTIONING PROPERLY,CLEAR,DAYLIGHT,TURNING,DIVIDED - W/MEDIAN (NOT RAISED),STRAIGHT AND LEVEL,DRY,NO DEFECTS,ON SCENE,NO INJURY / DRIVE AWAY,Y,"OVER $1,500",NOT APPLICABLE,NOT APPLICABLE,3201,W,DEVON AVE,2413,2,NO INDICATION OF INJURY,0,0,0,0,0,4,0,19,5,6,41.99727847,-87.70940736
6/18/2019 16:30,30,TRAFFIC SIGNAL,FUNCTIONING PROPERLY,CLEAR,DAYLIGHT,REAR END,DIVIDED - W/MEDIAN (NOT RAISED),STRAIGHT AND LEVEL,DRY,NO DEFECTS,NOT ON SCENE (DESK REPORT),NO INJURY / DRIVE AWAY,Y,"OVER $1,500",UNABLE TO DETERMINE,UNABLE TO DETERMINE,6300,S,WESTERN AVE,825,2,NO INDICATION OF INJURY,0,0,0,0,0,2,0,16,3,6,41.77912348,-87.6837831
6/17/2019 17:15,30,NO CONTROLS,NO CONTROLS,CLEAR,DAYLIGHT,REAR END,NOT DIVIDED,STRAIGHT AND LEVEL,DRY,NO DEFECTS,NOT ON SCENE (DESK REPORT),NO INJURY / DRIVE AWAY,,"OVER $1,500",FOLLOWING TOO CLOSELY,NOT APPLICABLE,4600,N,CENTRAL AVE,1622,2,NO INDICATION OF INJURY,0,0,0,0,0,2,0,17,2,6,41.96414958,-87.76750864
6/17/2019 12:00,30,TRAFFIC SIGNAL,FUNCTIONING PROPERLY,CLEAR,DAYLIGHT,REAR END,NOT DIVIDED,STRAIGHT AND LEVEL,DRY,NO DEFECTS,NOT ON SCENE (DESK REPORT),NO INJURY / DRIVE AWAY,Y,"$501 - $1,500",FOLLOWING TOO CLOSELY,NOT APPLICABLE,1600,N,CENTRAL PARK AVE,2535,3,NO INDICATION OF INJURY,0,0,0,0,0,3,0,12,2,6,41.91010411,-87.71682283
6/25/2019 22:10,45,NO CONTROLS,NO CONTROLS,CLEAR,"DARKNESS, LIGHTED ROAD",SIDESWIPE SAME DIRECTION,DIVIDED - W/MEDIAN BARRIER,STRAIGHT AND LEVEL,DRY,NO DEFECTS,NOT ON SCENE (DESK REPORT),NO INJURY / DRIVE AWAY,,"OVER $1,500",IMPROPER OVERTAKING/PASSING,UNABLE TO DETERMINE,1199,S,LAKE SHORE DR W,114,2,NO INDICATION OF INJURY,0,0,0,0,0,4,0,22,3,6,41.86749281,-87.61851109
6/18/2019 21:30,30,TRAFFIC SIGNAL,FUNCTIONING PROPERLY,CLEAR,DAYLIGHT,ANGLE,DIVIDED - W/MEDIAN (NOT RAISED),STRAIGHT AND LEVEL,DRY,NO DEFECTS,NOT ON SCENE (DESK REPORT),NO INJURY / DRIVE AWAY,Y,"OVER $1,500",DISREGARDING TRAFFIC SIGNALS,UNABLE TO DETERMINE,3200,N,SHERIDAN RD,1925,2,NO INDICATION OF INJURY,0,0,0,0,0,2,0,21,3,6,41.94018955,-87.63970198
6/25/2019 14:20,30,NO CONTROLS,NO CONTROLS,CLEAR,DAYLIGHT,ANGLE,DIVIDED - W/MEDIAN (NOT RAISED),STRAIGHT AND LEVEL,DRY,UNKNOWN,NOT ON SCENE (DESK REPORT),NO INJURY / DRIVE AWAY,,"OVER $1,500",FAILING TO YIELD RIGHT-OF-WAY,FAILING TO YIELD RIGHT-OF-WAY,11840,S,MARSHFIELD AVE,2234,2,NO INDICATION OF INJURY,0,0,0,0,0,3,0,14,3,6,41.67812041,-87.66263903
6/24/2019 8:30,30,TRAFFIC SIGNAL,FUNCTIONING PROPERLY,CLEAR,DAYLIGHT,REAR END,NOT DIVIDED,STRAIGHT AND LEVEL,DRY,NO DEFECTS,NOT ON SCENE (DESK REPORT),NO INJURY / DRIVE AWAY,,"$501 - $1,500",UNABLE TO DETERMINE,NOT APPLICABLE,3200,W,BELMONT AVE,1733,2,NO INDICATION OF INJURY,0,0,0,0,0,2,0,8,2,6,41.93944056,-87.70771852
6/18/2019 18:22,30,STOP SIGN/FLASHER,FUNCTIONING PROPERLY,CLEAR,DAYLIGHT,REAR END,NOT DIVIDED,STRAIGHT AND LEVEL,DRY,NO DEFECTS,ON SCENE,INJURY AND / OR TOW DUE TO CRASH,Y,"OVER $1,500",FAILING TO YIELD RIGHT-OF-WAY,IMPROPER OVERTAKING/PASSING,4600,W,LAKE ST,1113,2,NONINCAPACITATING INJURY,2,0,0,2,0,3,0,18,3,6,41.88640484,-87.74028542
6/21/2019 22:30,45,NO CONTROLS,NO CONTROLS,CLEAR,"DARKNESS, LIGHTED ROAD",REAR END,DIVIDED - W/MEDIAN BARRIER,STRAIGHT AND LEVEL,DRY,NO DEFECTS,NOT ON SCENE (DESK REPORT),NO INJURY / DRIVE AWAY,,"OVER $1,500",FOLLOWING TOO CLOSELY,FAILING TO REDUCE SPEED TO AVOID CRASH,2301,S,MC CORMICK PLACE RAMP,132,3,NO INDICATION OF INJURY,0,0,0,0,0,3,0,22,6,6,,
6/23/2019 0:15,40,TRAFFIC SIGNAL,FUNCTIONING PROPERLY,CLEAR,"DARKNESS, LIGHTED ROAD",ANGLE,FOUR WAY,STRAIGHT ON GRADE,DRY,NO DEFECTS,ON SCENE,INJURY AND / OR TOW DUE TO CRASH,Y,"OVER $1,500",DISREGARDING TRAFFIC SIGNALS,NOT APPLICABLE,1331,S,LAKE SHORE DR E,132,2,NONINCAPACITATING INJURY,1,0,0,1,0,3,0,0,1,6,41.86504294,-87.6188524
6/29/2019 18:40,30,NO CONTROLS,NO CONTROLS,CLEAR,DAYLIGHT,TURNING,NOT DIVIDED,STRAIGHT AND LEVEL,DRY,NO DEFECTS,NOT ON SCENE (DESK REPORT),NO INJURY / DRIVE AWAY,,"OVER $1,500",IMPROPER TURNING/NO SIGNAL,IMPROPER OVERTAKING/PASSING,2219,S,WESTERN AVE,1034,2,NO INDICATION OF INJURY,0,0,0,0,0,2,0,18,7,6,41.85137187,-87.68547467
6/28/2019 10:00,35,NO CONTROLS,NO CONTROLS,CLEAR,DAYLIGHT,PARKED MOTOR VEHICLE,NOT DIVIDED,STRAIGHT AND LEVEL,DRY,NO DEFECTS,NOT ON SCENE (DESK REPORT),NO INJURY / DRIVE AWAY,,"$501 - $1,500",UNABLE TO DETERMINE,UNABLE TO DETERMINE,3500,W,SUNNYSIDE AVE,1723,2,NO INDICATION OF INJURY,0,0,0,0,0,1,0,10,6,6,41.96303338,-87.71570551
6/29/2019 15:00,30,TRAFFIC SIGNAL,FUNCTIONING PROPERLY,CLEAR,DAYLIGHT,REAR END,NOT DIVIDED,STRAIGHT AND LEVEL,DRY,NO DEFECTS,NOT ON SCENE (DESK REPORT),NO INJURY / DRIVE AWAY,Y,"$501 - $1,500",FOLLOWING TOO CLOSELY,NOT APPLICABLE,5552,W,FOSTER AVE,1623,2,NO INDICATION OF INJURY,0,0,0,0,0,2,0,15,7,6,41.97579268,-87.76844552
6/19/2019 12:00,30,NO CONTROLS,NO CONTROLS,CLEAR,DAYLIGHT,SIDESWIPE SAME DIRECTION,NOT DIVIDED,STRAIGHT AND LEVEL,DRY,NO DEFECTS,NOT ON SCENE (DESK REPORT),NO INJURY / DRIVE AWAY,,"$501 - $1,500",FOLLOWING TOO CLOSELY,UNABLE TO DETERMINE,735,W,ROOSEVELT RD,1232,2,NO INDICATION OF INJURY,0,0,0,0,0,2,0,12,4,6,41.86704979,-87.6465254
6/30/2019 3:40,30,TRAFFIC SIGNAL,UNKNOWN,UNKNOWN,UNKNOWN,REAR END,DIVIDED - W/MEDIAN (NOT RAISED),STRAIGHT AND LEVEL,UNKNOWN,UNKNOWN,NOT ON SCENE (DESK REPORT),NO INJURY / DRIVE AWAY,,$500 OR LESS,UNABLE TO DETERMINE,UNABLE TO DETERMINE,2998,W,CHICAGO AVE,1211,2,NO INDICATION OF INJURY,0,0,0,0,0,2,0,3,1,6,41.89570485,-87.70218401