CRASH_DATE,POSTED_SPEED_LIMIT,TRAFFIC_CONTROL_DEVICE,DEVICE_CONDITION,WEATHER_CONDITION,LIGHTING_CONDITION,FIRST_CRASH_TYPE,TRAFFICWAY_TYPE,ALIGNMENT,ROADWAY_SURFACE_COND,ROAD_DEFECT,REPORT_TYPE,CRASH_TYPE,INTERSECTION_RELATED_I,DAMAGE,PRIM_CONTRIBUTORY_CAUSE,SEC_CONTRIBUTORY_CAUSE,STREET_NO,STREET_DIRECTION,STREET_NAME,BEAT_OF_OCCURRENCE,NUM_UNITS,MOST_SEVERE_INJURY,INJURIES_TOTAL,INJURIES_FATAL,INJURIES_INCAPACITATING,INJURIES_NON_INCAPACITATING,INJURIES_REPORTED_NOT_EVIDENT,INJURIES_NO_INDICATION,INJURIES_UNKNOWN,CRASH_HOUR,CRASH_DAY_OF_WEEK,CRASH_MONTH,LATITUDE,LONGITUDE
6/22/2019 6:57,30,NO CONTROLS,NO CONTROLS,CLEAR,DAYLIGHT,REAR END,ONE-WAY,STRAIGHT AND LEVEL,DRY,NO DEFECTS,ON SCENE,INJURY AND / OR TOW DUE TO CRASH,,"OVER $1,500",DISTRACTION - FROM OUTSIDE VEHICLE,NOT APPLICABLE,3159,W,VAN BUREN ST,1134,2,NONINCAPACITATING INJURY,1,0,0,1,0,4,0,6,7,6,41.87576697,-87.70584763
6/16/2019 17:48,30,NO CONTROLS,NO CONTROLS,CLEAR,DAYLIGHT,TURNING,ONE-WAY,STRAIGHT AND LEVEL,DRY,NO DEFECTS,NOT ON SCENE (DESK REPORT),NO INJURY / DRIVE AWAY,,"OVER $1,500",UNABLE TO DETERMINE,UNABLE TO DETERMINE,2410,W,53RD ST,923,2,NO INDICATION OF INJURY,0,0,0,0,0,2,0,17,1,6,41.797613,-87.68460152
6/26/2019 14:35,30,TRAFFIC SIGNAL,FUNCTIONING PROPERLY,CLEAR,DAYLIGHT,TURNING,"FIVE POINT, OR MORE",STRAIGHT AND LEVEL,DRY,NO DEFECTS,ON SCENE,INJURY AND / OR TOW DUE TO CRASH,Y,"OVER $1,500",DISREGARDING TRAFFIC SIGNALS,NOT APPLICABLE,2600,W,31ST ST,1034,2,NONINCAPACITATING INJURY,2,0,0,2,0,0,0,14,4,6,41.83806576,-87.68972022
6/30/2019 17:55,30,STOP SIGN/FLASHER,NO CONTROLS,RAIN,DUSK,REAR END,PARKING LOT,STRAIGHT AND LEVEL,WET,NO DEFECTS,ON SCENE,NO INJURY / DRIVE AWAY,,"OVER $1,500",IMPROPER BACKING,UNABLE TO DETERMINE,3141,S,ASHLAND AVE,912,2,NO INDICATION OF INJURY,0,0,0,0,0,4,0,17,1,6,41.83660842,-87.66557057
6/18/2019 14:39,25,NO CONTROLS,NO CONTROLS,CLEAR,DAYLIGHT,PARKED MOTOR VEHICLE,ONE-WAY,STRAIGHT AND LEVEL,DRY,NO DEFECTS,NOT ON SCENE (DESK REPORT),NO INJURY / DRIVE AWAY,,"OVER $1,500",IMPROPER BACKING,NOT APPLICABLE,9636,S,HAMILTON AVE,2213,2,NO INDICATION OF INJURY,0,0,0,0,0,1,0,14,3,6,41.71809618,-87.67606881
6/26/2019 17:12,30,TRAFFIC SIGNAL,FUNCTIONING PROPERLY,CLEAR,DAYLIGHT,SIDESWIPE SAME DIRECTION,NOT DIVIDED,STRAIGHT AND LEVEL,DRY,NO DEFECTS,NOT ON SCENE (DESK REPORT),NO INJURY / DRIVE AWAY,,"OVER $1,500",UNABLE TO DETERMINE,NOT APPLICABLE,1421,W,ROOSEVELT RD,1233,2,NO INDICATION OF INJURY,0,0,0,0,0,3,0,17,4,6,41.8667937,-87.6624467
6/27/2019 15:39,30,TRAFFIC SIGNAL,FUNCTIONING PROPERLY,CLEAR,DAYLIGHT,PEDALCYCLIST,NOT DIVIDED,STRAIGHT AND LEVEL,DRY,NO DEFECTS,ON SCENE,INJURY AND / OR TOW DUE TO CRASH,Y,"OVER $1,500",FAILING TO YIELD RIGHT-OF-WAY,DISREGARDING TRAFFIC SIGNALS,1459,W,FULLERTON AVE,1811,2,NONINCAPACITATING INJURY,1,0,0,1,0,1,0,15,5,6,41.9250745,-87.66570636
6/25/2019 9:30,30,NO CONTROLS,NO CONTROLS,CLEAR,DAYLIGHT,PARKED MOTOR VEHICLE,ONE-WAY,STRAIGHT AND LEVEL,DRY,NO DEFECTS,ON SCENE,NO INJURY / DRIVE AWAY,,"$501 - $1,500",UNABLE TO DETERMINE,UNABLE TO DETERMINE,816,W,35TH PL,915,2,NO INDICATION OF INJURY,0,0,0,0,0,1,0,9,3,6,41.82981064,-87.64681341
6/21/2019 19:00,30,TRAFFIC SIGNAL,FUNCTIONING PROPERLY,CLEAR,DAYLIGHT,REAR TO FRONT,DIVIDED - W/MEDIAN BARRIER,STRAIGHT AND LEVEL,DRY,NO DEFECTS,NOT ON SCENE (DESK REPORT),NO INJURY / DRIVE AWAY,,"$501 - $1,500",IMPROPER BACKING,NOT APPLICABLE,4800,N,AUSTIN AVE,1622,2,NO INDICATION OF INJURY,0,0,0,0,0,7,0,19,6,6,41.96762485,-87.77743074
6/22/2019 15:20,30,TRAFFIC SIGNAL,FUNCTIONING PROPERLY,CLEAR,DAYLIGHT,REAR END,NOT DIVIDED,STRAIGHT AND LEVEL,DRY,NO DEFECTS,NOT ON SCENE (DESK REPORT),NO INJURY / DRIVE AWAY,Y,"OVER $1,500",FOLLOWING TOO CLOSELY,NOT APPLICABLE,1200,S,CANAL ST,124,2,NO INDICATION OF INJURY,0,0,0,0,0,3,0,15,7,6,41.86717513,-87.63937581
6/28/2019 12:30,30,TRAFFIC SIGNAL,FUNCTIONING PROPERLY,CLEAR,DAYLIGHT,ANGLE,NOT DIVIDED,STRAIGHT AND LEVEL,DRY,NO DEFECTS,ON SCENE,INJURY AND / OR TOW DUE TO CRASH,Y,"OVER $1,500",DISREGARDING OTHER TRAFFIC SIGNS,UNABLE TO DETERMINE,2701,W,WARREN BLVD,1222,2,NONINCAPACITATING INJURY,1,0,0,1,0,1,0,12,6,6,41.88190514,-87.69405644
6/18/2019 20:25,30,TRAFFIC SIGNAL,FUNCTIONING PROPERLY,CLEAR,DAWN,REAR END,NOT DIVIDED,STRAIGHT AND LEVEL,DRY,NO DEFECTS,ON SCENE,NO INJURY / DRIVE AWAY,,"$501 - $1,500",FOLLOWING TOO CLOSELY,NOT APPLICABLE,8100,W,ADDISON ST,1631,2,NO INDICATION OF INJURY,0,0,0,0,0,2,0,20,3,6,41.94507015,-87.82912893
6/26/2019 13:30,30,NO CONTROLS,NO CONTROLS,CLEAR,DAYLIGHT,SIDESWIPE SAME DIRECTION,DIVIDED - W/MEDIAN (NOT RAISED),STRAIGHT AND LEVEL,DRY,NO DEFECTS,ON SCENE,NO INJURY / DRIVE AWAY,,$500 OR LESS,NOT APPLICABLE,NOT APPLICABLE,220,E,CERMAK RD,132,2,NO INDICATION OF INJURY,0,0,0,0,0,14,0,13,4,6,41.85300439,-87.62143336
6/19/2019 11:25,30,STOP SIGN/FLASHER,FUNCTIONING PROPERLY,CLEAR,DAYLIGHT,PARKED MOTOR VEHICLE,ONE-WAY,STRAIGHT AND LEVEL,DRY,NO DEFECTS,ON SCENE,INJURY AND / OR TOW DUE TO CRASH,,"OVER $1,500",UNABLE TO DETERMINE,NOT APPLICABLE,2204,S,KOLIN AVE,1013,2,NO INDICATION OF INJURY,0,0,0,0,0,1,0,11,4,6,41.85121983,-87.73246917
6/16/2019 12:19,10,NO CONTROLS,NO CONTROLS,CLEAR,DAYLIGHT,REAR TO REAR,PARKING LOT,STRAIGHT AND LEVEL,DRY,NO DEFECTS,NOT ON SCENE (DESK REPORT),NO INJURY / DRIVE AWAY,,"OVER $1,500",UNABLE TO DETERMINE,UNABLE TO DETERMINE,1800,W,LAWRENCE AVE,2032,2,NO INDICATION OF INJURY,0,0,0,0,0,3,0,12,1,6,41.96892624,-87.67458649
6/17/2019 16:50,30,NO CONTROLS,NO CONTROLS,CLEAR,DAYLIGHT,SIDESWIPE SAME DIRECTION,ONE-WAY,STRAIGHT AND LEVEL,DRY,NO DEFECTS,ON SCENE,INJURY AND / OR TOW DUE TO CRASH,,"OVER $1,500",UNABLE TO DETERMINE,NOT APPLICABLE,1610,W,VAN BUREN ST,1231,2,NO INDICATION OF INJURY,0,0,0,0,0,3,0,16,2,6,41.87645851,-87.66714704
6/29/2019 14:50,30,NO CONTROLS,OTHER,CLEAR,DAYLIGHT,FIXED OBJECT,NOT DIVIDED,STRAIGHT AND LEVEL,DRY,"RUT, HOLES",ON SCENE,NO INJURY / DRIVE AWAY,,"OVER $1,500",DRIVING SKILLS/KNOWLEDGE/EXPERIENCE,ROAD ENGINEERING/SURFACE/MARKING DEFECTS,4902,S,HALSTED ST,933,1,NO INDICATION OF INJURY,0,0,0,0,0,1,0,14,7,6,41.80493204,-87.64557808
6/24/2019 11:00,30,STOP SIGN/FLASHER,OTHER,CLEAR,DAYLIGHT,REAR END,DIVIDED - W/MEDIAN (NOT RAISED),STRAIGHT AND LEVEL,DRY,UNKNOWN,NOT ON SCENE (DESK REPORT),NO INJURY / DRIVE AWAY,Y,$500 OR LESS,UNABLE TO DETERMINE,NOT APPLICABLE,3100,N,PAULINA ST,1931,2,NO INDICATION OF INJURY,0,0,0,0,0,2,0,11,2,6,41.93787987,-87.67117763
6/30/2019 3:38,30,NO CONTROLS,NO CONTROLS,CLEAR,"DARKNESS, LIGHTED ROAD",PARKED MOTOR VEHICLE,DIVIDED - W/MEDIAN (NOT RAISED),STRAIGHT AND LEVEL,DRY,NO DEFECTS,ON SCENE,INJURY AND / OR TOW DUE TO CRASH,,"OVER $1,500",UNABLE TO DETERMINE,UNABLE TO DETERMINE,3629,W,AUGUSTA BLVD,1112,2,NONINCAPACITATING INJURY,1,0,0,1,0,1,0,3,1,6,41.8989883,-87.71759328
6/17/2019 1:30,25,NO CONTROLS,NO CONTROLS,CLEAR,"DARKNESS, LIGHTED ROAD",REAR TO FRONT,NOT DIVIDED,STRAIGHT AND LEVEL,DRY,NO DEFECTS,NOT ON SCENE (DESK REPORT),NO INJURY / DRIVE AWAY,,"$501 - $1,500",DISTRACTION - FROM INSIDE VEHICLE,NOT APPLICABLE,6718,S,RACINE AVE,724,2,NO INDICATION OF INJURY,0,0,0,0,0,2,0,1,2,6,41.77173175,-87.65444208
6/18/2019 18:45,30,UNKNOWN,UNKNOWN,CLEAR,DAYLIGHT,PEDALCYCLIST,NOT DIVIDED,STRAIGHT AND LEVEL,DRY,NO DEFECTS,ON SCENE,INJURY AND / OR TOW DUE TO CRASH,,$500 OR LESS,FAILING TO YIELD RIGHT-OF-WAY,FAILING TO YIELD RIGHT-OF-WAY,3443,N,HALSTED ST,1925,2,NONINCAPACITATING INJURY,1,0,0,1,0,2,0,18,3,6,41.94493701,-87.64926815
6/16/2019 15:00,35,TRAFFIC SIGNAL,FUNCTIONING PROPERLY,CLEAR,DAYLIGHT,REAR END,NOT DIVIDED,STRAIGHT AND LEVEL,DRY,NO DEFECTS,NOT ON SCENE (DESK REPORT),NO INJURY / DRIVE AWAY,,"OVER $1,500",FOLLOWING TOO CLOSELY,NOT APPLICABLE,6374,N,CALDWELL AVE,1621,2,NO INDICATION OF INJURY,0,0,0,0,0,2,0,15,1,6,41.99684021,-87.76599495
6/22/2019 15:35,25,NO CONTROLS,NO CONTROLS,CLEAR,DAYLIGHT,PARKED MOTOR VEHICLE,NOT DIVIDED,STRAIGHT AND LEVEL,DRY,NO DEFECTS,ON SCENE,NO INJURY / DRIVE AWAY,,"OVER $1,500",UNABLE TO DETERMINE,UNABLE TO DETERMINE,3835,W,DICKENS AVE,2525,2,NO INDICATION OF INJURY,0,0,0,0,0,1,0,15,7,6,41.91892662,-87.72315939
6/27/2019 9:31,35,TRAFFIC SIGNAL,FUNCTIONING PROPERLY,CLEAR,DAYLIGHT,REAR END,FOUR WAY,STRAIGHT AND LEVEL,DRY,UNKNOWN,ON SCENE,NO INJURY / DRIVE AWAY,Y,"$501 - $1,500",FOLLOWING TOO CLOSELY,NOT APPLICABLE,3742,N,ELSTON AVE,1732,2,NO INDICATION OF INJURY,0,0,0,0,0,2,0,9,5,6,41.94945568,-87.71318947
6/16/2019 4:09,30,NO CONTROLS,NO CONTROLS,CLEAR,"DARKNESS, LIGHTED ROAD",PARKED MOTOR VEHICLE,NOT DIVIDED,STRAIGHT AND LEVEL,WET,NO DEFECTS,ON SCENE,NO INJURY / DRIVE AWAY,,"$501 - $1,500",UNABLE TO DETERMINE,NOT APPLICABLE,2942,N,ELSTON AVE,1411,2,NO INDICATION OF INJURY,0,0,0,0,0,1,0,4,1,6,41.93483325,-87.69189921
6/25/2019 11:00,30,NO CONTROLS,NO CONTROLS,CLEAR,UNKNOWN,PARKED MOTOR VEHICLE,ALLEY,STRAIGHT ON GRADE,"SAND, MUD, DIRT",WORN SURFACE,ON SCENE,INJURY AND / OR TOW DUE TO CRASH,,"OVER $1,500",UNABLE TO DETERMINE,UNABLE TO DETERMINE,452,N,CLAREMONT AVE,1221,2,NO INDICATION OF INJURY,0,0,0,0,0,1,0,11,3,6,41.88999151,-87.68561553
6/19/2019 8:59,30,NO CONTROLS,NO CONTROLS,CLEAR,DAYLIGHT,PARKED MOTOR VEHICLE,ONE-WAY,STRAIGHT AND LEVEL,DRY,NO DEFECTS,ON SCENE,NO INJURY / DRIVE AWAY,,"OVER $1,500",DRIVING SKILLS/KNOWLEDGE/EXPERIENCE,DRIVING SKILLS/KNOWLEDGE/EXPERIENCE,1007,N,HARDING AVE,1112,2,NO INDICATION OF INJURY,0,0,0,0,0,1,0,8,4,6,41.89929705,-87.72483119
6/24/2019 9:20,25,TRAFFIC SIGNAL,FUNCTIONING PROPERLY,RAIN,DAYLIGHT,TURNING,NOT DIVIDED,STRAIGHT AND LEVEL,WET,NO DEFECTS,ON SCENE,INJURY AND / OR TOW DUE TO CRASH,Y,"OVER $1,500",DRIVING SKILLS/KNOWLEDGE/EXPERIENCE,NOT APPLICABLE,7201,N,CALIFORNIA AVE,2411,2,NO INDICATION OF INJURY,0,0,0,0,0,3,0,9,2,6,42.01211177,-87.69957082
6/24/2019 18:41,15,NO CONTROLS,NO CONTROLS,CLEAR,DAYLIGHT,PEDESTRIAN,OTHER,STRAIGHT AND LEVEL,DRY,NO DEFECTS,ON SCENE,INJURY AND / OR TOW DUE TO CRASH,,$500 OR LESS,DRIVING SKILLS/KNOWLEDGE/EXPERIENCE,DRIVING SKILLS/KNOWLEDGE/EXPERIENCE,8900,S,CLYDE AVE,413,3,FATAL,2,1,0,0,1,1,0,18,2,6,41.73334986,-87.5733478
6/17/2019 14:59,30,NO CONTROLS,NO CONTROLS,CLEAR,DAYLIGHT,REAR END,ONE-WAY,STRAIGHT AND LEVEL,DRY,NO DEFECTS,ON SCENE,INJURY AND / OR TOW DUE TO CRASH,,"OVER $1,500",IMPROPER BACKING,NOT APPLICABLE,110,N,MAYFIELD AVE,1512,2,"REPORTED, NOT EVIDENT",1,0,0,0,1,1,0,14,2,6,41.88253285,-87.77201601
6/21/2019 7:40,30,TRAFFIC SIGNAL,FUNCTIONING PROPERLY,CLEAR,DAYLIGHT,REAR END,NOT DIVIDED,STRAIGHT AND LEVEL,DRY,NO DEFECTS,NOT ON SCENE (DESK REPORT),NO INJURY / DRIVE AWAY,Y,"OVER $1,500",FOLLOWING TOO CLOSELY,UNABLE TO DETERMINE,2400,W,35TH ST,911,2,NO INDICATION OF INJURY,0,0,0,0,0,2,0,7,6,6,41.83039032,-87.68509992
6/23/2019 14:00,15,NO CONTROLS,NO CONTROLS,CLEAR,DAYLIGHT,PEDALCYCLIST,PARKING LOT,STRAIGHT AND LEVEL,DRY,NO DEFECTS,ON SCENE,INJURY AND / OR TOW DUE TO CRASH,,$500 OR LESS,IMPROPER BACKING,NOT APPLICABLE,800,N,KEDZIE AVE,1121,2,NONINCAPACITATING INJURY,1,0,0,1,0,1,0,14,1,6,41.89561531,-87.70670533
6/22/2019 9:30,15,OTHER,NO CONTROLS,CLEAR,DAYLIGHT,PARKED MOTOR VEHICLE,PARKING LOT,STRAIGHT AND LEVEL,DRY,NO DEFECTS,NOT ON SCENE (DESK REPORT),NO INJURY / DRIVE AWAY,,"OVER $1,500",IMPROPER BACKING,NOT APPLICABLE,5601,W,LAWRENCE AVE,1622,2,NO INDICATION OF INJURY,0,0,0,0,0,1,0,9,7,6,41.96767102,-87.76759624
6/18/2019 18:05,30,NO CONTROLS,NO CONTROLS,CLEAR,DAYLIGHT,PARKED MOTOR VEHICLE,NOT DIVIDED,STRAIGHT AND LEVEL,DRY,NO DEFECTS,NOT ON SCENE (DESK REPORT),NO INJURY / DRIVE AWAY,,"OVER $1,500",UNABLE TO DETERMINE,NOT APPLICABLE,1106,E,53RD ST,233,2,,,,,,,,,18,3,6,41.79953635,-87.59940079
6/24/2019 6:30,25,TRAFFIC SIGNAL,FUNCTIONING PROPERLY,CLEAR,DAYLIGHT,PEDALCYCLIST,NOT DIVIDED,STRAIGHT AND LEVEL,WET,NO DEFECTS,ON SCENE,INJURY AND / OR TOW DUE TO CRASH,Y,$500 OR LESS,FAILING TO YIELD RIGHT-OF-WAY,NOT APPLICABLE,1158,W,GRANVILLE AVE,2433,2,NONINCAPACITATING INJURY,1,0,0,1,0,1,0,6,2,6,41.99466287,-87.6603452
6/20/2019 4:00,20,NO CONTROLS,NO CONTROLS,CLOUDY/OVERCAST,"DARKNESS, LIGHTED ROAD",PARKED MOTOR VEHICLE,NOT DIVIDED,STRAIGHT AND LEVEL,DRY,NO DEFECTS,NOT ON SCENE (DESK REPORT),NO INJURY / DRIVE AWAY,,"OVER $1,500",UNABLE TO DETERMINE,UNABLE TO DETERMINE,2801,S,WESTERN AVE,1034,2,NO INDICATION OF INJURY,0,0,0,0,0,1,0,4,5,6,41.84111499,-87.68513204
6/29/2019 19:07,30,TRAFFIC SIGNAL,FUNCTIONING PROPERLY,CLEAR,DAYLIGHT,REAR END,NOT DIVIDED,STRAIGHT AND LEVEL,DRY,NO DEFECTS,NOT ON SCENE (DESK REPORT),NO INJURY / DRIVE AWAY,,"OVER $1,500",UNABLE TO DETERMINE,NOT APPLICABLE,301,S,SACRAMENTO BLVD,1124,2,NO INDICATION OF INJURY,0,0,0,0,0,2,0,19,7,6,41.87730576,-87.70096007
6/23/2019 10:00,30,NO CONTROLS,NO CONTROLS,CLEAR,DAYLIGHT,PARKED MOTOR VEHICLE,ONE-WAY,STRAIGHT AND LEVEL,DRY,NO DEFECTS,ON SCENE,NO INJURY / DRIVE AWAY,,"OVER $1,500",FOLLOWING TOO CLOSELY,NOT APPLICABLE,1701,W,PEARSON ST,1213,2,NO INDICATION OF INJURY,0,0,0,0,0,1,0,10,1,6,41.89718012,-87.66982848
6/21/2019 18:15,30,TRAFFIC SIGNAL,FUNCTIONING PROPERLY,CLEAR,DAYLIGHT,SIDESWIPE SAME DIRECTION,DIVIDED - W/MEDIAN (NOT RAISED),STRAIGHT AND LEVEL,DRY,NO DEFECTS,NOT ON SCENE (DESK REPORT),NO INJURY / DRIVE AWAY,,"$501 - $1,500",IMPROPER OVERTAKING/PASSING,UNABLE TO DETERMINE,1523,W,NORTH AVE,1433,2,NO INDICATION OF INJURY,0,0,0,0,0,4,0,18,6,6,41.91054054,-87.66626365
6/25/2019 16:50,30,TRAFFIC SIGNAL,FUNCTIONING PROPERLY,CLEAR,DAYLIGHT,SIDESWIPE SAME DIRECTION,NOT DIVIDED,STRAIGHT AND LEVEL,DRY,NO DEFECTS,NOT ON SCENE (DESK REPORT),NO INJURY / DRIVE AWAY,Y,"$501 - $1,500",UNABLE TO DETERMINE,UNABLE TO DETERMINE,1212,N,LA SALLE DR,1821,2,NO INDICATION OF INJURY,0,0,0,0,0,2,0,16,3,6,41.9042963,-87.63308212
6/25/2019 13:59,30,TRAFFIC SIGNAL,FUNCTIONING IMPROPERLY,CLEAR,DAYLIGHT,TURNING,NOT DIVIDED,STRAIGHT AND LEVEL,DRY,NO DEFECTS,NOT ON SCENE (DESK REPORT),INJURY AND / OR TOW DUE TO CRASH,,"OVER $1,500",UNABLE TO DETERMINE,NOT APPLICABLE,400,E,51ST ST,223,2,NONINCAPACITATING INJURY,2,0,0,2,0,1,0,13,3,6,41.80221534,-87.61567437
6/16/2019 17:00,40,NO CONTROLS,NO CONTROLS,CLEAR,DAYLIGHT,REAR END,DIVIDED - W/MEDIAN BARRIER,STRAIGHT AND LEVEL,DRY,NO DEFECTS,ON SCENE,INJURY AND / OR TOW DUE TO CRASH,,"OVER $1,500",PHYSICAL CONDITION OF DRIVER,FAILING TO REDUCE SPEED TO AVOID CRASH,1130,N,LAKE SHORE DR SB,1824,2,NONINCAPACITATING INJURY,2,0,0,2,0,0,0,17,1,6,41.90333619,-87.62458074
6/4/2019 11:30,30,NO CONTROLS,NO CONTROLS,CLEAR,DAYLIGHT,SIDESWIPE SAME DIRECTION,DIVIDED - W/MEDIAN (NOT RAISED),STRAIGHT AND LEVEL,DRY,NO DEFECTS,NOT ON SCENE (DESK REPORT),NO INJURY / DRIVE AWAY,,"OVER $1,500","EVASIVE ACTION DUE TO ANIMAL, OBJECT, NONMOTORIST",UNABLE TO DETERMINE,7645,S,KEDZIE AVE,835,2,NO INDICATION OF INJURY,0,0,0,0,0,2,0,11,3,6,41.75393934,-87.70236514
6/20/2019 9:17,30,TRAFFIC SIGNAL,FUNCTIONING PROPERLY,CLOUDY/OVERCAST,DAYLIGHT,REAR END,DIVIDED - W/MEDIAN (NOT RAISED),STRAIGHT AND LEVEL,WET,NO DEFECTS,ON SCENE,NO INJURY / DRIVE AWAY,,"OVER $1,500",FOLLOWING TOO CLOSELY,NOT APPLICABLE,6601,W,ARCHER AVE,811,2,NO INDICATION OF INJURY,0,0,0,0,0,3,0,9,5,6,41.79213894,-87.78674848
6/26/2019 14:30,25,NO CONTROLS,NO CONTROLS,CLEAR,DAYLIGHT,PARKED MOTOR VEHICLE,ONE-WAY,STRAIGHT AND LEVEL,DRY,UNKNOWN,NOT ON SCENE (DESK REPORT),NO INJURY / DRIVE AWAY,,"$501 - $1,500",UNABLE TO DETERMINE,UNABLE TO DETERMINE,7814,S,COLFAX AVE,421,2,NO INDICATION OF INJURY,0,0,0,0,0,1,0,14,4,6,41.75312278,-87.56155758
6/25/2019 20:15,30,NO CONTROLS,NO CONTROLS,CLEAR,DUSK,PARKED MOTOR VEHICLE,NOT DIVIDED,STRAIGHT AND LEVEL,DRY,NO DEFECTS,NOT ON SCENE (DESK REPORT),NO INJURY / DRIVE AWAY,,$500 OR LESS,UNABLE TO DETERMINE,UNABLE TO DETERMINE,5230,S,LAKE PARK AVE,234,2,NO INDICATION OF INJURY,0,0,0,0,0,1,0,20,3,6,41.80012338,-87.58750991
6/25/2019 8:20,20,NO CONTROLS,NO CONTROLS,CLEAR,DAYLIGHT,OTHER OBJECT,DIVIDED - W/MEDIAN (NOT RAISED),STRAIGHT AND LEVEL,DRY,"RUT, HOLES",NOT ON SCENE (DESK REPORT),INJURY AND / OR TOW DUE TO CRASH,,"$501 - $1,500",UNABLE TO DETERMINE,NOT APPLICABLE,5655,W,MADISON ST,1513,1,NO INDICATION OF INJURY,0,0,0,0,0,1,0,8,3,6,41.88010365,-87.76698053
6/29/2019 8:52,30,TRAFFIC SIGNAL,FUNCTIONING PROPERLY,CLEAR,DAYLIGHT,REAR END,DIVIDED - W/MEDIAN (NOT RAISED),STRAIGHT AND LEVEL,DRY,NO DEFECTS,ON SCENE,INJURY AND / OR TOW DUE TO CRASH,,"OVER $1,500",PHYSICAL CONDITION OF DRIVER,NOT APPLICABLE,4505,W,FULLERTON AVE,2522,3,NO INDICATION OF INJURY,0,0,0,0,0,3,0,8,7,6,41.92422277,-87.7392621
6/22/2019 18:20,35,NO CONTROLS,NO CONTROLS,CLEAR,DUSK,SIDESWIPE SAME DIRECTION,DIVIDED - W/MEDIAN (NOT RAISED),STRAIGHT AND LEVEL,DRY,UNKNOWN,NOT ON SCENE (DESK REPORT),NO INJURY / DRIVE AWAY,,"OVER $1,500",IMPROPER LANE USAGE,NOT APPLICABLE,4106,W,IRVING PARK RD,1722,2,NO INDICATION OF INJURY,0,0,0,0,0,2,0,18,7,6,41.95373839,-87.72952079
6/22/2019 1:40,25,NO CONTROLS,NO CONTROLS,CLEAR,"DARKNESS, LIGHTED ROAD",OTHER OBJECT,DIVIDED - W/MEDIAN (NOT RAISED),STRAIGHT AND LEVEL,DRY,NO DEFECTS,ON SCENE,INJURY AND / OR TOW DUE TO CRASH,,"OVER $1,500",NOT APPLICABLE,NOT APPLICABLE,4014,W,LAKE ST,1114,1,INCAPACITATING INJURY,2,0,2,0,0,0,0,1,7,6,41.88560056,-87.72645112
6/28/2019 10:19,20,NO CONTROLS,NO CONTROLS,CLEAR,DAYLIGHT,FIXED OBJECT,NOT DIVIDED,STRAIGHT AND LEVEL,DRY,NO DEFECTS,ON SCENE,NO INJURY / DRIVE AWAY,,"OVER $1,500",UNABLE TO DETERMINE,UNABLE TO DETERMINE,2411,S,THROOP ST,1235,1,NO INDICATION OF INJURY,0,0,0,0,0,1,0,10,6,6,41.84833115,-87.65829239
6/16/2019 12:40,10,NO CONTROLS,NO CONTROLS,CLEAR,DAYLIGHT,REAR TO SIDE,PARKING LOT,STRAIGHT AND LEVEL,WET,NO DEFECTS,NOT ON SCENE (DESK REPORT),NO INJURY / DRIVE AWAY,,"$501 - $1,500",IMPROPER BACKING,NOT APPLICABLE,4650,W,NORTH AVE,2533,2,NO INDICATION OF INJURY,0,0,0,0,0,2,0,12,1,6,41.90976453,-87.7433763
6/14/2019 17:00,20,NO CONTROLS,NO CONTROLS,CLEAR,DUSK,PARKED MOTOR VEHICLE,NOT DIVIDED,STRAIGHT AND LEVEL,DRY,NO DEFECTS,NOT ON SCENE (DESK REPORT),NO INJURY / DRIVE AWAY,,"OVER $1,500",UNABLE TO DETERMINE,UNABLE TO DETERMINE,3247,W,47TH ST,821,2,NO INDICATION OF INJURY,0,0,0,0,0,1,0,17,6,6,41.80798617,-87.70589331
6/20/2019 20:30,30,STOP SIGN/FLASHER,FUNCTIONING PROPERLY,CLEAR,"DARKNESS, LIGHTED ROAD",TURNING,NOT DIVIDED,STRAIGHT AND LEVEL,DRY,NO DEFECTS,NOT ON SCENE (DESK REPORT),INJURY AND / OR TOW DUE TO CRASH,N,"OVER $1,500",FAILING TO YIELD RIGHT-OF-WAY,UNABLE TO DETERMINE,3700,W,DIVERSEY AVE,2523,2,NONINCAPACITATING INJURY,1,0,0,1,0,3,0,20,5,6,41.93198942,-87.71969927
6/19/2019 12:30,30,NO CONTROLS,NO CONTROLS,UNKNOWN,UNKNOWN,PARKED MOTOR VEHICLE,NOT DIVIDED,STRAIGHT AND LEVEL,UNKNOWN,NO DEFECTS,NOT ON SCENE (DESK REPORT),NO INJURY / DRIVE AWAY,,"$501 - $1,500",UNABLE TO DETERMINE,NOT APPLICABLE,5132,W,CONCORD PL,2533,2,NO INDICATION OF INJURY,0,0,0,0,0,1,0,12,4,6,41.91055019,-87.75400125
6/29/2019 21:00,35,NO CONTROLS,UNKNOWN,CLEAR,DARKNESS,PEDESTRIAN,OTHER,STRAIGHT AND LEVEL,DRY,NO DEFECTS,ON SCENE,INJURY AND / OR TOW DUE TO CRASH,,$500 OR LESS,UNABLE TO DETERMINE,UNABLE TO DETERMINE,7800,S,LOOMIS BLVD,612,2,NONINCAPACITATING INJURY,1,0,0,1,0,1,0,21,7,6,41.75215526,-87.6587792