CRASH_DATE,POSTED_SPEED_LIMIT,TRAFFIC_CONTROL_DEVICE,DEVICE_CONDITION,WEATHER_CONDITION,LIGHTING_CONDITION,FIRST_CRASH_TYPE,TRAFFICWAY_TYPE,ALIGNMENT,ROADWAY_SURFACE_COND,ROAD_DEFECT,REPORT_TYPE,CRASH_TYPE,INTERSECTION_RELATED_I,DAMAGE,PRIM_CONTRIBUTORY_CAUSE,SEC_CONTRIBUTORY_CAUSE,STREET_NO,STREET_DIRECTION,STREET_NAME,BEAT_OF_OCCURRENCE,NUM_UNITS,MOST_SEVERE_INJURY,INJURIES_TOTAL,INJURIES_FATAL,INJURIES_INCAPACITATING,INJURIES_NON_INCAPACITATING,INJURIES_REPORTED_NOT_EVIDENT,INJURIES_NO_INDICATION,INJURIES_UNKNOWN,CRASH_HOUR,CRASH_DAY_OF_WEEK,CRASH_MONTH,LATITUDE,LONGITUDE
6/14/2019 1:00,35,UNKNOWN,UNKNOWN,CLEAR,DARKNESS,PARKED MOTOR VEHICLE,NOT DIVIDED,STRAIGHT AND LEVEL,DRY,UNKNOWN,NOT ON SCENE (DESK REPORT),NO INJURY / DRIVE AWAY,,$500 OR LESS,UNABLE TO DETERMINE,NOT APPLICABLE,4314,W,LEXINGTON ST,1131,2,NO INDICATION OF INJURY,0,0,0,0,0,1,0,1,6,6,41.87168833,-87.73336574
6/22/2019 22:29,30,TRAFFIC SIGNAL,FUNCTIONING PROPERLY,CLEAR,"DARKNESS, LIGHTED ROAD",TURNING,DIVIDED - W/MEDIAN (NOT RAISED),STRAIGHT AND LEVEL,DRY,NO DEFECTS,NOT ON SCENE (DESK REPORT),NO INJURY / DRIVE AWAY,Y,"OVER $1,500",TURNING RIGHT ON RED,NOT APPLICABLE,800,N,PULASKI RD,1111,2,NO INDICATION OF INJURY,0,0,0,0,0,4,0,22,7,6,41.89545646,-87.72623054
6/19/2019 14:50,30,STOP SIGN/FLASHER,FUNCTIONING PROPERLY,CLEAR,DAYLIGHT,ANGLE,NOT DIVIDED,STRAIGHT AND LEVEL,DRY,NO DEFECTS,NOT ON SCENE (DESK REPORT),NO INJURY / DRIVE AWAY,Y,"OVER $1,500",FAILING TO YIELD RIGHT-OF-WAY,NOT APPLICABLE,1881,W,OGDEN AVE,1231,2,NO INDICATION OF INJURY,0,0,0,0,0,2,0,14,4,6,41.87500849,-87.67353686
6/20/2019 9:00,30,STOP SIGN/FLASHER,FUNCTIONING PROPERLY,RAIN,DAYLIGHT,REAR END,NOT DIVIDED,STRAIGHT AND LEVEL,WET,NO DEFECTS,NOT ON SCENE (DESK REPORT),NO INJURY / DRIVE AWAY,,"$501 - $1,500",UNABLE TO DETERMINE,UNABLE TO DETERMINE,5401,S,CALIFORNIA AVE,923,2,NO INDICATION OF INJURY,0,0,0,0,0,2,0,9,5,6,41.79542632,-87.69369902
6/30/2019 20:20,30,NO CONTROLS,NO CONTROLS,CLEAR,DAYLIGHT,PARKED MOTOR VEHICLE,NOT DIVIDED,STRAIGHT AND LEVEL,DRY,NO DEFECTS,NOT ON SCENE (DESK REPORT),NO INJURY / DRIVE AWAY,,"$501 - $1,500",UNABLE TO DETERMINE,NOT APPLICABLE,5822,N,WESTERN AVE,2011,2,NO INDICATION OF INJURY,0,0,0,0,0,1,0,20,1,6,41.98752226,-87.68971871
6/29/2019 21:00,30,NO CONTROLS,NO CONTROLS,CLEAR,DARKNESS,FIXED OBJECT,NOT DIVIDED,STRAIGHT AND LEVEL,UNKNOWN,"RUT, HOLES",NOT ON SCENE (DESK REPORT),NO INJURY / DRIVE AWAY,,"$501 - $1,500",ROAD CONSTRUCTION/MAINTENANCE,ROAD CONSTRUCTION/MAINTENANCE,1431,N,WESTERN AVE,1424,1,NO INDICATION OF INJURY,0,0,0,0,0,2,0,21,7,6,41.90760945,-87.68700187
6/22/2019 16:45,30,NO CONTROLS,NO CONTROLS,CLEAR,DAYLIGHT,REAR END,DIVIDED - W/MEDIAN (NOT RAISED),STRAIGHT AND LEVEL,DRY,NO DEFECTS,ON SCENE,NO INJURY / DRIVE AWAY,,"OVER $1,500",UNABLE TO DETERMINE,UNABLE TO DETERMINE,731,N,AUSTIN BLVD,1511,2,NO INDICATION OF INJURY,0,0,0,0,0,2,0,16,7,6,41.89375538,-87.77495075
6/16/2019 14:30,30,NO CONTROLS,NO CONTROLS,CLEAR,DAYLIGHT,ANGLE,FOUR WAY,STRAIGHT AND LEVEL,DRY,NO DEFECTS,ON SCENE,INJURY AND / OR TOW DUE TO CRASH,,"OVER $1,500",FAILING TO YIELD RIGHT-OF-WAY,NOT APPLICABLE,38,E,79TH ST,623,2,NO INDICATION OF INJURY,0,0,0,0,0,2,0,14,1,6,41.75108793,-87.6230774
6/26/2019 1:10,25,NO CONTROLS,NO CONTROLS,CLEAR,"DARKNESS, LIGHTED ROAD",OVERTURNED,ONE-WAY,STRAIGHT AND LEVEL,DRY,NO DEFECTS,ON SCENE,INJURY AND / OR TOW DUE TO CRASH,,"OVER $1,500",UNABLE TO DETERMINE,UNABLE TO DETERMINE,1147,S,RICHMOND ST,1135,1,NONINCAPACITATING INJURY,3,0,0,3,0,1,0,1,4,6,41.86685573,-87.69943311
6/18/2019 13:20,30,NO CONTROLS,NO CONTROLS,CLEAR,DAYLIGHT,PARKED MOTOR VEHICLE,NOT DIVIDED,STRAIGHT AND LEVEL,DRY,NO DEFECTS,ON SCENE,NO INJURY / DRIVE AWAY,,"OVER $1,500",UNABLE TO DETERMINE,UNABLE TO DETERMINE,3940,N,LINCOLN AVE,1922,2,NO INDICATION OF INJURY,0,0,0,0,0,1,0,13,3,6,41.95353122,-87.67848684
6/25/2019 10:00,50,NO CONTROLS,NO CONTROLS,CLEAR,DAYLIGHT,SIDESWIPE SAME DIRECTION,OTHER,STRAIGHT AND LEVEL,DRY,NO DEFECTS,NOT ON SCENE (DESK REPORT),NO INJURY / DRIVE AWAY,,"OVER $1,500",IMPROPER LANE USAGE,UNABLE TO DETERMINE,3600,N,LAKE SHORE DR NB,1925,2,NO INDICATION OF INJURY,0,0,0,0,0,2,0,10,3,6,41.9488099,-87.6432618
6/19/2019 8:15,35,NO CONTROLS,NO CONTROLS,CLEAR,DAYLIGHT,REAR END,NOT DIVIDED,STRAIGHT AND LEVEL,DRY,NO DEFECTS,NOT ON SCENE (DESK REPORT),NO INJURY / DRIVE AWAY,Y,"OVER $1,500",IMPROPER BACKING,IMPROPER BACKING,2401,W,31ST BLVD,1034,2,NO INDICATION OF INJURY,0,0,0,0,0,2,0,8,4,6,41.83790782,-87.68540175
6/28/2019 17:30,30,NO CONTROLS,NO CONTROLS,CLEAR,DAYLIGHT,ANGLE,NOT DIVIDED,STRAIGHT AND LEVEL,DRY,NO DEFECTS,NOT ON SCENE (DESK REPORT),NO INJURY / DRIVE AWAY,,"OVER $1,500",UNABLE TO DETERMINE,NOT APPLICABLE,2913,W,LUIS MUNOZ MARIN DR N,1423,2,NO INDICATION OF INJURY,0,0,0,0,0,3,0,17,6,6,41.90933337,-87.70026258
6/28/2019 8:15,30,TRAFFIC SIGNAL,FUNCTIONING PROPERLY,CLEAR,DAYLIGHT,SIDESWIPE SAME DIRECTION,DIVIDED - W/MEDIAN (NOT RAISED),STRAIGHT AND LEVEL,DRY,NO DEFECTS,ON SCENE,NO INJURY / DRIVE AWAY,,"$501 - $1,500",FOLLOWING TOO CLOSELY,NOT APPLICABLE,175,N,MICHIGAN AVE,114,2,NO INDICATION OF INJURY,0,0,0,0,0,2,0,8,6,6,41.88511549,-87.62433579
6/28/2019 22:45,30,NO CONTROLS,NO CONTROLS,CLEAR,"DARKNESS, LIGHTED ROAD",REAR END,NOT DIVIDED,STRAIGHT AND LEVEL,DRY,NO DEFECTS,ON SCENE,INJURY AND / OR TOW DUE TO CRASH,,"OVER $1,500",FAILING TO REDUCE SPEED TO AVOID CRASH,NOT APPLICABLE,4745,S,WESTERN BLVD,931,2,NO INDICATION OF INJURY,0,0,0,0,0,4,0,22,6,6,41.80708375,-87.68367535
6/17/2019 3:25,25,TRAFFIC SIGNAL,FUNCTIONING PROPERLY,CLEAR,"DARKNESS, LIGHTED ROAD",TURNING,FOUR WAY,STRAIGHT AND LEVEL,DRY,NO DEFECTS,NOT ON SCENE (DESK REPORT),INJURY AND / OR TOW DUE TO CRASH,Y,"OVER $1,500",FAILING TO YIELD RIGHT-OF-WAY,UNABLE TO DETERMINE,200,E,63RD ST,311,2,"REPORTED, NOT EVIDENT",2,0,0,0,2,1,0,3,2,6,41.78022726,-87.62036364
6/24/2019 13:00,15,NO CONTROLS,NO CONTROLS,CLEAR,DAYLIGHT,TURNING,NOT DIVIDED,STRAIGHT AND LEVEL,DRY,NO DEFECTS,NOT ON SCENE (DESK REPORT),NO INJURY / DRIVE AWAY,,$500 OR LESS,FOLLOWING TOO CLOSELY,FOLLOWING TOO CLOSELY,2114,S,PAULINA ST,1234,2,NO INDICATION OF INJURY,0,0,0,0,0,2,0,13,2,6,41.85361875,-87.66868039
6/25/2019 16:30,30,TRAFFIC SIGNAL,FUNCTIONING PROPERLY,CLEAR,DAYLIGHT,REAR END,DIVIDED - W/MEDIAN BARRIER,STRAIGHT AND LEVEL,DRY,NO DEFECTS,ON SCENE,NO INJURY / DRIVE AWAY,,"OVER $1,500",FOLLOWING TOO CLOSELY,NOT APPLICABLE,3852,S,WESTERN AVE,911,2,NO INDICATION OF INJURY,0,0,0,0,0,2,0,16,3,6,41.82322665,-87.68503819
6/21/2019 13:30,30,TRAFFIC SIGNAL,FUNCTIONING PROPERLY,CLEAR,DARKNESS,SIDESWIPE OPPOSITE DIRECTION,DIVIDED - W/MEDIAN (NOT RAISED),STRAIGHT AND LEVEL,DRY,NO DEFECTS,NOT ON SCENE (DESK REPORT),NO INJURY / DRIVE AWAY,,"$501 - $1,500",UNABLE TO DETERMINE,UNABLE TO DETERMINE,2521,S,DR MARTIN LUTHER KING JR DR,133,2,NO INDICATION OF INJURY,0,0,0,0,0,2,0,13,6,6,41.84688439,-87.6171791
6/30/2019 9:44,20,NO CONTROLS,NO CONTROLS,CLEAR,DAYLIGHT,REAR END,RAMP,STRAIGHT ON HILLCREST,DRY,NO DEFECTS,ON SCENE,NO INJURY / DRIVE AWAY,,$500 OR LESS,FAILING TO REDUCE SPEED TO AVOID CRASH,UNABLE TO DETERMINE,7045,S,LAFAYETTE AVE,731,2,NO INDICATION OF INJURY,0,0,0,0,0,4,0,9,1,6,41.76592734,-87.62640944
6/17/2019 8:28,35,TRAFFIC SIGNAL,FUNCTIONING PROPERLY,CLEAR,DAYLIGHT,REAR END,DIVIDED - W/MEDIAN BARRIER,STRAIGHT AND LEVEL,UNKNOWN,UNKNOWN,ON SCENE,INJURY AND / OR TOW DUE TO CRASH,Y,"OVER $1,500",FOLLOWING TOO CLOSELY,UNABLE TO DETERMINE,7900,S,STONY ISLAND AVE,411,2,INCAPACITATING INJURY,2,0,1,0,1,1,0,8,2,6,41.7514606,-87.58597199
6/21/2019 11:30,30,NO CONTROLS,NO CONTROLS,CLEAR,DAYLIGHT,PARKED MOTOR VEHICLE,OTHER,STRAIGHT AND LEVEL,DRY,NO DEFECTS,NOT ON SCENE (DESK REPORT),NO INJURY / DRIVE AWAY,,"$501 - $1,500",UNABLE TO DETERMINE,NOT APPLICABLE,2763,W,ST MARY ST,1431,2,NO INDICATION OF INJURY,0,0,0,0,0,1,0,11,6,6,41.92013616,-87.69657191
6/30/2019 23:12,30,NO CONTROLS,NO CONTROLS,CLEAR,"DARKNESS, LIGHTED ROAD",FIXED OBJECT,ONE-WAY,STRAIGHT AND LEVEL,DRY,WORN SURFACE,ON SCENE,INJURY AND / OR TOW DUE TO CRASH,,"OVER $1,500",UNDER THE INFLUENCE OF ALCOHOL/DRUGS (USE WHEN ARREST IS EFFECTED),FAILING TO REDUCE SPEED TO AVOID CRASH,1100,W,CONGRESS PKWY,1232,1,NO INDICATION OF INJURY,0,0,0,0,0,1,0,23,1,6,41.87544797,-87.65457446
6/17/2019 8:30,30,TRAFFIC SIGNAL,FUNCTIONING PROPERLY,CLOUDY/OVERCAST,DAYLIGHT,TURNING,FOUR WAY,STRAIGHT AND LEVEL,DRY,NO DEFECTS,ON SCENE,NO INJURY / DRIVE AWAY,Y,"OVER $1,500",UNABLE TO DETERMINE,UNABLE TO DETERMINE,2800,W,DIVERSEY AVE,1411,2,NO INDICATION OF INJURY,0,0,0,0,0,2,0,8,2,6,41.9322054,-87.69767924
6/30/2019 12:25,30,NO CONTROLS,NO CONTROLS,UNKNOWN,UNKNOWN,PARKED MOTOR VEHICLE,ONE-WAY,STRAIGHT AND LEVEL,UNKNOWN,UNKNOWN,NOT ON SCENE (DESK REPORT),NO INJURY / DRIVE AWAY,,"$501 - $1,500",UNABLE TO DETERMINE,NOT APPLICABLE,5937,S,FRANCISCO AVE,824,2,NO INDICATION OF INJURY,0,0,0,0,0,1,0,12,1,6,41.78526038,-87.69585493
6/29/2019 17:14,30,NO CONTROLS,NO CONTROLS,CLEAR,DAYLIGHT,REAR END,NOT DIVIDED,STRAIGHT AND LEVEL,DRY,NO DEFECTS,NOT ON SCENE (DESK REPORT),NO INJURY / DRIVE AWAY,,"OVER $1,500",UNABLE TO DETERMINE,NOT APPLICABLE,4524,N,SIMONDS DR,1914,2,NO INDICATION OF INJURY,0,0,0,0,0,5,0,17,7,6,41.96597932,-87.64166083
6/16/2019 1:18,30,STOP SIGN/FLASHER,FUNCTIONING PROPERLY,RAIN,"DARKNESS, LIGHTED ROAD",TURNING,UNKNOWN INTERSECTION TYPE,STRAIGHT AND LEVEL,WET,NO DEFECTS,ON SCENE,NO INJURY / DRIVE AWAY,Y,"$501 - $1,500",FAILING TO YIELD RIGHT-OF-WAY,WEATHER,3024,W,ADDISON ST,1733,2,NO INDICATION OF INJURY,0,0,0,0,0,2,0,1,1,6,41.94676168,-87.70400522
6/15/2019 22:30,30,NO CONTROLS,NO CONTROLS,CLEAR,"DARKNESS, LIGHTED ROAD",SIDESWIPE SAME DIRECTION,NOT DIVIDED,STRAIGHT AND LEVEL,WET,NO DEFECTS,NOT ON SCENE (DESK REPORT),NO INJURY / DRIVE AWAY,,"OVER $1,500",IMPROPER OVERTAKING/PASSING,NOT APPLICABLE,3017,W,PETERSON AVE,2011,2,NO INDICATION OF INJURY,0,0,0,0,0,3,0,22,7,6,41.99030014,-87.70504212
6/14/2019 14:16,30,TRAFFIC SIGNAL,FUNCTIONING PROPERLY,CLEAR,DAYLIGHT,SIDESWIPE SAME DIRECTION,DIVIDED - W/MEDIAN (NOT RAISED),STRAIGHT AND LEVEL,DRY,NO DEFECTS,NOT ON SCENE (DESK REPORT),NO INJURY / DRIVE AWAY,,"OVER $1,500",IMPROPER LANE USAGE,UNABLE TO DETERMINE,4599,N,CICERO AVE,1722,2,NO INDICATION OF INJURY,0,0,0,0,0,2,0,14,6,6,41.96432344,-87.74746855
6/27/2019 6:45,30,TRAFFIC SIGNAL,FUNCTIONING PROPERLY,CLEAR,DAYLIGHT,TURNING,FOUR WAY,STRAIGHT AND LEVEL,DRY,NO DEFECTS,ON SCENE,INJURY AND / OR TOW DUE TO CRASH,Y,"OVER $1,500",UNABLE TO DETERMINE,NOT APPLICABLE,5902,W,DIVISION ST,2531,2,NO INDICATION OF INJURY,0,0,0,0,0,2,0,6,5,6,41.90214158,-87.77309302
6/26/2019 21:40,30,NO CONTROLS,NO CONTROLS,CLEAR,"DARKNESS, LIGHTED ROAD",PARKED MOTOR VEHICLE,NOT DIVIDED,STRAIGHT AND LEVEL,DRY,NO DEFECTS,NOT ON SCENE (DESK REPORT),NO INJURY / DRIVE AWAY,,"OVER $1,500",UNABLE TO DETERMINE,UNABLE TO DETERMINE,1409,E,57TH ST,235,2,NO INDICATION OF INJURY,0,0,0,0,0,1,0,21,4,6,41.79139387,-87.59118023
6/20/2019 18:30,30,NO CONTROLS,NO CONTROLS,CLEAR,DAYLIGHT,SIDESWIPE SAME DIRECTION,NOT DIVIDED,STRAIGHT AND LEVEL,DRY,NO DEFECTS,NOT ON SCENE (DESK REPORT),NO INJURY / DRIVE AWAY,,"$501 - $1,500",UNABLE TO DETERMINE,NOT APPLICABLE,5300,W,IRVING PARK RD,1624,2,NO INDICATION OF INJURY,0,0,0,0,0,2,0,18,5,6,41.95337859,-87.75973808
6/18/2019 16:07,30,TRAFFIC SIGNAL,FUNCTIONING PROPERLY,CLEAR,DAYLIGHT,REAR END,DIVIDED - W/MEDIAN (NOT RAISED),STRAIGHT AND LEVEL,DRY,NO DEFECTS,ON SCENE,INJURY AND / OR TOW DUE TO CRASH,,"$501 - $1,500",UNABLE TO DETERMINE,UNABLE TO DETERMINE,2931,W,CHICAGO AVE,1221,2,"REPORTED, NOT EVIDENT",3,0,0,0,3,1,0,16,3,6,41.89551332,-87.70051019
6/16/2019 9:10,30,NO CONTROLS,NO CONTROLS,CLEAR,DAYLIGHT,PARKED MOTOR VEHICLE,ONE-WAY,STRAIGHT AND LEVEL,DRY,UNKNOWN,ON SCENE,NO INJURY / DRIVE AWAY,,"OVER $1,500",DRIVING SKILLS/KNOWLEDGE/EXPERIENCE,UNABLE TO DETERMINE,4112,W,14TH ST,1011,3,NO INDICATION OF INJURY,0,0,0,0,0,1,0,9,1,6,41.86258471,-87.7281197
6/23/2019 3:00,30,TRAFFIC SIGNAL,FUNCTIONING PROPERLY,RAIN,DARKNESS,FIXED OBJECT,NOT DIVIDED,STRAIGHT AND LEVEL,WET,NO DEFECTS,NOT ON SCENE (DESK REPORT),NO INJURY / DRIVE AWAY,,"OVER $1,500",WEATHER,UNABLE TO DETERMINE,4700,S,HALSTED ST,933,1,NO INDICATION OF INJURY,0,0,0,0,0,2,0,3,1,6,41.80881504,-87.64568295
6/29/2019 19:55,30,STOP SIGN/FLASHER,FUNCTIONING PROPERLY,CLEAR,"DARKNESS, LIGHTED ROAD",SIDESWIPE SAME DIRECTION,NOT DIVIDED,STRAIGHT AND LEVEL,DRY,NO DEFECTS,ON SCENE,INJURY AND / OR TOW DUE TO CRASH,,"OVER $1,500",FAILING TO YIELD RIGHT-OF-WAY,NOT APPLICABLE,2832,N,LOCKWOOD AVE,2514,2,NO INDICATION OF INJURY,0,0,0,0,0,2,0,19,7,6,41.93238723,-87.75904462
6/27/2019 20:15,30,NO CONTROLS,NO CONTROLS,CLEAR,DUSK,SIDESWIPE SAME DIRECTION,NOT DIVIDED,STRAIGHT AND LEVEL,DRY,NO DEFECTS,NOT ON SCENE (DESK REPORT),NO INJURY / DRIVE AWAY,,"$501 - $1,500",IMPROPER LANE USAGE,NOT APPLICABLE,8700,S,ASHLAND AVE,2221,2,NO INDICATION OF INJURY,0,0,0,0,0,2,0,20,5,6,41.73569699,-87.66320954
6/24/2019 17:35,30,NO CONTROLS,NO CONTROLS,CLOUDY/OVERCAST,DAYLIGHT,ANIMAL,DIVIDED - W/MEDIAN (NOT RAISED),STRAIGHT AND LEVEL,WET,NO DEFECTS,ON SCENE,NO INJURY / DRIVE AWAY,,"OVER $1,500",ANIMAL,NOT APPLICABLE,3208,N,CUMBERLAND AVE,1631,1,NO INDICATION OF INJURY,0,0,0,0,0,1,0,17,2,6,41.93787472,-87.83622503
6/21/2019 17:25,30,TRAFFIC SIGNAL,FUNCTIONING PROPERLY,CLEAR,DAYLIGHT,REAR END,DIVIDED - W/MEDIAN BARRIER,STRAIGHT AND LEVEL,DRY,NO DEFECTS,NOT ON SCENE (DESK REPORT),NO INJURY / DRIVE AWAY,Y,$500 OR LESS,FOLLOWING TOO CLOSELY,FAILING TO REDUCE SPEED TO AVOID CRASH,3659,N,KIMBALL AVE,1733,2,NO INDICATION OF INJURY,0,0,0,0,0,2,0,17,6,6,41.94830298,-87.71261713
6/28/2019 16:46,30,TRAFFIC SIGNAL,FUNCTIONING PROPERLY,CLEAR,DAYLIGHT,REAR TO FRONT,NOT DIVIDED,STRAIGHT AND LEVEL,DRY,NO DEFECTS,ON SCENE,INJURY AND / OR TOW DUE TO CRASH,,$500 OR LESS,UNABLE TO DETERMINE,NOT APPLICABLE,302,E,CHICAGO AVE,1833,2,"REPORTED, NOT EVIDENT",1,0,0,0,1,1,0,16,6,6,41.89689993,-87.62013283
6/27/2019 17:30,30,NO CONTROLS,NO CONTROLS,CLEAR,DAYLIGHT,SIDESWIPE OPPOSITE DIRECTION,ONE-WAY,STRAIGHT AND LEVEL,DRY,NO DEFECTS,NOT ON SCENE (DESK REPORT),NO INJURY / DRIVE AWAY,,"$501 - $1,500",FAILING TO YIELD RIGHT-OF-WAY,NOT APPLICABLE,5128,W,NELSON ST,2521,2,NO INDICATION OF INJURY,0,0,0,0,0,2,0,17,5,6,41.9360902,-87.75532727
6/21/2019 9:40,30,TRAFFIC SIGNAL,FUNCTIONING PROPERLY,CLEAR,DAYLIGHT,TURNING,T-INTERSECTION,STRAIGHT AND LEVEL,DRY,UNKNOWN,ON SCENE,NO INJURY / DRIVE AWAY,Y,"$501 - $1,500",FAILING TO REDUCE SPEED TO AVOID CRASH,NOT APPLICABLE,5800,N,PULASKI RD,1711,2,NO INDICATION OF INJURY,0,0,0,0,0,2,0,9,6,6,41.98592799,-87.72866342
6/21/2019 22:20,40,NO CONTROLS,NO CONTROLS,CLEAR,"DARKNESS, LIGHTED ROAD",SIDESWIPE SAME DIRECTION,DIVIDED - W/MEDIAN BARRIER,STRAIGHT AND LEVEL,DRY,NO DEFECTS,ON SCENE,INJURY AND / OR TOW DUE TO CRASH,,"OVER $1,500",UNABLE TO DETERMINE,UNABLE TO DETERMINE,4000,S,CICERO AVE,1031,2,NO INDICATION OF INJURY,0,0,0,0,0,2,0,22,6,6,41.82056577,-87.7436532
6/22/2019 19:13,15,NO CONTROLS,NO CONTROLS,CLEAR,DAYLIGHT,PARKED MOTOR VEHICLE,PARKING LOT,STRAIGHT ON GRADE,DRY,NO DEFECTS,NOT ON SCENE (DESK REPORT),NO INJURY / DRIVE AWAY,,"$501 - $1,500",IMPROPER BACKING,NOT APPLICABLE,1215,E,83RD ST,412,2,NO INDICATION OF INJURY,0,0,0,0,0,2,0,19,7,6,41.74398443,-87.59466164
6/17/2019 19:53,30,TRAFFIC SIGNAL,NO CONTROLS,CLEAR,DAYLIGHT,TURNING,ONE-WAY,STRAIGHT AND LEVEL,DRY,NO DEFECTS,ON SCENE,INJURY AND / OR TOW DUE TO CRASH,,"OVER $1,500",NOT APPLICABLE,NOT APPLICABLE,800,N,MENARD AVE,1511,2,"REPORTED, NOT EVIDENT",1,0,0,0,1,1,0,19,2,6,41.89482658,-87.77041013
6/23/2019 1:00,20,NO CONTROLS,NO CONTROLS,CLEAR,"DARKNESS, LIGHTED ROAD",PARKED MOTOR VEHICLE,ONE-WAY,STRAIGHT AND LEVEL,DRY,NO DEFECTS,ON SCENE,NO INJURY / DRIVE AWAY,,"$501 - $1,500",UNABLE TO DETERMINE,UNABLE TO DETERMINE,2218,S,KOLIN AVE,1013,2,NO INDICATION OF INJURY,0,0,0,0,0,1,0,1,1,6,41.85082087,-87.73245679
6/25/2019 23:00,30,TRAFFIC SIGNAL,FUNCTIONING PROPERLY,CLEAR,"DARKNESS, LIGHTED ROAD",SIDESWIPE SAME DIRECTION,NOT DIVIDED,STRAIGHT AND LEVEL,DRY,UNKNOWN,NOT ON SCENE (DESK REPORT),NO INJURY / DRIVE AWAY,,"OVER $1,500",IMPROPER LANE USAGE,IMPROPER LANE USAGE,999,W,GRAND AVE,1214,2,NO INDICATION OF INJURY,0,0,0,0,0,2,0,23,3,6,41.89102384,-87.65224122
6/27/2019 15:15,15,NO CONTROLS,NO CONTROLS,CLEAR,DAYLIGHT,ANGLE,PARKING LOT,STRAIGHT AND LEVEL,DRY,UNKNOWN,NOT ON SCENE (DESK REPORT),NO INJURY / DRIVE AWAY,,"$501 - $1,500",FAILING TO YIELD RIGHT-OF-WAY,NOT APPLICABLE,200,W,87TH ST,622,2,NO INDICATION OF INJURY,0,0,0,0,0,5,0,15,5,6,41.7362617,-87.62906472
6/21/2019 18:00,30,NO CONTROLS,NO CONTROLS,CLEAR,DAYLIGHT,SIDESWIPE SAME DIRECTION,DIVIDED - W/MEDIAN (NOT RAISED),STRAIGHT AND LEVEL,DRY,NO DEFECTS,NOT ON SCENE (DESK REPORT),NO INJURY / DRIVE AWAY,,"OVER $1,500",DRIVING SKILLS/KNOWLEDGE/EXPERIENCE,NOT APPLICABLE,5108,S,HARPER AVE,234,2,NO INDICATION OF INJURY,0,0,0,0,0,2,0,18,6,6,41.80215526,-87.58929589
6/20/2019 0:10,20,TRAFFIC SIGNAL,FUNCTIONING PROPERLY,RAIN,"DARKNESS, LIGHTED ROAD",FIXED OBJECT,DIVIDED - W/MEDIAN BARRIER,STRAIGHT AND LEVEL,WET,NO DEFECTS,ON SCENE,INJURY AND / OR TOW DUE TO CRASH,Y,"OVER $1,500",UNABLE TO DETERMINE,NOT APPLICABLE,1800,S,STATE ST,131,1,NO INDICATION OF INJURY,0,0,0,0,0,1,0,0,5,6,41.85774485,-87.62734138
6/10/2019 9:00,10,NO CONTROLS,NO CONTROLS,CLEAR,DAYLIGHT,REAR TO SIDE,PARKING LOT,STRAIGHT AND LEVEL,DRY,NO DEFECTS,NOT ON SCENE (DESK REPORT),NO INJURY / DRIVE AWAY,,"OVER $1,500",IMPROPER BACKING,UNABLE TO DETERMINE,4050,W,115TH ST,2211,2,NO INDICATION OF INJURY,0,0,0,0,0,2,0,9,2,6,41.68404416,-87.72196288
6/19/2019 4:35,30,TRAFFIC SIGNAL,FUNCTIONING PROPERLY,CLEAR,"DARKNESS, LIGHTED ROAD",PARKED MOTOR VEHICLE,NOT DIVIDED,STRAIGHT AND LEVEL,DRY,NO DEFECTS,NOT ON SCENE (DESK REPORT),INJURY AND / OR TOW DUE TO CRASH,,"$501 - $1,500",UNABLE TO DETERMINE,UNABLE TO DETERMINE,1450,S,PULASKI RD,1011,2,NONINCAPACITATING INJURY,1,0,0,1,0,2,0,4,4,6,41.86101127,-87.72516576
6/26/2019 18:15,30,TRAFFIC SIGNAL,FUNCTIONING PROPERLY,CLEAR,"DARKNESS, LIGHTED ROAD",SIDESWIPE SAME DIRECTION,ONE-WAY,STRAIGHT AND LEVEL,DRY,NO DEFECTS,NOT ON SCENE (DESK REPORT),NO INJURY / DRIVE AWAY,,"OVER $1,500",UNABLE TO DETERMINE,UNABLE TO DETERMINE,225,W,RANDOLPH ST,122,2,NO INDICATION OF INJURY,0,0,0,0,0,2,0,18,4,6,41.88435558,-87.63463655
6/30/2019 12:30,30,STOP SIGN/FLASHER,NO CONTROLS,CLEAR,DAYLIGHT,ANGLE,NOT DIVIDED,STRAIGHT AND LEVEL,DRY,NO DEFECTS,NOT ON SCENE (DESK REPORT),NO INJURY / DRIVE AWAY,,"$501 - $1,500",UNABLE TO DETERMINE,NOT APPLICABLE,4232,N,LARAMIE AVE,1624,2,NO INDICATION OF INJURY,0,0,0,0,0,2,0,12,1,6,41.95796427,-87.75744754
6/20/2019 14:15,30,NO CONTROLS,NO CONTROLS,CLEAR,DAYLIGHT,REAR END,DIVIDED - W/MEDIAN BARRIER,STRAIGHT AND LEVEL,UNKNOWN,UNKNOWN,NOT ON SCENE (DESK REPORT),NO INJURY / DRIVE AWAY,,"OVER $1,500",FOLLOWING TOO CLOSELY,NOT APPLICABLE,400,N,LAKE SHORE DR,1834,2,NO INDICATION OF INJURY,0,0,0,0,0,2,0,14,5,6,41.8894184,-87.61427019
6/30/2019 13:45,30,STOP SIGN/FLASHER,FUNCTIONING PROPERLY,CLEAR,DAYLIGHT,ANGLE,NOT DIVIDED,STRAIGHT AND LEVEL,DRY,NO DEFECTS,,INJURY AND / OR TOW DUE TO CRASH,,"OVER $1,500",FAILING TO YIELD RIGHT-OF-WAY,NOT APPLICABLE,8800,S,HALSTED ST,2223,3,NONINCAPACITATING INJURY,2,0,0,2,0,4,0,13,1,6,41.73422263,-87.64371259