CRASH_DATE,POSTED_SPEED_LIMIT,TRAFFIC_CONTROL_DEVICE,DEVICE_CONDITION,WEATHER_CONDITION,LIGHTING_CONDITION,FIRST_CRASH_TYPE,TRAFFICWAY_TYPE,ALIGNMENT,ROADWAY_SURFACE_COND,ROAD_DEFECT,REPORT_TYPE,CRASH_TYPE,INTERSECTION_RELATED_I,DAMAGE,PRIM_CONTRIBUTORY_CAUSE,SEC_CONTRIBUTORY_CAUSE,STREET_NO,STREET_DIRECTION,STREET_NAME,BEAT_OF_OCCURRENCE,NUM_UNITS,MOST_SEVERE_INJURY,INJURIES_TOTAL,INJURIES_FATAL,INJURIES_INCAPACITATING,INJURIES_NON_INCAPACITATING,INJURIES_REPORTED_NOT_EVIDENT,INJURIES_NO_INDICATION,INJURIES_UNKNOWN,CRASH_HOUR,CRASH_DAY_OF_WEEK,CRASH_MONTH,LATITUDE,LONGITUDE
6/29/2019 18:00,30,NO CONTROLS,NO CONTROLS,UNKNOWN,UNKNOWN,PARKED MOTOR VEHICLE,ONE-WAY,STRAIGHT AND LEVEL,UNKNOWN,NO DEFECTS,NOT ON SCENE (DESK REPORT),NO INJURY / DRIVE AWAY,,"OVER $1,500",UNABLE TO DETERMINE,NOT APPLICABLE,901,S,CLAREMONT AVE,1225,2,NO INDICATION OF INJURY,0,0,0,0,0,1,0,18,7,6,41.87014894,-87.68476209
6/18/2019 21:37,15,NO CONTROLS,NO CONTROLS,CLEAR,"DARKNESS, LIGHTED ROAD",FIXED OBJECT,T-INTERSECTION,STRAIGHT AND LEVEL,DRY,"RUT, HOLES",NOT ON SCENE (DESK REPORT),INJURY AND / OR TOW DUE TO CRASH,,$500 OR LESS,UNABLE TO DETERMINE,UNABLE TO DETERMINE,1330,S,MILLARD AVE,1011,1,NONINCAPACITATING INJURY,1,0,0,1,0,1,0,21,3,6,41.86345973,-87.71670208
6/29/2019 15:15,10,NO CONTROLS,NO CONTROLS,CLEAR,DAYLIGHT,REAR TO FRONT,PARKING LOT,STRAIGHT AND LEVEL,DRY,NO DEFECTS,NOT ON SCENE (DESK REPORT),NO INJURY / DRIVE AWAY,,"$501 - $1,500",UNABLE TO DETERMINE,UNABLE TO DETERMINE,1045,W,95TH ST,2223,2,NO INDICATION OF INJURY,0,0,0,0,0,2,0,15,7,6,41.72126847,-87.6498212
6/27/2019 0:00,30,NO CONTROLS,NO CONTROLS,CLEAR,"DARKNESS, LIGHTED ROAD",PARKED MOTOR VEHICLE,ONE-WAY,STRAIGHT AND LEVEL,DRY,NO DEFECTS,NOT ON SCENE (DESK REPORT),NO INJURY / DRIVE AWAY,,"$501 - $1,500",UNABLE TO DETERMINE,NOT APPLICABLE,6958,S,TALMAN AVE,831,2,NO INDICATION OF INJURY,0,0,0,0,0,1,0,0,5,6,41.76650772,-87.68954942
6/29/2019 1:34,30,TRAFFIC SIGNAL,FUNCTIONING PROPERLY,CLEAR,"DARKNESS, LIGHTED ROAD",PARKED MOTOR VEHICLE,CENTER TURN LANE,STRAIGHT AND LEVEL,DRY,NO DEFECTS,ON SCENE,INJURY AND / OR TOW DUE TO CRASH,,"OVER $1,500",FAILING TO REDUCE SPEED TO AVOID CRASH,NOT APPLICABLE,7242,S,WENTWORTH AVE,731,3,NO INDICATION OF INJURY,0,0,0,0,0,4,0,1,7,6,41.76233215,-87.62984641
6/24/2019 14:00,30,NO CONTROLS,NO CONTROLS,CLEAR,DAYLIGHT,ANGLE,NOT DIVIDED,STRAIGHT AND LEVEL,DRY,NO DEFECTS,NOT ON SCENE (DESK REPORT),NO INJURY / DRIVE AWAY,,"$501 - $1,500",FAILING TO YIELD RIGHT-OF-WAY,NOT APPLICABLE,2598,N,NORMANDY AVE,2512,2,NO INDICATION OF INJURY,0,0,0,0,0,2,0,14,2,6,41.92717639,-87.79305277
6/27/2019 11:45,30,TRAFFIC SIGNAL,FUNCTIONING PROPERLY,CLEAR,DAYLIGHT,TURNING,NOT DIVIDED,STRAIGHT AND LEVEL,DRY,NO DEFECTS,ON SCENE,NO INJURY / DRIVE AWAY,Y,"OVER $1,500",IMPROPER TURNING/NO SIGNAL,NOT APPLICABLE,200,W,GRAND AVE,1831,2,NO INDICATION OF INJURY,0,0,0,0,0,2,0,11,5,6,41.89169611,-87.63414591
6/23/2019 15:16,25,NO CONTROLS,NO CONTROLS,CLOUDY/OVERCAST,DAYLIGHT,SIDESWIPE SAME DIRECTION,DIVIDED - W/MEDIAN (NOT RAISED),STRAIGHT AND LEVEL,DRY,NO DEFECTS,NOT ON SCENE (DESK REPORT),NO INJURY / DRIVE AWAY,,"OVER $1,500",UNABLE TO DETERMINE,NOT APPLICABLE,6400,S,KEDZIE AVE,823,2,NO INDICATION OF INJURY,0,0,0,0,0,2,0,15,1,6,41.77709602,-87.70324076
6/21/2019 8:00,30,NO CONTROLS,NO CONTROLS,UNKNOWN,UNKNOWN,PARKED MOTOR VEHICLE,NOT DIVIDED,STRAIGHT AND LEVEL,UNKNOWN,NO DEFECTS,NOT ON SCENE (DESK REPORT),NO INJURY / DRIVE AWAY,,"OVER $1,500",NOT APPLICABLE,UNABLE TO DETERMINE,5318,S,KEDZIE AVE,822,2,NO INDICATION OF INJURY,0,0,0,0,0,1,0,8,6,6,41.7965902,-87.70379067
6/29/2019 11:27,30,NO CONTROLS,NO CONTROLS,CLEAR,DAYLIGHT,PEDESTRIAN,DIVIDED - W/MEDIAN BARRIER,STRAIGHT AND LEVEL,DRY,NO DEFECTS,ON SCENE,INJURY AND / OR TOW DUE TO CRASH,,$500 OR LESS,FAILING TO YIELD RIGHT-OF-WAY,NOT APPLICABLE,5500,S,PRAIRIE AVE,231,2,NONINCAPACITATING INJURY,1,0,0,1,0,1,0,11,7,6,41.79439209,-87.61936262
6/27/2019 23:50,30,NO CONTROLS,NO CONTROLS,CLEAR,"DARKNESS, LIGHTED ROAD",REAR TO FRONT,OTHER,STRAIGHT AND LEVEL,DRY,NO DEFECTS,NOT ON SCENE (DESK REPORT),NO INJURY / DRIVE AWAY,,"$501 - $1,500",UNABLE TO DETERMINE,UNABLE TO DETERMINE,3357,W,HARRISON ST,1134,2,NO INDICATION OF INJURY,0,0,0,0,0,2,0,23,5,6,41.87352017,-87.71063937
6/19/2019 15:15,30,TRAFFIC SIGNAL,FUNCTIONING PROPERLY,CLEAR,DAYLIGHT,TURNING,DIVIDED - W/MEDIAN (NOT RAISED),STRAIGHT AND LEVEL,DRY,NO DEFECTS,NOT ON SCENE (DESK REPORT),NO INJURY / DRIVE AWAY,Y,"$501 - $1,500",IMPROPER TURNING/NO SIGNAL,IMPROPER LANE USAGE,5700,N,SHERIDAN RD,2022,2,NO INDICATION OF INJURY,0,0,0,0,0,2,0,15,4,6,41.9856411,-87.65538854
6/17/2019 9:30,15,NO CONTROLS,NO CONTROLS,UNKNOWN,UNKNOWN,PARKED MOTOR VEHICLE,ONE-WAY,STRAIGHT AND LEVEL,DRY,NO DEFECTS,NOT ON SCENE (DESK REPORT),NO INJURY / DRIVE AWAY,,"$501 - $1,500",UNABLE TO DETERMINE,UNABLE TO DETERMINE,6303,N,HERMITAGE AVE,2433,2,NO INDICATION OF INJURY,0,0,0,0,0,1,0,9,2,6,41.9957163,-87.6732954
6/30/2019 4:20,30,NO CONTROLS,NO CONTROLS,CLEAR,"DARKNESS, LIGHTED ROAD",PARKED MOTOR VEHICLE,DIVIDED - W/MEDIAN (NOT RAISED),STRAIGHT AND LEVEL,DRY,NO DEFECTS,ON SCENE,NO INJURY / DRIVE AWAY,,"OVER $1,500",IMPROPER BACKING,UNABLE TO DETERMINE,3301,N,WESTERN AVE,1921,2,NO INDICATION OF INJURY,0,0,0,0,0,1,0,4,1,6,41.94136959,-87.6878263
6/21/2019 0:15,30,TRAFFIC SIGNAL,FUNCTIONING PROPERLY,CLEAR,"DARKNESS, LIGHTED ROAD",REAR END,DIVIDED - W/MEDIAN (NOT RAISED),STRAIGHT AND LEVEL,DRY,NO DEFECTS,ON SCENE,NO INJURY / DRIVE AWAY,,"OVER $1,500",FAILING TO REDUCE SPEED TO AVOID CRASH,NOT APPLICABLE,4101,W,MADISON ST,1115,3,NO INDICATION OF INJURY,0,0,0,0,0,3,0,0,6,6,41.88058465,-87.72823998
6/17/2019 15:17,30,NO CONTROLS,NO CONTROLS,CLEAR,DAYLIGHT,ANGLE,ALLEY,STRAIGHT AND LEVEL,DRY,NO DEFECTS,NOT ON SCENE (DESK REPORT),NO INJURY / DRIVE AWAY,,"$501 - $1,500",UNABLE TO DETERMINE,NOT APPLICABLE,3134,W,FULLERTON AVE,1414,2,NO INDICATION OF INJURY,0,0,0,0,0,5,0,15,2,6,41.92483972,-87.7060188
6/22/2019 15:00,15,NO CONTROLS,NO CONTROLS,CLEAR,DAWN,PARKED MOTOR VEHICLE,PARKING LOT,STRAIGHT AND LEVEL,DRY,NO DEFECTS,NOT ON SCENE (DESK REPORT),NO INJURY / DRIVE AWAY,,"OVER $1,500",UNABLE TO DETERMINE,NOT APPLICABLE,1255,W,NORTH AVE,1433,2,NO INDICATION OF INJURY,0,0,0,0,0,1,0,15,7,6,41.91065533,-87.65901742
6/15/2019 19:45,30,NO CONTROLS,NO CONTROLS,RAIN,DUSK,PEDESTRIAN,NOT DIVIDED,"CURVE, LEVEL",UNKNOWN,UNKNOWN,ON SCENE,INJURY AND / OR TOW DUE TO CRASH,,$500 OR LESS,UNABLE TO DETERMINE,NOT APPLICABLE,2430,N,CANNON DR,1935,2,"REPORTED, NOT EVIDENT",1,0,0,0,1,2,0,19,7,6,41.92669579,-87.63430645
6/17/2019 12:32,35,NO CONTROLS,NO CONTROLS,CLEAR,DAYLIGHT,FIXED OBJECT,DIVIDED - W/MEDIAN BARRIER,STRAIGHT AND LEVEL,UNKNOWN,UNKNOWN,ON SCENE,NO INJURY / DRIVE AWAY,,"OVER $1,500",NOT APPLICABLE,NOT APPLICABLE,8317,S,JEFFERY BLVD,414,1,NO INDICATION OF INJURY,0,0,0,0,0,1,0,12,2,6,41.74434521,-87.57570701
6/30/2019 16:00,30,TRAFFIC SIGNAL,FUNCTIONING PROPERLY,RAIN,DAYLIGHT,SIDESWIPE SAME DIRECTION,NOT DIVIDED,STRAIGHT AND LEVEL,WET,NO DEFECTS,ON SCENE,INJURY AND / OR TOW DUE TO CRASH,Y,"$501 - $1,500",IMPROPER OVERTAKING/PASSING,NOT APPLICABLE,385,E,CHICAGO AVE,1833,2,NO INDICATION OF INJURY,0,0,0,0,0,2,0,16,1,6,41.89672476,-87.61721162
6/23/2019 12:15,30,NO CONTROLS,NO CONTROLS,RAIN,"DARKNESS, LIGHTED ROAD",SIDESWIPE SAME DIRECTION,DIVIDED - W/MEDIAN BARRIER,STRAIGHT AND LEVEL,WET,NO DEFECTS,NOT ON SCENE (DESK REPORT),NO INJURY / DRIVE AWAY,,"$501 - $1,500",IMPROPER LANE USAGE,IMPROPER LANE USAGE,33,W,ILLINOIS ST,1831,2,NO INDICATION OF INJURY,0,0,0,0,0,2,0,12,1,6,41.89072891,-87.62938566
6/17/2019 22:00,30,STOP SIGN/FLASHER,FUNCTIONING PROPERLY,CLEAR,"DARKNESS, LIGHTED ROAD",ANGLE,ONE-WAY,STRAIGHT AND LEVEL,DRY,NO DEFECTS,ON SCENE,INJURY AND / OR TOW DUE TO CRASH,Y,"OVER $1,500",FAILING TO YIELD RIGHT-OF-WAY,DRIVING SKILLS/KNOWLEDGE/EXPERIENCE,732,N,LAMON AVE,1531,2,NONINCAPACITATING INJURY,1,0,0,1,0,1,0,22,2,6,41.89407817,-87.74837162
6/15/2019 16:00,30,TRAFFIC SIGNAL,FUNCTIONING PROPERLY,CLEAR,DAYLIGHT,TURNING,NOT DIVIDED,STRAIGHT AND LEVEL,DRY,NO DEFECTS,NOT ON SCENE (DESK REPORT),NO INJURY / DRIVE AWAY,,"OVER $1,500",UNABLE TO DETERMINE,NOT APPLICABLE,9800,S,HALSTED ST,2223,2,NO INDICATION OF INJURY,0,0,0,0,0,6,0,16,7,6,41.7158702,-87.64321014
6/18/2019 18:00,30,NO CONTROLS,NO CONTROLS,CLEAR,DAYLIGHT,SIDESWIPE SAME DIRECTION,NOT DIVIDED,STRAIGHT AND LEVEL,DRY,NO DEFECTS,ON SCENE,NO INJURY / DRIVE AWAY,,"$501 - $1,500",UNABLE TO DETERMINE,UNABLE TO DETERMINE,801,W,DIVISION ST,1822,2,NO INDICATION OF INJURY,0,0,0,0,0,3,0,18,3,6,41.90352609,-87.64815978
6/26/2019 14:00,30,UNKNOWN,UNKNOWN,CLEAR,DAYLIGHT,PARKED MOTOR VEHICLE,DIVIDED - W/MEDIAN BARRIER,STRAIGHT AND LEVEL,DRY,NO DEFECTS,,INJURY AND / OR TOW DUE TO CRASH,,"OVER $1,500",UNABLE TO DETERMINE,NOT APPLICABLE,833,W,CHICAGO AVE,1214,2,NO INDICATION OF INJURY,0,0,0,0,0,1,0,14,4,6,41.89626551,-87.64896193
6/21/2019 6:40,30,NO CONTROLS,NO CONTROLS,CLEAR,DAYLIGHT,SIDESWIPE SAME DIRECTION,ONE-WAY,STRAIGHT AND LEVEL,DRY,NO DEFECTS,NOT ON SCENE (DESK REPORT),NO INJURY / DRIVE AWAY,,"OVER $1,500",IMPROPER OVERTAKING/PASSING,UNABLE TO DETERMINE,3927,W,HARRISON ST,1132,2,NO INDICATION OF INJURY,0,0,0,0,0,3,0,6,6,6,41.87334682,-87.7237136
6/25/2019 11:15,10,NO CONTROLS,NO CONTROLS,CLEAR,DAYLIGHT,TURNING,DRIVEWAY,STRAIGHT AND LEVEL,DRY,NO DEFECTS,NOT ON SCENE (DESK REPORT),NO INJURY / DRIVE AWAY,,"$501 - $1,500",FOLLOWING TOO CLOSELY,UNABLE TO DETERMINE,3049,N,PULASKI RD,2523,2,NO INDICATION OF INJURY,0,0,0,0,0,2,0,11,3,6,41.93687116,-87.72697551
6/17/2019 16:00,30,NO CONTROLS,NO CONTROLS,CLEAR,DAYLIGHT,REAR END,ONE-WAY,STRAIGHT AND LEVEL,DRY,NO DEFECTS,NOT ON SCENE (DESK REPORT),NO INJURY / DRIVE AWAY,,$500 OR LESS,UNABLE TO DETERMINE,NOT APPLICABLE,16,N,LONG AVE,1522,2,NO INDICATION OF INJURY,0,0,0,0,0,2,0,16,2,6,41.8808114,-87.76028487
6/28/2019 13:00,30,TRAFFIC SIGNAL,FUNCTIONING PROPERLY,CLEAR,DAYLIGHT,REAR END,NOT DIVIDED,STRAIGHT AND LEVEL,DRY,NO DEFECTS,NOT ON SCENE (DESK REPORT),NO INJURY / DRIVE AWAY,,"$501 - $1,500",UNABLE TO DETERMINE,NOT APPLICABLE,730,W,26TH ST,914,2,NO INDICATION OF INJURY,0,0,0,0,0,2,0,13,6,6,41.84545998,-87.644564
6/18/2019 14:15,30,NO CONTROLS,NO CONTROLS,CLEAR,DAYLIGHT,PARKED MOTOR VEHICLE,NOT DIVIDED,STRAIGHT AND LEVEL,DRY,NO DEFECTS,NOT ON SCENE (DESK REPORT),NO INJURY / DRIVE AWAY,,"OVER $1,500",UNABLE TO DETERMINE,NOT APPLICABLE,5515,W,NORTH AVE,2532,2,NO INDICATION OF INJURY,0,0,0,0,0,1,0,14,3,6,41.90929025,-87.76371775
6/23/2019 23:00,30,STOP SIGN/FLASHER,FUNCTIONING IMPROPERLY,RAIN,"DARKNESS, LIGHTED ROAD",ANGLE,FOUR WAY,"CURVE, LEVEL",WET,UNKNOWN,ON SCENE,NO INJURY / DRIVE AWAY,Y,"OVER $1,500",FAILING TO YIELD RIGHT-OF-WAY,UNABLE TO DETERMINE,5600,N,ORIOLE AVE,1613,2,NO INDICATION OF INJURY,0,0,0,0,0,2,0,23,1,6,41.98159608,-87.81700065
6/26/2019 12:30,30,NO CONTROLS,NO CONTROLS,CLEAR,DAYLIGHT,SIDESWIPE OPPOSITE DIRECTION,NOT DIVIDED,STRAIGHT AND LEVEL,DRY,NO DEFECTS,NOT ON SCENE (DESK REPORT),NO INJURY / DRIVE AWAY,,"$501 - $1,500",UNABLE TO DETERMINE,UNABLE TO DETERMINE,399,N,LA SALLE DR,1831,2,NO INDICATION OF INJURY,0,0,0,0,0,2,0,12,4,6,41.88916459,-87.63237745
6/17/2019 20:01,30,STOP SIGN/FLASHER,FUNCTIONING PROPERLY,CLEAR,"DARKNESS, LIGHTED ROAD",ANGLE,FOUR WAY,STRAIGHT AND LEVEL,DRY,UNKNOWN,ON SCENE,INJURY AND / OR TOW DUE TO CRASH,Y,"OVER $1,500",DISREGARDING TRAFFIC SIGNALS,UNABLE TO DETERMINE,7200,N,ASHLAND BLVD,2423,2,"REPORTED, NOT EVIDENT",1,0,0,0,1,2,0,20,2,6,42.01276655,-87.67034784
6/20/2019 10:43,10,NO CONTROLS,NO CONTROLS,CLEAR,DAYLIGHT,ANGLE,PARKING LOT,STRAIGHT AND LEVEL,DRY,NO DEFECTS,NOT ON SCENE (DESK REPORT),NO INJURY / DRIVE AWAY,,"OVER $1,500",FAILING TO YIELD RIGHT-OF-WAY,UNABLE TO DETERMINE,5854,S,KEDZIE AVE,822,2,NO INDICATION OF INJURY,0,0,0,0,0,2,0,10,5,6,41.78644988,-87.70350035
6/15/2019 21:53,35,NO CONTROLS,FUNCTIONING PROPERLY,CLEAR,"DARKNESS, LIGHTED ROAD",REAR END,DIVIDED - W/MEDIAN (NOT RAISED),STRAIGHT AND LEVEL,WET,NO DEFECTS,ON SCENE,INJURY AND / OR TOW DUE TO CRASH,Y,"OVER $1,500",DISTRACTION - FROM INSIDE VEHICLE,NOT APPLICABLE,833,N,CICERO AVE,1111,3,NONINCAPACITATING INJURY,1,0,0,1,0,2,0,21,7,6,41.89590565,-87.74568285
6/24/2019 13:20,20,STOP SIGN/FLASHER,FUNCTIONING PROPERLY,RAIN,DAYLIGHT,PEDESTRIAN,ONE-WAY,STRAIGHT AND LEVEL,WET,NO DEFECTS,ON SCENE,INJURY AND / OR TOW DUE TO CRASH,Y,$500 OR LESS,FAILING TO YIELD RIGHT-OF-WAY,FAILING TO YIELD RIGHT-OF-WAY,5526,N,CHESTER AVE,1614,2,NONINCAPACITATING INJURY,1,0,0,1,0,1,0,13,2,6,41.98012767,-87.83919504
6/25/2019 15:08,30,STOP SIGN/FLASHER,FUNCTIONING PROPERLY,CLEAR,DAYLIGHT,REAR END,NOT DIVIDED,STRAIGHT AND LEVEL,DRY,NO DEFECTS,ON SCENE,INJURY AND / OR TOW DUE TO CRASH,,"OVER $1,500",FOLLOWING TOO CLOSELY,NOT APPLICABLE,2131,S,OAKLEY AVE,1234,8,NO INDICATION OF INJURY,0,0,0,0,0,3,0,15,3,6,41.85303087,-87.68307198
6/20/2019 15:15,30,NO CONTROLS,NO CONTROLS,CLEAR,DAYLIGHT,TURNING,NOT DIVIDED,STRAIGHT AND LEVEL,DRY,NO DEFECTS,ON SCENE,INJURY AND / OR TOW DUE TO CRASH,Y,"OVER $1,500",IMPROPER TURNING/NO SIGNAL,NOT APPLICABLE,1200,S,KILBOURN AVE,1011,2,NO INDICATION OF INJURY,0,0,0,0,0,2,0,15,5,6,41.86590021,-87.73754277
6/17/2019 23:50,30,NO CONTROLS,NO CONTROLS,CLEAR,"DARKNESS, LIGHTED ROAD",SIDESWIPE SAME DIRECTION,ONE-WAY,STRAIGHT AND LEVEL,DRY,NO DEFECTS,NOT ON SCENE (DESK REPORT),NO INJURY / DRIVE AWAY,,"$501 - $1,500",IMPROPER OVERTAKING/PASSING,NOT APPLICABLE,450,N,CLARK ST,1831,2,NO INDICATION OF INJURY,0,0,0,0,0,2,0,23,2,6,41.89078197,-87.63125181
6/17/2019 17:36,30,STOP SIGN/FLASHER,FUNCTIONING PROPERLY,CLEAR,DAYLIGHT,REAR END,ONE-WAY,STRAIGHT AND LEVEL,DRY,NO DEFECTS,ON SCENE,NO INJURY / DRIVE AWAY,,$500 OR LESS,UNABLE TO DETERMINE,NOT APPLICABLE,301,S,KARLOV AVE,1132,2,NO INDICATION OF INJURY,0,0,0,0,0,2,0,17,2,6,41.87701334,-87.72785055
6/21/2019 17:09,30,NO CONTROLS,NO CONTROLS,CLEAR,DAYLIGHT,REAR END,NOT DIVIDED,STRAIGHT AND LEVEL,DRY,NO DEFECTS,NOT ON SCENE (DESK REPORT),NO INJURY / DRIVE AWAY,,"OVER $1,500",FOLLOWING TOO CLOSELY,NOT APPLICABLE,5300,N,WESTERN AVE,2011,3,NO INDICATION OF INJURY,0,0,0,0,0,3,0,17,6,6,41.97779527,-87.68937178
6/27/2019 13:45,30,TRAFFIC SIGNAL,FUNCTIONING PROPERLY,CLEAR,DAYLIGHT,REAR END,NOT DIVIDED,STRAIGHT AND LEVEL,DRY,NO DEFECTS,NOT ON SCENE (DESK REPORT),NO INJURY / DRIVE AWAY,,"$501 - $1,500",FOLLOWING TOO CLOSELY,FAILING TO REDUCE SPEED TO AVOID CRASH,3958,W,GRAND AVE,2535,2,NO INDICATION OF INJURY,0,0,0,0,0,4,0,13,5,6,41.90610113,-87.72596037
6/28/2019 12:45,30,NO CONTROLS,NO CONTROLS,CLEAR,DAYLIGHT,ANGLE,NOT DIVIDED,STRAIGHT AND LEVEL,DRY,NO DEFECTS,ON SCENE,INJURY AND / OR TOW DUE TO CRASH,,"$501 - $1,500",FAILING TO YIELD RIGHT-OF-WAY,NOT APPLICABLE,401,W,76TH ST,621,2,NO INDICATION OF INJURY,0,0,0,0,0,2,0,12,6,6,41.75614306,-87.63449631
6/22/2019 21:56,30,NO CONTROLS,NO CONTROLS,CLEAR,"DARKNESS, LIGHTED ROAD",SIDESWIPE SAME DIRECTION,DIVIDED - W/MEDIAN (NOT RAISED),STRAIGHT AND LEVEL,DRY,NO DEFECTS,NOT ON SCENE (DESK REPORT),NO INJURY / DRIVE AWAY,,"OVER $1,500",IMPROPER OVERTAKING/PASSING,IMPROPER LANE USAGE,1548,W,51ST ST,933,2,NO INDICATION OF INJURY,0,0,0,0,0,2,0,21,7,6,41.80143471,-87.6643537
6/30/2019 19:30,30,UNKNOWN,UNKNOWN,CLEAR,DAYLIGHT,PARKED MOTOR VEHICLE,ONE-WAY,STRAIGHT AND LEVEL,DRY,NO DEFECTS,NOT ON SCENE (DESK REPORT),NO INJURY / DRIVE AWAY,,"OVER $1,500",NOT APPLICABLE,NOT APPLICABLE,5408,S,LAFLIN ST,934,2,NO INDICATION OF INJURY,0,0,0,0,0,1,0,19,1,6,41.79559486,-87.6623442
6/16/2019 13:25,30,TRAFFIC SIGNAL,FUNCTIONING PROPERLY,CLEAR,DAYLIGHT,REAR END,DIVIDED - W/MEDIAN BARRIER,STRAIGHT AND LEVEL,DRY,NO DEFECTS,NOT ON SCENE (DESK REPORT),NO INJURY / DRIVE AWAY,,"$501 - $1,500",FOLLOWING TOO CLOSELY,NOT APPLICABLE,3700,N,CUMBERLAND AVE,1631,2,NO INDICATION OF INJURY,0,0,0,0,0,2,0,13,1,6,41.94666767,-87.83664499
6/26/2019 0:29,30,NO CONTROLS,NO CONTROLS,CLEAR,"DARKNESS, LIGHTED ROAD",PARKED MOTOR VEHICLE,NOT DIVIDED,STRAIGHT AND LEVEL,DRY,NO DEFECTS,ON SCENE,NO INJURY / DRIVE AWAY,,"OVER $1,500",UNDER THE INFLUENCE OF ALCOHOL/DRUGS (USE WHEN ARREST IS EFFECTED),UNDER THE INFLUENCE OF ALCOHOL/DRUGS (USE WHEN ARREST IS EFFECTED),3236,W,DIVISION ST,1422,2,NO INDICATION OF INJURY,0,0,0,0,0,1,0,0,4,6,41.9029279,-87.70819045
6/15/2019 19:30,30,NO CONTROLS,NO CONTROLS,CLEAR,DAYLIGHT,PARKED MOTOR VEHICLE,NOT DIVIDED,STRAIGHT AND LEVEL,WET,NO DEFECTS,NOT ON SCENE (DESK REPORT),INJURY AND / OR TOW DUE TO CRASH,,"OVER $1,500",PHYSICAL CONDITION OF DRIVER,UNABLE TO DETERMINE,11353,S,STATE ST,531,2,NO INDICATION OF INJURY,0,0,0,0,0,1,0,19,7,6,41.68739198,-87.62280394
6/29/2019 16:40,30,NO CONTROLS,NO CONTROLS,CLEAR,DAYLIGHT,HEAD ON,DIVIDED - W/MEDIAN (NOT RAISED),STRAIGHT AND LEVEL,DRY,NO DEFECTS,ON SCENE,INJURY AND / OR TOW DUE TO CRASH,,"OVER $1,500",DISTRACTION - FROM INSIDE VEHICLE,UNABLE TO DETERMINE,2222,N,CICERO AVE,2522,2,NONINCAPACITATING INJURY,3,0,0,3,0,2,0,16,7,6,41.92129894,-87.74637443
6/27/2019 7:10,25,NO CONTROLS,NO CONTROLS,CLEAR,DAYLIGHT,REAR END,NOT DIVIDED,STRAIGHT AND LEVEL,DRY,NO DEFECTS,NOT ON SCENE (DESK REPORT),NO INJURY / DRIVE AWAY,,"$501 - $1,500",ANIMAL,NOT APPLICABLE,7141,N,KEDZIE AVE,2411,2,NO INDICATION OF INJURY,0,0,0,0,0,2,0,7,5,6,42.01127677,-87.70895668
6/15/2019 17:28,5,NO CONTROLS,NO CONTROLS,RAIN,DAYLIGHT,FIXED OBJECT,DRIVEWAY,"CURVE, LEVEL",WET,WORN SURFACE,ON SCENE,NO INJURY / DRIVE AWAY,,"$501 - $1,500",DRIVING SKILLS/KNOWLEDGE/EXPERIENCE,DRIVING SKILLS/KNOWLEDGE/EXPERIENCE,10301,S,MICHIGAN AVE,512,1,NO INDICATION OF INJURY,0,0,0,0,0,1,0,17,7,6,41.70715686,-87.62007048
6/19/2019 1:55,30,NO CONTROLS,NO CONTROLS,CLEAR,"DARKNESS, LIGHTED ROAD",PARKED MOTOR VEHICLE,NOT DIVIDED,STRAIGHT AND LEVEL,DRY,WORN SURFACE,ON SCENE,INJURY AND / OR TOW DUE TO CRASH,,"OVER $1,500",UNABLE TO DETERMINE,UNABLE TO DETERMINE,6741,S,LOOMIS BLVD,724,2,NO INDICATION OF INJURY,0,0,0,0,0,1,0,1,4,6,41.77104535,-87.65898409
6/30/2019 17:37,30,TRAFFIC SIGNAL,FUNCTIONING PROPERLY,CLEAR,DAYLIGHT,SIDESWIPE SAME DIRECTION,NOT DIVIDED,STRAIGHT AND LEVEL,WET,NO DEFECTS,ON SCENE,NO INJURY / DRIVE AWAY,Y,"OVER $1,500",IMPROPER OVERTAKING/PASSING,NOT APPLICABLE,300,S,CENTRAL AVE,1513,2,NO INDICATION OF INJURY,0,0,0,0,0,5,0,17,1,6,41.87649011,-87.7648701
6/26/2019 19:00,30,NO CONTROLS,NO CONTROLS,RAIN,DUSK,TURNING,DIVIDED - W/MEDIAN BARRIER,STRAIGHT AND LEVEL,WET,UNKNOWN,ON SCENE,INJURY AND / OR TOW DUE TO CRASH,,"OVER $1,500",UNABLE TO DETERMINE,NOT APPLICABLE,4600,W,LAKE ST,1113,2,"REPORTED, NOT EVIDENT",1,0,0,0,1,4,0,19,4,6,41.88640484,-87.74028542
6/28/2019 17:00,30,NO CONTROLS,NO CONTROLS,CLEAR,DAYLIGHT,PEDALCYCLIST,NOT DIVIDED,STRAIGHT AND LEVEL,DRY,NO DEFECTS,ON SCENE,INJURY AND / OR TOW DUE TO CRASH,,"$501 - $1,500",UNABLE TO DETERMINE,NOT APPLICABLE,1401,N,CALIFORNIA AVE,1423,2,NONINCAPACITATING INJURY,1,0,0,1,0,1,0,17,6,6,41.90667133,-87.69682456
6/25/2019 4:45,30,STOP SIGN/FLASHER,FUNCTIONING IMPROPERLY,CLEAR,DAYLIGHT,TURNING,NOT DIVIDED,STRAIGHT AND LEVEL,DRY,NO DEFECTS,ON SCENE,INJURY AND / OR TOW DUE TO CRASH,Y,"OVER $1,500",UNABLE TO DETERMINE,UNABLE TO DETERMINE,2399,W,28TH ST,1034,3,NONINCAPACITATING INJURY,1,0,0,1,0,2,0,4,3,6,41.84109607,-87.68516179