CRASH_DATE,POSTED_SPEED_LIMIT,TRAFFIC_CONTROL_DEVICE,DEVICE_CONDITION,WEATHER_CONDITION,LIGHTING_CONDITION,FIRST_CRASH_TYPE,TRAFFICWAY_TYPE,ALIGNMENT,ROADWAY_SURFACE_COND,ROAD_DEFECT,REPORT_TYPE,CRASH_TYPE,INTERSECTION_RELATED_I,DAMAGE,PRIM_CONTRIBUTORY_CAUSE,SEC_CONTRIBUTORY_CAUSE,STREET_NO,STREET_DIRECTION,STREET_NAME,BEAT_OF_OCCURRENCE,NUM_UNITS,MOST_SEVERE_INJURY,INJURIES_TOTAL,INJURIES_FATAL,INJURIES_INCAPACITATING,INJURIES_NON_INCAPACITATING,INJURIES_REPORTED_NOT_EVIDENT,INJURIES_NO_INDICATION,INJURIES_UNKNOWN,CRASH_HOUR,CRASH_DAY_OF_WEEK,CRASH_MONTH,LATITUDE,LONGITUDE
6/19/2019 16:00,35,NO CONTROLS,UNKNOWN,CLEAR,DAYLIGHT,PARKED MOTOR VEHICLE,OTHER,STRAIGHT AND LEVEL,DRY,NO DEFECTS,NOT ON SCENE (DESK REPORT),NO INJURY / DRIVE AWAY,,$500 OR LESS,UNABLE TO DETERMINE,NOT APPLICABLE,47,W,124TH ST,523,2,NO INDICATION OF INJURY,0,0,0,0,0,2,0,16,4,6,41.66879316,-87.62425023
6/15/2019 20:45,30,NO CONTROLS,NO CONTROLS,RAIN,DUSK,FIXED OBJECT,OTHER,STRAIGHT AND LEVEL,WET,NO DEFECTS,ON SCENE,NO INJURY / DRIVE AWAY,,"OVER $1,500",WEATHER,UNABLE TO DETERMINE,4359,N,PULASKI RD,1723,1,NO INDICATION OF INJURY,0,0,0,0,0,1,0,20,7,6,41.96088251,-87.72767924
6/15/2019 19:00,30,NO CONTROLS,NO CONTROLS,CLEAR,DAYLIGHT,TURNING,NOT DIVIDED,STRAIGHT AND LEVEL,WET,NO DEFECTS,ON SCENE,INJURY AND / OR TOW DUE TO CRASH,,"OVER $1,500",FAILING TO YIELD RIGHT-OF-WAY,NOT APPLICABLE,150,W,127TH ST,523,2,"REPORTED, NOT EVIDENT",2,0,0,0,2,3,0,19,7,6,41.66350259,-87.62650611
6/27/2019 12:30,30,TRAFFIC SIGNAL,FUNCTIONING PROPERLY,CLEAR,DAYLIGHT,SIDESWIPE SAME DIRECTION,UNKNOWN,STRAIGHT AND LEVEL,DRY,NO DEFECTS,NOT ON SCENE (DESK REPORT),NO INJURY / DRIVE AWAY,,"$501 - $1,500",UNABLE TO DETERMINE,UNABLE TO DETERMINE,1159,E,55TH ST,235,2,NO INDICATION OF INJURY,0,0,0,0,0,2,0,12,5,6,41.79494961,-87.59726301
6/16/2019 22:25,30,TRAFFIC SIGNAL,FUNCTIONING PROPERLY,CLEAR,DAYLIGHT,TURNING,NOT DIVIDED,STRAIGHT AND LEVEL,DRY,NO DEFECTS,NOT ON SCENE (DESK REPORT),NO INJURY / DRIVE AWAY,Y,"OVER $1,500",UNABLE TO DETERMINE,NOT APPLICABLE,800,W,ADDISON ST,1923,2,NO INDICATION OF INJURY,0,0,0,0,0,2,0,22,1,6,41.94742642,-87.64954043
6/17/2019 6:00,30,STOP SIGN/FLASHER,UNKNOWN,CLEAR,DAYLIGHT,REAR END,ONE-WAY,STRAIGHT AND LEVEL,DRY,UNKNOWN,NOT ON SCENE (DESK REPORT),NO INJURY / DRIVE AWAY,Y,"OVER $1,500",UNABLE TO DETERMINE,UNABLE TO DETERMINE,2930,W,JACKSON BLVD,1124,2,NO INDICATION OF INJURY,0,0,0,0,0,2,0,6,2,6,41.8775057,-87.69981852
6/16/2019 22:34,25,NO CONTROLS,NO CONTROLS,CLEAR,"DARKNESS, LIGHTED ROAD",REAR END,NOT DIVIDED,STRAIGHT AND LEVEL,DRY,NO DEFECTS,ON SCENE,NO INJURY / DRIVE AWAY,,"$501 - $1,500",FAILING TO REDUCE SPEED TO AVOID CRASH,FOLLOWING TOO CLOSELY,3021,W,58TH ST,824,2,NO INDICATION OF INJURY,0,0,0,0,0,2,0,22,1,6,41.78802022,-87.69949786
6/26/2019 8:12,30,STOP SIGN/FLASHER,UNKNOWN,CLEAR,DAYLIGHT,PARKED MOTOR VEHICLE,NOT DIVIDED,STRAIGHT AND LEVEL,DRY,UNKNOWN,ON SCENE,NO INJURY / DRIVE AWAY,,"$501 - $1,500",DISTRACTION - FROM OUTSIDE VEHICLE,DISTRACTION - FROM OUTSIDE VEHICLE,1900,W,JACKSON BLVD,1225,3,NO INDICATION OF INJURY,0,0,0,0,0,2,0,8,4,6,41.87761166,-87.67422787
6/30/2019 14:45,30,TRAFFIC SIGNAL,FUNCTIONING PROPERLY,CLEAR,DAYLIGHT,ANGLE,NOT DIVIDED,STRAIGHT AND LEVEL,DRY,NO DEFECTS,NOT ON SCENE (DESK REPORT),NO INJURY / DRIVE AWAY,,"OVER $1,500",IMPROPER TURNING/NO SIGNAL,IMPROPER OVERTAKING/PASSING,7900,S,COTTAGE GROVE AVE,624,2,NO INDICATION OF INJURY,0,0,0,0,0,2,0,14,1,6,41.75119434,-87.60536733
6/17/2019 15:15,25,NO CONTROLS,UNKNOWN,CLEAR,DAYLIGHT,SIDESWIPE SAME DIRECTION,DIVIDED - W/MEDIAN (NOT RAISED),STRAIGHT AND LEVEL,DRY,NO DEFECTS,NOT ON SCENE (DESK REPORT),NO INJURY / DRIVE AWAY,,"$501 - $1,500",EQUIPMENT - VEHICLE CONDITION,"OPERATING VEHICLE IN ERRATIC, RECKLESS, CARELESS, NEGLIGENT OR AGGRESSIVE MANNER",930,E,87TH ST,632,2,NO INDICATION OF INJURY,0,0,0,0,0,2,0,15,2,6,41.73680722,-87.60125139
6/25/2019 15:55,30,NO CONTROLS,NO CONTROLS,CLEAR,DAYLIGHT,ANGLE,NOT DIVIDED,STRAIGHT AND LEVEL,DRY,NO DEFECTS,ON SCENE,NO INJURY / DRIVE AWAY,,"OVER $1,500",FAILING TO YIELD RIGHT-OF-WAY,NOT APPLICABLE,115,N,CARPENTER ST,1224,2,NO INDICATION OF INJURY,0,0,0,0,0,2,0,15,3,6,41.88350457,-87.65309989
6/28/2019 18:14,25,NO CONTROLS,NO CONTROLS,CLEAR,DAYLIGHT,ANIMAL,ONE-WAY,STRAIGHT AND LEVEL,DRY,NO DEFECTS,ON SCENE,NO INJURY / DRIVE AWAY,,$500 OR LESS,ANIMAL,NOT APPLICABLE,33,N,MASON AVE,1513,1,NO INDICATION OF INJURY,0,0,0,0,0,2,0,18,6,6,41.88114947,-87.77311073
6/25/2019 10:30,30,NO CONTROLS,NO CONTROLS,CLEAR,DAYLIGHT,PARKED MOTOR VEHICLE,DIVIDED - W/MEDIAN (NOT RAISED),STRAIGHT AND LEVEL,DRY,NO DEFECTS,ON SCENE,INJURY AND / OR TOW DUE TO CRASH,,"OVER $1,500",DRIVING ON WRONG SIDE/WRONG WAY,IMPROPER LANE USAGE,1209,W,ROSEMONT AVE,2433,2,NO INDICATION OF INJURY,0,0,0,0,0,1,0,10,3,6,41.99626339,-87.66085251
6/27/2019 20:24,30,NO CONTROLS,NO CONTROLS,CLEAR,DAYLIGHT,PARKED MOTOR VEHICLE,NOT DIVIDED,STRAIGHT AND LEVEL,DRY,NO DEFECTS,ON SCENE,INJURY AND / OR TOW DUE TO CRASH,,"OVER $1,500",EQUIPMENT - VEHICLE CONDITION,UNABLE TO DETERMINE,5480,S,ARCHER AVE,814,2,NONINCAPACITATING INJURY,2,0,0,1,1,0,0,20,5,6,41.7983426,-87.74598485
6/17/2019 11:51,30,NO CONTROLS,NO CONTROLS,CLEAR,DAYLIGHT,PARKED MOTOR VEHICLE,ONE-WAY,STRAIGHT AND LEVEL,DRY,NO DEFECTS,ON SCENE,NO INJURY / DRIVE AWAY,,"$501 - $1,500",UNABLE TO DETERMINE,NOT APPLICABLE,10,N,LOREL AVE,1522,2,NO INDICATION OF INJURY,0,0,0,0,0,1,0,11,2,6,41.8806542,-87.75888925
6/21/2019 13:51,25,NO CONTROLS,NO CONTROLS,CLEAR,DAYLIGHT,REAR END,DIVIDED - W/MEDIAN (NOT RAISED),STRAIGHT AND LEVEL,DRY,NO DEFECTS,ON SCENE,INJURY AND / OR TOW DUE TO CRASH,,"OVER $1,500",DRIVING SKILLS/KNOWLEDGE/EXPERIENCE,NOT APPLICABLE,1128,N,WESTERN AVE,1212,2,NONINCAPACITATING INJURY,1,0,0,1,0,3,0,13,6,6,41.90204137,-87.68715209
6/18/2019 10:00,25,UNKNOWN,UNKNOWN,UNKNOWN,UNKNOWN,PARKED MOTOR VEHICLE,DIVIDED - W/MEDIAN (NOT RAISED),STRAIGHT AND LEVEL,UNKNOWN,UNKNOWN,NOT ON SCENE (DESK REPORT),NO INJURY / DRIVE AWAY,,$500 OR LESS,UNABLE TO DETERMINE,NOT APPLICABLE,3358,N,BROADWAY,1925,2,NO INDICATION OF INJURY,0,0,0,0,0,1,0,10,3,6,41.94355499,-87.64511919
6/30/2019 18:25,30,NO CONTROLS,NO CONTROLS,CLEAR,DAYLIGHT,REAR END,OTHER,STRAIGHT AND LEVEL,DRY,NO DEFECTS,ON SCENE,NO INJURY / DRIVE AWAY,,"OVER $1,500",FOLLOWING TOO CLOSELY,NOT APPLICABLE,6099,W,ADDISON ST,1633,2,NO INDICATION OF INJURY,0,0,0,0,0,4,0,18,1,6,41.94563841,-87.77881499
6/18/2019 13:20,30,NO CONTROLS,NO CONTROLS,CLEAR,DAYLIGHT,REAR END,DIVIDED - W/MEDIAN (NOT RAISED),STRAIGHT AND LEVEL,DRY,NO DEFECTS,ON SCENE,INJURY AND / OR TOW DUE TO CRASH,,"OVER $1,500",FOLLOWING TOO CLOSELY,NOT APPLICABLE,8205,W,IRVING PARK RD,1631,3,NO INDICATION OF INJURY,0,0,0,0,0,3,0,13,3,6,41.95204844,-87.83202053
6/17/2019 8:00,35,TRAFFIC SIGNAL,FUNCTIONING PROPERLY,CLEAR,DAYLIGHT,REAR END,NOT DIVIDED,STRAIGHT AND LEVEL,DRY,UNKNOWN,NOT ON SCENE (DESK REPORT),INJURY AND / OR TOW DUE TO CRASH,,"$501 - $1,500",CELL PHONE USE OTHER THAN TEXTING,NOT APPLICABLE,2769,W,FULLERTON AVE,1431,2,INCAPACITATING INJURY,1,0,1,0,0,4,0,8,2,6,41.92469816,-87.69734959
6/25/2019 19:30,25,NO CONTROLS,NO CONTROLS,UNKNOWN,DAYLIGHT,PARKED MOTOR VEHICLE,NOT DIVIDED,STRAIGHT AND LEVEL,UNKNOWN,UNKNOWN,NOT ON SCENE (DESK REPORT),NO INJURY / DRIVE AWAY,,"$501 - $1,500",UNABLE TO DETERMINE,UNABLE TO DETERMINE,3055,W,19TH ST,1022,2,NO INDICATION OF INJURY,0,0,0,0,0,1,0,19,3,6,41.85534683,-87.70250384
6/26/2019 11:00,30,NO CONTROLS,NO CONTROLS,CLEAR,DAYLIGHT,PARKED MOTOR VEHICLE,NOT DIVIDED,STRAIGHT AND LEVEL,DRY,NO DEFECTS,NOT ON SCENE (DESK REPORT),NO INJURY / DRIVE AWAY,,"$501 - $1,500","OPERATING VEHICLE IN ERRATIC, RECKLESS, CARELESS, NEGLIGENT OR AGGRESSIVE MANNER",UNABLE TO DETERMINE,12549,S,EDBROOKE AVE,532,2,NO INDICATION OF INJURY,0,0,0,0,0,1,0,11,4,6,41.66537427,-87.61861748
6/24/2019 19:15,30,STOP SIGN/FLASHER,FUNCTIONING PROPERLY,CLEAR,DAYLIGHT,REAR END,NOT DIVIDED,STRAIGHT AND LEVEL,DRY,NO DEFECTS,ON SCENE,NO INJURY / DRIVE AWAY,Y,"$501 - $1,500",FAILING TO REDUCE SPEED TO AVOID CRASH,NOT APPLICABLE,11501,S,STATE ST,532,2,NO INDICATION OF INJURY,0,0,0,0,0,2,0,19,2,6,41.68526487,-87.62274167
6/23/2019 0:46,30,NO CONTROLS,NO CONTROLS,CLEAR,"DARKNESS, LIGHTED ROAD",PARKED MOTOR VEHICLE,ONE-WAY,STRAIGHT AND LEVEL,DRY,NO DEFECTS,ON SCENE,NO INJURY / DRIVE AWAY,,"$501 - $1,500",UNABLE TO DETERMINE,NOT APPLICABLE,3356,N,AVERS AVE,1732,2,NO INDICATION OF INJURY,0,0,0,0,0,1,0,0,1,6,41.94263382,-87.72376964
6/29/2019 12:20,35,NO CONTROLS,NO CONTROLS,CLEAR,DAYLIGHT,SIDESWIPE OPPOSITE DIRECTION,NOT DIVIDED,STRAIGHT AND LEVEL,DRY,NO DEFECTS,ON SCENE,INJURY AND / OR TOW DUE TO CRASH,,"OVER $1,500",IMPROPER LANE USAGE,UNABLE TO DETERMINE,5800,W,DEVON AVE,1621,2,NO INDICATION OF INJURY,0,0,0,0,0,5,0,12,7,6,41.99741604,-87.77299425
6/26/2019 12:25,30,TRAFFIC SIGNAL,FUNCTIONING PROPERLY,CLEAR,DAYLIGHT,PEDALCYCLIST,ONE-WAY,STRAIGHT AND LEVEL,DRY,NO DEFECTS,NOT ON SCENE (DESK REPORT),NO INJURY / DRIVE AWAY,Y,$500 OR LESS,DISREGARDING TRAFFIC SIGNALS,DISREGARDING TRAFFIC SIGNALS,100,W,WASHINGTON ST,122,2,NO INDICATION OF INJURY,0,0,0,0,0,4,0,12,4,6,41.88332051,-87.63098191
6/19/2019 15:30,30,NO CONTROLS,NO CONTROLS,CLEAR,DAYLIGHT,PARKED MOTOR VEHICLE,ONE-WAY,STRAIGHT AND LEVEL,DRY,NO DEFECTS,NOT ON SCENE (DESK REPORT),NO INJURY / DRIVE AWAY,,"$501 - $1,500",FOLLOWING TOO CLOSELY,UNABLE TO DETERMINE,645,N,MC CLURG CT,1834,2,NO INDICATION OF INJURY,0,0,0,0,0,1,0,15,4,6,41.89406651,-87.61760751
6/18/2019 13:10,30,NO CONTROLS,NO CONTROLS,CLEAR,DAYLIGHT,REAR END,NOT DIVIDED,STRAIGHT AND LEVEL,DRY,NO DEFECTS,NOT ON SCENE (DESK REPORT),NO INJURY / DRIVE AWAY,,"$501 - $1,500",UNABLE TO DETERMINE,UNABLE TO DETERMINE,799,N,FAIRBANKS CT,1833,2,NO INDICATION OF INJURY,0,0,0,0,0,3,0,13,3,6,41.89673792,-87.62022135
6/26/2019 14:00,25,STOP SIGN/FLASHER,FUNCTIONING PROPERLY,CLEAR,DAYLIGHT,PARKED MOTOR VEHICLE,NOT DIVIDED,STRAIGHT AND LEVEL,DRY,NO DEFECTS,ON SCENE,NO INJURY / DRIVE AWAY,,$500 OR LESS,UNABLE TO DETERMINE,UNABLE TO DETERMINE,5200,N,LIEB AVE,1623,2,NO INDICATION OF INJURY,0,0,0,0,0,1,0,14,4,6,41.97602781,-87.76476807
6/17/2019 9:45,30,STOP SIGN/FLASHER,FUNCTIONING PROPERLY,CLEAR,DAYLIGHT,SIDESWIPE SAME DIRECTION,DIVIDED - W/MEDIAN (NOT RAISED),STRAIGHT AND LEVEL,DRY,NO DEFECTS,NOT ON SCENE (DESK REPORT),NO INJURY / DRIVE AWAY,Y,"$501 - $1,500",IMPROPER BACKING,NOT APPLICABLE,152,W,23RD ST,131,2,NO INDICATION OF INJURY,0,0,0,0,0,2,0,9,2,6,41.851167,-87.63037006
6/26/2019 18:25,30,NO CONTROLS,NO CONTROLS,CLEAR,DAYLIGHT,REAR END,DIVIDED - W/MEDIAN (NOT RAISED),STRAIGHT AND LEVEL,DRY,NO DEFECTS,ON SCENE,INJURY AND / OR TOW DUE TO CRASH,,"OVER $1,500",FAILING TO REDUCE SPEED TO AVOID CRASH,NOT APPLICABLE,341,W,79TH ST,623,2,"REPORTED, NOT EVIDENT",1,0,0,0,1,3,0,18,4,6,41.75068621,-87.63345977
6/22/2019 19:45,10,NO CONTROLS,NO CONTROLS,CLEAR,DAYLIGHT,PARKED MOTOR VEHICLE,PARKING LOT,STRAIGHT AND LEVEL,DRY,NO DEFECTS,ON SCENE,NO INJURY / DRIVE AWAY,,"OVER $1,500",DRIVING SKILLS/KNOWLEDGE/EXPERIENCE,DRIVING SKILLS/KNOWLEDGE/EXPERIENCE,3628,N,MILWAUKEE AVE,1731,2,NO INDICATION OF INJURY,0,0,0,0,0,1,0,19,7,6,41.94668993,-87.73654951
6/22/2019 14:15,25,NO CONTROLS,NO CONTROLS,CLEAR,DAYLIGHT,PEDESTRIAN,ONE-WAY,STRAIGHT AND LEVEL,DRY,NO DEFECTS,NOT ON SCENE (DESK REPORT),INJURY AND / OR TOW DUE TO CRASH,,$500 OR LESS,UNABLE TO DETERMINE,UNABLE TO DETERMINE,4800,N,WASHTENAW AVE,2031,2,NONINCAPACITATING INJURY,1,0,0,1,0,1,0,14,7,6,41.96860547,-87.69639229
6/30/2019 2:50,30,NO CONTROLS,NO CONTROLS,CLEAR,"DARKNESS, LIGHTED ROAD",PARKED MOTOR VEHICLE,NOT DIVIDED,STRAIGHT AND LEVEL,DRY,NO DEFECTS,,INJURY AND / OR TOW DUE TO CRASH,,"OVER $1,500",UNABLE TO DETERMINE,UNABLE TO DETERMINE,6710,W,DEVON AVE,1611,4,NO INDICATION OF INJURY,0,0,0,0,0,1,0,2,1,6,41.99730571,-87.79607317
6/16/2019 2:49,30,TRAFFIC SIGNAL,FUNCTIONING PROPERLY,CLEAR,"DARKNESS, LIGHTED ROAD",ANGLE,T-INTERSECTION,STRAIGHT AND LEVEL,WET,NO DEFECTS,ON SCENE,INJURY AND / OR TOW DUE TO CRASH,Y,"OVER $1,500",DISREGARDING TRAFFIC SIGNALS,FAILING TO REDUCE SPEED TO AVOID CRASH,1600,S,CENTRAL PARK AVE,1014,2,INCAPACITATING INJURY,2,0,2,0,0,1,0,2,1,6,41.8588809,-87.71535134
6/26/2019 17:20,30,NO CONTROLS,NO CONTROLS,CLEAR,DAYLIGHT,PARKED MOTOR VEHICLE,NOT DIVIDED,STRAIGHT AND LEVEL,DRY,NO DEFECTS,ON SCENE,NO INJURY / DRIVE AWAY,,"OVER $1,500",UNABLE TO DETERMINE,UNABLE TO DETERMINE,325,E,90TH ST,633,2,NO INDICATION OF INJURY,0,0,0,0,0,1,0,17,4,6,41.73087931,-87.61655901
6/21/2019 9:00,30,NO CONTROLS,NO CONTROLS,CLEAR,DAYLIGHT,PARKED MOTOR VEHICLE,NOT DIVIDED,STRAIGHT AND LEVEL,DRY,NO DEFECTS,NOT ON SCENE (DESK REPORT),NO INJURY / DRIVE AWAY,,"$501 - $1,500",UNABLE TO DETERMINE,UNABLE TO DETERMINE,6600,N,OCONTO AVE,1611,2,NO INDICATION OF INJURY,0,0,0,0,0,1,0,9,6,6,42.00098318,-87.80812038
6/21/2019 16:45,30,NO CONTROLS,NO CONTROLS,CLEAR,DAYLIGHT,SIDESWIPE SAME DIRECTION,DIVIDED - W/MEDIAN (NOT RAISED),STRAIGHT AND LEVEL,DRY,NO DEFECTS,NOT ON SCENE (DESK REPORT),NO INJURY / DRIVE AWAY,,"$501 - $1,500",IMPROPER OVERTAKING/PASSING,UNABLE TO DETERMINE,5555,W,IRVING PARK RD,1633,2,NO INDICATION OF INJURY,0,0,0,0,0,2,0,16,6,6,41.95308138,-87.76671933
6/22/2019 4:05,30,TRAFFIC SIGNAL,FUNCTIONING PROPERLY,CLEAR,DAWN,TURNING,"FIVE POINT, OR MORE","CURVE, LEVEL",DRY,NO DEFECTS,ON SCENE,INJURY AND / OR TOW DUE TO CRASH,Y,"OVER $1,500",FAILING TO YIELD RIGHT-OF-WAY,FAILING TO REDUCE SPEED TO AVOID CRASH,1600,E,79TH ST,411,2,"REPORTED, NOT EVIDENT",2,0,0,0,2,0,0,4,7,6,41.75161152,-87.58559228
6/30/2019 0:48,30,NO CONTROLS,NO CONTROLS,CLEAR,DAYLIGHT,REAR TO SIDE,PARKING LOT,STRAIGHT AND LEVEL,DRY,NO DEFECTS,NOT ON SCENE (DESK REPORT),NO INJURY / DRIVE AWAY,,"OVER $1,500",IMPROPER BACKING,IMPROPER BACKING,1951,E,95TH ST,431,2,NO INDICATION OF INJURY,0,0,0,0,0,2,0,0,1,6,41.72235445,-87.57577806
6/30/2019 15:11,30,STOP SIGN/FLASHER,FUNCTIONING PROPERLY,RAIN,DAYLIGHT,OTHER NONCOLLISION,FOUR WAY,STRAIGHT AND LEVEL,WET,UNKNOWN,ON SCENE,INJURY AND / OR TOW DUE TO CRASH,N,"OVER $1,500",UNABLE TO DETERMINE,UNABLE TO DETERMINE,302,S,LOTUS AVE,1522,1,NO INDICATION OF INJURY,0,0,0,0,0,1,0,15,1,6,41.87645274,-87.76183274
6/30/2019 21:38,30,NO CONTROLS,NO CONTROLS,CLEAR,"DARKNESS, LIGHTED ROAD",ANGLE,NOT DIVIDED,STRAIGHT AND LEVEL,DRY,NO DEFECTS,ON SCENE,INJURY AND / OR TOW DUE TO CRASH,,"OVER $1,500",IMPROPER LANE USAGE,UNDER THE INFLUENCE OF ALCOHOL/DRUGS (USE WHEN ARREST IS EFFECTED),5857,N,MILWAUKEE AVE,1622,2,NO INDICATION OF INJURY,0,0,0,0,0,2,0,21,1,6,41.9882269,-87.77904749
6/25/2019 16:38,30,NO CONTROLS,NO CONTROLS,RAIN,DAYLIGHT,OTHER OBJECT,ONE-WAY,STRAIGHT AND LEVEL,WET,NO DEFECTS,NOT ON SCENE (DESK REPORT),NO INJURY / DRIVE AWAY,,"OVER $1,500",WEATHER,WEATHER,1154,W,BARRY AVE,1933,1,NO INDICATION OF INJURY,0,0,0,0,0,1,0,16,3,6,41.93812984,-87.65867661
6/19/2019 17:00,30,TRAFFIC SIGNAL,FUNCTIONING PROPERLY,CLEAR,DAYLIGHT,REAR END,NOT DIVIDED,STRAIGHT AND LEVEL,DRY,NO DEFECTS,NOT ON SCENE (DESK REPORT),NO INJURY / DRIVE AWAY,Y,"$501 - $1,500",UNABLE TO DETERMINE,UNABLE TO DETERMINE,127,E,GRAND AVE,1834,2,NO INDICATION OF INJURY,0,0,0,0,0,2,0,17,4,6,41.89162116,-87.62425393
6/21/2019 11:45,30,NO CONTROLS,NO CONTROLS,CLEAR,DAYLIGHT,PARKED MOTOR VEHICLE,NOT DIVIDED,STRAIGHT AND LEVEL,DRY,NO DEFECTS,ON SCENE,NO INJURY / DRIVE AWAY,,"$501 - $1,500",UNABLE TO DETERMINE,NOT APPLICABLE,2442,S,PULASKI RD,1013,2,NO INDICATION OF INJURY,0,0,0,0,0,2,0,11,6,6,41.84667421,-87.72477601
6/21/2019 5:37,30,UNKNOWN,UNKNOWN,CLEAR,DAWN,SIDESWIPE SAME DIRECTION,NOT DIVIDED,STRAIGHT AND LEVEL,DRY,UNKNOWN,ON SCENE,NO INJURY / DRIVE AWAY,,"$501 - $1,500",UNABLE TO DETERMINE,NOT APPLICABLE,5800,W,NORTH AVE,2531,3,NO INDICATION OF INJURY,0,0,0,0,0,4,0,5,6,6,41.90942818,-87.77030562
6/25/2019 6:55,30,TRAFFIC SIGNAL,FUNCTIONING PROPERLY,CLEAR,DAYLIGHT,ANGLE,NOT DIVIDED,STRAIGHT AND LEVEL,DRY,NO DEFECTS,ON SCENE,INJURY AND / OR TOW DUE TO CRASH,Y,"OVER $1,500",NOT APPLICABLE,NOT APPLICABLE,6340,N,CALDWELL AVE,1621,3,NO INDICATION OF INJURY,0,0,0,0,0,3,0,6,3,6,41.99633656,-87.76491657
6/28/2019 10:45,30,NO CONTROLS,NO CONTROLS,CLEAR,DAYLIGHT,SIDESWIPE SAME DIRECTION,NOT DIVIDED,STRAIGHT AND LEVEL,DRY,NO DEFECTS,NOT ON SCENE (DESK REPORT),NO INJURY / DRIVE AWAY,,"OVER $1,500",IMPROPER LANE USAGE,UNABLE TO DETERMINE,3400,W,IRVING PARK RD,1723,2,NO INDICATION OF INJURY,0,0,0,0,0,2,0,10,6,6,41.95396568,-87.71296876
6/16/2019 12:00,30,NO CONTROLS,NO CONTROLS,CLEAR,DAYLIGHT,PARKED MOTOR VEHICLE,NOT DIVIDED,STRAIGHT AND LEVEL,DRY,NO DEFECTS,NOT ON SCENE (DESK REPORT),NO INJURY / DRIVE AWAY,,"OVER $1,500",UNABLE TO DETERMINE,NOT APPLICABLE,1424,N,CLEAVER ST,1433,2,NO INDICATION OF INJURY,0,0,0,0,0,1,0,12,1,6,41.90780404,-87.66410941
6/21/2019 15:15,30,STOP SIGN/FLASHER,FUNCTIONING PROPERLY,CLEAR,DAYLIGHT,ANGLE,FOUR WAY,STRAIGHT AND LEVEL,DRY,NO DEFECTS,ON SCENE,NO INJURY / DRIVE AWAY,Y,"$501 - $1,500",FAILING TO REDUCE SPEED TO AVOID CRASH,NOT APPLICABLE,800,W,HUBBARD ST,1214,2,NO INDICATION OF INJURY,0,0,0,0,0,4,0,15,6,6,41.89019488,-87.6476687
6/26/2019 7:51,35,TRAFFIC SIGNAL,FUNCTIONING PROPERLY,CLEAR,DAYLIGHT,SIDESWIPE SAME DIRECTION,T-INTERSECTION,STRAIGHT AND LEVEL,DRY,NO DEFECTS,ON SCENE,NO INJURY / DRIVE AWAY,Y,"OVER $1,500",IMPROPER OVERTAKING/PASSING,RELATED TO BUS STOP,5202,N,ASHLAND AVE,2012,2,NO INDICATION OF INJURY,0,0,0,0,0,2,0,7,4,6,41.97627121,-87.6697625
6/26/2019 17:50,30,NO CONTROLS,NO CONTROLS,CLEAR,DAYLIGHT,PEDALCYCLIST,NOT DIVIDED,STRAIGHT AND LEVEL,UNKNOWN,UNKNOWN,NOT ON SCENE (DESK REPORT),INJURY AND / OR TOW DUE TO CRASH,,"$501 - $1,500",IMPROPER OVERTAKING/PASSING,IMPROPER OVERTAKING/PASSING,2119,N,STOCKTON DR,1814,2,NONINCAPACITATING INJURY,1,0,0,1,0,3,0,17,4,6,41.92079048,-87.63551387
6/19/2019 6:45,30,NO CONTROLS,NO CONTROLS,CLEAR,DAYLIGHT,SIDESWIPE SAME DIRECTION,NOT DIVIDED,STRAIGHT AND LEVEL,DRY,NO DEFECTS,ON SCENE,NO INJURY / DRIVE AWAY,,"$501 - $1,500",IMPROPER OVERTAKING/PASSING,NOT APPLICABLE,2925,S,DAMEN AVE,912,2,NO INDICATION OF INJURY,0,0,0,0,0,2,0,6,4,6,41.83849929,-87.67524885
6/30/2019 11:20,30,NO CONTROLS,NO CONTROLS,CLEAR,DAYLIGHT,REAR END,DIVIDED - W/MEDIAN BARRIER,STRAIGHT AND LEVEL,DRY,NO DEFECTS,NOT ON SCENE (DESK REPORT),NO INJURY / DRIVE AWAY,,"$501 - $1,500",UNABLE TO DETERMINE,NOT APPLICABLE,1500,N,LAKE SHORE DR,1824,2,NO INDICATION OF INJURY,0,0,0,0,0,2,0,11,1,6,41.90959743,-87.62631221
6/17/2019 10:25,40,NO CONTROLS,NO CONTROLS,CLEAR,DAYLIGHT,SIDESWIPE SAME DIRECTION,DIVIDED - W/MEDIAN BARRIER,STRAIGHT AND LEVEL,DRY,NO DEFECTS,ON SCENE,NO INJURY / DRIVE AWAY,,"OVER $1,500",FAILING TO YIELD RIGHT-OF-WAY,DRIVING SKILLS/KNOWLEDGE/EXPERIENCE,801,N,LAKE SHORE DR,1833,2,NO INDICATION OF INJURY,0,0,0,0,0,3,0,10,2,6,41.89692937,-87.61694704
6/17/2019 15:53,30,NO CONTROLS,NO CONTROLS,CLEAR,DAYLIGHT,PARKED MOTOR VEHICLE,ONE-WAY,STRAIGHT AND LEVEL,DRY,NO DEFECTS,ON SCENE,INJURY AND / OR TOW DUE TO CRASH,,"OVER $1,500","OPERATING VEHICLE IN ERRATIC, RECKLESS, CARELESS, NEGLIGENT OR AGGRESSIVE MANNER",NOT APPLICABLE,5127,S,WHIPPLE ST,923,3,NO INDICATION OF INJURY,0,0,0,0,0,2,0,15,2,6,41.8000575,-87.69993299