CRASH_DATE,POSTED_SPEED_LIMIT,TRAFFIC_CONTROL_DEVICE,DEVICE_CONDITION,WEATHER_CONDITION,LIGHTING_CONDITION,FIRST_CRASH_TYPE,TRAFFICWAY_TYPE,ALIGNMENT,ROADWAY_SURFACE_COND,ROAD_DEFECT,REPORT_TYPE,CRASH_TYPE,INTERSECTION_RELATED_I,DAMAGE,PRIM_CONTRIBUTORY_CAUSE,SEC_CONTRIBUTORY_CAUSE,STREET_NO,STREET_DIRECTION,STREET_NAME,BEAT_OF_OCCURRENCE,NUM_UNITS,MOST_SEVERE_INJURY,INJURIES_TOTAL,INJURIES_FATAL,INJURIES_INCAPACITATING,INJURIES_NON_INCAPACITATING,INJURIES_REPORTED_NOT_EVIDENT,INJURIES_NO_INDICATION,INJURIES_UNKNOWN,CRASH_HOUR,CRASH_DAY_OF_WEEK,CRASH_MONTH,LATITUDE,LONGITUDE
6/24/2019 13:40,30,NO CONTROLS,NO CONTROLS,RAIN,DAYLIGHT,ANGLE,ONE-WAY,STRAIGHT AND LEVEL,WET,NO DEFECTS,ON SCENE,NO INJURY / DRIVE AWAY,,"OVER $1,500",FAILING TO YIELD RIGHT-OF-WAY,NOT APPLICABLE,6446,S,CICERO AVE,813,2,NO INDICATION OF INJURY,0,0,0,0,0,6,0,13,2,6,41.77520991,-87.74233075
6/20/2019 19:23,30,NO CONTROLS,NO CONTROLS,CLEAR,DUSK,REAR END,ONE-WAY,STRAIGHT AND LEVEL,DRY,NO DEFECTS,NOT ON SCENE (DESK REPORT),INJURY AND / OR TOW DUE TO CRASH,,"OVER $1,500",UNABLE TO DETERMINE,UNABLE TO DETERMINE,6400,S,TALMAN AVE,825,2,"REPORTED, NOT EVIDENT",1,0,0,0,1,2,0,19,5,6,41.77718539,-87.68983226
6/24/2019 14:09,35,TRAFFIC SIGNAL,FUNCTIONING PROPERLY,RAIN,DAYLIGHT,PEDESTRIAN,FOUR WAY,STRAIGHT AND LEVEL,WET,NO DEFECTS,ON SCENE,INJURY AND / OR TOW DUE TO CRASH,Y,$500 OR LESS,FAILING TO YIELD RIGHT-OF-WAY,NOT APPLICABLE,7900,S,DR MARTIN LUTHER KING JR DR,623,2,NONINCAPACITATING INJURY,1,0,0,1,0,4,0,14,2,6,41.75102047,-87.61510225
6/28/2019 15:30,30,NO CONTROLS,NO CONTROLS,CLEAR,DAYLIGHT,SIDESWIPE SAME DIRECTION,NOT DIVIDED,STRAIGHT AND LEVEL,DRY,NO DEFECTS,NOT ON SCENE (DESK REPORT),NO INJURY / DRIVE AWAY,,$500 OR LESS,UNABLE TO DETERMINE,UNABLE TO DETERMINE,6327,N,SHERIDAN RD,2433,2,NO INDICATION OF INJURY,0,0,0,0,0,2,0,15,6,6,41.99716369,-87.65545661
6/22/2019 4:48,30,TRAFFIC SIGNAL,FUNCTIONING PROPERLY,CLEAR,"DARKNESS, LIGHTED ROAD",SIDESWIPE SAME DIRECTION,DIVIDED - W/MEDIAN BARRIER,STRAIGHT AND LEVEL,DRY,NO DEFECTS,NOT ON SCENE (DESK REPORT),NO INJURY / DRIVE AWAY,,"OVER $1,500",UNABLE TO DETERMINE,UNABLE TO DETERMINE,151,W,87TH ST,634,2,NO INDICATION OF INJURY,0,0,0,0,0,2,0,4,7,6,41.73613661,-87.62837742
6/21/2019 16:00,30,NO CONTROLS,NO CONTROLS,CLEAR,DAYLIGHT,REAR END,OTHER,STRAIGHT AND LEVEL,DRY,NO DEFECTS,NOT ON SCENE (DESK REPORT),NO INJURY / DRIVE AWAY,,"OVER $1,500",FOLLOWING TOO CLOSELY,NOT APPLICABLE,5757,W,HIGGINS AVE,1622,2,NO INDICATION OF INJURY,0,0,0,0,0,2,0,16,6,6,41.97160633,-87.77277512
6/23/2019 1:29,30,STOP SIGN/FLASHER,UNKNOWN,CLEAR,"DARKNESS, LIGHTED ROAD",ANGLE,TRAFFIC ROUTE,STRAIGHT AND LEVEL,DRY,NO DEFECTS,ON SCENE,INJURY AND / OR TOW DUE TO CRASH,Y,"OVER $1,500","VISION OBSCURED (SIGNS, TREE LIMBS, BUILDINGS, ETC.)",NOT APPLICABLE,6726,W,DIVERSEY AVE,2511,2,NO INDICATION OF INJURY,0,0,0,0,0,3,0,1,1,6,41.93100923,-87.7941854
6/28/2019 23:50,35,UNKNOWN,UNKNOWN,CLEAR,"DARKNESS, LIGHTED ROAD",TURNING,FOUR WAY,STRAIGHT AND LEVEL,UNKNOWN,UNKNOWN,ON SCENE,NO INJURY / DRIVE AWAY,Y,"$501 - $1,500",FAILING TO YIELD RIGHT-OF-WAY,UNABLE TO DETERMINE,2359,E,74TH ST,334,2,NO INDICATION OF INJURY,0,0,0,0,0,4,0,23,6,6,41.76069213,-87.56646964
6/25/2019 14:00,30,NO CONTROLS,NO CONTROLS,CLEAR,DAYLIGHT,PARKED MOTOR VEHICLE,PARKING LOT,STRAIGHT AND LEVEL,DRY,NO DEFECTS,NOT ON SCENE (DESK REPORT),NO INJURY / DRIVE AWAY,,"OVER $1,500",UNABLE TO DETERMINE,UNABLE TO DETERMINE,87,W,87TH ST,634,2,NO INDICATION OF INJURY,0,0,0,0,0,1,0,14,3,6,41.73614513,-87.62691784
6/18/2019 13:10,30,TRAFFIC SIGNAL,FUNCTIONING PROPERLY,CLEAR,DAYLIGHT,ANGLE,FOUR WAY,STRAIGHT AND LEVEL,DRY,NO DEFECTS,,INJURY AND / OR TOW DUE TO CRASH,Y,"OVER $1,500",DISREGARDING TRAFFIC SIGNALS,UNABLE TO DETERMINE,5600,W,WELLINGTON AVE,2514,2,NONINCAPACITATING INJURY,1,0,0,1,0,2,0,13,3,6,41.93503766,-87.766433
6/24/2019 7:10,35,TRAFFIC SIGNAL,FUNCTIONING PROPERLY,RAIN,DAYLIGHT,TURNING,NOT DIVIDED,STRAIGHT AND LEVEL,WET,NO DEFECTS,ON SCENE,INJURY AND / OR TOW DUE TO CRASH,Y,"OVER $1,500",UNABLE TO DETERMINE,UNABLE TO DETERMINE,5500,S,CENTRAL AVE,811,2,NONINCAPACITATING INJURY,1,0,0,1,0,1,0,7,2,6,41.79264234,-87.7624466
6/20/2019 1:10,25,NO CONTROLS,NO CONTROLS,RAIN,"DARKNESS, LIGHTED ROAD",FIXED OBJECT,DIVIDED - W/MEDIAN BARRIER,"CURVE, LEVEL",WET,NO DEFECTS,ON SCENE,INJURY AND / OR TOW DUE TO CRASH,,"$501 - $1,500",FAILING TO REDUCE SPEED TO AVOID CRASH,WEATHER,1000,N,LAKE SHORE DR NB,1824,1,NO INDICATION OF INJURY,0,0,0,0,0,3,0,1,5,6,41.90100286,-87.61977981
6/21/2019 13:48,30,NO CONTROLS,NO CONTROLS,CLEAR,DAYLIGHT,ANGLE,DIVIDED - W/MEDIAN (NOT RAISED),STRAIGHT AND LEVEL,DRY,NO DEFECTS,NOT ON SCENE (DESK REPORT),NO INJURY / DRIVE AWAY,,"$501 - $1,500",FAILING TO YIELD RIGHT-OF-WAY,UNABLE TO DETERMINE,5347,W,DIVERSEY AVE,2514,2,NO INDICATION OF INJURY,0,0,0,0,0,2,0,13,6,6,41.9312346,-87.7607505
6/25/2019 17:30,30,NO CONTROLS,NO CONTROLS,CLEAR,DAYLIGHT,REAR END,NOT DIVIDED,STRAIGHT AND LEVEL,DRY,NO DEFECTS,NOT ON SCENE (DESK REPORT),NO INJURY / DRIVE AWAY,,"OVER $1,500",UNABLE TO DETERMINE,NOT APPLICABLE,3740,W,BELMONT AVE,1732,2,NO INDICATION OF INJURY,0,0,0,0,0,4,0,17,3,6,41.93927384,-87.72147381
6/24/2019 15:25,35,NO CONTROLS,NO CONTROLS,CLEAR,DAYLIGHT,TURNING,FOUR WAY,STRAIGHT AND LEVEL,DRY,NO DEFECTS,ON SCENE,NO INJURY / DRIVE AWAY,Y,"$501 - $1,500",FOLLOWING TOO CLOSELY,UNABLE TO DETERMINE,929,W,MARQUETTE RD,723,2,NO INDICATION OF INJURY,0,0,0,0,0,6,0,15,2,6,41.77231242,-87.64817177
6/15/2019 21:45,30,NO CONTROLS,NO CONTROLS,UNKNOWN,UNKNOWN,PARKED MOTOR VEHICLE,ONE-WAY,STRAIGHT AND LEVEL,UNKNOWN,NO DEFECTS,ON SCENE,NO INJURY / DRIVE AWAY,,"OVER $1,500",UNABLE TO DETERMINE,UNABLE TO DETERMINE,1911,N,MOHAWK ST,1813,2,NO INDICATION OF INJURY,0,0,0,0,0,1,0,21,7,6,41.91683234,-87.64226126
6/17/2019 8:00,25,NO CONTROLS,NO CONTROLS,CLEAR,DAYLIGHT,PARKED MOTOR VEHICLE,NOT DIVIDED,STRAIGHT AND LEVEL,DRY,NO DEFECTS,ON SCENE,INJURY AND / OR TOW DUE TO CRASH,,"OVER $1,500",DRIVING ON WRONG SIDE/WRONG WAY,UNABLE TO DETERMINE,440,N,DRAKE AVE,1123,2,NO INDICATION OF INJURY,0,0,0,0,0,1,0,8,2,6,41.88944778,-87.71506703
6/14/2019 22:52,30,NO CONTROLS,NO CONTROLS,CLEAR,"DARKNESS, LIGHTED ROAD",SIDESWIPE SAME DIRECTION,ONE-WAY,STRAIGHT AND LEVEL,UNKNOWN,NO DEFECTS,NOT ON SCENE (DESK REPORT),NO INJURY / DRIVE AWAY,,"OVER $1,500",UNABLE TO DETERMINE,UNABLE TO DETERMINE,1052,N,AVERS AVE,1112,2,NO INDICATION OF INJURY,0,0,0,0,0,5,0,22,6,6,41.90061433,-87.72272531
6/25/2019 22:20,30,NO CONTROLS,NO CONTROLS,CLEAR,"DARKNESS, LIGHTED ROAD",ANGLE,NOT DIVIDED,STRAIGHT AND LEVEL,DRY,NO DEFECTS,NOT ON SCENE (DESK REPORT),NO INJURY / DRIVE AWAY,Y,"OVER $1,500",FAILING TO YIELD RIGHT-OF-WAY,UNABLE TO DETERMINE,6400,N,GREENVIEW AVE,2432,2,NO INDICATION OF INJURY,0,0,0,0,0,2,0,22,3,6,41.99815196,-87.66811006
6/25/2019 17:45,10,NO CONTROLS,NO CONTROLS,RAIN,DAYLIGHT,PARKED MOTOR VEHICLE,PARKING LOT,STRAIGHT AND LEVEL,WET,NO DEFECTS,ON SCENE,NO INJURY / DRIVE AWAY,,"$501 - $1,500",DRIVING SKILLS/KNOWLEDGE/EXPERIENCE,WEATHER,2455,N,SHEFFIELD AVE,1932,2,NO INDICATION OF INJURY,0,0,0,0,0,1,0,17,3,6,41.92702549,-87.65351743
6/27/2019 9:28,30,NO CONTROLS,NO CONTROLS,CLEAR,DAYLIGHT,SIDESWIPE SAME DIRECTION,DIVIDED - W/MEDIAN BARRIER,STRAIGHT AND LEVEL,DRY,NO DEFECTS,ON SCENE,NO INJURY / DRIVE AWAY,,"OVER $1,500",IMPROPER OVERTAKING/PASSING,NOT APPLICABLE,2500,W,26TH ST,1034,2,NO INDICATION OF INJURY,0,0,0,0,0,2,0,9,5,6,41.84490306,-87.68770156
6/28/2019 18:50,30,TRAFFIC SIGNAL,FUNCTIONING PROPERLY,RAIN,DAYLIGHT,PEDESTRIAN,FOUR WAY,STRAIGHT AND LEVEL,WET,NO DEFECTS,ON SCENE,INJURY AND / OR TOW DUE TO CRASH,Y,$500 OR LESS,FAILING TO YIELD RIGHT-OF-WAY,NOT APPLICABLE,801,W,BELMONT AVE,1933,2,NONINCAPACITATING INJURY,1,0,0,1,0,1,0,18,6,6,41.93987063,-87.64930456
6/27/2019 15:00,30,TRAFFIC SIGNAL,FUNCTIONING PROPERLY,CLEAR,DAYLIGHT,REAR END,ONE-WAY,STRAIGHT AND LEVEL,DRY,NO DEFECTS,,INJURY AND / OR TOW DUE TO CRASH,,"OVER $1,500",FAILING TO REDUCE SPEED TO AVOID CRASH,FOLLOWING TOO CLOSELY,1158,S,DESPLAINES ST,124,2,"REPORTED, NOT EVIDENT",3,0,0,0,3,2,0,15,5,6,41.8672837,-87.6438106
6/28/2019 8:10,30,NO CONTROLS,NO CONTROLS,CLEAR,DAYLIGHT,FIXED OBJECT,DIVIDED - W/MEDIAN (NOT RAISED),STRAIGHT AND LEVEL,DRY,NO DEFECTS,ON SCENE,INJURY AND / OR TOW DUE TO CRASH,,"OVER $1,500",PHYSICAL CONDITION OF DRIVER,PHYSICAL CONDITION OF DRIVER,4333,S,WESTERN AVE,922,1,"REPORTED, NOT EVIDENT",2,0,0,0,2,0,0,8,6,6,41.81479287,-87.68445525
6/21/2019 12:10,30,NO CONTROLS,NO CONTROLS,CLEAR,DAYLIGHT,PARKED MOTOR VEHICLE,ONE-WAY,STRAIGHT AND LEVEL,DRY,NO DEFECTS,ON SCENE,INJURY AND / OR TOW DUE TO CRASH,,"OVER $1,500",UNABLE TO DETERMINE,UNABLE TO DETERMINE,3200,N,MONTICELLO AVE,1732,3,NO INDICATION OF INJURY,0,0,0,0,0,1,0,12,6,6,41.93928088,-87.71875412
6/26/2019 10:10,30,NO CONTROLS,NO CONTROLS,CLEAR,DAYLIGHT,ANGLE,OTHER,STRAIGHT AND LEVEL,DRY,NO DEFECTS,NOT ON SCENE (DESK REPORT),NO INJURY / DRIVE AWAY,,"$501 - $1,500",IMPROPER BACKING,"VISION OBSCURED (SIGNS, TREE LIMBS, BUILDINGS, ETC.)",3200,N,LAKE SHORE DR NB,1925,2,NO INDICATION OF INJURY,0,0,0,0,0,2,0,10,4,6,41.94050251,-87.63844367
6/25/2019 8:20,25,NO CONTROLS,NO CONTROLS,CLEAR,DAYLIGHT,REAR END,NOT DIVIDED,STRAIGHT AND LEVEL,DRY,NO DEFECTS,NOT ON SCENE (DESK REPORT),NO INJURY / DRIVE AWAY,,"$501 - $1,500",FOLLOWING TOO CLOSELY,UNABLE TO DETERMINE,100,N,LOWER WACKER DR,122,2,NO INDICATION OF INJURY,0,0,0,0,0,2,0,8,3,6,41.8832613,-87.63723131
6/29/2019 1:04,30,TRAFFIC SIGNAL,FUNCTIONING PROPERLY,CLEAR,"DARKNESS, LIGHTED ROAD",ANGLE,FOUR WAY,STRAIGHT AND LEVEL,DRY,NO DEFECTS,ON SCENE,INJURY AND / OR TOW DUE TO CRASH,Y,"$501 - $1,500",DISREGARDING TRAFFIC SIGNALS,FAILING TO REDUCE SPEED TO AVOID CRASH,5899,S,MICHIGAN AVE,232,2,NONINCAPACITATING INJURY,1,0,0,1,0,1,0,1,7,6,41.78751238,-87.622134
6/26/2019 11:15,35,NO CONTROLS,NO CONTROLS,CLEAR,DAYLIGHT,PARKED MOTOR VEHICLE,DIVIDED - W/MEDIAN (NOT RAISED),STRAIGHT AND LEVEL,DRY,NO DEFECTS,NOT ON SCENE (DESK REPORT),NO INJURY / DRIVE AWAY,,$500 OR LESS,IMPROPER BACKING,NOT APPLICABLE,222,N,LA SALLE ST,122,2,NO INDICATION OF INJURY,0,0,0,0,0,1,0,11,4,6,41.8863516,-87.63261395
6/30/2019 11:00,30,TRAFFIC SIGNAL,FUNCTIONING PROPERLY,CLEAR,DAYLIGHT,REAR END,FOUR WAY,STRAIGHT AND LEVEL,DRY,NO DEFECTS,NOT ON SCENE (DESK REPORT),NO INJURY / DRIVE AWAY,Y,"$501 - $1,500",UNABLE TO DETERMINE,NOT APPLICABLE,601,S,CICERO AVE,1131,2,NO INDICATION OF INJURY,0,0,0,0,0,2,0,11,1,6,41.87310015,-87.74485023
6/25/2019 8:50,30,NO CONTROLS,NO CONTROLS,CLEAR,DAYLIGHT,SIDESWIPE SAME DIRECTION,DIVIDED - W/MEDIAN BARRIER,STRAIGHT AND LEVEL,DRY,UNKNOWN,NOT ON SCENE (DESK REPORT),NO INJURY / DRIVE AWAY,,"OVER $1,500",UNABLE TO DETERMINE,UNABLE TO DETERMINE,250,W,LOWER WACKER DR,122,2,NO INDICATION OF INJURY,0,0,0,0,0,2,0,8,3,6,41.88701536,-87.63539341
6/23/2019 3:15,30,NO CONTROLS,NO CONTROLS,CLEAR,"DARKNESS, LIGHTED ROAD",PARKED MOTOR VEHICLE,DIVIDED - W/MEDIAN (NOT RAISED),STRAIGHT AND LEVEL,DRY,NO DEFECTS,ON SCENE,INJURY AND / OR TOW DUE TO CRASH,,"OVER $1,500",FAILING TO REDUCE SPEED TO AVOID CRASH,IMPROPER LANE USAGE,3911,W,NORTH AVE,2535,4,NO INDICATION OF INJURY,0,0,0,0,0,1,0,3,1,6,41.90979752,-87.72455752
6/17/2019 15:38,30,NO CONTROLS,NO CONTROLS,CLEAR,DAYLIGHT,SIDESWIPE SAME DIRECTION,DIVIDED - W/MEDIAN (NOT RAISED),STRAIGHT AND LEVEL,DRY,NO DEFECTS,NOT ON SCENE (DESK REPORT),NO INJURY / DRIVE AWAY,,"$501 - $1,500",IMPROPER LANE USAGE,DRIVING SKILLS/KNOWLEDGE/EXPERIENCE,6430,S,WESTERN AVE,825,2,NO INDICATION OF INJURY,0,0,0,0,0,2,0,15,2,6,41.77647795,-87.68371637
6/23/2019 17:52,30,NO CONTROLS,NO CONTROLS,RAIN,DAYLIGHT,PARKED MOTOR VEHICLE,PARKING LOT,STRAIGHT AND LEVEL,WET,UNKNOWN,ON SCENE,NO INJURY / DRIVE AWAY,,"OVER $1,500",IMPROPER BACKING,FAILING TO REDUCE SPEED TO AVOID CRASH,3000,S,FORT DEARBORN,133,2,NO INDICATION OF INJURY,0,0,0,0,0,1,0,17,1,6,41.84014761,-87.60852529
6/21/2019 15:46,30,NO CONTROLS,NO CONTROLS,CLEAR,DAYLIGHT,TURNING,NOT DIVIDED,STRAIGHT AND LEVEL,DRY,NO DEFECTS,,NO INJURY / DRIVE AWAY,Y,"OVER $1,500",UNABLE TO DETERMINE,NOT APPLICABLE,1828,W,PERSHING RD,912,2,NO INDICATION OF INJURY,0,0,0,0,0,2,0,15,6,6,41.82339469,-87.67135863
6/28/2019 14:04,30,PEDESTRIAN CROSSING SIGN,NO CONTROLS,CLEAR,DAYLIGHT,PEDESTRIAN,NOT DIVIDED,STRAIGHT AND LEVEL,DRY,NO DEFECTS,ON SCENE,INJURY AND / OR TOW DUE TO CRASH,,$500 OR LESS,FAILING TO YIELD RIGHT-OF-WAY,NOT APPLICABLE,533,W,BELMONT AVE,1934,2,NONINCAPACITATING INJURY,1,0,0,1,0,1,0,14,6,6,41.93995502,-87.64324973
6/27/2019 14:17,30,STOP SIGN/FLASHER,FUNCTIONING PROPERLY,CLEAR,DAYLIGHT,REAR END,ONE-WAY,STRAIGHT AND LEVEL,UNKNOWN,UNKNOWN,NOT ON SCENE (DESK REPORT),NO INJURY / DRIVE AWAY,,"OVER $1,500",FOLLOWING TOO CLOSELY,FOLLOWING TOO CLOSELY,6400,N,BELL AVE,2412,2,NO INDICATION OF INJURY,0,0,0,0,0,2,0,14,5,6,41.99788238,-87.68637892
6/25/2019 18:30,30,TRAFFIC SIGNAL,FUNCTIONING PROPERLY,CLEAR,DUSK,ANGLE,DIVIDED - W/MEDIAN (NOT RAISED),STRAIGHT AND LEVEL,DRY,NO DEFECTS,NOT ON SCENE (DESK REPORT),INJURY AND / OR TOW DUE TO CRASH,Y,"OVER $1,500",FAILING TO YIELD RIGHT-OF-WAY,DRIVING SKILLS/KNOWLEDGE/EXPERIENCE,8700,S,ASHLAND AVE,2221,2,NO INDICATION OF INJURY,0,0,0,0,0,3,0,18,3,6,41.73569699,-87.66320954
6/19/2019 15:30,30,TRAFFIC SIGNAL,FUNCTIONING PROPERLY,CLEAR,DAYLIGHT,REAR END,NOT DIVIDED,STRAIGHT AND LEVEL,DRY,NO DEFECTS,NOT ON SCENE (DESK REPORT),NO INJURY / DRIVE AWAY,Y,"OVER $1,500",UNABLE TO DETERMINE,NOT APPLICABLE,826,N,SACRAMENTO BLVD,1211,2,NO INDICATION OF INJURY,0,0,0,0,0,2,0,15,4,6,41.89650831,-87.70237908
6/20/2019 17:33,30,TRAFFIC SIGNAL,FUNCTIONING PROPERLY,CLEAR,DAYLIGHT,SIDESWIPE SAME DIRECTION,CENTER TURN LANE,STRAIGHT AND LEVEL,DRY,NO DEFECTS,ON SCENE,NO INJURY / DRIVE AWAY,Y,"OVER $1,500",UNABLE TO DETERMINE,UNABLE TO DETERMINE,705,S,CLARK ST,123,2,NO INDICATION OF INJURY,0,0,0,0,0,2,0,17,5,6,41.87324376,-87.63049256
6/17/2019 9:44,30,NO CONTROLS,NO CONTROLS,CLEAR,DAYLIGHT,REAR TO SIDE,ONE-WAY,STRAIGHT AND LEVEL,DRY,NO DEFECTS,ON SCENE,NO INJURY / DRIVE AWAY,,"OVER $1,500",IMPROPER BACKING,FAILING TO YIELD RIGHT-OF-WAY,2200,N,KEATING AVE,2522,2,NO INDICATION OF INJURY,0,0,0,0,0,3,0,9,2,6,41.92068974,-87.74514539
6/29/2019 8:00,30,YIELD,NO CONTROLS,CLEAR,DAYLIGHT,SIDESWIPE SAME DIRECTION,NOT DIVIDED,STRAIGHT AND LEVEL,DRY,NO DEFECTS,NOT ON SCENE (DESK REPORT),NO INJURY / DRIVE AWAY,,"OVER $1,500",FAILING TO YIELD RIGHT-OF-WAY,FAILING TO YIELD RIGHT-OF-WAY,4801,W,GRAND AVE,2533,2,NO INDICATION OF INJURY,0,0,0,0,0,2,0,8,7,6,41.91386366,-87.7461587
6/22/2019 19:30,15,NO CONTROLS,NO CONTROLS,CLEAR,DAYLIGHT,PARKED MOTOR VEHICLE,NOT DIVIDED,STRAIGHT AND LEVEL,DRY,NO DEFECTS,ON SCENE,NO INJURY / DRIVE AWAY,,"$501 - $1,500",DISTRACTION - FROM INSIDE VEHICLE,CELL PHONE USE OTHER THAN TEXTING,560,E,105TH PL,512,2,NO INDICATION OF INJURY,0,0,0,0,0,1,0,19,7,6,41.7029297,-87.60887675
6/19/2019 6:40,30,NO CONTROLS,NO CONTROLS,CLEAR,DAYLIGHT,PARKED MOTOR VEHICLE,PARKING LOT,STRAIGHT AND LEVEL,DRY,NO DEFECTS,ON SCENE,NO INJURY / DRIVE AWAY,,$500 OR LESS,"OPERATING VEHICLE IN ERRATIC, RECKLESS, CARELESS, NEGLIGENT OR AGGRESSIVE MANNER","OPERATING VEHICLE IN ERRATIC, RECKLESS, CARELESS, NEGLIGENT OR AGGRESSIVE MANNER",3159,W,ROOSEVELT RD,1022,2,NO INDICATION OF INJURY,0,0,0,0,0,1,0,6,4,6,41.86629834,-87.70551965
6/26/2019 9:01,30,NO CONTROLS,NO CONTROLS,CLEAR,DAYLIGHT,REAR END,NOT DIVIDED,STRAIGHT AND LEVEL,DRY,NO DEFECTS,NOT ON SCENE (DESK REPORT),NO INJURY / DRIVE AWAY,,"$501 - $1,500",FOLLOWING TOO CLOSELY,DRIVING SKILLS/KNOWLEDGE/EXPERIENCE,1645,N,CICERO AVE,2533,2,NO INDICATION OF INJURY,0,0,0,0,0,2,0,9,4,6,41.91099073,-87.74574996
6/22/2019 20:00,30,UNKNOWN,UNKNOWN,CLEAR,"DARKNESS, LIGHTED ROAD",PARKED MOTOR VEHICLE,ONE-WAY,STRAIGHT AND LEVEL,DRY,UNKNOWN,NOT ON SCENE (DESK REPORT),NO INJURY / DRIVE AWAY,,"OVER $1,500",NOT APPLICABLE,NOT APPLICABLE,4316,W,MONROE ST,1115,2,NO INDICATION OF INJURY,0,0,0,0,0,1,0,20,7,6,41.87977382,-87.73372608
6/29/2019 15:43,30,STOP SIGN/FLASHER,FUNCTIONING PROPERLY,CLEAR,DAYLIGHT,PEDALCYCLIST,NOT DIVIDED,STRAIGHT AND LEVEL,DRY,NO DEFECTS,ON SCENE,INJURY AND / OR TOW DUE TO CRASH,Y,$500 OR LESS,FAILING TO YIELD RIGHT-OF-WAY,IMPROPER TURNING/NO SIGNAL,228,W,31ST ST,914,2,"REPORTED, NOT EVIDENT",1,0,0,0,1,1,0,15,7,6,41.83833054,-87.63282629
6/28/2019 21:50,30,TRAFFIC SIGNAL,FUNCTIONING PROPERLY,CLEAR,"DARKNESS, LIGHTED ROAD",REAR END,NOT DIVIDED,STRAIGHT AND LEVEL,DRY,NO DEFECTS,ON SCENE,NO INJURY / DRIVE AWAY,Y,$500 OR LESS,FOLLOWING TOO CLOSELY,NOT APPLICABLE,1803,S,CLARK ST,131,2,NO INDICATION OF INJURY,0,0,0,0,0,2,0,21,6,6,41.85755946,-87.63007447
6/26/2019 9:29,30,NO CONTROLS,NO CONTROLS,CLEAR,DAYLIGHT,PARKED MOTOR VEHICLE,DIVIDED - W/MEDIAN (NOT RAISED),STRAIGHT AND LEVEL,DRY,NO DEFECTS,ON SCENE,NO INJURY / DRIVE AWAY,,"OVER $1,500",UNABLE TO DETERMINE,UNABLE TO DETERMINE,5542,W,HIGGINS AVE,1623,4,NO INDICATION OF INJURY,0,0,0,0,0,1,0,9,4,6,41.97018651,-87.76660559
6/25/2019 16:45,30,NO CONTROLS,NO CONTROLS,CLEAR,DAYLIGHT,REAR END,NOT DIVIDED,STRAIGHT AND LEVEL,DRY,UNKNOWN,NOT ON SCENE (DESK REPORT),NO INJURY / DRIVE AWAY,Y,"OVER $1,500",FAILING TO REDUCE SPEED TO AVOID CRASH,NOT APPLICABLE,5500,W,DIVISION ST,2532,2,NO INDICATION OF INJURY,0,0,0,0,0,3,0,16,3,6,41.90227316,-87.76391865
6/29/2019 10:00,30,NO CONTROLS,NO CONTROLS,CLEAR,DAYLIGHT,TURNING,DIVIDED - W/MEDIAN (NOT RAISED),STRAIGHT AND LEVEL,DRY,NO DEFECTS,ON SCENE,NO INJURY / DRIVE AWAY,,"OVER $1,500",FAILING TO YIELD RIGHT-OF-WAY,FAILING TO YIELD RIGHT-OF-WAY,3540,N,HARLEM AVE,1631,2,NO INDICATION OF INJURY,0,0,0,0,0,3,0,10,7,6,41.94466354,-87.80712948
6/22/2019 0:35,30,TRAFFIC SIGNAL,FUNCTIONING PROPERLY,CLEAR,"DARKNESS, LIGHTED ROAD",SIDESWIPE SAME DIRECTION,DIVIDED - W/MEDIAN BARRIER,STRAIGHT AND LEVEL,DRY,NO DEFECTS,NOT ON SCENE (DESK REPORT),NO INJURY / DRIVE AWAY,,"$501 - $1,500",IMPROPER LANE USAGE,NOT APPLICABLE,1200,S,CANAL ST,124,2,NO INDICATION OF INJURY,0,0,0,0,0,2,0,0,7,6,41.86717513,-87.63937581
6/25/2019 15:30,30,NO CONTROLS,NO CONTROLS,CLEAR,DAYLIGHT,PARKED MOTOR VEHICLE,DIVIDED - W/MEDIAN (NOT RAISED),STRAIGHT AND LEVEL,DRY,NO DEFECTS,NOT ON SCENE (DESK REPORT),NO INJURY / DRIVE AWAY,,$500 OR LESS,IMPROPER BACKING,UNABLE TO DETERMINE,3049,W,DEVON AVE,2413,2,NO INDICATION OF INJURY,0,0,0,0,0,1,0,15,3,6,41.99732984,-87.70645886
6/30/2019 13:48,30,NO CONTROLS,NO CONTROLS,CLEAR,DAYLIGHT,PARKED MOTOR VEHICLE,NOT DIVIDED,STRAIGHT AND LEVEL,DRY,NO DEFECTS,ON SCENE,INJURY AND / OR TOW DUE TO CRASH,,"OVER $1,500",PHYSICAL CONDITION OF DRIVER,DRIVING ON WRONG SIDE/WRONG WAY,6241,W,51ST ST,811,2,NO INDICATION OF INJURY,0,0,0,0,0,1,0,13,1,6,41.79961915,-87.7787734
6/20/2019 9:07,30,TRAFFIC SIGNAL,FUNCTIONING PROPERLY,RAIN,DAYLIGHT,ANGLE,NOT DIVIDED,STRAIGHT AND LEVEL,WET,NO DEFECTS,ON SCENE,INJURY AND / OR TOW DUE TO CRASH,Y,"OVER $1,500",DISREGARDING OTHER TRAFFIC SIGNS,NOT APPLICABLE,4699,S,MICHIGAN AVE,215,3,NONINCAPACITATING INJURY,4,0,0,4,0,1,0,9,5,6,41.80938059,-87.62269197