CRASH_DATE,POSTED_SPEED_LIMIT,TRAFFIC_CONTROL_DEVICE,DEVICE_CONDITION,WEATHER_CONDITION,LIGHTING_CONDITION,FIRST_CRASH_TYPE,TRAFFICWAY_TYPE,ALIGNMENT,ROADWAY_SURFACE_COND,ROAD_DEFECT,REPORT_TYPE,CRASH_TYPE,INTERSECTION_RELATED_I,DAMAGE,PRIM_CONTRIBUTORY_CAUSE,SEC_CONTRIBUTORY_CAUSE,STREET_NO,STREET_DIRECTION,STREET_NAME,BEAT_OF_OCCURRENCE,NUM_UNITS,MOST_SEVERE_INJURY,INJURIES_TOTAL,INJURIES_FATAL,INJURIES_INCAPACITATING,INJURIES_NON_INCAPACITATING,INJURIES_REPORTED_NOT_EVIDENT,INJURIES_NO_INDICATION,INJURIES_UNKNOWN,CRASH_HOUR,CRASH_DAY_OF_WEEK,CRASH_MONTH,LATITUDE,LONGITUDE
6/20/2019 7:15,30,NO CONTROLS,NO CONTROLS,RAIN,DAYLIGHT,PARKED MOTOR VEHICLE,DIVIDED - W/MEDIAN (NOT RAISED),STRAIGHT AND LEVEL,WET,NO DEFECTS,,NO INJURY / DRIVE AWAY,,"OVER $1,500",UNABLE TO DETERMINE,NOT APPLICABLE,6500,W,63RD ST,812,3,NO INDICATION OF INJURY,0,0,0,0,0,1,0,7,5,6,41.77774917,-87.78377295
6/23/2019 18:00,30,NO CONTROLS,NO CONTROLS,UNKNOWN,DAYLIGHT,PARKED MOTOR VEHICLE,NOT DIVIDED,STRAIGHT AND LEVEL,UNKNOWN,NO DEFECTS,ON SCENE,INJURY AND / OR TOW DUE TO CRASH,,"OVER $1,500",UNABLE TO DETERMINE,NOT APPLICABLE,3702,W,32ND ST,1031,2,NO INDICATION OF INJURY,0,0,0,0,0,1,0,18,1,6,41.83529608,-87.71713591
6/30/2019 23:57,30,STOP SIGN/FLASHER,FUNCTIONING PROPERLY,CLEAR,"DARKNESS, LIGHTED ROAD",TURNING,DIVIDED - W/MEDIAN (NOT RAISED),STRAIGHT AND LEVEL,DRY,NO DEFECTS,ON SCENE,INJURY AND / OR TOW DUE TO CRASH,,"OVER $1,500",FAILING TO YIELD RIGHT-OF-WAY,NOT APPLICABLE,5301,W,NORTH AVE,2532,2,NO INDICATION OF INJURY,0,0,0,0,0,2,0,23,1,6,41.90935689,-87.75847796
6/30/2019 14:40,30,NO CONTROLS,NO CONTROLS,CLEAR,DAYLIGHT,REAR TO FRONT,ONE-WAY,STRAIGHT AND LEVEL,DRY,NO DEFECTS,NOT ON SCENE (DESK REPORT),NO INJURY / DRIVE AWAY,,"OVER $1,500",IMPROPER BACKING,UNABLE TO DETERMINE,640,W,WAVELAND AVE,1925,2,NO INDICATION OF INJURY,0,0,0,0,0,2,0,14,1,6,41.95004591,-87.64612191
6/21/2019 13:05,30,STOP SIGN/FLASHER,FUNCTIONING PROPERLY,CLEAR,DAYLIGHT,REAR END,NOT DIVIDED,STRAIGHT AND LEVEL,DRY,NO DEFECTS,NOT ON SCENE (DESK REPORT),NO INJURY / DRIVE AWAY,Y,"$501 - $1,500",FAILING TO REDUCE SPEED TO AVOID CRASH,NOT APPLICABLE,700,W,76TH ST,621,2,NO INDICATION OF INJURY,0,0,0,0,0,2,0,13,6,6,41.7562244,-87.64180344
6/21/2019 23:00,30,STOP SIGN/FLASHER,FUNCTIONING PROPERLY,CLEAR,DARKNESS,PARKED MOTOR VEHICLE,ONE-WAY,STRAIGHT AND LEVEL,DRY,OTHER,ON SCENE,INJURY AND / OR TOW DUE TO CRASH,,"OVER $1,500",ROAD CONSTRUCTION/MAINTENANCE,UNABLE TO DETERMINE,4701,N,LARAMIE AVE,1623,2,NO INDICATION OF INJURY,0,0,0,0,0,1,0,23,6,6,41.96607948,-87.75749643
6/23/2019 19:30,30,TRAFFIC SIGNAL,FUNCTIONING PROPERLY,RAIN,DUSK,TURNING,FOUR WAY,STRAIGHT AND LEVEL,WET,NO DEFECTS,NOT ON SCENE (DESK REPORT),NO INJURY / DRIVE AWAY,Y,"OVER $1,500",FAILING TO REDUCE SPEED TO AVOID CRASH,NOT APPLICABLE,3300,S,HALSTED ST,913,2,NO INDICATION OF INJURY,0,0,0,0,0,3,0,19,1,6,41.83480798,-87.64634873
6/27/2019 8:15,30,NO CONTROLS,NO CONTROLS,CLEAR,DAYLIGHT,REAR TO FRONT,DIVIDED - W/MEDIAN (NOT RAISED),STRAIGHT AND LEVEL,DRY,NO DEFECTS,NOT ON SCENE (DESK REPORT),NO INJURY / DRIVE AWAY,,"$501 - $1,500",IMPROPER BACKING,IMPROPER BACKING,231,W,DIVISION ST,1823,2,NO INDICATION OF INJURY,0,0,0,0,0,2,0,8,5,6,41.90372422,-87.63582246
6/24/2019 7:20,30,TRAFFIC SIGNAL,FUNCTIONING PROPERLY,CLEAR,DAYLIGHT,FIXED OBJECT,ONE-WAY,STRAIGHT AND LEVEL,DRY,NO DEFECTS,ON SCENE,NO INJURY / DRIVE AWAY,,"OVER $1,500",DISREGARDING ROAD MARKINGS,DRIVING SKILLS/KNOWLEDGE/EXPERIENCE,46,E,LAKE ST,111,1,NO INDICATION OF INJURY,0,0,0,0,0,1,0,7,2,6,41.88585129,-87.62634759
6/20/2019 21:00,35,NO CONTROLS,NO CONTROLS,CLEAR,"DARKNESS, LIGHTED ROAD",REAR END,NOT DIVIDED,STRAIGHT AND LEVEL,OTHER,DEBRIS ON ROADWAY,,INJURY AND / OR TOW DUE TO CRASH,,"$501 - $1,500",UNABLE TO DETERMINE,NOT APPLICABLE,10500,S,INDIANAPOLIS AVE,432,,,,,,,,,,21,5,6,41.70438329,-87.52648857
6/30/2019 7:04,30,TRAFFIC SIGNAL,FUNCTIONING PROPERLY,CLEAR,DAYLIGHT,ANGLE,NOT DIVIDED,STRAIGHT AND LEVEL,DRY,NO DEFECTS,NOT ON SCENE (DESK REPORT),NO INJURY / DRIVE AWAY,Y,"OVER $1,500",DISREGARDING TRAFFIC SIGNALS,NOT APPLICABLE,342,N,COLUMBUS DR,114,2,NO INDICATION OF INJURY,0,0,0,0,0,2,0,7,1,6,41.88807627,-87.6207757
6/28/2019 10:00,30,NO CONTROLS,NO CONTROLS,CLEAR,DAYLIGHT,SIDESWIPE SAME DIRECTION,ONE-WAY,STRAIGHT AND LEVEL,DRY,NO DEFECTS,ON SCENE,NO INJURY / DRIVE AWAY,,"OVER $1,500",IMPROPER OVERTAKING/PASSING,NOT APPLICABLE,151,W,ADAMS ST,122,2,NO INDICATION OF INJURY,0,0,0,0,0,2,0,10,6,6,41.87929007,-87.63236273
6/24/2019 9:50,30,TRAFFIC SIGNAL,FUNCTIONING PROPERLY,CLOUDY/OVERCAST,DAYLIGHT,TURNING,"FIVE POINT, OR MORE",STRAIGHT AND LEVEL,DRY,NO DEFECTS,NOT ON SCENE (DESK REPORT),NO INJURY / DRIVE AWAY,Y,"$501 - $1,500",FAILING TO YIELD RIGHT-OF-WAY,UNABLE TO DETERMINE,3000,N,LINCOLN AVE,1932,2,NO INDICATION OF INJURY,0,0,0,0,0,2,0,9,2,6,41.93612294,-87.66391411
6/21/2019 9:55,30,STOP SIGN/FLASHER,FUNCTIONING PROPERLY,CLEAR,DAYLIGHT,TURNING,DIVIDED - W/MEDIAN (NOT RAISED),STRAIGHT AND LEVEL,DRY,NO DEFECTS,ON SCENE,INJURY AND / OR TOW DUE TO CRASH,Y,"OVER $1,500",UNABLE TO DETERMINE,DISREGARDING TRAFFIC SIGNALS,4200,S,CICERO AVE,814,2,NO INDICATION OF INJURY,0,0,0,0,0,2,0,9,6,6,41.81672939,-87.74353671
6/27/2019 14:00,10,NO CONTROLS,NO CONTROLS,CLEAR,DAYLIGHT,PARKED MOTOR VEHICLE,PARKING LOT,STRAIGHT AND LEVEL,DRY,NO DEFECTS,ON SCENE,NO INJURY / DRIVE AWAY,,"$501 - $1,500",IMPROPER BACKING,NOT APPLICABLE,98,E,95TH ST,634,2,NO INDICATION OF INJURY,0,0,0,0,0,1,0,14,5,6,41.72189025,-87.62067339
6/17/2019 16:30,30,TRAFFIC SIGNAL,FUNCTIONING PROPERLY,CLEAR,DAYLIGHT,REAR END,FOUR WAY,STRAIGHT AND LEVEL,DRY,NO DEFECTS,NOT ON SCENE (DESK REPORT),NO INJURY / DRIVE AWAY,Y,"$501 - $1,500",UNABLE TO DETERMINE,UNABLE TO DETERMINE,3500,S,PULASKI RD,1031,2,NO INDICATION OF INJURY,0,0,0,0,0,2,0,16,2,6,41.83022354,-87.72435195
6/30/2019 14:45,30,TRAFFIC SIGNAL,FUNCTIONING PROPERLY,RAIN,DAYLIGHT,PEDALCYCLIST,DIVIDED - W/MEDIAN (NOT RAISED),STRAIGHT AND LEVEL,WET,NO DEFECTS,ON SCENE,NO INJURY / DRIVE AWAY,Y,$500 OR LESS,WEATHER,NOT APPLICABLE,2800,W,MONTROSE AVE,1724,2,NO INDICATION OF INJURY,0,0,0,0,0,2,0,14,1,6,41.96135865,-87.69854417
6/23/2019 20:20,30,NO CONTROLS,NO CONTROLS,CLEAR,DARKNESS,PARKED MOTOR VEHICLE,NOT DIVIDED,STRAIGHT AND LEVEL,DRY,NO DEFECTS,NOT ON SCENE (DESK REPORT),NO INJURY / DRIVE AWAY,,$500 OR LESS,UNABLE TO DETERMINE,NOT APPLICABLE,200,W,23RD ST,914,2,NO INDICATION OF INJURY,0,0,0,0,0,1,0,20,1,6,41.85108019,-87.63210918
6/19/2019 7:30,30,TRAFFIC SIGNAL,FUNCTIONING PROPERLY,CLEAR,DAYLIGHT,PEDALCYCLIST,DIVIDED - W/MEDIAN (NOT RAISED),STRAIGHT AND LEVEL,DRY,NO DEFECTS,ON SCENE,INJURY AND / OR TOW DUE TO CRASH,,"$501 - $1,500",ROAD CONSTRUCTION/MAINTENANCE,NOT APPLICABLE,2454,N,MILWAUKEE AVE,1414,2,NONINCAPACITATING INJURY,1,0,0,1,0,1,0,7,4,6,41.92585746,-87.70239784
6/26/2019 12:45,30,NO CONTROLS,NO CONTROLS,CLEAR,DAYLIGHT,PARKED MOTOR VEHICLE,PARKING LOT,STRAIGHT AND LEVEL,DRY,NO DEFECTS,NOT ON SCENE (DESK REPORT),NO INJURY / DRIVE AWAY,,"$501 - $1,500",IMPROPER OVERTAKING/PASSING,NOT APPLICABLE,1950,W,POLK ST,1231,2,NO INDICATION OF INJURY,0,0,0,0,0,2,0,12,4,6,41.87159625,-87.67582148
6/29/2019 3:50,30,NO CONTROLS,NO CONTROLS,CLEAR,DARKNESS,PARKED MOTOR VEHICLE,NOT DIVIDED,STRAIGHT AND LEVEL,DRY,NO DEFECTS,ON SCENE,INJURY AND / OR TOW DUE TO CRASH,,"OVER $1,500",UNABLE TO DETERMINE,FAILING TO REDUCE SPEED TO AVOID CRASH,1140,E,82ND ST,411,3,NONINCAPACITATING INJURY,1,0,0,1,0,3,0,3,7,6,41.74600435,-87.59611762
6/24/2019 18:50,30,NO CONTROLS,NO CONTROLS,CLEAR,DAYLIGHT,PEDALCYCLIST,DIVIDED - W/MEDIAN (NOT RAISED),STRAIGHT AND LEVEL,DRY,NO DEFECTS,NOT ON SCENE (DESK REPORT),INJURY AND / OR TOW DUE TO CRASH,,"OVER $1,500",FAILING TO YIELD RIGHT-OF-WAY,UNABLE TO DETERMINE,51,W,18TH ST,131,2,NONINCAPACITATING INJURY,1,0,0,1,0,1,0,18,2,6,41.85768172,-87.62930968
6/30/2019 0:00,10,NO CONTROLS,NO CONTROLS,UNKNOWN,UNKNOWN,PARKED MOTOR VEHICLE,PARKING LOT,STRAIGHT ON GRADE,DRY,NO DEFECTS,ON SCENE,NO INJURY / DRIVE AWAY,,"OVER $1,500",UNABLE TO DETERMINE,UNABLE TO DETERMINE,2754,N,HAMPDEN CT,1935,2,NO INDICATION OF INJURY,0,0,0,0,0,1,0,0,1,6,41.93225932,-87.64256295
6/28/2019 16:30,30,NO CONTROLS,NO CONTROLS,CLEAR,DAYLIGHT,ANGLE,DIVIDED - W/MEDIAN (NOT RAISED),STRAIGHT AND LEVEL,DRY,NO DEFECTS,NOT ON SCENE (DESK REPORT),NO INJURY / DRIVE AWAY,,"$501 - $1,500",UNABLE TO DETERMINE,NOT APPLICABLE,1150,S,WALLER AVE,1513,2,NO INDICATION OF INJURY,0,0,0,0,0,2,0,16,6,6,41.86592929,-87.76691661
6/26/2019 18:00,20,NO CONTROLS,NO CONTROLS,CLEAR,DAWN,PARKED MOTOR VEHICLE,NOT DIVIDED,STRAIGHT AND LEVEL,DRY,NO DEFECTS,NOT ON SCENE (DESK REPORT),NO INJURY / DRIVE AWAY,,"$501 - $1,500",UNABLE TO DETERMINE,UNABLE TO DETERMINE,6437,S,WASHTENAW AVE,825,2,NO INDICATION OF INJURY,0,0,0,0,0,1,0,18,4,6,41.77613163,-87.69073212
6/26/2019 10:30,30,STOP SIGN/FLASHER,NO CONTROLS,CLEAR,DAYLIGHT,OTHER OBJECT,NOT DIVIDED,STRAIGHT AND LEVEL,DRY,NO DEFECTS,ON SCENE,NO INJURY / DRIVE AWAY,,"OVER $1,500",UNABLE TO DETERMINE,NOT APPLICABLE,899,W,JACKSON BLVD,1232,1,NO INDICATION OF INJURY,0,0,0,0,0,1,0,10,4,6,41.8778008,-87.64954673
6/30/2019 16:20,30,NO CONTROLS,UNKNOWN,CLEAR,DAYLIGHT,PEDESTRIAN,ONE-WAY,STRAIGHT AND LEVEL,DRY,NO DEFECTS,ON SCENE,INJURY AND / OR TOW DUE TO CRASH,,$500 OR LESS,"OPERATING VEHICLE IN ERRATIC, RECKLESS, CARELESS, NEGLIGENT OR AGGRESSIVE MANNER",UNABLE TO DETERMINE,4100,N,LAVERGNE AVE,1624,2,NONINCAPACITATING INJURY,1,0,0,1,0,1,0,16,1,6,41.95521937,-87.75235756
6/24/2019 22:00,30,NO CONTROLS,NO CONTROLS,RAIN,DUSK,FIXED OBJECT,NOT DIVIDED,STRAIGHT AND LEVEL,DRY,NO DEFECTS,NOT ON SCENE (DESK REPORT),NO INJURY / DRIVE AWAY,,"OVER $1,500",NOT APPLICABLE,NOT APPLICABLE,6500,S,PULASKI RD,833,1,NO INDICATION OF INJURY,0,0,0,0,0,1,0,22,2,6,41.774965,-87.72281223
6/19/2019 16:39,35,STOP SIGN/FLASHER,FUNCTIONING PROPERLY,CLOUDY/OVERCAST,DAYLIGHT,TURNING,NOT DIVIDED,STRAIGHT AND LEVEL,DRY,NO DEFECTS,ON SCENE,INJURY AND / OR TOW DUE TO CRASH,Y,"OVER $1,500",FAILING TO YIELD RIGHT-OF-WAY,UNABLE TO DETERMINE,2000,W,78TH ST,611,2,NO INDICATION OF INJURY,0,0,0,0,0,2,0,16,4,6,41.75216273,-87.67324483
6/23/2019 15:58,35,NO CONTROLS,NO CONTROLS,CLEAR,DAYLIGHT,FIXED OBJECT,DIVIDED - W/MEDIAN (NOT RAISED),STRAIGHT AND LEVEL,DRY,UNKNOWN,NOT ON SCENE (DESK REPORT),NO INJURY / DRIVE AWAY,,$500 OR LESS,NOT APPLICABLE,NOT APPLICABLE,5355,W,FULLERTON AVE,2515,1,NO INDICATION OF INJURY,0,0,0,0,0,1,0,15,1,6,41.9239382,-87.76084549
6/20/2019 14:45,30,NO CONTROLS,NO CONTROLS,CLEAR,DAYLIGHT,PARKED MOTOR VEHICLE,NOT DIVIDED,STRAIGHT AND LEVEL,DRY,NO DEFECTS,ON SCENE,INJURY AND / OR TOW DUE TO CRASH,,"OVER $1,500",FAILING TO REDUCE SPEED TO AVOID CRASH,FAILING TO YIELD RIGHT-OF-WAY,2119,W,LAKE ST,1223,2,NO INDICATION OF INJURY,0,0,0,0,0,2,0,14,5,6,41.88475353,-87.67997857
6/30/2019 5:44,30,NO CONTROLS,UNKNOWN,CLEAR,DAWN,FIXED OBJECT,ONE-WAY,STRAIGHT AND LEVEL,DRY,NO DEFECTS,ON SCENE,INJURY AND / OR TOW DUE TO CRASH,,"OVER $1,500",NOT APPLICABLE,NOT APPLICABLE,2402,W,BELDEN AVE,1431,1,,,,,,,,,5,1,6,41.92340459,-87.68776407
6/20/2019 12:15,30,NO CONTROLS,NO CONTROLS,CLEAR,DAYLIGHT,SIDESWIPE SAME DIRECTION,NOT DIVIDED,STRAIGHT AND LEVEL,WET,UNKNOWN,NOT ON SCENE (DESK REPORT),NO INJURY / DRIVE AWAY,,"$501 - $1,500",IMPROPER OVERTAKING/PASSING,UNABLE TO DETERMINE,2267,E,103RD ST,434,2,NO INDICATION OF INJURY,0,0,0,0,0,2,0,12,5,6,41.70793571,-87.56819218
6/30/2019 22:41,30,TRAFFIC SIGNAL,FUNCTIONING PROPERLY,CLEAR,"DARKNESS, LIGHTED ROAD",REAR END,NOT DIVIDED,STRAIGHT AND LEVEL,DRY,NO DEFECTS,NOT ON SCENE (DESK REPORT),NO INJURY / DRIVE AWAY,,"OVER $1,500",UNABLE TO DETERMINE,NOT APPLICABLE,300,S,HALSTED ST,1232,2,NO INDICATION OF INJURY,0,0,0,0,0,2,0,22,1,6,41.87791475,-87.64738828
6/23/2019 0:53,30,STOP SIGN/FLASHER,FUNCTIONING PROPERLY,CLEAR,"DARKNESS, LIGHTED ROAD",REAR END,FOUR WAY,STRAIGHT AND LEVEL,DRY,NO DEFECTS,ON SCENE,INJURY AND / OR TOW DUE TO CRASH,Y,"OVER $1,500",FAILING TO REDUCE SPEED TO AVOID CRASH,UNABLE TO DETERMINE,4300,W,MARQUETTE RD,833,2,NO INDICATION OF INJURY,0,0,0,0,0,4,0,0,1,6,41.77139561,-87.72995346
6/19/2019 17:21,30,NO CONTROLS,NO CONTROLS,RAIN,DAYLIGHT,REAR END,NOT DIVIDED,STRAIGHT AND LEVEL,WET,NO DEFECTS,ON SCENE,NO INJURY / DRIVE AWAY,,"$501 - $1,500",FOLLOWING TOO CLOSELY,UNABLE TO DETERMINE,10337,S,KEDZIE AVE,2211,2,NO INDICATION OF INJURY,0,0,0,0,0,2,0,17,4,6,41.70503248,-87.70116013
6/26/2019 15:40,30,NO CONTROLS,NO CONTROLS,CLEAR,DAYLIGHT,SIDESWIPE OPPOSITE DIRECTION,NOT DIVIDED,STRAIGHT AND LEVEL,DRY,NO DEFECTS,NOT ON SCENE (DESK REPORT),NO INJURY / DRIVE AWAY,,"OVER $1,500",UNABLE TO DETERMINE,NOT APPLICABLE,1442,E,72ND ST,324,2,NO INDICATION OF INJURY,0,0,0,0,0,3,0,15,4,6,41.76431884,-87.58923704
6/27/2019 16:40,30,UNKNOWN,UNKNOWN,CLEAR,DAYLIGHT,TURNING,FOUR WAY,STRAIGHT AND LEVEL,DRY,NO DEFECTS,ON SCENE,INJURY AND / OR TOW DUE TO CRASH,,"$501 - $1,500",UNABLE TO DETERMINE,NOT APPLICABLE,1600,W,87TH ST,614,2,NO INDICATION OF INJURY,0,0,0,0,0,4,0,16,5,6,41.73589862,-87.66312878
6/26/2019 17:30,15,NO CONTROLS,NO CONTROLS,CLEAR,DAYLIGHT,PARKED MOTOR VEHICLE,PARKING LOT,STRAIGHT AND LEVEL,DRY,NO DEFECTS,NOT ON SCENE (DESK REPORT),NO INJURY / DRIVE AWAY,,"OVER $1,500",EQUIPMENT - VEHICLE CONDITION,NOT APPLICABLE,100,E,115TH ST,531,2,NO INDICATION OF INJURY,0,0,0,0,0,2,0,17,4,6,41.68545666,-87.62066788
6/17/2019 15:14,15,OTHER,FUNCTIONING PROPERLY,CLEAR,DAYLIGHT,OTHER OBJECT,PARKING LOT,STRAIGHT AND LEVEL,DRY,NO DEFECTS,ON SCENE,NO INJURY / DRIVE AWAY,,"$501 - $1,500",DRIVING SKILLS/KNOWLEDGE/EXPERIENCE,NOT APPLICABLE,6426,S,DR MARTIN LUTHER KING JR DR,312,1,NO INDICATION OF INJURY,0,0,0,0,0,1,0,15,2,6,41.77759603,-87.61570651
6/16/2019 12:23,30,TRAFFIC SIGNAL,FUNCTIONING PROPERLY,CLEAR,DAYLIGHT,TURNING,DIVIDED - W/MEDIAN (NOT RAISED),STRAIGHT AND LEVEL,DRY,NO DEFECTS,NOT ON SCENE (DESK REPORT),NO INJURY / DRIVE AWAY,,"$501 - $1,500",IMPROPER OVERTAKING/PASSING,DRIVING ON WRONG SIDE/WRONG WAY,150,N,COLUMBUS DR,114,2,NO INDICATION OF INJURY,0,0,0,0,0,2,0,12,1,6,41.88458537,-87.62079215
6/19/2019 15:13,30,NO CONTROLS,NO CONTROLS,CLEAR,DAYLIGHT,REAR END,DIVIDED - W/MEDIAN (NOT RAISED),STRAIGHT AND LEVEL,DRY,NO DEFECTS,ON SCENE,INJURY AND / OR TOW DUE TO CRASH,Y,"$501 - $1,500",UNABLE TO DETERMINE,NOT APPLICABLE,101,W,MARQUETTE RD,722,3,NO INDICATION OF INJURY,0,0,0,0,0,4,0,15,4,6,41.77259854,-87.62760533
6/17/2019 18:05,35,NO CONTROLS,NO CONTROLS,CLEAR,DAYLIGHT,SIDESWIPE SAME DIRECTION,NOT DIVIDED,STRAIGHT AND LEVEL,DRY,UNKNOWN,NOT ON SCENE (DESK REPORT),NO INJURY / DRIVE AWAY,,"$501 - $1,500",FAILING TO YIELD RIGHT-OF-WAY,NOT APPLICABLE,501,E,79TH ST,624,2,NO INDICATION OF INJURY,0,0,0,0,0,3,0,18,2,6,41.75104995,-87.61243839
6/23/2019 22:28,25,NO CONTROLS,NO CONTROLS,RAIN,DARKNESS,OTHER OBJECT,ONE-WAY,STRAIGHT AND LEVEL,WET,"RUT, HOLES",ON SCENE,INJURY AND / OR TOW DUE TO CRASH,,"$501 - $1,500",NOT APPLICABLE,NOT APPLICABLE,3302,W,PENSACOLA AVE,1724,2,NO INDICATION OF INJURY,0,0,0,0,0,2,0,22,1,6,41.96036124,-87.71086582
6/28/2019 23:30,30,NO CONTROLS,NO CONTROLS,CLEAR,DAYLIGHT,PARKED MOTOR VEHICLE,NOT DIVIDED,STRAIGHT AND LEVEL,DRY,NO DEFECTS,NOT ON SCENE (DESK REPORT),NO INJURY / DRIVE AWAY,,"OVER $1,500",NOT APPLICABLE,NOT APPLICABLE,718,S,ALBANY AVE,1134,2,NO INDICATION OF INJURY,0,0,0,0,0,1,0,23,6,6,41.87213964,-87.70355982
6/18/2019 17:43,30,NO CONTROLS,NO CONTROLS,CLEAR,DAYLIGHT,ANGLE,DIVIDED - W/MEDIAN (NOT RAISED),STRAIGHT AND LEVEL,DRY,NO DEFECTS,ON SCENE,INJURY AND / OR TOW DUE TO CRASH,Y,"OVER $1,500",FAILING TO YIELD RIGHT-OF-WAY,NOT APPLICABLE,1728,W,AUGUSTA BLVD,1213,2,INCAPACITATING INJURY,1,0,1,0,0,1,0,17,3,6,41.89976088,-87.67100129
6/29/2019 9:21,30,STOP SIGN/FLASHER,FUNCTIONING PROPERLY,CLEAR,DAYLIGHT,REAR END,NOT DIVIDED,STRAIGHT AND LEVEL,DRY,NO DEFECTS,NOT ON SCENE (DESK REPORT),NO INJURY / DRIVE AWAY,,"OVER $1,500",FOLLOWING TOO CLOSELY,NOT APPLICABLE,2018,W,83RD ST,614,2,NO INDICATION OF INJURY,0,0,0,0,0,5,0,9,7,6,41.74304316,-87.67372946
6/18/2019 12:40,35,NO CONTROLS,NO CONTROLS,CLEAR,DAYLIGHT,TURNING,OTHER,STRAIGHT AND LEVEL,DRY,NO DEFECTS,ON SCENE,NO INJURY / DRIVE AWAY,N,"OVER $1,500",FAILING TO YIELD RIGHT-OF-WAY,FAILING TO REDUCE SPEED TO AVOID CRASH,4158,W,LAKE ST,1114,2,NO INDICATION OF INJURY,0,0,0,0,0,3,0,12,3,6,41.88584446,-87.73059168
6/24/2019 16:00,30,NO CONTROLS,NO CONTROLS,CLEAR,DAYLIGHT,REAR END,NOT DIVIDED,STRAIGHT AND LEVEL,DRY,UNKNOWN,NOT ON SCENE (DESK REPORT),NO INJURY / DRIVE AWAY,,$500 OR LESS,FOLLOWING TOO CLOSELY,NOT APPLICABLE,4115,W,55TH ST,813,2,NO INDICATION OF INJURY,0,0,0,0,0,2,0,16,2,6,41.79306982,-87.72631403
6/26/2019 21:21,30,STOP SIGN/FLASHER,FUNCTIONING PROPERLY,RAIN,"DARKNESS, LIGHTED ROAD",ANGLE,FOUR WAY,STRAIGHT ON HILLCREST,WET,NO DEFECTS,NOT ON SCENE (DESK REPORT),NO INJURY / DRIVE AWAY,Y,"$501 - $1,500",WEATHER,DISREGARDING STOP SIGN,10499,S,MICHIGAN AVE,512,2,NO INDICATION OF INJURY,0,0,0,0,0,3,0,21,4,6,41.70353536,-87.62050599
6/19/2019 21:10,30,TRAFFIC SIGNAL,FUNCTIONING PROPERLY,RAIN,"DARKNESS, LIGHTED ROAD",PEDESTRIAN,ONE-WAY,STRAIGHT AND LEVEL,WET,NO DEFECTS,ON SCENE,INJURY AND / OR TOW DUE TO CRASH,Y,$500 OR LESS,FAILING TO YIELD RIGHT-OF-WAY,UNABLE TO DETERMINE,33,W,79TH ST,623,2,NONINCAPACITATING INJURY,1,0,0,1,0,1,0,21,4,6,41.75081861,-87.62597154
6/23/2019 15:35,30,STOP SIGN/FLASHER,FUNCTIONING PROPERLY,CLEAR,DAYLIGHT,ANGLE,NOT DIVIDED,STRAIGHT AND LEVEL,DRY,NO DEFECTS,NOT ON SCENE (DESK REPORT),NO INJURY / DRIVE AWAY,N,"$501 - $1,500",UNABLE TO DETERMINE,NOT APPLICABLE,2460,N,OAK PARK AVE,2512,2,NO INDICATION OF INJURY,0,0,0,0,0,2,0,15,1,6,41.92532397,-87.79544207
6/20/2019 21:00,35,UNKNOWN,UNKNOWN,UNKNOWN,UNKNOWN,PEDESTRIAN,NOT DIVIDED,STRAIGHT AND LEVEL,UNKNOWN,UNKNOWN,NOT ON SCENE (DESK REPORT),NO INJURY / DRIVE AWAY,,$500 OR LESS,NOT APPLICABLE,NOT APPLICABLE,3655,N,CLARK ST,1923,2,NO INDICATION OF INJURY,0,0,0,0,0,5,0,21,5,6,41.94865726,-87.65751531
6/18/2019 9:30,30,NO CONTROLS,NO CONTROLS,CLEAR,DAYLIGHT,PARKED MOTOR VEHICLE,ONE-WAY,STRAIGHT AND LEVEL,DRY,NO DEFECTS,NOT ON SCENE (DESK REPORT),NO INJURY / DRIVE AWAY,,"OVER $1,500",UNABLE TO DETERMINE,UNABLE TO DETERMINE,7738,S,CLYDE AVE,414,2,NO INDICATION OF INJURY,0,0,0,0,0,1,0,9,3,6,41.7541075,-87.5737429
6/17/2019 8:00,30,UNKNOWN,UNKNOWN,CLEAR,DAYLIGHT,PARKED MOTOR VEHICLE,ONE-WAY,STRAIGHT AND LEVEL,DRY,NO DEFECTS,NOT ON SCENE (DESK REPORT),NO INJURY / DRIVE AWAY,,"OVER $1,500",UNABLE TO DETERMINE,UNABLE TO DETERMINE,629,E,87TH PL,632,2,NO INDICATION OF INJURY,0,0,0,0,0,1,0,8,2,6,41.7355728,-87.60847108
6/22/2019 4:18,30,NO CONTROLS,NO CONTROLS,RAIN,"DARKNESS, LIGHTED ROAD",PARKED MOTOR VEHICLE,ONE-WAY,STRAIGHT AND LEVEL,DRY,NO DEFECTS,ON SCENE,INJURY AND / OR TOW DUE TO CRASH,,"OVER $1,500",UNABLE TO DETERMINE,UNABLE TO DETERMINE,4852,N,WOLCOTT AVE,2032,5,NO INDICATION OF INJURY,0,0,0,0,0,1,0,4,7,6,41.9703538,-87.67639783