CRASH_DATE,POSTED_SPEED_LIMIT,TRAFFIC_CONTROL_DEVICE,DEVICE_CONDITION,WEATHER_CONDITION,LIGHTING_CONDITION,FIRST_CRASH_TYPE,TRAFFICWAY_TYPE,ALIGNMENT,ROADWAY_SURFACE_COND,ROAD_DEFECT,REPORT_TYPE,CRASH_TYPE,INTERSECTION_RELATED_I,DAMAGE,PRIM_CONTRIBUTORY_CAUSE,SEC_CONTRIBUTORY_CAUSE,STREET_NO,STREET_DIRECTION,STREET_NAME,BEAT_OF_OCCURRENCE,NUM_UNITS,MOST_SEVERE_INJURY,INJURIES_TOTAL,INJURIES_FATAL,INJURIES_INCAPACITATING,INJURIES_NON_INCAPACITATING,INJURIES_REPORTED_NOT_EVIDENT,INJURIES_NO_INDICATION,INJURIES_UNKNOWN,CRASH_HOUR,CRASH_DAY_OF_WEEK,CRASH_MONTH,LATITUDE,LONGITUDE
6/27/2019 12:02,30,NO CONTROLS,NO CONTROLS,CLEAR,DAYLIGHT,PARKED MOTOR VEHICLE,NOT DIVIDED,"CURVE, LEVEL",DRY,NO DEFECTS,ON SCENE,INJURY AND / OR TOW DUE TO CRASH,,"OVER $1,500",DISTRACTION - FROM INSIDE VEHICLE,NOT APPLICABLE,4025,E,98TH ST,432,2,NO INDICATION OF INJURY,0,0,0,0,0,1,0,12,5,6,41.71764362,-87.52655754
6/21/2019 15:20,30,NO CONTROLS,NO CONTROLS,CLOUDY/OVERCAST,DAYLIGHT,REAR END,NOT DIVIDED,STRAIGHT AND LEVEL,DRY,NO DEFECTS,ON SCENE,INJURY AND / OR TOW DUE TO CRASH,,"OVER $1,500",FOLLOWING TOO CLOSELY,NOT APPLICABLE,2800,S,CALIFORNIA AVE,1033,2,NO INDICATION OF INJURY,0,0,0,0,0,3,0,15,6,6,41.8411414,-87.69527721
6/19/2019 9:04,30,NO CONTROLS,NO CONTROLS,CLEAR,DAYLIGHT,OTHER OBJECT,DIVIDED - W/MEDIAN (NOT RAISED),STRAIGHT AND LEVEL,DRY,"RUT, HOLES",NOT ON SCENE (DESK REPORT),NO INJURY / DRIVE AWAY,,$500 OR LESS,ROAD ENGINEERING/SURFACE/MARKING DEFECTS,NOT APPLICABLE,323,W,18TH ST,1235,,,,,,,,,,9,4,6,41.85761802,-87.6358969
6/21/2019 18:30,15,NO CONTROLS,NOT FUNCTIONING,UNKNOWN,UNKNOWN,PARKED MOTOR VEHICLE,ONE-WAY,STRAIGHT AND LEVEL,UNKNOWN,NO DEFECTS,ON SCENE,NO INJURY / DRIVE AWAY,,"OVER $1,500",UNABLE TO DETERMINE,UNABLE TO DETERMINE,5315,W,HIRSCH ST,2532,2,NO INDICATION OF INJURY,0,0,0,0,0,1,0,18,6,6,41.90572795,-87.75896043
6/25/2019 16:35,30,TRAFFIC SIGNAL,FUNCTIONING PROPERLY,RAIN,DAYLIGHT,REAR END,DIVIDED - W/MEDIAN (NOT RAISED),STRAIGHT AND LEVEL,WET,NO DEFECTS,NOT ON SCENE (DESK REPORT),INJURY AND / OR TOW DUE TO CRASH,Y,$500 OR LESS,UNABLE TO DETERMINE,NOT APPLICABLE,951,N,CICERO AVE,1111,2,"REPORTED, NOT EVIDENT",1,0,0,0,1,1,0,16,3,6,41.89838749,-87.74573511
6/25/2019 14:05,30,NO CONTROLS,NO CONTROLS,CLEAR,DAYLIGHT,PARKED MOTOR VEHICLE,OTHER,STRAIGHT AND LEVEL,DRY,NO DEFECTS,NOT ON SCENE (DESK REPORT),NO INJURY / DRIVE AWAY,,"OVER $1,500",DRIVING SKILLS/KNOWLEDGE/EXPERIENCE,NOT APPLICABLE,11100,S,STATE ST,522,2,NO INDICATION OF INJURY,0,0,0,0,0,1,0,14,3,6,41.69253704,-87.62324927
6/24/2019 16:00,30,NO CONTROLS,UNKNOWN,CLEAR,DAYLIGHT,PARKED MOTOR VEHICLE,NOT DIVIDED,STRAIGHT AND LEVEL,DRY,NO DEFECTS,NOT ON SCENE (DESK REPORT),NO INJURY / DRIVE AWAY,,$500 OR LESS,IMPROPER BACKING,NOT APPLICABLE,5291,N,LUNA AVE,1623,2,NO INDICATION OF INJURY,0,0,0,0,0,1,0,16,2,6,41.97717744,-87.76708069
6/22/2019 3:44,45,NO CONTROLS,NO CONTROLS,CLEAR,"DARKNESS, LIGHTED ROAD",SIDESWIPE SAME DIRECTION,DIVIDED - W/MEDIAN BARRIER,STRAIGHT AND LEVEL,DRY,NO DEFECTS,ON SCENE,NO INJURY / DRIVE AWAY,,$500 OR LESS,IMPROPER LANE USAGE,FAILING TO REDUCE SPEED TO AVOID CRASH,3000,S,LAKE SHORE DR NB,133,2,NO INDICATION OF INJURY,0,0,0,0,0,2,0,3,7,6,41.83997016,-87.60909764
6/30/2019 14:45,30,NO CONTROLS,NO CONTROLS,RAIN,DAYLIGHT,SIDESWIPE SAME DIRECTION,NOT DIVIDED,STRAIGHT AND LEVEL,WET,UNKNOWN,NOT ON SCENE (DESK REPORT),NO INJURY / DRIVE AWAY,,"OVER $1,500",UNABLE TO DETERMINE,UNABLE TO DETERMINE,2452,W,IRVING PARK RD,1911,2,NO INDICATION OF INJURY,0,0,0,0,0,2,0,14,1,6,41.95410317,-87.69052489
6/22/2019 13:00,30,TRAFFIC SIGNAL,FUNCTIONING PROPERLY,CLEAR,DAYLIGHT,REAR END,NOT DIVIDED,STRAIGHT AND LEVEL,DRY,NO DEFECTS,NOT ON SCENE (DESK REPORT),NO INJURY / DRIVE AWAY,,$500 OR LESS,UNABLE TO DETERMINE,NOT APPLICABLE,3144,W,LOGAN BLVD,1411,2,NO INDICATION OF INJURY,0,0,0,0,0,3,0,13,7,6,41.92888075,-87.70660791
6/27/2019 15:40,30,STOP SIGN/FLASHER,FUNCTIONING PROPERLY,CLEAR,DAYLIGHT,ANGLE,FOUR WAY,STRAIGHT AND LEVEL,DRY,NO DEFECTS,NOT ON SCENE (DESK REPORT),NO INJURY / DRIVE AWAY,Y,"OVER $1,500",DISREGARDING STOP SIGN,NOT APPLICABLE,7500,S,INDIANA AVE,623,2,NO INDICATION OF INJURY,0,0,0,0,0,2,0,15,5,6,41.75822839,-87.62007146
6/22/2019 14:40,25,NO CONTROLS,NO CONTROLS,CLEAR,DAYLIGHT,REAR END,RAMP,"CURVE, LEVEL",DRY,NO DEFECTS,NOT ON SCENE (DESK REPORT),NO INJURY / DRIVE AWAY,,"OVER $1,500",NOT APPLICABLE,NOT APPLICABLE,3100,N,LAKE SHORE DR NB,1934,2,NO INDICATION OF INJURY,0,0,0,0,0,2,0,14,7,6,41.93773185,-87.63514682
6/19/2019 9:42,30,TRAFFIC SIGNAL,FUNCTIONING PROPERLY,CLEAR,DAYLIGHT,TURNING,NOT DIVIDED,STRAIGHT AND LEVEL,DRY,NO DEFECTS,ON SCENE,INJURY AND / OR TOW DUE TO CRASH,Y,"OVER $1,500",DRIVING ON WRONG SIDE/WRONG WAY,NOT APPLICABLE,5700,S,CORNELL DR,331,2,NONINCAPACITATING INJURY,1,0,0,1,0,1,0,9,4,6,41.7915802,-87.58556422
6/16/2019 6:14,30,NO CONTROLS,NO CONTROLS,CLEAR,DAYLIGHT,PARKED MOTOR VEHICLE,NOT DIVIDED,STRAIGHT AND LEVEL,DRY,NO DEFECTS,ON SCENE,INJURY AND / OR TOW DUE TO CRASH,,"OVER $1,500",PHYSICAL CONDITION OF DRIVER,NOT APPLICABLE,4828,W,IOWA ST,1531,2,NONINCAPACITATING INJURY,1,0,0,1,0,0,0,6,1,6,41.89693084,-87.74703598
6/30/2019 5:00,40,TRAFFIC SIGNAL,FUNCTIONING PROPERLY,CLEAR,DAYLIGHT,TURNING,T-INTERSECTION,STRAIGHT AND LEVEL,DRY,NO DEFECTS,ON SCENE,INJURY AND / OR TOW DUE TO CRASH,Y,"OVER $1,500",DISREGARDING TRAFFIC SIGNALS,"OPERATING VEHICLE IN ERRATIC, RECKLESS, CARELESS, NEGLIGENT OR AGGRESSIVE MANNER",800,N,LAKE SHORE DR SB,1833,2,INCAPACITATING INJURY,7,0,5,2,0,0,0,5,1,6,41.89680497,-87.61702742
6/22/2019 21:46,30,NO CONTROLS,NO CONTROLS,CLEAR,"DARKNESS, LIGHTED ROAD",SIDESWIPE SAME DIRECTION,NOT DIVIDED,STRAIGHT AND LEVEL,DRY,NO DEFECTS,ON SCENE,NO INJURY / DRIVE AWAY,,"OVER $1,500",IMPROPER OVERTAKING/PASSING,IMPROPER OVERTAKING/PASSING,3211,W,ADDISON ST,1733,2,NO INDICATION OF INJURY,0,0,0,0,0,2,0,21,7,6,41.94651709,-87.70838189
6/29/2019 16:30,30,NO CONTROLS,NO CONTROLS,CLEAR,DAYLIGHT,PARKED MOTOR VEHICLE,DIVIDED - W/MEDIAN (NOT RAISED),STRAIGHT AND LEVEL,DRY,NO DEFECTS,NOT ON SCENE (DESK REPORT),NO INJURY / DRIVE AWAY,,"OVER $1,500",UNABLE TO DETERMINE,UNABLE TO DETERMINE,5416,W,JACKSON BLVD,1522,2,NO INDICATION OF INJURY,0,0,0,0,0,1,0,16,7,6,41.87669483,-87.76031063
6/16/2019 17:19,30,NO CONTROLS,NO CONTROLS,CLOUDY/OVERCAST,DAYLIGHT,PARKED MOTOR VEHICLE,DIVIDED - W/MEDIAN (NOT RAISED),STRAIGHT AND LEVEL,DRY,NO DEFECTS,ON SCENE,NO INJURY / DRIVE AWAY,,"$501 - $1,500",IMPROPER LANE USAGE,NOT APPLICABLE,1335,W,MORSE AVE,2431,2,NO INDICATION OF INJURY,0,0,0,0,0,1,0,17,1,6,42.00781495,-87.66506815
6/27/2019 12:54,25,TRAFFIC SIGNAL,FUNCTIONING PROPERLY,CLEAR,DAYLIGHT,REAR END,NOT DIVIDED,STRAIGHT AND LEVEL,DRY,NO DEFECTS,NOT ON SCENE (DESK REPORT),NO INJURY / DRIVE AWAY,,"OVER $1,500",DISTRACTION - FROM INSIDE VEHICLE,UNABLE TO DETERMINE,11458,S,PULASKI RD,2211,2,NO INDICATION OF INJURY,0,0,0,0,0,2,0,12,5,6,41.68411057,-87.72021599
6/19/2019 15:45,30,NO CONTROLS,NO CONTROLS,CLEAR,DAYLIGHT,TURNING,NOT DIVIDED,STRAIGHT AND LEVEL,DRY,NO DEFECTS,NOT ON SCENE (DESK REPORT),NO INJURY / DRIVE AWAY,Y,"$501 - $1,500",IMPROPER LANE USAGE,NOT APPLICABLE,4100,N,MILWAUKEE AVE,1624,2,NO INDICATION OF INJURY,0,0,0,0,0,4,0,15,4,6,41.95520295,-87.74995324
6/18/2019 16:00,10,NO CONTROLS,NO CONTROLS,CLEAR,DAYLIGHT,PARKED MOTOR VEHICLE,PARKING LOT,STRAIGHT AND LEVEL,DRY,NO DEFECTS,NOT ON SCENE (DESK REPORT),NO INJURY / DRIVE AWAY,,"OVER $1,500",UNABLE TO DETERMINE,UNABLE TO DETERMINE,1554,E,55TH ST,234,2,NO INDICATION OF INJURY,0,0,0,0,0,1,0,16,3,6,41.79529732,-87.58782256
6/22/2019 16:15,30,NO CONTROLS,FUNCTIONING PROPERLY,CLEAR,DAYLIGHT,SIDESWIPE SAME DIRECTION,DIVIDED - W/MEDIAN (NOT RAISED),STRAIGHT AND LEVEL,DRY,NO DEFECTS,ON SCENE,NO INJURY / DRIVE AWAY,,"$501 - $1,500",IMPROPER LANE USAGE,UNABLE TO DETERMINE,6411,W,DEVON AVE,1611,2,NO INDICATION OF INJURY,0,0,0,0,0,2,0,16,7,6,41.9972419,-87.78785415
6/17/2019 17:20,30,UNKNOWN,UNKNOWN,CLEAR,DAYLIGHT,PEDESTRIAN,UNKNOWN,STRAIGHT AND LEVEL,DRY,UNKNOWN,NOT ON SCENE (DESK REPORT),NO INJURY / DRIVE AWAY,,$500 OR LESS,UNABLE TO DETERMINE,NOT APPLICABLE,10300,S,CRANDON AVE,434,2,NO INDICATION OF INJURY,0,0,0,0,0,2,0,17,2,6,41.70797964,-87.56707168
6/20/2019 17:15,30,NO CONTROLS,NO CONTROLS,CLEAR,DAYLIGHT,SIDESWIPE OPPOSITE DIRECTION,PARKING LOT,STRAIGHT AND LEVEL,DRY,NO DEFECTS,ON SCENE,NO INJURY / DRIVE AWAY,,"$501 - $1,500",IMPROPER OVERTAKING/PASSING,NOT APPLICABLE,4345,W,BELMONT AVE,2523,2,NO INDICATION OF INJURY,0,0,0,0,0,2,0,17,5,6,41.93885686,-87.73665677
6/22/2019 1:20,30,TRAFFIC SIGNAL,FUNCTIONING PROPERLY,CLEAR,"DARKNESS, LIGHTED ROAD",REAR END,TRAFFIC ROUTE,STRAIGHT AND LEVEL,DRY,NO DEFECTS,,NO INJURY / DRIVE AWAY,Y,"$501 - $1,500",FOLLOWING TOO CLOSELY,FAILING TO REDUCE SPEED TO AVOID CRASH,201,N,CLINTON ST,1214,2,NO INDICATION OF INJURY,0,0,0,0,0,2,0,1,7,6,41.88575261,-87.64116458
6/29/2019 13:50,30,TRAFFIC SIGNAL,FUNCTIONING PROPERLY,CLEAR,DAYLIGHT,SIDESWIPE SAME DIRECTION,CENTER TURN LANE,STRAIGHT AND LEVEL,DRY,NO DEFECTS,ON SCENE,NO INJURY / DRIVE AWAY,N,$500 OR LESS,DRIVING SKILLS/KNOWLEDGE/EXPERIENCE,DRIVING SKILLS/KNOWLEDGE/EXPERIENCE,2500,N,SACRAMENTO AVE,1414,2,NO INDICATION OF INJURY,0,0,0,0,0,2,0,13,7,6,41.92660878,-87.70251261
6/17/2019 13:45,10,NO CONTROLS,NO CONTROLS,CLEAR,DAYLIGHT,ANGLE,PARKING LOT,STRAIGHT AND LEVEL,DRY,NO DEFECTS,NOT ON SCENE (DESK REPORT),NO INJURY / DRIVE AWAY,,"$501 - $1,500",UNABLE TO DETERMINE,UNABLE TO DETERMINE,2122,W,TAYLOR ST,1225,2,NO INDICATION OF INJURY,0,0,0,0,0,2,0,13,2,6,41.86917721,-87.67907557
6/29/2019 10:00,30,NO CONTROLS,NO CONTROLS,UNKNOWN,DAYLIGHT,OTHER OBJECT,NOT DIVIDED,STRAIGHT AND LEVEL,UNKNOWN,"RUT, HOLES",NOT ON SCENE (DESK REPORT),NO INJURY / DRIVE AWAY,,$500 OR LESS,ROAD ENGINEERING/SURFACE/MARKING DEFECTS,UNABLE TO DETERMINE,500,S,ASHLAND AVE,1231,1,NO INDICATION OF INJURY,0,0,0,0,0,1,0,10,7,6,41.8751259,-87.66677177
6/29/2019 18:00,30,TRAFFIC SIGNAL,FUNCTIONING PROPERLY,CLEAR,DAYLIGHT,TURNING,NOT DIVIDED,STRAIGHT AND LEVEL,DRY,NO DEFECTS,NOT ON SCENE (DESK REPORT),NO INJURY / DRIVE AWAY,,$500 OR LESS,IMPROPER OVERTAKING/PASSING,NOT APPLICABLE,1759,N,CENTRAL AVE,2532,2,NO INDICATION OF INJURY,0,0,0,0,0,4,0,18,7,6,41.91300881,-87.76548581
6/19/2019 15:10,20,POLICE/FLAGMAN,NO CONTROLS,CLEAR,DAYLIGHT,REAR TO SIDE,NOT DIVIDED,STRAIGHT AND LEVEL,DRY,UNKNOWN,NOT ON SCENE (DESK REPORT),NO INJURY / DRIVE AWAY,,"$501 - $1,500",IMPROPER BACKING,IMPROPER BACKING,856,E,101ST ST,511,2,NO INDICATION OF INJURY,0,0,0,0,0,4,0,15,4,6,41.71149604,-87.60324635
6/21/2019 7:05,30,NO CONTROLS,NO CONTROLS,CLEAR,DAYLIGHT,TURNING,NOT DIVIDED,STRAIGHT AND LEVEL,DRY,NO DEFECTS,ON SCENE,INJURY AND / OR TOW DUE TO CRASH,,"OVER $1,500",FAILING TO YIELD RIGHT-OF-WAY,NOT APPLICABLE,2221,N,ELSTON AVE,1432,2,NO INDICATION OF INJURY,0,0,0,0,0,2,0,7,6,6,41.92198581,-87.67282321
6/22/2019 17:00,15,NO CONTROLS,NO CONTROLS,CLEAR,DAYLIGHT,PEDALCYCLIST,ONE-WAY,STRAIGHT AND LEVEL,DRY,NO DEFECTS,ON SCENE,INJURY AND / OR TOW DUE TO CRASH,,$500 OR LESS,UNABLE TO DETERMINE,UNABLE TO DETERMINE,1834,W,BIRCHWOOD AVE,2424,2,NONINCAPACITATING INJURY,1,0,0,1,0,1,0,17,7,6,42.01801339,-87.6770472
6/29/2019 23:43,0,NO CONTROLS,NO CONTROLS,CLEAR,"DARKNESS, LIGHTED ROAD",PARKED MOTOR VEHICLE,PARKING LOT,STRAIGHT AND LEVEL,UNKNOWN,UNKNOWN,NOT ON SCENE (DESK REPORT),NO INJURY / DRIVE AWAY,,"OVER $1,500",IMPROPER BACKING,NOT APPLICABLE,232,W,OHIO ST,1831,2,NO INDICATION OF INJURY,0,0,0,0,0,5,0,23,7,6,41.89247902,-87.63552273
6/23/2019 11:46,30,NO CONTROLS,NO CONTROLS,CLEAR,DAYLIGHT,TURNING,PARKING LOT,STRAIGHT AND LEVEL,DRY,NO DEFECTS,ON SCENE,NO INJURY / DRIVE AWAY,,"OVER $1,500",UNABLE TO DETERMINE,NOT APPLICABLE,5705,W,BELMONT AVE,2514,2,NO INDICATION OF INJURY,0,0,0,0,0,3,0,11,1,6,41.93843079,-87.76914322
6/28/2019 23:00,30,NO CONTROLS,FUNCTIONING PROPERLY,CLEAR,"DARKNESS, LIGHTED ROAD",ANGLE,OTHER,STRAIGHT AND LEVEL,DRY,UNKNOWN,NOT ON SCENE (DESK REPORT),NO INJURY / DRIVE AWAY,,"OVER $1,500",IMPROPER BACKING,RELATED TO BUS STOP,5353,W,CHICAGO AVE,1524,2,NO INDICATION OF INJURY,0,0,0,0,0,2,0,23,6,6,41.8947844,-87.76020826
6/23/2019 20:45,35,TRAFFIC SIGNAL,FUNCTIONING PROPERLY,CLOUDY/OVERCAST,"DARKNESS, LIGHTED ROAD",ANGLE,DIVIDED - W/MEDIAN (NOT RAISED),STRAIGHT AND LEVEL,UNKNOWN,UNKNOWN,ON SCENE,INJURY AND / OR TOW DUE TO CRASH,Y,"$501 - $1,500",FAILING TO YIELD RIGHT-OF-WAY,NOT APPLICABLE,7100,S,DAMEN AVE,735,2,NONINCAPACITATING INJURY,1,0,0,1,0,1,0,20,1,6,41.76471319,-87.67367849
6/16/2019 17:04,20,NO CONTROLS,NO CONTROLS,CLEAR,UNKNOWN,PARKED MOTOR VEHICLE,NOT DIVIDED,STRAIGHT AND LEVEL,DRY,NO DEFECTS,NOT ON SCENE (DESK REPORT),NO INJURY / DRIVE AWAY,,$500 OR LESS,IMPROPER LANE USAGE,NOT APPLICABLE,1046,W,ARGYLE ST,2024,2,NO INDICATION OF INJURY,0,0,0,0,0,1,0,17,1,6,41.97339651,-87.65679875
6/29/2019 14:00,25,NO CONTROLS,NO CONTROLS,CLEAR,DAYLIGHT,PARKED MOTOR VEHICLE,DRIVEWAY,STRAIGHT AND LEVEL,DRY,NO DEFECTS,NOT ON SCENE (DESK REPORT),NO INJURY / DRIVE AWAY,,"OVER $1,500",IMPROPER BACKING,UNABLE TO DETERMINE,2707,W,86TH PL,835,2,NO INDICATION OF INJURY,0,0,0,0,0,1,0,14,7,6,41.7361499,-87.69003322
6/16/2019 17:54,30,NO CONTROLS,NO CONTROLS,CLEAR,DAYLIGHT,ANGLE,NOT DIVIDED,STRAIGHT AND LEVEL,DRY,NO DEFECTS,ON SCENE,INJURY AND / OR TOW DUE TO CRASH,Y,"OVER $1,500",FAILING TO YIELD RIGHT-OF-WAY,NOT APPLICABLE,6218,S,WESTERN AVE,825,2,NO INDICATION OF INJURY,0,0,0,0,0,2,0,17,1,6,41.78044754,-87.68381968
6/20/2019 21:15,35,TRAFFIC SIGNAL,UNKNOWN,CLEAR,"DARKNESS, LIGHTED ROAD",REAR TO FRONT,T-INTERSECTION,STRAIGHT AND LEVEL,DRY,UNKNOWN,,NO INJURY / DRIVE AWAY,,$500 OR LESS,UNABLE TO DETERMINE,UNABLE TO DETERMINE,3127,W,DOUGLAS BLVD,1022,2,NO INDICATION OF INJURY,0,0,0,0,0,2,0,21,5,6,41.86241733,-87.70414951
6/19/2019 16:25,20,NO CONTROLS,NO CONTROLS,CLOUDY/OVERCAST,DAYLIGHT,SIDESWIPE SAME DIRECTION,OTHER,"CURVE, LEVEL",DRY,NO DEFECTS,ON SCENE,INJURY AND / OR TOW DUE TO CRASH,,"$501 - $1,500",IMPROPER LANE USAGE,NOT APPLICABLE,1,W,TERMINAL ST,1651,2,"REPORTED, NOT EVIDENT",1,0,0,0,1,1,0,16,4,6,,
6/27/2019 12:46,30,TRAFFIC SIGNAL,FUNCTIONING PROPERLY,CLEAR,DAYLIGHT,SIDESWIPE SAME DIRECTION,NOT DIVIDED,STRAIGHT AND LEVEL,DRY,NO DEFECTS,NOT ON SCENE (DESK REPORT),NO INJURY / DRIVE AWAY,,"$501 - $1,500",IMPROPER OVERTAKING/PASSING,UNABLE TO DETERMINE,3101,S,CALIFORNIA AVE,1034,2,NO INDICATION OF INJURY,0,0,0,0,0,2,0,12,5,6,41.83728204,-87.69487876
6/20/2019 14:23,30,NO CONTROLS,NO CONTROLS,CLEAR,DAYLIGHT,FIXED OBJECT,DIVIDED - W/MEDIAN BARRIER,STRAIGHT AND LEVEL,DRY,UNKNOWN,ON SCENE,NO INJURY / DRIVE AWAY,,"OVER $1,500",UNABLE TO DETERMINE,UNABLE TO DETERMINE,2545,N,CLYBOURN AVE,1931,1,NO INDICATION OF INJURY,0,0,0,0,0,1,0,14,5,6,41.92796312,-87.67297434
6/21/2019 17:06,30,NO CONTROLS,NO CONTROLS,CLEAR,DAYLIGHT,PEDALCYCLIST,NOT DIVIDED,STRAIGHT AND LEVEL,DRY,NO DEFECTS,ON SCENE,INJURY AND / OR TOW DUE TO CRASH,,"$501 - $1,500",IMPROPER LANE USAGE,UNABLE TO DETERMINE,2834,N,RACINE AVE,1933,3,NONINCAPACITATING INJURY,2,0,0,2,0,1,0,17,6,6,41.93362666,-87.65889459
6/27/2019 16:55,25,NO CONTROLS,NO CONTROLS,CLEAR,DAYLIGHT,TURNING,NOT DIVIDED,STRAIGHT AND LEVEL,DRY,NO DEFECTS,,INJURY AND / OR TOW DUE TO CRASH,,"OVER $1,500",FAILING TO YIELD RIGHT-OF-WAY,NOT APPLICABLE,5220,S,LARAMIE AVE,814,2,INCAPACITATING INJURY,1,0,1,0,0,1,0,16,5,6,41.79769484,-87.75281185
6/30/2019 10:55,30,TRAFFIC SIGNAL,FUNCTIONING PROPERLY,CLEAR,DAYLIGHT,TURNING,ONE-WAY,STRAIGHT AND LEVEL,DRY,NO DEFECTS,NOT ON SCENE (DESK REPORT),NO INJURY / DRIVE AWAY,Y,"OVER $1,500",IMPROPER TURNING/NO SIGNAL,NOT APPLICABLE,600,W,WASHINGTON BLVD,121,2,NO INDICATION OF INJURY,0,0,0,0,0,2,0,10,1,6,41.88328163,-87.64277376
6/28/2019 16:00,30,NO CONTROLS,NO CONTROLS,CLEAR,DAYLIGHT,TURNING,NOT DIVIDED,STRAIGHT AND LEVEL,DRY,UNKNOWN,ON SCENE,INJURY AND / OR TOW DUE TO CRASH,Y,"OVER $1,500",NOT APPLICABLE,NOT APPLICABLE,4200,N,NARRAGANSETT AVE,1632,2,NONINCAPACITATING INJURY,1,0,0,1,0,2,0,16,6,6,41.95665862,-87.78684941
6/28/2019 13:50,25,NO CONTROLS,NO CONTROLS,CLEAR,DAYLIGHT,PARKED MOTOR VEHICLE,NOT DIVIDED,STRAIGHT AND LEVEL,DRY,NO DEFECTS,NOT ON SCENE (DESK REPORT),NO INJURY / DRIVE AWAY,,"OVER $1,500",IMPROPER BACKING,NOT APPLICABLE,4021,N,MELVINA AVE,1624,2,NO INDICATION OF INJURY,0,0,0,0,0,1,0,13,6,6,41.95366312,-87.78154193
6/29/2019 6:04,30,STOP SIGN/FLASHER,FUNCTIONING PROPERLY,CLEAR,DAYLIGHT,ANGLE,FOUR WAY,STRAIGHT AND LEVEL,DRY,NO DEFECTS,ON SCENE,INJURY AND / OR TOW DUE TO CRASH,Y,"OVER $1,500",UNABLE TO DETERMINE,NOT APPLICABLE,4300,W,PALMER ST,2522,4,NO INDICATION OF INJURY,0,0,0,0,0,2,0,6,7,6,41.92084487,-87.73406516
6/22/2019 22:21,30,TRAFFIC SIGNAL,FUNCTIONING PROPERLY,CLEAR,"DARKNESS, LIGHTED ROAD",REAR END,FOUR WAY,STRAIGHT AND LEVEL,DRY,NO DEFECTS,ON SCENE,NO INJURY / DRIVE AWAY,,"$501 - $1,500",IMPROPER TURNING/NO SIGNAL,FOLLOWING TOO CLOSELY,2600,N,PULASKI RD,2524,,,,,,,,,,22,7,6,41.92822191,-87.72702494
6/27/2019 14:45,35,NO CONTROLS,NO CONTROLS,CLEAR,DAYLIGHT,PEDALCYCLIST,FOUR WAY,STRAIGHT AND LEVEL,DRY,NO DEFECTS,NOT ON SCENE (DESK REPORT),INJURY AND / OR TOW DUE TO CRASH,Y,$500 OR LESS,FAILING TO YIELD RIGHT-OF-WAY,NOT APPLICABLE,10400,S,KEDZIE AVE,2211,3,NONINCAPACITATING INJURY,1,0,0,1,0,2,0,14,5,6,41.7042594,-87.70142524
6/26/2019 21:18,30,UNKNOWN,UNKNOWN,RAIN,"DARKNESS, LIGHTED ROAD",REAR END,DIVIDED - W/MEDIAN (NOT RAISED),STRAIGHT AND LEVEL,WET,UNKNOWN,ON SCENE,NO INJURY / DRIVE AWAY,,"OVER $1,500",UNABLE TO DETERMINE,NOT APPLICABLE,545,S,SACRAMENTO BLVD,1135,3,NO INDICATION OF INJURY,0,0,0,0,0,6,0,21,4,6,41.8737801,-87.70086724
6/29/2019 4:07,30,TRAFFIC SIGNAL,FUNCTIONING PROPERLY,CLEAR,"DARKNESS, LIGHTED ROAD",HEAD ON,NOT DIVIDED,STRAIGHT AND LEVEL,DRY,NO DEFECTS,ON SCENE,INJURY AND / OR TOW DUE TO CRASH,,"OVER $1,500",UNABLE TO DETERMINE,UNABLE TO DETERMINE,4047,S,CALIFORNIA AVE,921,3,NO INDICATION OF INJURY,0,0,0,0,0,8,0,4,7,6,41.81952044,-87.69440343
6/20/2019 18:10,30,NO CONTROLS,NO CONTROLS,CLEAR,DAYLIGHT,SIDESWIPE SAME DIRECTION,DIVIDED - W/MEDIAN (NOT RAISED),STRAIGHT AND LEVEL,DRY,NO DEFECTS,,NO INJURY / DRIVE AWAY,,$500 OR LESS,UNABLE TO DETERMINE,NOT APPLICABLE,3950,W,WASHINGTON BLVD,1122,2,NO INDICATION OF INJURY,0,0,0,0,0,2,0,18,5,6,41.88198156,-87.7252027
6/26/2019 13:30,15,NO CONTROLS,NO CONTROLS,CLEAR,DAYLIGHT,OTHER OBJECT,PARKING LOT,STRAIGHT AND LEVEL,DRY,NO DEFECTS,ON SCENE,NO INJURY / DRIVE AWAY,,"$501 - $1,500",UNABLE TO DETERMINE,NOT APPLICABLE,6400,W,BELLE PLAINE AVE,1632,1,NO INDICATION OF INJURY,0,0,0,0,0,1,0,13,4,6,41.95520795,-87.78677067
6/25/2019 0:50,30,TRAFFIC SIGNAL,FUNCTIONING PROPERLY,CLEAR,"DARKNESS, LIGHTED ROAD",TURNING,DIVIDED - W/MEDIAN (NOT RAISED),STRAIGHT AND LEVEL,DRY,UNKNOWN,ON SCENE,NO INJURY / DRIVE AWAY,Y,"$501 - $1,500",IMPROPER TURNING/NO SIGNAL,IMPROPER LANE USAGE,100,S,LAKE SHORE DR SB,114,2,NO INDICATION OF INJURY,0,0,0,0,0,2,0,0,3,6,41.88085605,-87.61763589