CRASH_DATE,POSTED_SPEED_LIMIT,TRAFFIC_CONTROL_DEVICE,DEVICE_CONDITION,WEATHER_CONDITION,LIGHTING_CONDITION,FIRST_CRASH_TYPE,TRAFFICWAY_TYPE,ALIGNMENT,ROADWAY_SURFACE_COND,ROAD_DEFECT,REPORT_TYPE,CRASH_TYPE,INTERSECTION_RELATED_I,DAMAGE,PRIM_CONTRIBUTORY_CAUSE,SEC_CONTRIBUTORY_CAUSE,STREET_NO,STREET_DIRECTION,STREET_NAME,BEAT_OF_OCCURRENCE,NUM_UNITS,MOST_SEVERE_INJURY,INJURIES_TOTAL,INJURIES_FATAL,INJURIES_INCAPACITATING,INJURIES_NON_INCAPACITATING,INJURIES_REPORTED_NOT_EVIDENT,INJURIES_NO_INDICATION,INJURIES_UNKNOWN,CRASH_HOUR,CRASH_DAY_OF_WEEK,CRASH_MONTH,LATITUDE,LONGITUDE
6/30/2019 13:30,30,TRAFFIC SIGNAL,FUNCTIONING PROPERLY,UNKNOWN,DAYLIGHT,SIDESWIPE SAME DIRECTION,DIVIDED - W/MEDIAN (NOT RAISED),STRAIGHT AND LEVEL,UNKNOWN,NO DEFECTS,NOT ON SCENE (DESK REPORT),NO INJURY / DRIVE AWAY,,"OVER $1,500",UNABLE TO DETERMINE,UNABLE TO DETERMINE,2000,W,87TH ST,614,2,NO INDICATION OF INJURY,0,0,0,0,0,2,0,13,1,6,41.73576426,-87.6727982
6/22/2019 1:10,30,TRAFFIC SIGNAL,FUNCTIONING PROPERLY,UNKNOWN,"DARKNESS, LIGHTED ROAD",REAR END,NOT DIVIDED,STRAIGHT AND LEVEL,UNKNOWN,UNKNOWN,NOT ON SCENE (DESK REPORT),NO INJURY / DRIVE AWAY,,$500 OR LESS,UNABLE TO DETERMINE,UNABLE TO DETERMINE,3401,W,FULLERTON AVE,1413,2,NO INDICATION OF INJURY,0,0,0,0,0,4,0,1,7,6,41.92455014,-87.71216276
6/28/2019 13:13,35,NO CONTROLS,NO CONTROLS,CLEAR,DAYLIGHT,REAR END,NOT DIVIDED,STRAIGHT AND LEVEL,WET,"RUT, HOLES",ON SCENE,INJURY AND / OR TOW DUE TO CRASH,,"OVER $1,500",ROAD CONSTRUCTION/MAINTENANCE,ROAD ENGINEERING/SURFACE/MARKING DEFECTS,4729,W,55TH ST,813,3,NO INDICATION OF INJURY,0,0,0,0,0,3,0,13,6,6,41.79293267,-87.74145513
6/23/2019 13:16,30,NO CONTROLS,NO CONTROLS,CLOUDY/OVERCAST,DAYLIGHT,TURNING,NOT DIVIDED,STRAIGHT AND LEVEL,DRY,NO DEFECTS,ON SCENE,INJURY AND / OR TOW DUE TO CRASH,Y,"OVER $1,500",IMPROPER TURNING/NO SIGNAL,FAILING TO YIELD RIGHT-OF-WAY,6401,S,CENTRAL AVE,813,2,NO INDICATION OF INJURY,0,0,0,0,0,2,0,13,1,6,41.77619907,-87.76150478
6/22/2019 13:15,30,TRAFFIC SIGNAL,NO CONTROLS,CLEAR,DAYLIGHT,REAR END,NOT DIVIDED,STRAIGHT AND LEVEL,DRY,NO DEFECTS,NOT ON SCENE (DESK REPORT),NO INJURY / DRIVE AWAY,,"OVER $1,500",FOLLOWING TOO CLOSELY,UNABLE TO DETERMINE,8800,W,BELMONT AVE,1631,2,NO INDICATION OF INJURY,0,0,0,0,0,2,0,13,7,6,41.93752937,-87.84290146
6/25/2019 12:03,30,TRAFFIC SIGNAL,FUNCTIONING PROPERLY,CLEAR,DAYLIGHT,REAR END,FOUR WAY,STRAIGHT AND LEVEL,DRY,NO DEFECTS,ON SCENE,NO INJURY / DRIVE AWAY,Y,"$501 - $1,500","OPERATING VEHICLE IN ERRATIC, RECKLESS, CARELESS, NEGLIGENT OR AGGRESSIVE MANNER",NOT APPLICABLE,5550,W,SUNNYSIDE AVE,1623,2,NO INDICATION OF INJURY,0,0,0,0,0,3,0,12,3,6,41.96246863,-87.76687718
6/30/2019 14:30,25,NO CONTROLS,NO CONTROLS,CLEAR,DAYLIGHT,PEDESTRIAN,NOT DIVIDED,STRAIGHT AND LEVEL,DRY,NO DEFECTS,NOT ON SCENE (DESK REPORT),INJURY AND / OR TOW DUE TO CRASH,,$500 OR LESS,UNABLE TO DETERMINE,NOT APPLICABLE,3640,N,HALSTED ST,1923,2,INCAPACITATING INJURY,1,0,1,0,0,1,0,14,1,6,41.9485198,-87.64967013
6/25/2019 12:00,30,TRAFFIC SIGNAL,FUNCTIONING PROPERLY,CLEAR,DAYLIGHT,REAR TO FRONT,DIVIDED - W/MEDIAN (NOT RAISED),STRAIGHT AND LEVEL,DRY,NO DEFECTS,NOT ON SCENE (DESK REPORT),NO INJURY / DRIVE AWAY,Y,"OVER $1,500",UNABLE TO DETERMINE,NOT APPLICABLE,2524,W,FULLERTON AVE,1431,2,NO INDICATION OF INJURY,0,0,0,0,0,2,0,12,3,6,41.92497652,-87.69116242
6/28/2019 11:40,20,NO CONTROLS,NO CONTROLS,CLEAR,DAYLIGHT,FIXED OBJECT,ALLEY,STRAIGHT AND LEVEL,DRY,NO DEFECTS,ON SCENE,NO INJURY / DRIVE AWAY,,"$501 - $1,500",UNABLE TO DETERMINE,NOT APPLICABLE,7840,S,SPRINGFIELD AVE,833,1,NO INDICATION OF INJURY,0,0,0,0,0,1,0,11,6,6,41.75014413,-87.72046533
6/17/2019 8:10,30,STOP SIGN/FLASHER,FUNCTIONING PROPERLY,CLOUDY/OVERCAST,DAYLIGHT,PARKED MOTOR VEHICLE,DIVIDED - W/MEDIAN (NOT RAISED),STRAIGHT AND LEVEL,DRY,NO DEFECTS,ON SCENE,NO INJURY / DRIVE AWAY,Y,"OVER $1,500",IMPROPER TURNING/NO SIGNAL,FAILING TO REDUCE SPEED TO AVOID CRASH,440,N,HERMITAGE AVE,1215,2,NO INDICATION OF INJURY,0,0,0,0,0,1,0,8,2,6,41.88991916,-87.67091495
6/27/2019 12:41,30,NO CONTROLS,NO CONTROLS,CLEAR,DAYLIGHT,PEDALCYCLIST,NOT DIVIDED,STRAIGHT AND LEVEL,DRY,NO DEFECTS,ON SCENE,INJURY AND / OR TOW DUE TO CRASH,,$500 OR LESS,FOLLOWING TOO CLOSELY,DRIVING SKILLS/KNOWLEDGE/EXPERIENCE,2039,W,LAWRENCE AVE,1911,2,NONINCAPACITATING INJURY,1,0,0,1,0,1,0,12,5,6,41.96862422,-87.68077849
6/27/2019 6:40,30,TRAFFIC SIGNAL,FUNCTIONING PROPERLY,CLEAR,DAYLIGHT,REAR END,NOT DIVIDED,STRAIGHT AND LEVEL,DRY,OTHER,NOT ON SCENE (DESK REPORT),NO INJURY / DRIVE AWAY,Y,"OVER $1,500",UNABLE TO DETERMINE,UNABLE TO DETERMINE,3159,W,MARQUETTE RD,831,2,NO INDICATION OF INJURY,0,0,0,0,0,2,0,6,5,6,41.77156579,-87.70290287
6/18/2019 13:00,30,NO CONTROLS,NO CONTROLS,CLEAR,DAYLIGHT,TURNING,DIVIDED - W/MEDIAN (NOT RAISED),STRAIGHT AND LEVEL,DRY,NO DEFECTS,ON SCENE,NO INJURY / DRIVE AWAY,,"OVER $1,500",IMPROPER TURNING/NO SIGNAL,UNABLE TO DETERMINE,4141,N,PULASKI RD,1723,2,NO INDICATION OF INJURY,0,0,0,0,0,2,0,13,3,6,41.95670257,-87.72755924
6/17/2019 4:00,35,NO CONTROLS,NO CONTROLS,CLEAR,"DARKNESS, LIGHTED ROAD",PARKED MOTOR VEHICLE,DIVIDED - W/MEDIAN BARRIER,STRAIGHT AND LEVEL,DRY,NO DEFECTS,ON SCENE,INJURY AND / OR TOW DUE TO CRASH,,"OVER $1,500",UNABLE TO DETERMINE,NOT APPLICABLE,8923,S,HALSTED ST,2223,2,NO INDICATION OF INJURY,0,0,0,0,0,1,0,4,2,6,41.73184312,-87.64334761
6/29/2019 9:00,30,NO CONTROLS,NO CONTROLS,CLEAR,DAWN,PARKED MOTOR VEHICLE,ONE-WAY,STRAIGHT AND LEVEL,DRY,UNKNOWN,,INJURY AND / OR TOW DUE TO CRASH,,"OVER $1,500",UNABLE TO DETERMINE,UNABLE TO DETERMINE,11339,S,EMERALD AVE,2233,2,NO INDICATION OF INJURY,0,0,0,0,0,1,0,9,7,6,41.68757502,-87.64087102
6/15/2019 20:38,40,NO CONTROLS,NO CONTROLS,RAIN,"DARKNESS, LIGHTED ROAD",REAR END,DIVIDED - W/MEDIAN BARRIER,STRAIGHT AND LEVEL,WET,NO DEFECTS,ON SCENE,INJURY AND / OR TOW DUE TO CRASH,,"OVER $1,500",UNABLE TO DETERMINE,UNABLE TO DETERMINE,1499,N,LAKE SHORE DR SB,1824,2,NO INDICATION OF INJURY,0,0,0,0,0,2,0,20,7,6,41.90944827,-87.62577361
6/18/2019 10:30,30,NO CONTROLS,NO CONTROLS,CLEAR,DAYLIGHT,TURNING,NOT DIVIDED,STRAIGHT AND LEVEL,DRY,NO DEFECTS,NOT ON SCENE (DESK REPORT),NO INJURY / DRIVE AWAY,,"$501 - $1,500",NOT APPLICABLE,NOT APPLICABLE,675,N,ST CLAIR ST,1834,2,NO INDICATION OF INJURY,0,0,0,0,0,2,0,10,3,6,41.89478478,-87.62260584
6/24/2019 17:52,30,STOP SIGN/FLASHER,FUNCTIONING PROPERLY,CLEAR,DAYLIGHT,REAR TO SIDE,DIVIDED - W/MEDIAN (NOT RAISED),STRAIGHT AND LEVEL,DRY,NO DEFECTS,ON SCENE,NO INJURY / DRIVE AWAY,Y,"$501 - $1,500",UNABLE TO DETERMINE,UNABLE TO DETERMINE,1850,W,CONGRESS PKWY,1225,2,NO INDICATION OF INJURY,0,0,0,0,0,2,0,17,2,6,41.87517436,-87.67356672
6/26/2019 21:10,30,NO CONTROLS,NO CONTROLS,CLEAR,"DARKNESS, LIGHTED ROAD",PARKED MOTOR VEHICLE,NOT DIVIDED,STRAIGHT AND LEVEL,WET,NO DEFECTS,ON SCENE,NO INJURY / DRIVE AWAY,,"OVER $1,500",FAILING TO REDUCE SPEED TO AVOID CRASH,NOT APPLICABLE,827,N,LARAMIE AVE,1531,2,NO INDICATION OF INJURY,0,0,0,0,0,1,0,21,4,6,41.89578775,-87.75547707
6/23/2019 21:45,30,STOP SIGN/FLASHER,FUNCTIONING PROPERLY,RAIN,DARKNESS,ANGLE,FOUR WAY,STRAIGHT AND LEVEL,WET,NO DEFECTS,ON SCENE,INJURY AND / OR TOW DUE TO CRASH,Y,"OVER $1,500",DISREGARDING STOP SIGN,EQUIPMENT - VEHICLE CONDITION,7800,S,DR MARTIN LUTHER KING JR DR,623,2,NONINCAPACITATING INJURY,1,0,0,1,0,2,0,21,1,6,41.75284645,-87.61514181
6/28/2019 0:21,30,NO CONTROLS,UNKNOWN,CLEAR,"DARKNESS, LIGHTED ROAD",PARKED MOTOR VEHICLE,NOT DIVIDED,STRAIGHT AND LEVEL,DRY,NO DEFECTS,ON SCENE,NO INJURY / DRIVE AWAY,,"OVER $1,500",UNABLE TO DETERMINE,NOT APPLICABLE,6504,W,CATALPA AVE,1613,3,NO INDICATION OF INJURY,0,0,0,0,0,1,0,0,6,6,41.98116724,-87.79043705
6/18/2019 17:00,30,TRAFFIC SIGNAL,FUNCTIONING PROPERLY,CLEAR,DAYLIGHT,REAR END,NOT DIVIDED,STRAIGHT AND LEVEL,DRY,NO DEFECTS,,NO INJURY / DRIVE AWAY,Y,"OVER $1,500",DRIVING SKILLS/KNOWLEDGE/EXPERIENCE,UNABLE TO DETERMINE,660,N,ORLEANS ST,1831,,,,,,,,,,17,3,6,41.89406149,-87.63725234
6/19/2019 7:18,30,NO CONTROLS,NO CONTROLS,CLEAR,DAYLIGHT,REAR END,NOT DIVIDED,STRAIGHT AND LEVEL,DRY,WORN SURFACE,ON SCENE,INJURY AND / OR TOW DUE TO CRASH,,"OVER $1,500",UNABLE TO DETERMINE,UNABLE TO DETERMINE,1109,N,CICERO AVE,1111,3,NO INDICATION OF INJURY,0,0,0,0,0,3,0,7,4,6,41.9007999,-87.74578812
6/29/2019 23:45,30,TRAFFIC SIGNAL,FUNCTIONING PROPERLY,CLEAR,"DARKNESS, LIGHTED ROAD",REAR END,NOT DIVIDED,STRAIGHT AND LEVEL,UNKNOWN,UNKNOWN,NOT ON SCENE (DESK REPORT),NO INJURY / DRIVE AWAY,Y,"OVER $1,500",UNABLE TO DETERMINE,UNABLE TO DETERMINE,6458,S,DR MARTIN LUTHER KING JR DR,312,2,NO INDICATION OF INJURY,0,0,0,0,0,2,0,23,7,6,41.77669246,-87.61568481
6/26/2019 16:22,35,NO CONTROLS,NO CONTROLS,CLEAR,DAYLIGHT,TURNING,ONE-WAY,STRAIGHT AND LEVEL,DRY,NO DEFECTS,NOT ON SCENE (DESK REPORT),NO INJURY / DRIVE AWAY,,"OVER $1,500",FAILING TO YIELD RIGHT-OF-WAY,DRIVING SKILLS/KNOWLEDGE/EXPERIENCE,7100,S,MICHIGAN AVE,323,2,NO INDICATION OF INJURY,0,0,0,0,0,2,0,16,4,6,41.76548541,-87.62183435
6/16/2019 9:35,30,TRAFFIC SIGNAL,FUNCTIONING PROPERLY,CLOUDY/OVERCAST,DAYLIGHT,PEDALCYCLIST,FOUR WAY,STRAIGHT AND LEVEL,DRY,NO DEFECTS,ON SCENE,INJURY AND / OR TOW DUE TO CRASH,Y,$500 OR LESS,FAILING TO YIELD RIGHT-OF-WAY,NOT APPLICABLE,300,N,HALSTED ST,1214,2,INCAPACITATING INJURY,1,0,1,0,0,1,0,9,1,6,41.88682459,-87.64765355
6/18/2019 13:52,30,STOP SIGN/FLASHER,FUNCTIONING PROPERLY,CLEAR,DAYLIGHT,SIDESWIPE SAME DIRECTION,DIVIDED - W/MEDIAN (NOT RAISED),STRAIGHT AND LEVEL,DRY,OTHER,ON SCENE,NO INJURY / DRIVE AWAY,Y,"OVER $1,500",DISTRACTION - FROM INSIDE VEHICLE,ROAD ENGINEERING/SURFACE/MARKING DEFECTS,158,W,CERMAK RD,914,2,NO INDICATION OF INJURY,0,0,0,0,0,2,0,13,3,6,41.8529657,-87.63175599
6/11/2019 11:15,30,NO CONTROLS,NO CONTROLS,CLEAR,DAYLIGHT,TURNING,OTHER,STRAIGHT AND LEVEL,DRY,NO DEFECTS,NOT ON SCENE (DESK REPORT),NO INJURY / DRIVE AWAY,,"OVER $1,500",ANIMAL,DRIVING SKILLS/KNOWLEDGE/EXPERIENCE,3500,W,COLUMBUS AVE,834,2,NO INDICATION OF INJURY,0,0,0,0,0,2,0,11,3,6,41.74507402,-87.70977801
6/29/2019 10:30,30,TRAFFIC SIGNAL,FUNCTIONING PROPERLY,CLEAR,DAYLIGHT,SIDESWIPE SAME DIRECTION,NOT DIVIDED,STRAIGHT AND LEVEL,DRY,NO DEFECTS,NOT ON SCENE (DESK REPORT),NO INJURY / DRIVE AWAY,,"$501 - $1,500",UNABLE TO DETERMINE,UNABLE TO DETERMINE,5200,N,PULASKI RD,1712,2,NO INDICATION OF INJURY,0,0,0,0,0,2,0,10,7,6,41.97562074,-87.72838314
6/23/2019 15:30,30,NO CONTROLS,NO CONTROLS,RAIN,DAYLIGHT,PARKED MOTOR VEHICLE,DIVIDED - W/MEDIAN BARRIER,STRAIGHT AND LEVEL,WET,NO DEFECTS,ON SCENE,INJURY AND / OR TOW DUE TO CRASH,,"OVER $1,500",EQUIPMENT - VEHICLE CONDITION,NOT APPLICABLE,1918,E,71ST ST,332,2,NO INDICATION OF INJURY,0,0,0,0,0,3,0,15,1,6,41.76633894,-87.57792917
6/5/2019 20:30,30,NO CONTROLS,NO CONTROLS,CLEAR,"DARKNESS, LIGHTED ROAD",PARKED MOTOR VEHICLE,DIVIDED - W/MEDIAN (NOT RAISED),STRAIGHT AND LEVEL,DRY,NO DEFECTS,NOT ON SCENE (DESK REPORT),NO INJURY / DRIVE AWAY,,"$501 - $1,500",UNABLE TO DETERMINE,NOT APPLICABLE,1908,W,OHIO ST,1221,2,NO INDICATION OF INJURY,0,0,0,0,0,1,0,20,4,6,41.89241208,-87.67493462
6/30/2019 16:45,30,TRAFFIC SIGNAL,FUNCTIONING PROPERLY,RAIN,DAYLIGHT,REAR END,NOT DIVIDED,STRAIGHT AND LEVEL,WET,UNKNOWN,NOT ON SCENE (DESK REPORT),NO INJURY / DRIVE AWAY,,"$501 - $1,500",FAILING TO REDUCE SPEED TO AVOID CRASH,NOT APPLICABLE,2123,S,ASHLAND AVE,1235,2,NO INDICATION OF INJURY,0,0,0,0,0,2,0,16,1,6,41.85346553,-87.66588919
6/16/2019 5:28,40,NO CONTROLS,NO CONTROLS,CLEAR,DAWN,FIXED OBJECT,DIVIDED - W/MEDIAN BARRIER,"CURVE, LEVEL",WET,NO DEFECTS,ON SCENE,INJURY AND / OR TOW DUE TO CRASH,,"OVER $1,500",UNABLE TO DETERMINE,UNABLE TO DETERMINE,1000,N,LAKE SHORE DR,1824,1,NO INDICATION OF INJURY,0,0,0,0,0,2,0,5,1,6,41.90075297,-87.624235
6/19/2019 14:50,25,STOP SIGN/FLASHER,UNKNOWN,CLEAR,DAYLIGHT,ANGLE,NOT DIVIDED,STRAIGHT AND LEVEL,DRY,UNKNOWN,NOT ON SCENE (DESK REPORT),NO INJURY / DRIVE AWAY,Y,"OVER $1,500",DISREGARDING TRAFFIC SIGNALS,NOT APPLICABLE,2000,W,VAN BUREN ST,1225,2,NO INDICATION OF INJURY,0,0,0,0,0,2,0,14,4,6,41.87631722,-87.67664419
6/26/2019 11:05,25,NO CONTROLS,NO CONTROLS,CLEAR,DAYLIGHT,SIDESWIPE SAME DIRECTION,ONE-WAY,STRAIGHT AND LEVEL,DRY,NO DEFECTS,NOT ON SCENE (DESK REPORT),NO INJURY / DRIVE AWAY,,"$501 - $1,500",UNABLE TO DETERMINE,UNABLE TO DETERMINE,502,W,ADAMS ST,121,2,NO INDICATION OF INJURY,0,0,0,0,0,2,0,11,4,6,41.87942032,-87.63977102
6/14/2019 23:30,30,NO CONTROLS,NO CONTROLS,CLEAR,DARKNESS,REAR END,DIVIDED - W/MEDIAN (NOT RAISED),STRAIGHT AND LEVEL,DRY,NO DEFECTS,NOT ON SCENE (DESK REPORT),NO INJURY / DRIVE AWAY,Y,"OVER $1,500",FOLLOWING TOO CLOSELY,NOT APPLICABLE,3700,S,DAMEN AVE,912,2,NO INDICATION OF INJURY,0,0,0,0,0,2,0,23,6,6,41.82667031,-87.67536056
6/15/2019 19:35,30,NO CONTROLS,NO CONTROLS,CLEAR,DAYLIGHT,REAR END,NOT DIVIDED,STRAIGHT AND LEVEL,WET,NO DEFECTS,NOT ON SCENE (DESK REPORT),NO INJURY / DRIVE AWAY,,"OVER $1,500",FOLLOWING TOO CLOSELY,FAILING TO REDUCE SPEED TO AVOID CRASH,2650,N,CLARK ST,1935,2,NO INDICATION OF INJURY,0,0,0,0,0,2,0,19,7,6,41.93083301,-87.64413544
6/28/2019 17:30,20,NO CONTROLS,NO CONTROLS,CLEAR,DAYLIGHT,REAR END,OTHER,STRAIGHT AND LEVEL,DRY,UNKNOWN,NOT ON SCENE (DESK REPORT),NO INJURY / DRIVE AWAY,,"OVER $1,500",UNABLE TO DETERMINE,UNABLE TO DETERMINE,5042,W,GLADYS AVE,1533,2,NO INDICATION OF INJURY,0,0,0,0,0,2,0,17,6,6,41.87591356,-87.75105228
6/26/2019 22:00,30,NO CONTROLS,NO CONTROLS,CLEAR,"DARKNESS, LIGHTED ROAD",SIDESWIPE OPPOSITE DIRECTION,NOT DIVIDED,STRAIGHT AND LEVEL,UNKNOWN,UNKNOWN,ON SCENE,INJURY AND / OR TOW DUE TO CRASH,,"$501 - $1,500",UNABLE TO DETERMINE,NOT APPLICABLE,7104,N,WASHTENAW AVE,2411,2,NO INDICATION OF INJURY,0,0,0,0,0,2,0,22,4,6,42.01048844,-87.69750602
6/20/2019 12:45,30,STOP SIGN/FLASHER,FUNCTIONING PROPERLY,CLOUDY/OVERCAST,DAYLIGHT,REAR END,NOT DIVIDED,STRAIGHT AND LEVEL,DRY,NO DEFECTS,NOT ON SCENE (DESK REPORT),NO INJURY / DRIVE AWAY,,$500 OR LESS,FAILING TO REDUCE SPEED TO AVOID CRASH,FAILING TO REDUCE SPEED TO AVOID CRASH,1205,W,TAYLOR ST,1231,2,NO INDICATION OF INJURY,0,0,0,0,0,2,0,12,5,6,41.86930189,-87.65698267
6/26/2019 21:02,40,TRAFFIC SIGNAL,FUNCTIONING PROPERLY,RAIN,"DARKNESS, LIGHTED ROAD",TURNING,DIVIDED - W/MEDIAN BARRIER,STRAIGHT AND LEVEL,WET,NO DEFECTS,ON SCENE,INJURY AND / OR TOW DUE TO CRASH,Y,"OVER $1,500",WEATHER,DRIVING SKILLS/KNOWLEDGE/EXPERIENCE,800,N,LAKE SHORE DR,1833,3,NO INDICATION OF INJURY,0,0,0,0,0,5,0,21,4,6,41.89682805,-87.6172077
6/19/2019 22:20,35,TRAFFIC SIGNAL,FUNCTIONING PROPERLY,RAIN,"DARKNESS, LIGHTED ROAD",ANGLE,FOUR WAY,STRAIGHT AND LEVEL,WET,UNKNOWN,ON SCENE,INJURY AND / OR TOW DUE TO CRASH,Y,"$501 - $1,500",DISREGARDING TRAFFIC SIGNALS,NOT APPLICABLE,1437,S,CALIFORNIA BLVD,1023,2,NO INDICATION OF INJURY,0,0,0,0,0,2,0,22,4,6,41.86139137,-87.69561016
6/15/2019 21:14,35,TRAFFIC SIGNAL,FUNCTIONING PROPERLY,RAIN,DARKNESS,PEDESTRIAN,NOT DIVIDED,STRAIGHT AND LEVEL,WET,NO DEFECTS,ON SCENE,INJURY AND / OR TOW DUE TO CRASH,,$500 OR LESS,DISREGARDING TRAFFIC SIGNALS,NOT APPLICABLE,15,E,69TH ST,322,2,"REPORTED, NOT EVIDENT",1,0,0,0,1,1,0,21,7,6,41.76906475,-87.62425491
6/30/2019 14:45,30,NO CONTROLS,NO CONTROLS,RAIN,UNKNOWN,REAR END,NOT DIVIDED,STRAIGHT AND LEVEL,WET,UNKNOWN,NOT ON SCENE (DESK REPORT),NO INJURY / DRIVE AWAY,,"$501 - $1,500",FAILING TO REDUCE SPEED TO AVOID CRASH,NOT APPLICABLE,2023,N,SHEFFIELD AVE,1812,2,NO INDICATION OF INJURY,0,0,0,0,0,2,0,14,1,6,41.91881926,-87.65324635
6/20/2019 16:30,30,NO CONTROLS,NO CONTROLS,CLEAR,DAYLIGHT,PARKED MOTOR VEHICLE,PARKING LOT,STRAIGHT AND LEVEL,DRY,NO DEFECTS,ON SCENE,NO INJURY / DRIVE AWAY,,"OVER $1,500",IMPROPER BACKING,NOT APPLICABLE,4550,S,PACKERS AVE,924,2,NO INDICATION OF INJURY,0,0,0,0,0,2,0,16,5,6,41.81086157,-87.65868235
6/27/2019 12:10,30,STOP SIGN/FLASHER,FUNCTIONING PROPERLY,CLEAR,DAYLIGHT,ANGLE,NOT DIVIDED,STRAIGHT AND LEVEL,DRY,NO DEFECTS,ON SCENE,INJURY AND / OR TOW DUE TO CRASH,Y,"OVER $1,500",DISREGARDING STOP SIGN,FAILING TO REDUCE SPEED TO AVOID CRASH,5200,S,CALIFORNIA AVE,923,2,NO INDICATION OF INJURY,0,0,0,0,0,2,0,12,5,6,41.79906963,-87.6940941
6/18/2019 12:45,35,NO CONTROLS,NO CONTROLS,CLEAR,DAYLIGHT,PARKED MOTOR VEHICLE,OTHER,STRAIGHT AND LEVEL,DRY,NO DEFECTS,ON SCENE,NO INJURY / DRIVE AWAY,,$500 OR LESS,NOT APPLICABLE,NOT APPLICABLE,4052,W,26TH ST,1013,2,NO INDICATION OF INJURY,0,0,0,0,0,1,0,12,3,6,41.84433526,-87.72663156
6/18/2019 19:25,40,NO CONTROLS,FUNCTIONING PROPERLY,CLEAR,DAYLIGHT,REAR END,OTHER,STRAIGHT AND LEVEL,DRY,NO DEFECTS,NOT ON SCENE (DESK REPORT),INJURY AND / OR TOW DUE TO CRASH,,"OVER $1,500",FAILING TO REDUCE SPEED TO AVOID CRASH,NOT APPLICABLE,1600,N,LAKE SHORE DR,1814,2,NONINCAPACITATING INJURY,1,0,0,1,0,3,0,19,3,6,41.91122456,-87.62648257
6/29/2019 9:55,30,NO CONTROLS,NO CONTROLS,CLEAR,DAYLIGHT,TURNING,NOT DIVIDED,STRAIGHT AND LEVEL,DRY,NO DEFECTS,ON SCENE,INJURY AND / OR TOW DUE TO CRASH,,"OVER $1,500",PHYSICAL CONDITION OF DRIVER,UNABLE TO DETERMINE,4737,S,PULASKI RD,821,2,NONINCAPACITATING INJURY,3,0,0,1,2,0,0,9,7,6,41.80676323,-87.72340451
6/23/2019 12:00,15,UNKNOWN,NO CONTROLS,CLEAR,DAYLIGHT,PARKED MOTOR VEHICLE,PARKING LOT,STRAIGHT AND LEVEL,DRY,NO DEFECTS,ON SCENE,NO INJURY / DRIVE AWAY,,"OVER $1,500",IMPROPER BACKING,DRIVING SKILLS/KNOWLEDGE/EXPERIENCE,6525,W,DIVERSEY AVE,2512,2,NO INDICATION OF INJURY,0,0,0,0,0,1,0,12,1,6,41.93083392,-87.78913379
6/24/2019 21:27,30,TRAFFIC SIGNAL,FUNCTIONING PROPERLY,CLEAR,"DARKNESS, LIGHTED ROAD",SIDESWIPE SAME DIRECTION,OTHER,STRAIGHT AND LEVEL,DRY,NO DEFECTS,NOT ON SCENE (DESK REPORT),NO INJURY / DRIVE AWAY,Y,"OVER $1,500",FOLLOWING TOO CLOSELY,NOT APPLICABLE,100,N,LAKE SHORE DR NB,114,2,NO INDICATION OF INJURY,0,0,0,0,0,2,0,21,2,6,41.88306216,-87.61613324
6/28/2019 8:00,30,UNKNOWN,UNKNOWN,UNKNOWN,DAYLIGHT,PARKED MOTOR VEHICLE,NOT DIVIDED,STRAIGHT ON GRADE,UNKNOWN,UNKNOWN,NOT ON SCENE (DESK REPORT),NO INJURY / DRIVE AWAY,,"$501 - $1,500",UNABLE TO DETERMINE,UNABLE TO DETERMINE,5940,N,BROADWAY,2013,2,NO INDICATION OF INJURY,0,0,0,0,0,1,0,8,6,6,41.99022108,-87.66042004
6/25/2019 17:05,30,TRAFFIC SIGNAL,NO CONTROLS,CLEAR,DAYLIGHT,TURNING,FOUR WAY,STRAIGHT AND LEVEL,WET,NO DEFECTS,ON SCENE,INJURY AND / OR TOW DUE TO CRASH,Y,"OVER $1,500",FAILING TO YIELD RIGHT-OF-WAY,IMPROPER TURNING/NO SIGNAL,2000,W,GRAND AVE,1221,2,NO INDICATION OF INJURY,0,0,0,0,0,3,0,17,3,6,41.89093109,-87.67703497
6/20/2019 14:19,30,TRAFFIC SIGNAL,FUNCTIONING PROPERLY,CLEAR,DAYLIGHT,TURNING,NOT DIVIDED,STRAIGHT AND LEVEL,DRY,NO DEFECTS,NOT ON SCENE (DESK REPORT),NO INJURY / DRIVE AWAY,Y,"$501 - $1,500",UNABLE TO DETERMINE,UNABLE TO DETERMINE,1200,N,LAKE SHORE DR,1824,2,NO INDICATION OF INJURY,0,0,0,0,0,2,0,14,5,6,41.90402236,-87.62516042
6/26/2019 17:50,30,TRAFFIC SIGNAL,FUNCTIONING PROPERLY,CLEAR,DAYLIGHT,REAR END,NOT DIVIDED,STRAIGHT AND LEVEL,DRY,NO DEFECTS,ON SCENE,INJURY AND / OR TOW DUE TO CRASH,,"OVER $1,500",FOLLOWING TOO CLOSELY,NOT APPLICABLE,4201,W,FULLERTON AVE,2522,3,NO INDICATION OF INJURY,0,0,0,0,0,3,0,17,4,6,41.92431529,-87.73172602