CRASH_DATE,POSTED_SPEED_LIMIT,TRAFFIC_CONTROL_DEVICE,DEVICE_CONDITION,WEATHER_CONDITION,LIGHTING_CONDITION,FIRST_CRASH_TYPE,TRAFFICWAY_TYPE,ALIGNMENT,ROADWAY_SURFACE_COND,ROAD_DEFECT,REPORT_TYPE,CRASH_TYPE,INTERSECTION_RELATED_I,DAMAGE,PRIM_CONTRIBUTORY_CAUSE,SEC_CONTRIBUTORY_CAUSE,STREET_NO,STREET_DIRECTION,STREET_NAME,BEAT_OF_OCCURRENCE,NUM_UNITS,MOST_SEVERE_INJURY,INJURIES_TOTAL,INJURIES_FATAL,INJURIES_INCAPACITATING,INJURIES_NON_INCAPACITATING,INJURIES_REPORTED_NOT_EVIDENT,INJURIES_NO_INDICATION,INJURIES_UNKNOWN,CRASH_HOUR,CRASH_DAY_OF_WEEK,CRASH_MONTH,LATITUDE,LONGITUDE
6/25/2019 20:06,30,TRAFFIC SIGNAL,FUNCTIONING PROPERLY,CLEAR,DUSK,ANGLE,FOUR WAY,STRAIGHT AND LEVEL,DRY,NO DEFECTS,ON SCENE,INJURY AND / OR TOW DUE TO CRASH,Y,"OVER $1,500",DISREGARDING TRAFFIC SIGNALS,DRIVING SKILLS/KNOWLEDGE/EXPERIENCE,3200,W,WASHINGTON BLVD,1123,2,"REPORTED, NOT EVIDENT",4,0,0,0,4,5,0,20,3,6,41.88290224,-87.70630288
6/19/2019 20:30,35,TRAFFIC SIGNAL,FUNCTIONING PROPERLY,RAIN,"DARKNESS, LIGHTED ROAD",ANGLE,FOUR WAY,STRAIGHT AND LEVEL,WET,NO DEFECTS,NOT ON SCENE (DESK REPORT),NO INJURY / DRIVE AWAY,Y,"$501 - $1,500",UNABLE TO DETERMINE,UNABLE TO DETERMINE,4700,S,WENTWORTH AVE,224,2,NO INDICATION OF INJURY,0,0,0,0,0,2,0,20,4,6,41.80908244,-87.63103087
6/23/2019 13:00,30,NO CONTROLS,NO CONTROLS,UNKNOWN,UNKNOWN,PARKED MOTOR VEHICLE,NOT DIVIDED,STRAIGHT AND LEVEL,UNKNOWN,UNKNOWN,NOT ON SCENE (DESK REPORT),NO INJURY / DRIVE AWAY,,"OVER $1,500",UNABLE TO DETERMINE,NOT APPLICABLE,2013,N,HOYNE AVE,1432,2,NO INDICATION OF INJURY,0,0,0,0,0,1,0,13,1,6,41.91812538,-87.67996214
6/24/2019 6:30,30,TRAFFIC SIGNAL,FUNCTIONING PROPERLY,CLEAR,DAYLIGHT,PARKED MOTOR VEHICLE,NOT DIVIDED,STRAIGHT AND LEVEL,DRY,NO DEFECTS,NOT ON SCENE (DESK REPORT),NO INJURY / DRIVE AWAY,,"$501 - $1,500",UNABLE TO DETERMINE,NOT APPLICABLE,3605,W,PALMER ST,2525,2,NO INDICATION OF INJURY,0,0,0,0,0,1,0,6,2,6,41.92083026,-87.71709955
6/30/2019 3:53,30,NO CONTROLS,NO CONTROLS,CLEAR,"DARKNESS, LIGHTED ROAD",FIXED OBJECT,PARKING LOT,STRAIGHT AND LEVEL,DRY,NO DEFECTS,NOT ON SCENE (DESK REPORT),NO INJURY / DRIVE AWAY,,"OVER $1,500",DISTRACTION - FROM OUTSIDE VEHICLE,"OPERATING VEHICLE IN ERRATIC, RECKLESS, CARELESS, NEGLIGENT OR AGGRESSIVE MANNER",130,E,71ST ST,322,1,,,,,,,,,3,1,6,41.76571748,-87.62034964
6/15/2019 22:00,30,NO CONTROLS,NO CONTROLS,UNKNOWN,UNKNOWN,PARKED MOTOR VEHICLE,NOT DIVIDED,STRAIGHT AND LEVEL,UNKNOWN,NO DEFECTS,ON SCENE,INJURY AND / OR TOW DUE TO CRASH,,"$501 - $1,500",UNABLE TO DETERMINE,UNABLE TO DETERMINE,718,E,51ST ST,223,2,NO INDICATION OF INJURY,0,0,0,0,0,1,0,22,7,6,41.80232979,-87.60807156
6/28/2019 17:10,30,NO CONTROLS,NO CONTROLS,CLEAR,DAYLIGHT,REAR END,NOT DIVIDED,STRAIGHT AND LEVEL,DRY,NO DEFECTS,,NO INJURY / DRIVE AWAY,,"OVER $1,500",FOLLOWING TOO CLOSELY,NOT APPLICABLE,2943,N,PULASKI RD,2523,2,NO INDICATION OF INJURY,0,0,0,0,0,2,0,17,6,6,41.93489866,-87.72691847
6/29/2019 15:20,30,NO CONTROLS,NO CONTROLS,CLEAR,DAYLIGHT,TURNING,NOT DIVIDED,STRAIGHT AND LEVEL,DRY,NO DEFECTS,ON SCENE,INJURY AND / OR TOW DUE TO CRASH,Y,"OVER $1,500",IMPROPER OVERTAKING/PASSING,NOT APPLICABLE,5500,N,NAGLE AVE,1613,3,NONINCAPACITATING INJURY,3,0,0,3,0,1,0,15,7,6,41.98112625,-87.78791691
6/26/2019 4:10,30,TRAFFIC SIGNAL,FUNCTIONING PROPERLY,CLEAR,"DARKNESS, LIGHTED ROAD",REAR END,UNKNOWN INTERSECTION TYPE,STRAIGHT AND LEVEL,DRY,NO DEFECTS,ON SCENE,INJURY AND / OR TOW DUE TO CRASH,Y,"OVER $1,500",UNABLE TO DETERMINE,NOT APPLICABLE,121,W,43RD ST,215,2,NO INDICATION OF INJURY,0,0,0,0,0,2,0,4,4,6,41.81633382,-87.62955373
6/20/2019 18:04,30,TRAFFIC SIGNAL,FUNCTIONING PROPERLY,CLEAR,DAYLIGHT,SIDESWIPE SAME DIRECTION,OTHER,STRAIGHT AND LEVEL,DRY,NO DEFECTS,NOT ON SCENE (DESK REPORT),NO INJURY / DRIVE AWAY,,"OVER $1,500",IMPROPER LANE USAGE,NOT APPLICABLE,5499,N,HARLEM AVE,1613,2,NO INDICATION OF INJURY,0,0,0,0,0,3,0,18,5,6,41.98101039,-87.80681781
6/18/2019 16:25,30,NO CONTROLS,NO CONTROLS,CLEAR,DAYLIGHT,REAR END,NOT DIVIDED,STRAIGHT AND LEVEL,DRY,NO DEFECTS,NOT ON SCENE (DESK REPORT),NO INJURY / DRIVE AWAY,,"OVER $1,500",FOLLOWING TOO CLOSELY,NOT APPLICABLE,4375,N,ELSTON AVE,1722,2,NO INDICATION OF INJURY,0,0,0,0,0,2,0,16,3,6,41.96029646,-87.72856435
6/24/2019 3:45,30,NO CONTROLS,NO CONTROLS,CLEAR,DARKNESS,FIXED OBJECT,ALLEY,STRAIGHT AND LEVEL,DRY,NO DEFECTS,NOT ON SCENE (DESK REPORT),NO INJURY / DRIVE AWAY,,$500 OR LESS,UNABLE TO DETERMINE,UNABLE TO DETERMINE,908,S,CALIFORNIA AVE,1135,1,NO INDICATION OF INJURY,0,0,0,0,0,2,0,3,2,6,41.86982896,-87.69614184
6/28/2019 11:05,30,OTHER,OTHER,CLEAR,DAYLIGHT,SIDESWIPE SAME DIRECTION,DIVIDED - W/MEDIAN (NOT RAISED),STRAIGHT AND LEVEL,DRY,NO DEFECTS,NOT ON SCENE (DESK REPORT),NO INJURY / DRIVE AWAY,,"OVER $1,500",UNABLE TO DETERMINE,NOT APPLICABLE,115,S,WESTERN AVE,1223,2,NO INDICATION OF INJURY,0,0,0,0,0,2,0,11,6,6,41.87981388,-87.68625056
6/18/2019 13:50,30,NO CONTROLS,NO CONTROLS,CLEAR,DAYLIGHT,PARKED MOTOR VEHICLE,NOT DIVIDED,STRAIGHT AND LEVEL,DRY,UNKNOWN,NOT ON SCENE (DESK REPORT),NO INJURY / DRIVE AWAY,,"$501 - $1,500",IMPROPER BACKING,NOT APPLICABLE,3608,W,26TH ST,1013,2,NO INDICATION OF INJURY,0,0,0,0,0,1,0,13,3,6,41.84448841,-87.71521744
6/16/2019 10:55,30,NO CONTROLS,NO CONTROLS,CLEAR,DAYLIGHT,PARKED MOTOR VEHICLE,ONE-WAY,STRAIGHT AND LEVEL,DRY,NO DEFECTS,ON SCENE,NO INJURY / DRIVE AWAY,,"OVER $1,500",FAILING TO YIELD RIGHT-OF-WAY,IMPROPER OVERTAKING/PASSING,333,E,ONTARIO ST,1834,4,NO INDICATION OF INJURY,0,0,0,0,0,1,0,10,1,6,41.89332119,-87.61896719
6/21/2019 18:10,30,NO CONTROLS,NO CONTROLS,CLEAR,DAYLIGHT,REAR END,DIVIDED - W/MEDIAN (NOT RAISED),STRAIGHT AND LEVEL,DRY,NO DEFECTS,NOT ON SCENE (DESK REPORT),NO INJURY / DRIVE AWAY,,"OVER $1,500",FOLLOWING TOO CLOSELY,NOT APPLICABLE,3010,W,59TH ST,824,3,NO INDICATION OF INJURY,0,0,0,0,0,3,0,18,6,6,41.78642855,-87.69899253
6/19/2019 14:30,30,TRAFFIC SIGNAL,FUNCTIONING PROPERLY,CLEAR,DAYLIGHT,REAR END,DIVIDED - W/MEDIAN BARRIER,STRAIGHT AND LEVEL,DRY,NO DEFECTS,ON SCENE,INJURY AND / OR TOW DUE TO CRASH,,"OVER $1,500",UNABLE TO DETERMINE,NOT APPLICABLE,9255,S,WESTERN AVE,2221,2,NO INDICATION OF INJURY,0,0,0,0,0,2,0,14,4,6,41.72482906,-87.68203867
6/6/2019 14:00,30,TRAFFIC SIGNAL,FUNCTIONING PROPERLY,CLEAR,DAYLIGHT,OTHER NONCOLLISION,DIVIDED - W/MEDIAN (NOT RAISED),STRAIGHT AND LEVEL,DRY,"RUT, HOLES",NOT ON SCENE (DESK REPORT),NO INJURY / DRIVE AWAY,,"$501 - $1,500",ROAD ENGINEERING/SURFACE/MARKING DEFECTS,ROAD ENGINEERING/SURFACE/MARKING DEFECTS,3001,W,OGDEN AVE,1022,1,NO INDICATION OF INJURY,0,0,0,0,0,2,0,14,5,6,41.85945898,-87.70066906
6/15/2019 20:10,35,NO CONTROLS,NO CONTROLS,CLEAR,DAYLIGHT,SIDESWIPE SAME DIRECTION,NOT DIVIDED,STRAIGHT AND LEVEL,DRY,NO DEFECTS,NOT ON SCENE (DESK REPORT),NO INJURY / DRIVE AWAY,,"$501 - $1,500",IMPROPER OVERTAKING/PASSING,NOT APPLICABLE,101,N,WACKER DR,122,2,NO INDICATION OF INJURY,0,0,0,0,0,2,0,20,7,6,41.88323435,-87.63664906
6/26/2019 17:38,40,NO CONTROLS,NO CONTROLS,CLEAR,DAYLIGHT,REAR END,DIVIDED - W/MEDIAN BARRIER,STRAIGHT AND LEVEL,DRY,NO DEFECTS,ON SCENE,INJURY AND / OR TOW DUE TO CRASH,,"OVER $1,500",DISTRACTION - FROM INSIDE VEHICLE,NOT APPLICABLE,900,N,LAKE SHORE DR SB,1833,2,"REPORTED, NOT EVIDENT",1,0,0,0,1,2,0,17,4,6,41.89932228,-87.61873843
6/20/2019 11:38,15,NO CONTROLS,NO CONTROLS,CLOUDY/OVERCAST,DAYLIGHT,ANGLE,ONE-WAY,STRAIGHT AND LEVEL,WET,NO DEFECTS,ON SCENE,INJURY AND / OR TOW DUE TO CRASH,,"$501 - $1,500",FAILING TO REDUCE SPEED TO AVOID CRASH,DRIVING SKILLS/KNOWLEDGE/EXPERIENCE,4741,N,TRIPP AVE,1722,2,NO INDICATION OF INJURY,0,0,0,0,0,2,0,11,5,6,41.96759423,-87.7340404
6/16/2019 9:50,10,NO CONTROLS,NO CONTROLS,OTHER,DAYLIGHT,REAR END,RAMP,STRAIGHT ON HILLCREST,DRY,UNKNOWN,NOT ON SCENE (DESK REPORT),NO INJURY / DRIVE AWAY,,"OVER $1,500",IMPROPER BACKING,NOT APPLICABLE,1550,N,KINGSBURY ST,1822,2,NO INDICATION OF INJURY,0,0,0,0,0,3,0,9,1,6,41.90939879,-87.6530507
6/25/2019 16:30,30,STOP SIGN/FLASHER,OTHER,CLEAR,DAYLIGHT,ANGLE,NOT DIVIDED,STRAIGHT AND LEVEL,DRY,UNKNOWN,ON SCENE,INJURY AND / OR TOW DUE TO CRASH,,"OVER $1,500",NOT APPLICABLE,FAILING TO REDUCE SPEED TO AVOID CRASH,3499,E,100TH ST,432,2,NO INDICATION OF INJURY,0,0,0,0,0,2,0,16,3,6,41.71374915,-87.53891931
6/15/2019 19:23,30,TRAFFIC SIGNAL,FUNCTIONING PROPERLY,RAIN,DAYLIGHT,TURNING,NOT DIVIDED,STRAIGHT AND LEVEL,WET,UNKNOWN,NOT ON SCENE (DESK REPORT),NO INJURY / DRIVE AWAY,Y,"OVER $1,500",FAILING TO YIELD RIGHT-OF-WAY,IMPROPER OVERTAKING/PASSING,1600,W,LAWRENCE AVE,2032,2,NO INDICATION OF INJURY,0,0,0,0,0,5,0,19,7,6,41.96898746,-87.66951631
6/19/2019 6:35,30,NO CONTROLS,NO CONTROLS,CLEAR,DAYLIGHT,TURNING,FOUR WAY,STRAIGHT AND LEVEL,DRY,NO DEFECTS,NOT ON SCENE (DESK REPORT),INJURY AND / OR TOW DUE TO CRASH,Y,"OVER $1,500",UNABLE TO DETERMINE,UNABLE TO DETERMINE,1601,E,72ND ST,324,2,NO INDICATION OF INJURY,0,0,0,0,0,2,0,6,4,6,41.76412894,-87.58584037
6/20/2019 18:00,30,NO CONTROLS,NO CONTROLS,CLEAR,DAYLIGHT,REAR END,NOT DIVIDED,STRAIGHT AND LEVEL,DRY,NO DEFECTS,NOT ON SCENE (DESK REPORT),NO INJURY / DRIVE AWAY,Y,"$501 - $1,500",FOLLOWING TOO CLOSELY,FAILING TO REDUCE SPEED TO AVOID CRASH,6600,W,BELMONT AVE,1632,2,NO INDICATION OF INJURY,0,0,0,0,0,3,0,18,5,6,41.93834324,-87.79106956
6/17/2019 7:45,30,TRAFFIC SIGNAL,FUNCTIONING PROPERLY,CLEAR,DAYLIGHT,SIDESWIPE SAME DIRECTION,NOT DIVIDED,STRAIGHT ON HILLCREST,DRY,NO DEFECTS,NOT ON SCENE (DESK REPORT),NO INJURY / DRIVE AWAY,,"OVER $1,500",IMPROPER OVERTAKING/PASSING,NOT APPLICABLE,757,N,HALSTED ST,1214,2,NO INDICATION OF INJURY,0,0,0,0,0,3,0,7,2,6,41.89638468,-87.64759748
6/25/2019 7:35,30,NO CONTROLS,NO CONTROLS,CLEAR,DAYLIGHT,REAR END,NOT DIVIDED,STRAIGHT AND LEVEL,DRY,NO DEFECTS,NOT ON SCENE (DESK REPORT),NO INJURY / DRIVE AWAY,,"OVER $1,500",FOLLOWING TOO CLOSELY,FOLLOWING TOO CLOSELY,5411,S,CENTRAL AVE,814,2,NO INDICATION OF INJURY,0,0,0,0,0,2,0,7,3,6,41.79417302,-87.76220395
6/19/2019 15:35,10,OTHER WARNING SIGN,FUNCTIONING PROPERLY,CLEAR,DAYLIGHT,PARKED MOTOR VEHICLE,PARKING LOT,STRAIGHT AND LEVEL,DRY,NO DEFECTS,NOT ON SCENE (DESK REPORT),NO INJURY / DRIVE AWAY,,"$501 - $1,500",IMPROPER BACKING,IMPROPER BACKING,1718,S,STATE ST,131,2,NO INDICATION OF INJURY,0,0,0,0,0,1,0,15,4,6,41.85837259,-87.62735617
6/18/2019 10:21,30,STOP SIGN/FLASHER,FUNCTIONING PROPERLY,CLEAR,DAYLIGHT,REAR END,NOT DIVIDED,STRAIGHT AND LEVEL,DRY,NO DEFECTS,NOT ON SCENE (DESK REPORT),NO INJURY / DRIVE AWAY,,$500 OR LESS,UNABLE TO DETERMINE,UNABLE TO DETERMINE,127,S,PULASKI RD,1122,2,NO INDICATION OF INJURY,0,0,0,0,0,2,0,10,3,6,41.87902441,-87.72546599
6/21/2019 20:47,30,TRAFFIC SIGNAL,FUNCTIONING PROPERLY,CLEAR,DARKNESS,REAR END,DIVIDED - W/MEDIAN (NOT RAISED),STRAIGHT AND LEVEL,DRY,UNKNOWN,ON SCENE,NO INJURY / DRIVE AWAY,,"$501 - $1,500",FOLLOWING TOO CLOSELY,NOT APPLICABLE,7056,S,WESTERN AVE,832,2,NO INDICATION OF INJURY,0,0,0,0,0,3,0,20,6,6,41.76484726,-87.68339282
6/18/2019 14:45,30,NO CONTROLS,NO CONTROLS,CLEAR,DAYLIGHT,REAR END,NOT DIVIDED,STRAIGHT ON GRADE,DRY,NO DEFECTS,NOT ON SCENE (DESK REPORT),NO INJURY / DRIVE AWAY,,"$501 - $1,500",FAILING TO REDUCE SPEED TO AVOID CRASH,FOLLOWING TOO CLOSELY,3100,W,111TH ST,2211,2,NO INDICATION OF INJURY,0,0,0,0,0,2,0,14,3,6,41.69170602,-87.69845682
6/30/2019 9:30,25,STOP SIGN/FLASHER,FUNCTIONING PROPERLY,UNKNOWN,UNKNOWN,PARKED MOTOR VEHICLE,NOT DIVIDED,STRAIGHT AND LEVEL,UNKNOWN,NO DEFECTS,ON SCENE,INJURY AND / OR TOW DUE TO CRASH,,"OVER $1,500",UNABLE TO DETERMINE,NOT APPLICABLE,3547,W,CORTLAND ST,1422,2,NO INDICATION OF INJURY,0,0,0,0,0,1,0,9,1,6,41.91537428,-87.71532909
6/28/2019 17:20,30,STOP SIGN/FLASHER,FUNCTIONING PROPERLY,CLEAR,DAYLIGHT,TURNING,NOT DIVIDED,STRAIGHT AND LEVEL,DRY,UNKNOWN,ON SCENE,INJURY AND / OR TOW DUE TO CRASH,Y,"OVER $1,500",DISREGARDING STOP SIGN,UNABLE TO DETERMINE,3701,W,CHICAGO AVE,1112,2,NONINCAPACITATING INJURY,1,0,0,1,0,2,0,17,6,6,41.89532651,-87.7188136
6/21/2019 3:50,35,NO CONTROLS,NO CONTROLS,CLEAR,"DARKNESS, LIGHTED ROAD",PARKED MOTOR VEHICLE,NOT DIVIDED,STRAIGHT AND LEVEL,DRY,NO DEFECTS,ON SCENE,INJURY AND / OR TOW DUE TO CRASH,,"OVER $1,500",IMPROPER TURNING/NO SIGNAL,DRIVING SKILLS/KNOWLEDGE/EXPERIENCE,10432,S,WENTWORTH AVE,512,2,NONINCAPACITATING INJURY,1,0,0,1,0,0,0,3,6,6,41.70441312,-87.62834935
6/29/2019 2:30,35,TRAFFIC SIGNAL,FUNCTIONING PROPERLY,CLEAR,"DARKNESS, LIGHTED ROAD",SIDESWIPE SAME DIRECTION,DIVIDED - W/MEDIAN BARRIER,STRAIGHT AND LEVEL,DRY,NO DEFECTS,ON SCENE,INJURY AND / OR TOW DUE TO CRASH,,"OVER $1,500",UNABLE TO DETERMINE,UNABLE TO DETERMINE,5813,S,LAKE SHORE DR,331,2,NONINCAPACITATING INJURY,2,0,0,2,0,0,0,2,7,6,41.78975826,-87.57838274
6/16/2019 14:30,30,NO CONTROLS,NO CONTROLS,CLEAR,DAYLIGHT,SIDESWIPE SAME DIRECTION,DIVIDED - W/MEDIAN (NOT RAISED),STRAIGHT AND LEVEL,UNKNOWN,UNKNOWN,ON SCENE,NO INJURY / DRIVE AWAY,,"OVER $1,500",UNABLE TO DETERMINE,UNABLE TO DETERMINE,599,W,87TH ST,2223,2,NO INDICATION OF INJURY,0,0,0,0,0,2,0,14,1,6,41.73592772,-87.63868869
6/28/2019 12:30,20,NO CONTROLS,NO CONTROLS,CLEAR,DAYLIGHT,PEDESTRIAN,NOT DIVIDED,STRAIGHT AND LEVEL,DRY,NO DEFECTS,ON SCENE,INJURY AND / OR TOW DUE TO CRASH,,"OVER $1,500",FAILING TO YIELD RIGHT-OF-WAY,FAILING TO YIELD RIGHT-OF-WAY,1340,S,DAMEN AVE,1233,3,NONINCAPACITATING INJURY,1,0,0,1,0,1,0,12,6,6,41.86373439,-87.67631269
6/25/2019 23:20,30,NO CONTROLS,NO CONTROLS,CLEAR,"DARKNESS, LIGHTED ROAD",ANGLE,ONE-WAY,STRAIGHT AND LEVEL,DRY,NO DEFECTS,ON SCENE,INJURY AND / OR TOW DUE TO CRASH,,"OVER $1,500",UNABLE TO DETERMINE,NOT APPLICABLE,4744,W,WELLINGTON AVE,2521,2,NO INDICATION OF INJURY,0,0,0,0,0,2,0,23,3,6,41.93530045,-87.74610811
6/28/2019 19:58,5,NO CONTROLS,NO CONTROLS,CLEAR,DUSK,TURNING,PARKING LOT,STRAIGHT AND LEVEL,UNKNOWN,UNKNOWN,NOT ON SCENE (DESK REPORT),NO INJURY / DRIVE AWAY,,"$501 - $1,500",UNABLE TO DETERMINE,UNABLE TO DETERMINE,4000,N,NARRAGANSETT AVE,1632,2,NO INDICATION OF INJURY,0,0,0,0,0,2,0,19,6,6,41.95295865,-87.7867085
6/29/2019 17:24,30,NO CONTROLS,NO CONTROLS,CLEAR,DAYLIGHT,SIDESWIPE SAME DIRECTION,NOT DIVIDED,STRAIGHT AND LEVEL,DRY,NO DEFECTS,ON SCENE,NO INJURY / DRIVE AWAY,,"$501 - $1,500",FAILING TO YIELD RIGHT-OF-WAY,NOT APPLICABLE,2705,W,107TH ST,2212,2,NO INDICATION OF INJURY,0,0,0,0,0,3,0,17,7,6,41.69890069,-87.68899809
6/30/2019 0:40,30,NO CONTROLS,NO CONTROLS,CLEAR,"DARKNESS, LIGHTED ROAD",FIXED OBJECT,DIVIDED - W/MEDIAN BARRIER,STRAIGHT AND LEVEL,DRY,NO DEFECTS,ON SCENE,INJURY AND / OR TOW DUE TO CRASH,,"OVER $1,500",UNABLE TO DETERMINE,UNABLE TO DETERMINE,340,W,LOWER WACKER DR,122,1,INCAPACITATING INJURY,2,0,2,0,0,0,0,0,1,6,41.88609683,-87.63690289
6/24/2019 8:22,30,TRAFFIC SIGNAL,FUNCTIONING PROPERLY,RAIN,DAYLIGHT,ANGLE,ONE-WAY,STRAIGHT ON GRADE,WET,NO DEFECTS,,INJURY AND / OR TOW DUE TO CRASH,Y,"OVER $1,500",DISREGARDING TRAFFIC SIGNALS,FAILING TO YIELD RIGHT-OF-WAY,530,N,LAKE SHORE DR,1834,2,NO INDICATION OF INJURY,0,0,0,0,0,3,0,8,2,6,41.89197561,-87.61458027
6/18/2019 12:15,30,TRAFFIC SIGNAL,FUNCTIONING PROPERLY,CLEAR,DAYLIGHT,REAR END,NOT DIVIDED,STRAIGHT AND LEVEL,DRY,NO DEFECTS,NOT ON SCENE (DESK REPORT),NO INJURY / DRIVE AWAY,Y,"OVER $1,500",FOLLOWING TOO CLOSELY,NOT APPLICABLE,5551,N,NAGLE AVE,1622,2,NO INDICATION OF INJURY,0,0,0,0,0,2,0,12,3,6,41.98237356,-87.78759844
6/26/2019 14:50,30,NO CONTROLS,FUNCTIONING PROPERLY,CLEAR,DAYLIGHT,TURNING,DIVIDED - W/MEDIAN (NOT RAISED),STRAIGHT AND LEVEL,DRY,NO DEFECTS,ON SCENE,NO INJURY / DRIVE AWAY,Y,"$501 - $1,500",NOT APPLICABLE,"VISION OBSCURED (SIGNS, TREE LIMBS, BUILDINGS, ETC.)",3024,W,OGDEN AVE,1022,2,NO INDICATION OF INJURY,0,0,0,0,0,2,0,14,4,6,41.85936629,-87.70171593
6/20/2019 9:25,30,NO CONTROLS,NO CONTROLS,RAIN,DAYLIGHT,SIDESWIPE SAME DIRECTION,DIVIDED - W/MEDIAN BARRIER,STRAIGHT ON GRADE,WET,NO DEFECTS,ON SCENE,INJURY AND / OR TOW DUE TO CRASH,,$500 OR LESS,UNABLE TO DETERMINE,FAILING TO YIELD RIGHT-OF-WAY,1500,E,47TH DR,222,2,NO INDICATION OF INJURY,0,0,0,0,0,2,0,9,5,6,41.81084937,-87.58936109
6/28/2019 20:56,35,UNKNOWN,UNKNOWN,UNKNOWN,UNKNOWN,SIDESWIPE SAME DIRECTION,UNKNOWN INTERSECTION TYPE,STRAIGHT AND LEVEL,UNKNOWN,UNKNOWN,NOT ON SCENE (DESK REPORT),NO INJURY / DRIVE AWAY,,"OVER $1,500",NOT APPLICABLE,NOT APPLICABLE,2800,N,HALSTED ST,1933,2,NO INDICATION OF INJURY,0,0,0,0,0,4,0,20,6,6,41.93276214,-87.6491605
6/30/2019 17:30,30,NO CONTROLS,NO CONTROLS,CLOUDY/OVERCAST,DAYLIGHT,REAR TO SIDE,PARKING LOT,STRAIGHT AND LEVEL,DRY,NO DEFECTS,NOT ON SCENE (DESK REPORT),NO INJURY / DRIVE AWAY,,"OVER $1,500",IMPROPER BACKING,UNABLE TO DETERMINE,1132,S,CLINTON ST,124,2,NO INDICATION OF INJURY,0,0,0,0,0,2,0,17,1,6,41.86797281,-87.64089226
6/28/2019 12:55,30,NO CONTROLS,NO CONTROLS,CLEAR,DAYLIGHT,PARKED MOTOR VEHICLE,DIVIDED - W/MEDIAN BARRIER,STRAIGHT AND LEVEL,DRY,NO DEFECTS,ON SCENE,NO INJURY / DRIVE AWAY,,"OVER $1,500",DRIVING SKILLS/KNOWLEDGE/EXPERIENCE,NOT APPLICABLE,98,N,MICHIGAN AVE,112,2,NO INDICATION OF INJURY,0,0,0,0,0,1,0,12,6,6,41.88317111,-87.62454402
6/25/2019 10:00,30,TRAFFIC SIGNAL,UNKNOWN,CLEAR,DAYLIGHT,SIDESWIPE SAME DIRECTION,NOT DIVIDED,STRAIGHT AND LEVEL,DRY,NO DEFECTS,NOT ON SCENE (DESK REPORT),NO INJURY / DRIVE AWAY,,$500 OR LESS,IMPROPER OVERTAKING/PASSING,NOT APPLICABLE,300,S,WACKER DR,122,2,NO INDICATION OF INJURY,0,0,0,0,0,2,0,10,3,6,41.87801092,-87.63705852
6/15/2019 21:30,30,TRAFFIC SIGNAL,FUNCTIONING PROPERLY,CLEAR,"DARKNESS, LIGHTED ROAD",TURNING,DIVIDED - W/MEDIAN BARRIER,STRAIGHT AND LEVEL,DRY,NO DEFECTS,NOT ON SCENE (DESK REPORT),NO INJURY / DRIVE AWAY,Y,"$501 - $1,500",FOLLOWING TOO CLOSELY,NOT APPLICABLE,5614,N,CUMBERLAND AVE,1614,2,NO INDICATION OF INJURY,0,0,0,0,0,3,0,21,7,6,41.98142262,-87.83672853
6/28/2019 14:50,30,NO CONTROLS,NO CONTROLS,CLEAR,DAYLIGHT,SIDESWIPE SAME DIRECTION,NOT DIVIDED,STRAIGHT AND LEVEL,DRY,NO DEFECTS,NOT ON SCENE (DESK REPORT),NO INJURY / DRIVE AWAY,,"OVER $1,500",UNABLE TO DETERMINE,NOT APPLICABLE,7339,N,WESTERN AVE,2411,2,NO INDICATION OF INJURY,0,0,0,0,0,2,0,14,6,6,42.01529328,-87.69007047
6/17/2019 16:30,35,TRAFFIC SIGNAL,FUNCTIONING PROPERLY,CLEAR,DAYLIGHT,REAR END,NOT DIVIDED,STRAIGHT AND LEVEL,DRY,UNKNOWN,NOT ON SCENE (DESK REPORT),NO INJURY / DRIVE AWAY,N,"$501 - $1,500",FOLLOWING TOO CLOSELY,FAILING TO REDUCE SPEED TO AVOID CRASH,7600,S,COTTAGE GROVE AVE,624,2,NO INDICATION OF INJURY,0,0,0,0,0,2,0,16,2,6,41.75666358,-87.60548737
6/24/2019 21:00,30,NO CONTROLS,NO CONTROLS,CLEAR,"DARKNESS, LIGHTED ROAD",REAR END,ONE-WAY,STRAIGHT AND LEVEL,DRY,NO DEFECTS,NOT ON SCENE (DESK REPORT),NO INJURY / DRIVE AWAY,,$500 OR LESS,UNABLE TO DETERMINE,NOT APPLICABLE,300,W,OHIO ST,1831,2,NO INDICATION OF INJURY,0,0,0,0,0,2,0,21,2,6,41.89247732,-87.63567116
6/18/2019 5:49,30,NO CONTROLS,NO CONTROLS,FOG/SMOKE/HAZE,UNKNOWN,PARKED MOTOR VEHICLE,ONE-WAY,STRAIGHT AND LEVEL,DRY,NO DEFECTS,ON SCENE,NO INJURY / DRIVE AWAY,,"OVER $1,500",UNABLE TO DETERMINE,NOT APPLICABLE,3331,W,BERTEAU AVE,1724,2,NO INDICATION OF INJURY,0,0,0,0,0,1,0,5,3,6,41.95742508,-87.71183909