CRASH_DATE,POSTED_SPEED_LIMIT,TRAFFIC_CONTROL_DEVICE,DEVICE_CONDITION,WEATHER_CONDITION,LIGHTING_CONDITION,FIRST_CRASH_TYPE,TRAFFICWAY_TYPE,ALIGNMENT,ROADWAY_SURFACE_COND,ROAD_DEFECT,REPORT_TYPE,CRASH_TYPE,INTERSECTION_RELATED_I,DAMAGE,PRIM_CONTRIBUTORY_CAUSE,SEC_CONTRIBUTORY_CAUSE,STREET_NO,STREET_DIRECTION,STREET_NAME,BEAT_OF_OCCURRENCE,NUM_UNITS,MOST_SEVERE_INJURY,INJURIES_TOTAL,INJURIES_FATAL,INJURIES_INCAPACITATING,INJURIES_NON_INCAPACITATING,INJURIES_REPORTED_NOT_EVIDENT,INJURIES_NO_INDICATION,INJURIES_UNKNOWN,CRASH_HOUR,CRASH_DAY_OF_WEEK,CRASH_MONTH,LATITUDE,LONGITUDE
6/26/2019 21:30,25,UNKNOWN,UNKNOWN,UNKNOWN,"DARKNESS, LIGHTED ROAD",OTHER NONCOLLISION,OTHER,"CURVE, LEVEL",UNKNOWN,"RUT, HOLES",NOT ON SCENE (DESK REPORT),NO INJURY / DRIVE AWAY,,$500 OR LESS,ROAD ENGINEERING/SURFACE/MARKING DEFECTS,ROAD ENGINEERING/SURFACE/MARKING DEFECTS,5900,W,SUNNYSIDE AVE,1622,1,NO INDICATION OF INJURY,0,0,0,0,0,1,0,21,4,6,41.96236377,-87.77469946
6/26/2019 9:15,30,TRAFFIC SIGNAL,FUNCTIONING PROPERLY,CLEAR,DAYLIGHT,TURNING,DIVIDED - W/MEDIAN (NOT RAISED),STRAIGHT AND LEVEL,DRY,NO DEFECTS,ON SCENE,INJURY AND / OR TOW DUE TO CRASH,Y,"OVER $1,500",FAILING TO YIELD RIGHT-OF-WAY,NOT APPLICABLE,1000,S,ASHLAND AVE,1231,2,NO INDICATION OF INJURY,0,0,0,0,0,2,0,9,4,6,41.86922016,-87.66660668
6/13/2019 7:49,30,NO CONTROLS,NO CONTROLS,CLEAR,DAYLIGHT,FIXED OBJECT,NOT DIVIDED,STRAIGHT AND LEVEL,DRY,NO DEFECTS,NOT ON SCENE (DESK REPORT),NO INJURY / DRIVE AWAY,,$500 OR LESS,UNABLE TO DETERMINE,UNABLE TO DETERMINE,6330,N,CENTRAL AVE,1621,1,NO INDICATION OF INJURY,0,0,0,0,0,1,0,7,5,6,41.99677836,-87.76413596
6/26/2019 11:05,20,TRAFFIC SIGNAL,NOT FUNCTIONING,CLEAR,DAYLIGHT,ANGLE,NOT DIVIDED,STRAIGHT AND LEVEL,DRY,NO DEFECTS,ON SCENE,NO INJURY / DRIVE AWAY,Y,"OVER $1,500",UNABLE TO DETERMINE,NOT APPLICABLE,2000,W,TAYLOR ST,1231,2,NO INDICATION OF INJURY,0,0,0,0,0,2,0,11,4,6,41.86922439,-87.67598775
6/25/2019 16:50,30,NO CONTROLS,NO CONTROLS,CLEAR,DAYLIGHT,REAR END,NOT DIVIDED,STRAIGHT AND LEVEL,WET,NO DEFECTS,NOT ON SCENE (DESK REPORT),NO INJURY / DRIVE AWAY,,"$501 - $1,500",UNABLE TO DETERMINE,UNABLE TO DETERMINE,801,W,NORTH AVE,1822,2,NO INDICATION OF INJURY,0,0,0,0,0,2,0,16,3,6,41.91080902,-87.64833033
6/23/2019 8:30,30,STOP SIGN/FLASHER,FUNCTIONING PROPERLY,CLEAR,DAYLIGHT,SIDESWIPE SAME DIRECTION,FOUR WAY,STRAIGHT AND LEVEL,DRY,NO DEFECTS,ON SCENE,NO INJURY / DRIVE AWAY,Y,$500 OR LESS,UNABLE TO DETERMINE,NOT APPLICABLE,7859,S,DR MARTIN LUTHER KING JR DR,624,,,,,,,,,,8,1,6,41.75120779,-87.61481455
6/19/2019 9:50,30,STOP SIGN/FLASHER,NO CONTROLS,FOG/SMOKE/HAZE,DAYLIGHT,ANGLE,T-INTERSECTION,STRAIGHT AND LEVEL,DRY,NO DEFECTS,NOT ON SCENE (DESK REPORT),NO INJURY / DRIVE AWAY,Y,"OVER $1,500",UNABLE TO DETERMINE,UNABLE TO DETERMINE,1850,W,CONGRESS PKWY,1225,2,NO INDICATION OF INJURY,0,0,0,0,0,2,0,9,4,6,41.87517436,-87.67356672
6/29/2019 20:00,10,NO CONTROLS,NO CONTROLS,CLEAR,UNKNOWN,PARKED MOTOR VEHICLE,PARKING LOT,STRAIGHT AND LEVEL,UNKNOWN,UNKNOWN,NOT ON SCENE (DESK REPORT),NO INJURY / DRIVE AWAY,,$500 OR LESS,UNABLE TO DETERMINE,NOT APPLICABLE,3500,N,HALSTED ST,1924,2,NO INDICATION OF INJURY,0,0,0,0,0,1,0,20,7,6,41.94550365,-87.64957851
6/30/2019 12:20,30,TRAFFIC SIGNAL,FUNCTIONING PROPERLY,CLEAR,DAYLIGHT,REAR END,NOT DIVIDED,STRAIGHT AND LEVEL,DRY,NO DEFECTS,,NO INJURY / DRIVE AWAY,Y,"$501 - $1,500",FOLLOWING TOO CLOSELY,FAILING TO REDUCE SPEED TO AVOID CRASH,4500,N,CENTRAL AVE,1622,2,NO INDICATION OF INJURY,0,0,0,0,0,3,0,12,1,6,41.96239659,-87.76745051
6/25/2019 16:30,30,NO CONTROLS,NO CONTROLS,CLEAR,DAYLIGHT,PARKED MOTOR VEHICLE,NOT DIVIDED,STRAIGHT AND LEVEL,DRY,NO DEFECTS,NOT ON SCENE (DESK REPORT),NO INJURY / DRIVE AWAY,,"$501 - $1,500",UNABLE TO DETERMINE,NOT APPLICABLE,5601,W,WRIGHTWOOD AVE,2515,2,NO INDICATION OF INJURY,0,0,0,0,0,1,0,16,3,6,41.92751736,-87.7661777
6/17/2019 16:30,30,UNKNOWN,UNKNOWN,CLEAR,DAYLIGHT,REAR END,NOT DIVIDED,STRAIGHT AND LEVEL,UNKNOWN,UNKNOWN,NOT ON SCENE (DESK REPORT),NO INJURY / DRIVE AWAY,,"OVER $1,500",NOT APPLICABLE,NOT APPLICABLE,12700,S,WALLACE ST,523,2,NO INDICATION OF INJURY,0,0,0,0,0,5,0,16,2,6,41.66317327,-87.63676308
6/19/2019 21:00,30,TRAFFIC SIGNAL,FUNCTIONING PROPERLY,RAIN,"DARKNESS, LIGHTED ROAD",TURNING,NOT DIVIDED,STRAIGHT AND LEVEL,WET,NO DEFECTS,ON SCENE,NO INJURY / DRIVE AWAY,Y,"OVER $1,500",FAILING TO YIELD RIGHT-OF-WAY,IMPROPER TURNING/NO SIGNAL,233,W,76TH ST,623,2,NO INDICATION OF INJURY,0,0,0,0,0,3,0,21,4,6,41.75619663,-87.63103373
6/13/2019 14:00,30,TRAFFIC SIGNAL,FUNCTIONING PROPERLY,CLEAR,DAYLIGHT,SIDESWIPE OPPOSITE DIRECTION,NOT DIVIDED,STRAIGHT AND LEVEL,DRY,NO DEFECTS,NOT ON SCENE (DESK REPORT),NO INJURY / DRIVE AWAY,,"$501 - $1,500",IMPROPER BACKING,FAILING TO REDUCE SPEED TO AVOID CRASH,1200,W,CONGRESS PKWY,1231,2,NO INDICATION OF INJURY,0,0,0,0,0,4,0,14,5,6,41.87544973,-87.65706187
6/22/2019 15:05,15,NO CONTROLS,NO CONTROLS,CLEAR,DAYLIGHT,PARKED MOTOR VEHICLE,NOT DIVIDED,STRAIGHT AND LEVEL,DRY,NO DEFECTS,ON SCENE,NO INJURY / DRIVE AWAY,,"$501 - $1,500",IMPROPER LANE USAGE,NOT APPLICABLE,1775,N,LEAVITT ST,1434,2,NO INDICATION OF INJURY,0,0,0,0,0,1,0,15,7,6,41.91410508,-87.68228625
6/27/2019 15:44,30,NO CONTROLS,NO CONTROLS,CLEAR,DAYLIGHT,PARKED MOTOR VEHICLE,PARKING LOT,STRAIGHT AND LEVEL,DRY,NO DEFECTS,NOT ON SCENE (DESK REPORT),NO INJURY / DRIVE AWAY,,$500 OR LESS,UNABLE TO DETERMINE,UNABLE TO DETERMINE,443,E,34TH ST,211,2,NO INDICATION OF INJURY,0,0,0,0,0,1,0,15,5,6,41.83304474,-87.61461136
6/26/2019 21:35,30,TRAFFIC SIGNAL,FUNCTIONING PROPERLY,CLEAR,"DARKNESS, LIGHTED ROAD",REAR TO FRONT,FOUR WAY,STRAIGHT AND LEVEL,WET,NO DEFECTS,ON SCENE,NO INJURY / DRIVE AWAY,Y,"$501 - $1,500",IMPROPER BACKING,"OPERATING VEHICLE IN ERRATIC, RECKLESS, CARELESS, NEGLIGENT OR AGGRESSIVE MANNER",3300,N,PULASKI RD,1731,2,NO INDICATION OF INJURY,0,0,0,0,0,2,0,21,4,6,41.9408919,-87.72738355
6/17/2019 15:00,30,NO CONTROLS,NO CONTROLS,CLEAR,DAYLIGHT,OTHER OBJECT,NOT DIVIDED,STRAIGHT AND LEVEL,DRY,"RUT, HOLES",NOT ON SCENE (DESK REPORT),NO INJURY / DRIVE AWAY,,"OVER $1,500",UNABLE TO DETERMINE,NOT APPLICABLE,6300,S,WESTERN AVE,825,1,NO INDICATION OF INJURY,0,0,0,0,0,1,0,15,2,6,41.77912348,-87.6837831
6/17/2019 9:00,30,NO CONTROLS,NO CONTROLS,CLEAR,DAYLIGHT,HEAD ON,NOT DIVIDED,STRAIGHT AND LEVEL,DRY,NO DEFECTS,NOT ON SCENE (DESK REPORT),NO INJURY / DRIVE AWAY,,"OVER $1,500",UNABLE TO DETERMINE,UNABLE TO DETERMINE,4429,N,DAMEN AVE,1912,2,NO INDICATION OF INJURY,0,0,0,0,0,2,0,9,2,6,41.9623422,-87.67885344
6/28/2019 12:55,30,TRAFFIC SIGNAL,FUNCTIONING PROPERLY,CLOUDY/OVERCAST,DAYLIGHT,PEDESTRIAN,NOT DIVIDED,STRAIGHT AND LEVEL,DRY,UNKNOWN,NOT ON SCENE (DESK REPORT),NO INJURY / DRIVE AWAY,,"OVER $1,500",UNABLE TO DETERMINE,UNABLE TO DETERMINE,201,W,87TH ST,634,2,NO INDICATION OF INJURY,0,0,0,0,0,2,0,12,6,6,41.73604849,-87.62899487
6/23/2019 4:20,30,NO CONTROLS,NO CONTROLS,CLEAR,DARKNESS,PARKED MOTOR VEHICLE,OTHER,STRAIGHT AND LEVEL,DRY,NO DEFECTS,ON SCENE,INJURY AND / OR TOW DUE TO CRASH,,"OVER $1,500",NOT APPLICABLE,UNABLE TO DETERMINE,918,N,KEYSTONE AVE,1111,3,NO INDICATION OF INJURY,0,0,0,0,0,1,0,4,1,6,41.89778002,-87.72753097
6/26/2019 17:05,30,NO CONTROLS,NO CONTROLS,CLEAR,DAYLIGHT,ANGLE,ONE-WAY,STRAIGHT AND LEVEL,DRY,NO DEFECTS,ON SCENE,INJURY AND / OR TOW DUE TO CRASH,,"$501 - $1,500",DRIVING SKILLS/KNOWLEDGE/EXPERIENCE,DRIVING SKILLS/KNOWLEDGE/EXPERIENCE,201,W,MADISON ST,122,2,INCAPACITATING INJURY,1,0,1,0,0,1,0,17,4,6,41.88183547,-87.63389739
6/30/2019 5:45,30,TRAFFIC SIGNAL,FUNCTIONING PROPERLY,CLEAR,DAYLIGHT,REAR END,FOUR WAY,STRAIGHT AND LEVEL,DRY,NO DEFECTS,ON SCENE,INJURY AND / OR TOW DUE TO CRASH,N,"OVER $1,500",FAILING TO REDUCE SPEED TO AVOID CRASH,NOT APPLICABLE,3140,W,NORTH AVE,1421,2,NO INDICATION OF INJURY,0,0,0,0,0,4,0,5,1,6,41.91023053,-87.70614659
6/29/2019 17:15,35,NO CONTROLS,NO CONTROLS,CLEAR,DAYLIGHT,PARKED MOTOR VEHICLE,ONE-WAY,STRAIGHT AND LEVEL,DRY,NO DEFECTS,ON SCENE,INJURY AND / OR TOW DUE TO CRASH,,"OVER $1,500",IMPROPER LANE USAGE,NOT APPLICABLE,1148,S,INDEPENDENCE BLVD,1133,2,NO INDICATION OF INJURY,0,0,0,0,0,1,0,17,7,6,41.86657595,-87.7202786
6/21/2019 16:30,30,STOP SIGN/FLASHER,FUNCTIONING PROPERLY,CLOUDY/OVERCAST,DAYLIGHT,TURNING,T-INTERSECTION,STRAIGHT AND LEVEL,DRY,NO DEFECTS,NOT ON SCENE (DESK REPORT),NO INJURY / DRIVE AWAY,,"OVER $1,500",FAILING TO YIELD RIGHT-OF-WAY,FAILING TO YIELD RIGHT-OF-WAY,6769,N,GREENVIEW AVE,2432,2,NO INDICATION OF INJURY,0,0,0,0,0,2,0,16,6,6,42.00532473,-87.66801381
6/17/2019 17:45,40,NO CONTROLS,NO CONTROLS,CLEAR,DAYLIGHT,REAR END,DIVIDED - W/MEDIAN BARRIER,STRAIGHT AND LEVEL,DRY,NO DEFECTS,ON SCENE,INJURY AND / OR TOW DUE TO CRASH,,"OVER $1,500",DRIVING SKILLS/KNOWLEDGE/EXPERIENCE,NOT APPLICABLE,3401,N,LAKE SHORE DR NB,1925,4,NO INDICATION OF INJURY,0,0,0,0,0,7,0,17,2,6,41.94351128,-87.63996434
6/20/2019 12:30,25,TRAFFIC SIGNAL,FUNCTIONING PROPERLY,CLOUDY/OVERCAST,DAYLIGHT,PARKED MOTOR VEHICLE,NOT DIVIDED,STRAIGHT AND LEVEL,DRY,NO DEFECTS,ON SCENE,NO INJURY / DRIVE AWAY,,"OVER $1,500",UNABLE TO DETERMINE,UNABLE TO DETERMINE,629,N,ST CLAIR ST,1834,2,NO INDICATION OF INJURY,0,0,0,0,0,2,0,12,5,6,41.89332323,-87.6225718
6/30/2019 17:53,30,NO CONTROLS,NO CONTROLS,CLEAR,DAYLIGHT,PARKED MOTOR VEHICLE,ONE-WAY,STRAIGHT AND LEVEL,DRY,NO DEFECTS,NOT ON SCENE (DESK REPORT),NO INJURY / DRIVE AWAY,,"$501 - $1,500",NOT APPLICABLE,NOT APPLICABLE,7642,S,CARPENTER ST,612,2,NO INDICATION OF INJURY,0,0,0,0,0,1,0,17,1,6,41.75473355,-87.65035641
6/29/2019 22:52,30,TRAFFIC SIGNAL,FUNCTIONING PROPERLY,RAIN,"DARKNESS, LIGHTED ROAD",REAR END,DIVIDED - W/MEDIAN (NOT RAISED),STRAIGHT AND LEVEL,DRY,NO DEFECTS,NOT ON SCENE (DESK REPORT),NO INJURY / DRIVE AWAY,,$500 OR LESS,IMPROPER BACKING,NOT APPLICABLE,2750,W,OGDEN AVE,1023,2,NO INDICATION OF INJURY,0,0,0,0,0,2,0,22,7,6,41.86164003,-87.69518175
6/19/2019 18:15,30,NO CONTROLS,NO CONTROLS,RAIN,DAYLIGHT,TURNING,NOT DIVIDED,STRAIGHT AND LEVEL,UNKNOWN,UNKNOWN,NOT ON SCENE (DESK REPORT),INJURY AND / OR TOW DUE TO CRASH,,"OVER $1,500",IMPROPER TURNING/NO SIGNAL,IMPROPER OVERTAKING/PASSING,1035,W,WELLINGTON AVE,1933,2,"REPORTED, NOT EVIDENT",1,0,0,0,1,1,0,18,4,6,41.93613909,-87.65541368
6/28/2019 18:00,30,STOP SIGN/FLASHER,FUNCTIONING PROPERLY,CLEAR,DAYLIGHT,ANGLE,NOT DIVIDED,STRAIGHT AND LEVEL,DRY,NO DEFECTS,ON SCENE,INJURY AND / OR TOW DUE TO CRASH,Y,"$501 - $1,500",UNABLE TO DETERMINE,UNABLE TO DETERMINE,499,N,HOYNE AVE,1221,4,NO INDICATION OF INJURY,0,0,0,0,0,3,0,18,6,6,41.89076504,-87.67920452
6/17/2019 9:55,30,NO CONTROLS,NO CONTROLS,CLEAR,DAYLIGHT,TURNING,DIVIDED - W/MEDIAN (NOT RAISED),STRAIGHT AND LEVEL,DRY,NO DEFECTS,,INJURY AND / OR TOW DUE TO CRASH,Y,"OVER $1,500",DRIVING SKILLS/KNOWLEDGE/EXPERIENCE,IMPROPER TURNING/NO SIGNAL,932,E,63RD ST,313,,,,,,,,,,9,2,6,41.78057009,-87.60172189
6/23/2019 15:10,30,TRAFFIC SIGNAL,FUNCTIONING PROPERLY,RAIN,DAYLIGHT,TURNING,FOUR WAY,STRAIGHT AND LEVEL,WET,NO DEFECTS,NOT ON SCENE (DESK REPORT),NO INJURY / DRIVE AWAY,Y,"OVER $1,500",IMPROPER LANE USAGE,NOT APPLICABLE,30,W,87TH ST,622,2,NO INDICATION OF INJURY,0,0,0,0,0,2,0,15,1,6,41.73637604,-87.62562131
6/25/2019 12:35,30,TRAFFIC SIGNAL,FUNCTIONING PROPERLY,CLEAR,DAYLIGHT,REAR END,DIVIDED - W/MEDIAN (NOT RAISED),STRAIGHT AND LEVEL,DRY,NO DEFECTS,NOT ON SCENE (DESK REPORT),NO INJURY / DRIVE AWAY,,"$501 - $1,500",UNABLE TO DETERMINE,UNABLE TO DETERMINE,5600,N,SHERIDAN RD,2022,2,NO INDICATION OF INJURY,0,0,0,0,0,2,0,12,3,6,41.98388604,-87.65534235
6/27/2019 14:45,30,NO CONTROLS,NO CONTROLS,CLEAR,DAYLIGHT,REAR END,NOT DIVIDED,STRAIGHT AND LEVEL,DRY,NO DEFECTS,NOT ON SCENE (DESK REPORT),NO INJURY / DRIVE AWAY,,"$501 - $1,500",UNABLE TO DETERMINE,UNABLE TO DETERMINE,6340,S,CICERO AVE,813,2,NO INDICATION OF INJURY,0,0,0,0,0,3,0,14,5,6,41.77720225,-87.74239612
6/28/2019 16:00,30,NO CONTROLS,NO CONTROLS,CLEAR,DAYLIGHT,REAR END,NOT DIVIDED,STRAIGHT AND LEVEL,DRY,NO DEFECTS,NOT ON SCENE (DESK REPORT),NO INJURY / DRIVE AWAY,Y,"$501 - $1,500",UNABLE TO DETERMINE,NOT APPLICABLE,1200,N,LARRABEE ST,1822,2,NO INDICATION OF INJURY,0,0,0,0,0,2,0,16,6,6,41.90376961,-87.64336894
6/30/2019 19:20,30,STOP SIGN/FLASHER,OTHER,CLEAR,DAYLIGHT,TURNING,T-INTERSECTION,STRAIGHT AND LEVEL,DRY,NO DEFECTS,,NO INJURY / DRIVE AWAY,Y,"$501 - $1,500",FAILING TO YIELD RIGHT-OF-WAY,UNABLE TO DETERMINE,4230,N,GREENVIEW AVE,1912,2,NO INDICATION OF INJURY,0,0,0,0,0,2,0,19,1,6,41.95892015,-87.66781269
6/18/2019 15:15,20,NO CONTROLS,NO CONTROLS,CLEAR,DAYLIGHT,REAR END,NOT DIVIDED,STRAIGHT AND LEVEL,DRY,NO DEFECTS,NOT ON SCENE (DESK REPORT),NO INJURY / DRIVE AWAY,,$500 OR LESS,UNABLE TO DETERMINE,UNABLE TO DETERMINE,317,N,KOSTNER AVE,1114,3,NO INDICATION OF INJURY,0,0,0,0,0,3,0,15,3,6,41.88599444,-87.73549856
6/25/2019 22:50,35,NO CONTROLS,NO CONTROLS,CLEAR,DARKNESS,FIXED OBJECT,DIVIDED - W/MEDIAN (NOT RAISED),STRAIGHT AND LEVEL,DRY,NO DEFECTS,NOT ON SCENE (DESK REPORT),INJURY AND / OR TOW DUE TO CRASH,,"$501 - $1,500",UNABLE TO DETERMINE,NOT APPLICABLE,9323,S,STONY ISLAND AVE,413,2,"REPORTED, NOT EVIDENT",1,0,0,0,1,2,0,22,3,6,41.72529369,-87.5848194
6/18/2019 19:00,30,NO CONTROLS,NO CONTROLS,CLEAR,DAYLIGHT,REAR END,ONE-WAY,STRAIGHT AND LEVEL,DRY,NO DEFECTS,NOT ON SCENE (DESK REPORT),NO INJURY / DRIVE AWAY,,$500 OR LESS,FOLLOWING TOO CLOSELY,FOLLOWING TOO CLOSELY,1900,N,HONORE ST,1434,2,NO INDICATION OF INJURY,0,0,0,0,0,2,0,19,3,6,41.91609458,-87.67408138
6/26/2019 15:50,30,TRAFFIC SIGNAL,FUNCTIONING PROPERLY,CLEAR,DAYLIGHT,REAR END,NOT DIVIDED,STRAIGHT AND LEVEL,DRY,NO DEFECTS,NOT ON SCENE (DESK REPORT),NO INJURY / DRIVE AWAY,,"$501 - $1,500",UNABLE TO DETERMINE,UNABLE TO DETERMINE,1644,W,95TH ST,2221,2,NO INDICATION OF INJURY,0,0,0,0,0,2,0,15,4,6,41.72130045,-87.66434336
6/20/2019 10:30,30,TRAFFIC SIGNAL,FUNCTIONING PROPERLY,CLEAR,DAYLIGHT,REAR END,NOT DIVIDED,STRAIGHT AND LEVEL,DRY,NO DEFECTS,ON SCENE,INJURY AND / OR TOW DUE TO CRASH,,"OVER $1,500",FOLLOWING TOO CLOSELY,IMPROPER OVERTAKING/PASSING,5905,S,KEDZIE AVE,824,2,NO INDICATION OF INJURY,0,0,0,0,0,6,0,10,5,6,41.78605003,-87.70319719
6/27/2019 9:34,30,NO CONTROLS,NO CONTROLS,CLEAR,DAYLIGHT,SIDESWIPE SAME DIRECTION,NOT DIVIDED,STRAIGHT AND LEVEL,DRY,NO DEFECTS,NOT ON SCENE (DESK REPORT),NO INJURY / DRIVE AWAY,,"OVER $1,500",IMPROPER LANE USAGE,FAILING TO REDUCE SPEED TO AVOID CRASH,1300,W,95TH ST,2222,2,NO INDICATION OF INJURY,0,0,0,0,0,2,0,9,5,6,41.72141764,-87.65544657
6/18/2019 15:50,25,NO CONTROLS,NO CONTROLS,CLEAR,DAYLIGHT,PEDESTRIAN,PARKING LOT,STRAIGHT AND LEVEL,DRY,NO DEFECTS,NOT ON SCENE (DESK REPORT),INJURY AND / OR TOW DUE TO CRASH,,"OVER $1,500",IMPROPER BACKING,NOT APPLICABLE,808,W,35TH ST,913,2,NONINCAPACITATING INJURY,1,0,0,1,0,1,0,15,3,6,41.83085525,-87.64649402
6/25/2019 12:10,30,TRAFFIC SIGNAL,FUNCTIONING PROPERLY,CLEAR,DAYLIGHT,PEDESTRIAN,FOUR WAY,STRAIGHT AND LEVEL,DRY,NO DEFECTS,ON SCENE,INJURY AND / OR TOW DUE TO CRASH,Y,"$501 - $1,500",FAILING TO YIELD RIGHT-OF-WAY,FAILING TO REDUCE SPEED TO AVOID CRASH,7400,S,ASHLAND AVE,735,2,NONINCAPACITATING INJURY,1,0,0,1,0,2,0,12,3,6,41.7593684,-87.66378572
6/17/2019 19:10,30,NO CONTROLS,NO CONTROLS,CLEAR,DUSK,PARKED MOTOR VEHICLE,NOT DIVIDED,STRAIGHT AND LEVEL,DRY,NO DEFECTS,NOT ON SCENE (DESK REPORT),NO INJURY / DRIVE AWAY,N,"$501 - $1,500",UNABLE TO DETERMINE,NOT APPLICABLE,3153,W,47TH ST,922,2,NO INDICATION OF INJURY,0,0,0,0,0,1,0,19,2,6,41.80801352,-87.70367173
6/30/2019 5:55,30,NO CONTROLS,NO CONTROLS,CLEAR,DAYLIGHT,SIDESWIPE SAME DIRECTION,DIVIDED - W/MEDIAN (NOT RAISED),STRAIGHT AND LEVEL,DRY,NO DEFECTS,ON SCENE,INJURY AND / OR TOW DUE TO CRASH,,"$501 - $1,500",UNABLE TO DETERMINE,UNABLE TO DETERMINE,3446,W,IRVING PARK RD,1723,2,NO INDICATION OF INJURY,0,0,0,0,0,3,0,5,1,6,41.95393909,-87.71482576
6/27/2019 21:40,25,NO CONTROLS,NO CONTROLS,CLEAR,DAYLIGHT,ANGLE,DIVIDED - W/MEDIAN (NOT RAISED),STRAIGHT AND LEVEL,DRY,NO DEFECTS,NOT ON SCENE (DESK REPORT),NO INJURY / DRIVE AWAY,,"OVER $1,500",FAILING TO YIELD RIGHT-OF-WAY,UNABLE TO DETERMINE,200,E,87TH ST,632,2,NO INDICATION OF INJURY,0,0,0,0,0,2,0,21,5,6,41.7365417,-87.61929625
6/24/2019 17:40,15,NO CONTROLS,NO CONTROLS,CLEAR,DAYLIGHT,PARKED MOTOR VEHICLE,PARKING LOT,STRAIGHT AND LEVEL,DRY,NO DEFECTS,NOT ON SCENE (DESK REPORT),NO INJURY / DRIVE AWAY,,"$501 - $1,500",UNABLE TO DETERMINE,UNABLE TO DETERMINE,1676,W,OGDEN AVE,1224,2,NO INDICATION OF INJURY,0,0,0,0,0,1,0,17,2,6,41.87920456,-87.66899491
6/27/2019 21:40,30,NO CONTROLS,NO CONTROLS,CLEAR,"DARKNESS, LIGHTED ROAD",SIDESWIPE SAME DIRECTION,NOT DIVIDED,STRAIGHT AND LEVEL,WET,NO DEFECTS,NOT ON SCENE (DESK REPORT),NO INJURY / DRIVE AWAY,,$500 OR LESS,DISTRACTION - FROM OUTSIDE VEHICLE,UNABLE TO DETERMINE,713,S,CENTRAL PARK AVE,1133,2,NO INDICATION OF INJURY,0,0,0,0,0,3,0,21,5,6,41.87220696,-87.71545814
6/14/2019 11:00,25,NO CONTROLS,NO CONTROLS,CLEAR,DAYLIGHT,PARKED MOTOR VEHICLE,ONE-WAY,STRAIGHT AND LEVEL,UNKNOWN,UNKNOWN,NOT ON SCENE (DESK REPORT),NO INJURY / DRIVE AWAY,,"OVER $1,500",UNABLE TO DETERMINE,UNABLE TO DETERMINE,825,N,CARPENTER ST,1213,2,NO INDICATION OF INJURY,0,0,0,0,0,1,0,11,6,6,41.8971204,-87.65348589
6/26/2019 10:00,30,STOP SIGN/FLASHER,NO CONTROLS,CLEAR,DAYLIGHT,REAR END,NOT DIVIDED,STRAIGHT AND LEVEL,DRY,NO DEFECTS,NOT ON SCENE (DESK REPORT),NO INJURY / DRIVE AWAY,,"$501 - $1,500",FOLLOWING TOO CLOSELY,UNABLE TO DETERMINE,7200,W,BRYN MAWR AVE,1612,2,NO INDICATION OF INJURY,0,0,0,0,0,2,0,10,4,6,41.98287647,-87.80707684
6/22/2019 6:00,25,NO CONTROLS,NO CONTROLS,CLEAR,UNKNOWN,PARKED MOTOR VEHICLE,NOT DIVIDED,STRAIGHT AND LEVEL,WET,UNKNOWN,ON SCENE,INJURY AND / OR TOW DUE TO CRASH,,"$501 - $1,500",UNABLE TO DETERMINE,NOT APPLICABLE,4927,S,CORNELL AVE,222,2,NO INDICATION OF INJURY,0,0,0,0,0,1,0,6,7,6,41.80498533,-87.58634897
6/25/2019 16:45,30,NO CONTROLS,NO CONTROLS,RAIN,DAYLIGHT,SIDESWIPE SAME DIRECTION,NOT DIVIDED,STRAIGHT AND LEVEL,WET,NO DEFECTS,NOT ON SCENE (DESK REPORT),NO INJURY / DRIVE AWAY,,"$501 - $1,500",WEATHER,"VISION OBSCURED (SIGNS, TREE LIMBS, BUILDINGS, ETC.)",3900,W,GRAND AVE,2535,2,NO INDICATION OF INJURY,0,0,0,0,0,7,0,16,3,6,41.90530222,-87.72393567
6/16/2019 2:20,30,NO CONTROLS,NO CONTROLS,RAIN,"DARKNESS, LIGHTED ROAD",PARKED MOTOR VEHICLE,NOT DIVIDED,STRAIGHT AND LEVEL,WET,NO DEFECTS,ON SCENE,INJURY AND / OR TOW DUE TO CRASH,,"OVER $1,500",UNDER THE INFLUENCE OF ALCOHOL/DRUGS (USE WHEN ARREST IS EFFECTED),NOT APPLICABLE,7956,S,DR MARTIN LUTHER KING JR DR,623,2,NO INDICATION OF INJURY,0,0,0,0,0,1,0,2,1,6,41.74943602,-87.61507086
6/30/2019 3:40,30,NO CONTROLS,NO CONTROLS,CLEAR,"DARKNESS, LIGHTED ROAD",PARKED MOTOR VEHICLE,NOT DIVIDED,STRAIGHT AND LEVEL,DRY,NO DEFECTS,NOT ON SCENE (DESK REPORT),NO INJURY / DRIVE AWAY,,"OVER $1,500",FAILING TO REDUCE SPEED TO AVOID CRASH,IMPROPER LANE USAGE,2449,W,72ND ST,832,2,NO INDICATION OF INJURY,0,0,0,0,0,1,0,3,1,6,41.76273088,-87.6852066
6/15/2019 17:00,30,NO CONTROLS,NO CONTROLS,CLEAR,UNKNOWN,OTHER OBJECT,ONE-WAY,STRAIGHT AND LEVEL,WET,"RUT, HOLES",ON SCENE,INJURY AND / OR TOW DUE TO CRASH,,"$501 - $1,500",ROAD ENGINEERING/SURFACE/MARKING DEFECTS,NOT APPLICABLE,1010,N,NOBLE ST,1213,1,NO INDICATION OF INJURY,0,0,0,0,0,1,0,17,7,6,41.9001948,-87.66266462