CRASH_DATE,POSTED_SPEED_LIMIT,TRAFFIC_CONTROL_DEVICE,DEVICE_CONDITION,WEATHER_CONDITION,LIGHTING_CONDITION,FIRST_CRASH_TYPE,TRAFFICWAY_TYPE,ALIGNMENT,ROADWAY_SURFACE_COND,ROAD_DEFECT,REPORT_TYPE,CRASH_TYPE,INTERSECTION_RELATED_I,DAMAGE,PRIM_CONTRIBUTORY_CAUSE,SEC_CONTRIBUTORY_CAUSE,STREET_NO,STREET_DIRECTION,STREET_NAME,BEAT_OF_OCCURRENCE,NUM_UNITS,MOST_SEVERE_INJURY,INJURIES_TOTAL,INJURIES_FATAL,INJURIES_INCAPACITATING,INJURIES_NON_INCAPACITATING,INJURIES_REPORTED_NOT_EVIDENT,INJURIES_NO_INDICATION,INJURIES_UNKNOWN,CRASH_HOUR,CRASH_DAY_OF_WEEK,CRASH_MONTH,LATITUDE,LONGITUDE
6/28/2019 7:08,30,TRAFFIC SIGNAL,FUNCTIONING PROPERLY,CLEAR,DAYLIGHT,REAR END,FOUR WAY,STRAIGHT AND LEVEL,DRY,NO DEFECTS,ON SCENE,INJURY AND / OR TOW DUE TO CRASH,Y,"OVER $1,500",IMPROPER OVERTAKING/PASSING,UNABLE TO DETERMINE,2856,S,HALSTED ST,913,2,NONINCAPACITATING INJURY,1,0,0,1,0,1,0,7,6,6,41.84185834,-87.64652267
6/26/2019 5:00,20,NO CONTROLS,NO CONTROLS,CLEAR,"DARKNESS, LIGHTED ROAD",PARKED MOTOR VEHICLE,ONE-WAY,STRAIGHT AND LEVEL,DRY,NO DEFECTS,NOT ON SCENE (DESK REPORT),NO INJURY / DRIVE AWAY,,"OVER $1,500",UNABLE TO DETERMINE,NOT APPLICABLE,8447,S,CRANDON AVE,412,2,NO INDICATION OF INJURY,0,0,0,0,0,1,0,5,4,6,41.74122627,-87.56836101
6/21/2019 13:20,30,NO CONTROLS,NO CONTROLS,CLEAR,DAYLIGHT,REAR END,DIVIDED - W/MEDIAN (NOT RAISED),STRAIGHT AND LEVEL,DRY,NO DEFECTS,NOT ON SCENE (DESK REPORT),INJURY AND / OR TOW DUE TO CRASH,,"OVER $1,500",FOLLOWING TOO CLOSELY,UNABLE TO DETERMINE,7600,S,UNION AVE,621,2,NONINCAPACITATING INJURY,5,0,0,5,0,1,0,13,6,6,41.75602258,-87.64188393
6/20/2019 16:35,40,NO CONTROLS,NO CONTROLS,CLEAR,DAYLIGHT,REAR END,DIVIDED - W/MEDIAN BARRIER,CURVE ON HILLCREST,DRY,NO DEFECTS,ON SCENE,NO INJURY / DRIVE AWAY,Y,"OVER $1,500",NOT APPLICABLE,NOT APPLICABLE,600,N,LAKE SHORE DR NB,1834,2,NO INDICATION OF INJURY,0,0,0,0,0,2,0,16,5,6,41.8926834,-87.6141233
6/27/2019 0:52,30,NO CONTROLS,NO CONTROLS,UNKNOWN,"DARKNESS, LIGHTED ROAD",PARKED MOTOR VEHICLE,ONE-WAY,STRAIGHT AND LEVEL,UNKNOWN,UNKNOWN,ON SCENE,NO INJURY / DRIVE AWAY,,"OVER $1,500",UNABLE TO DETERMINE,NOT APPLICABLE,5132,W,PARKER AVE,2521,2,NO INDICATION OF INJURY,0,0,0,0,0,1,0,0,5,6,41.93061855,-87.75527371
6/19/2019 8:30,30,TRAFFIC SIGNAL,FUNCTIONING PROPERLY,CLEAR,DAYLIGHT,REAR END,NOT DIVIDED,STRAIGHT AND LEVEL,DRY,NO DEFECTS,NOT ON SCENE (DESK REPORT),INJURY AND / OR TOW DUE TO CRASH,,"$501 - $1,500",DISTRACTION - FROM INSIDE VEHICLE,UNABLE TO DETERMINE,2300,S,HALSTED ST,1235,2,"REPORTED, NOT EVIDENT",1,0,0,0,1,2,0,8,4,6,41.85078329,-87.64658475
6/27/2019 20:40,30,NO CONTROLS,NO CONTROLS,CLOUDY/OVERCAST,DARKNESS,FIXED OBJECT,ONE-WAY,STRAIGHT AND LEVEL,WET,NO DEFECTS,ON SCENE,INJURY AND / OR TOW DUE TO CRASH,,"OVER $1,500",UNABLE TO DETERMINE,UNABLE TO DETERMINE,177,N,WELLS ST,122,1,NO INDICATION OF INJURY,0,0,0,0,0,1,0,20,5,6,41.88525719,-87.6337698
6/15/2019 21:20,30,TRAFFIC SIGNAL,FUNCTIONING PROPERLY,CLEAR,DUSK,REAR END,NOT DIVIDED,STRAIGHT AND LEVEL,DRY,NO DEFECTS,NOT ON SCENE (DESK REPORT),NO INJURY / DRIVE AWAY,,"OVER $1,500",FOLLOWING TOO CLOSELY,FAILING TO REDUCE SPEED TO AVOID CRASH,1210,N,HALSTED ST,1822,2,NO INDICATION OF INJURY,0,0,0,0,0,2,0,21,7,6,41.90369831,-87.64824535
6/27/2019 17:45,30,TRAFFIC SIGNAL,FUNCTIONING PROPERLY,CLEAR,DAYLIGHT,REAR END,OTHER,STRAIGHT AND LEVEL,DRY,NO DEFECTS,NOT ON SCENE (DESK REPORT),INJURY AND / OR TOW DUE TO CRASH,,"OVER $1,500",FOLLOWING TOO CLOSELY,NOT APPLICABLE,1333,N,WESTERN AVE,1424,2,"REPORTED, NOT EVIDENT",1,0,0,0,1,2,0,17,5,6,41.90584137,-87.68695551
6/21/2019 17:30,30,STOP SIGN/FLASHER,NO CONTROLS,CLEAR,DAYLIGHT,ANGLE,NOT DIVIDED,STRAIGHT AND LEVEL,DRY,NO DEFECTS,NOT ON SCENE (DESK REPORT),NO INJURY / DRIVE AWAY,,"OVER $1,500",DISREGARDING STOP SIGN,DISREGARDING STOP SIGN,7600,S,WABASH AVE,623,2,NO INDICATION OF INJURY,0,0,0,0,0,2,0,17,6,6,41.75635065,-87.62325612
6/16/2019 21:55,30,TRAFFIC SIGNAL,FUNCTIONING PROPERLY,CLEAR,"DARKNESS, LIGHTED ROAD",ANGLE,FOUR WAY,STRAIGHT AND LEVEL,DRY,NO DEFECTS,ON SCENE,INJURY AND / OR TOW DUE TO CRASH,Y,"OVER $1,500",DISREGARDING TRAFFIC SIGNALS,NOT APPLICABLE,6000,W,IRVING PARK RD,1624,2,NO INDICATION OF INJURY,0,0,0,0,0,2,0,21,1,6,41.95316377,-87.77684259
6/17/2019 16:30,30,TRAFFIC SIGNAL,FUNCTIONING PROPERLY,CLEAR,DAYLIGHT,REAR END,NOT DIVIDED,STRAIGHT AND LEVEL,DRY,NO DEFECTS,NOT ON SCENE (DESK REPORT),NO INJURY / DRIVE AWAY,,"OVER $1,500",FOLLOWING TOO CLOSELY,NOT APPLICABLE,802,E,76TH ST,624,2,NO INDICATION OF INJURY,0,0,0,0,0,2,0,16,2,6,41.75687036,-87.6051996
6/22/2019 6:20,30,NO CONTROLS,NO CONTROLS,CLEAR,DAYLIGHT,PARKED MOTOR VEHICLE,ONE-WAY,STRAIGHT AND LEVEL,DRY,NO DEFECTS,ON SCENE,INJURY AND / OR TOW DUE TO CRASH,,"OVER $1,500",UNABLE TO DETERMINE,UNABLE TO DETERMINE,1439,S,MILLARD AVE,1011,2,NO INDICATION OF INJURY,0,0,0,0,0,1,0,6,7,6,41.86116964,-87.71634214
6/25/2019 15:43,30,STOP SIGN/FLASHER,FUNCTIONING PROPERLY,CLEAR,DAYLIGHT,TURNING,NOT DIVIDED,STRAIGHT AND LEVEL,DRY,NO DEFECTS,NOT ON SCENE (DESK REPORT),NO INJURY / DRIVE AWAY,Y,"$501 - $1,500",FAILING TO YIELD RIGHT-OF-WAY,FAILING TO REDUCE SPEED TO AVOID CRASH,5300,W,NORTH AVE,2532,2,NO INDICATION OF INJURY,0,0,0,0,0,3,0,15,3,6,41.90958119,-87.7581222
6/29/2019 3:45,30,NO CONTROLS,NO CONTROLS,CLEAR,"DARKNESS, LIGHTED ROAD",PARKED MOTOR VEHICLE,NOT DIVIDED,STRAIGHT AND LEVEL,DRY,NO DEFECTS,ON SCENE,NO INJURY / DRIVE AWAY,,"OVER $1,500",UNABLE TO DETERMINE,UNABLE TO DETERMINE,200,W,91ST ST,634,2,NO INDICATION OF INJURY,0,0,0,0,0,1,0,3,7,6,41.72907793,-87.62888326
6/26/2019 16:55,30,NO CONTROLS,NO CONTROLS,CLEAR,DAYLIGHT,REAR END,DIVIDED - W/MEDIAN BARRIER,STRAIGHT AND LEVEL,DRY,NO DEFECTS,ON SCENE,NO INJURY / DRIVE AWAY,,$500 OR LESS,DRIVING SKILLS/KNOWLEDGE/EXPERIENCE,UNABLE TO DETERMINE,401,N,WESTERN AVE,1221,2,NO INDICATION OF INJURY,0,0,0,0,0,2,0,16,4,6,41.88868074,-87.68647525
6/28/2019 18:14,30,NO CONTROLS,NO CONTROLS,CLEAR,DAYLIGHT,TURNING,T-INTERSECTION,STRAIGHT AND LEVEL,DRY,NO DEFECTS,ON SCENE,INJURY AND / OR TOW DUE TO CRASH,Y,"OVER $1,500",DRIVING SKILLS/KNOWLEDGE/EXPERIENCE,IMPROPER TURNING/NO SIGNAL,3249,W,ADDISON ST,1733,2,NO INDICATION OF INJURY,0,0,0,0,0,2,0,18,6,6,41.94649565,-87.70977655
6/27/2019 0:15,30,TRAFFIC SIGNAL,FUNCTIONING PROPERLY,CLEAR,"DARKNESS, LIGHTED ROAD",REAR END,DIVIDED - W/MEDIAN (NOT RAISED),STRAIGHT AND LEVEL,DRY,NO DEFECTS,NOT ON SCENE (DESK REPORT),INJURY AND / OR TOW DUE TO CRASH,Y,"$501 - $1,500",UNABLE TO DETERMINE,NOT APPLICABLE,7054,S,PULASKI RD,833,2,NONINCAPACITATING INJURY,1,0,0,1,0,2,0,0,5,6,41.76425659,-87.72251163
6/15/2019 11:30,30,NO CONTROLS,NO CONTROLS,RAIN,"DARKNESS, LIGHTED ROAD",PARKED MOTOR VEHICLE,OTHER,STRAIGHT AND LEVEL,WET,NO DEFECTS,ON SCENE,NO INJURY / DRIVE AWAY,,$500 OR LESS,IMPROPER BACKING,NOT APPLICABLE,1600,N,KARLOV AVE,2534,2,NO INDICATION OF INJURY,0,0,0,0,0,1,0,11,7,6,41.90994033,-87.72892207
6/16/2019 1:45,30,TRAFFIC SIGNAL,FUNCTIONING PROPERLY,RAIN,"DARKNESS, LIGHTED ROAD",REAR END,CENTER TURN LANE,STRAIGHT AND LEVEL,WET,UNKNOWN,NOT ON SCENE (DESK REPORT),NO INJURY / DRIVE AWAY,Y,"$501 - $1,500",UNABLE TO DETERMINE,UNABLE TO DETERMINE,2401,W,PRATT BLVD,2412,2,NO INDICATION OF INJURY,0,0,0,0,0,2,0,1,1,6,42.0049228,-87.6901288
6/24/2019 18:25,30,NO CONTROLS,NO CONTROLS,CLEAR,DAYLIGHT,TURNING,NOT DIVIDED,STRAIGHT AND LEVEL,DRY,NO DEFECTS,ON SCENE,INJURY AND / OR TOW DUE TO CRASH,Y,"OVER $1,500",UNABLE TO DETERMINE,UNABLE TO DETERMINE,2001,E,122ND ST,434,2,NO INDICATION OF INJURY,0,0,0,0,0,3,0,18,2,6,41.67356882,-87.57352788
6/26/2019 6:06,30,TRAFFIC SIGNAL,FUNCTIONING PROPERLY,CLEAR,DAYLIGHT,TURNING,T-INTERSECTION,STRAIGHT AND LEVEL,DRY,NO DEFECTS,ON SCENE,NO INJURY / DRIVE AWAY,Y,$500 OR LESS,IMPROPER BACKING,NOT APPLICABLE,160,W,CERMAK RD,914,2,NO INDICATION OF INJURY,0,0,0,0,0,2,0,6,4,6,41.8529657,-87.63175599
6/27/2019 10:10,30,STOP SIGN/FLASHER,NO CONTROLS,CLEAR,DAYLIGHT,TURNING,ONE-WAY,STRAIGHT AND LEVEL,DRY,NO DEFECTS,ON SCENE,NO INJURY / DRIVE AWAY,,"$501 - $1,500",UNABLE TO DETERMINE,UNABLE TO DETERMINE,3999,W,33RD ST,1031,2,NO INDICATION OF INJURY,0,0,0,0,0,2,0,10,5,6,41.83317661,-87.72420691
6/19/2019 18:18,30,NO CONTROLS,NO CONTROLS,RAIN,DAYLIGHT,SIDESWIPE SAME DIRECTION,NOT DIVIDED,STRAIGHT AND LEVEL,WET,NO DEFECTS,ON SCENE,INJURY AND / OR TOW DUE TO CRASH,,"OVER $1,500",FAILING TO YIELD RIGHT-OF-WAY,UNABLE TO DETERMINE,2733,N,SOUTHPORT AVE,1932,2,NO INDICATION OF INJURY,0,0,0,0,0,2,0,18,4,6,41.93160905,-87.66338769
6/25/2019 8:46,15,NO CONTROLS,NO CONTROLS,CLEAR,DAYLIGHT,PEDALCYCLIST,ALLEY,STRAIGHT AND LEVEL,DRY,NO DEFECTS,NOT ON SCENE (DESK REPORT),NO INJURY / DRIVE AWAY,,$500 OR LESS,"OPERATING VEHICLE IN ERRATIC, RECKLESS, CARELESS, NEGLIGENT OR AGGRESSIVE MANNER",NOT APPLICABLE,3115,W,ROOSEVELT RD,1022,2,NO INDICATION OF INJURY,0,0,0,0,0,1,0,8,3,6,41.86631513,-87.70386422
6/15/2019 15:00,30,NO CONTROLS,NO CONTROLS,CLEAR,DAYLIGHT,ANGLE,ONE-WAY,STRAIGHT AND LEVEL,UNKNOWN,UNKNOWN,NOT ON SCENE (DESK REPORT),NO INJURY / DRIVE AWAY,,"OVER $1,500",FAILING TO YIELD RIGHT-OF-WAY,UNABLE TO DETERMINE,7912,S,LAFAYETTE AVE,623,2,NO INDICATION OF INJURY,0,0,0,0,0,3,0,15,7,6,41.7504487,-87.62595145
6/16/2019 12:50,40,NO CONTROLS,NO CONTROLS,CLEAR,DAYLIGHT,REAR END,DIVIDED - W/MEDIAN BARRIER,STRAIGHT AND LEVEL,DRY,NO DEFECTS,NOT ON SCENE (DESK REPORT),NO INJURY / DRIVE AWAY,,"OVER $1,500",UNABLE TO DETERMINE,UNABLE TO DETERMINE,2200,S,LAKE SHORE DR W,132,2,NO INDICATION OF INJURY,0,0,0,0,0,3,0,12,1,6,41.85284564,-87.61470632
6/20/2019 15:36,40,TRAFFIC SIGNAL,FUNCTIONING PROPERLY,CLEAR,DAYLIGHT,REAR END,T-INTERSECTION,STRAIGHT AND LEVEL,DRY,NO DEFECTS,ON SCENE,INJURY AND / OR TOW DUE TO CRASH,,"OVER $1,500",FAILING TO REDUCE SPEED TO AVOID CRASH,DRIVING SKILLS/KNOWLEDGE/EXPERIENCE,301,S,LAKE SHORE DR NB,114,2,NO INDICATION OF INJURY,0,0,0,0,0,2,0,15,5,6,41.87831701,-87.61705213
6/25/2019 19:30,30,STOP SIGN/FLASHER,FUNCTIONING PROPERLY,CLEAR,DUSK,TURNING,FOUR WAY,STRAIGHT AND LEVEL,DRY,NO DEFECTS,ON SCENE,NO INJURY / DRIVE AWAY,Y,"$501 - $1,500",DISREGARDING STOP SIGN,FAILING TO REDUCE SPEED TO AVOID CRASH,5300,S,PAULINA ST,932,2,NO INDICATION OF INJURY,0,0,0,0,0,2,0,19,3,6,41.79755518,-87.66725642
6/26/2019 5:50,30,STOP SIGN/FLASHER,FUNCTIONING PROPERLY,CLEAR,DAYLIGHT,ANGLE,NOT DIVIDED,STRAIGHT AND LEVEL,DRY,NO DEFECTS,ON SCENE,NO INJURY / DRIVE AWAY,Y,"OVER $1,500",FAILING TO YIELD RIGHT-OF-WAY,FAILING TO YIELD RIGHT-OF-WAY,2000,W,FARRAGUT AVE,2012,2,NO INDICATION OF INJURY,0,0,0,0,0,3,0,5,4,6,41.97704943,-87.67955491
6/24/2019 5:57,30,NO CONTROLS,NO CONTROLS,CLEAR,DAYLIGHT,SIDESWIPE SAME DIRECTION,NOT DIVIDED,STRAIGHT AND LEVEL,UNKNOWN,UNKNOWN,ON SCENE,NO INJURY / DRIVE AWAY,,"$501 - $1,500",IMPROPER OVERTAKING/PASSING,UNABLE TO DETERMINE,4900,S,CALIFORNIA AVE,923,2,NO INDICATION OF INJURY,0,0,0,0,0,3,0,5,2,6,41.80444743,-87.69424282
6/28/2019 12:01,10,NO CONTROLS,NO CONTROLS,RAIN,DAYLIGHT,PARKED MOTOR VEHICLE,PARKING LOT,STRAIGHT AND LEVEL,WET,NO DEFECTS,ON SCENE,NO INJURY / DRIVE AWAY,,"$501 - $1,500",UNABLE TO DETERMINE,UNABLE TO DETERMINE,5601,S,HARLEM AVE,811,2,NO INDICATION OF INJURY,0,0,0,0,0,1,0,12,6,6,41.79004397,-87.8013004
6/30/2019 13:45,30,NO CONTROLS,NO CONTROLS,CLEAR,DAYLIGHT,REAR END,DIVIDED - W/MEDIAN BARRIER,STRAIGHT AND LEVEL,DRY,NO DEFECTS,ON SCENE,NO INJURY / DRIVE AWAY,,"OVER $1,500",UNABLE TO DETERMINE,UNABLE TO DETERMINE,5508,S,ASHLAND AVE,715,2,NO INDICATION OF INJURY,0,0,0,0,0,7,0,13,1,6,41.79334885,-87.66471436
6/16/2019 18:15,35,OTHER,NO CONTROLS,CLEAR,DAYLIGHT,REAR END,DIVIDED - W/MEDIAN BARRIER,STRAIGHT AND LEVEL,DRY,NO DEFECTS,ON SCENE,INJURY AND / OR TOW DUE TO CRASH,,"$501 - $1,500",FOLLOWING TOO CLOSELY,UNABLE TO DETERMINE,500,S,LAKE SHORE DR SB,114,2,NO INDICATION OF INJURY,0,0,0,0,0,2,0,18,1,6,41.87575626,-87.61751568
6/29/2019 1:30,30,NO CONTROLS,NO CONTROLS,CLEAR,DARKNESS,SIDESWIPE SAME DIRECTION,NOT DIVIDED,STRAIGHT AND LEVEL,DRY,NO DEFECTS,NOT ON SCENE (DESK REPORT),NO INJURY / DRIVE AWAY,,"$501 - $1,500",NOT APPLICABLE,NOT APPLICABLE,400,S,CICERO AVE,1533,2,NO INDICATION OF INJURY,0,0,0,0,0,2,0,1,7,6,41.8749523,-87.74521225
6/17/2019 0:06,30,TRAFFIC SIGNAL,FUNCTIONING IMPROPERLY,CLEAR,UNKNOWN,TURNING,DIVIDED - W/MEDIAN (NOT RAISED),STRAIGHT AND LEVEL,DRY,NO DEFECTS,NOT ON SCENE (DESK REPORT),NO INJURY / DRIVE AWAY,Y,"$501 - $1,500",FAILING TO YIELD RIGHT-OF-WAY,UNABLE TO DETERMINE,6500,S,WESTERN AVE,832,2,NO INDICATION OF INJURY,0,0,0,0,0,2,0,0,2,6,41.77550576,-87.68369146
6/29/2019 0:47,30,TRAFFIC SIGNAL,FUNCTIONING PROPERLY,CLEAR,"DARKNESS, LIGHTED ROAD",REAR END,NOT DIVIDED,STRAIGHT AND LEVEL,DRY,NO DEFECTS,NOT ON SCENE (DESK REPORT),NO INJURY / DRIVE AWAY,,$500 OR LESS,FOLLOWING TOO CLOSELY,UNABLE TO DETERMINE,500,N,COLUMBUS DR,1834,2,NO INDICATION OF INJURY,0,0,0,0,0,2,0,0,7,6,41.89104457,-87.62037184
6/23/2019 20:10,30,TRAFFIC SIGNAL,FUNCTIONING PROPERLY,CLOUDY/OVERCAST,"DARKNESS, LIGHTED ROAD",REAR END,NOT DIVIDED,STRAIGHT AND LEVEL,WET,NO DEFECTS,ON SCENE,NO INJURY / DRIVE AWAY,N,"OVER $1,500",FAILING TO REDUCE SPEED TO AVOID CRASH,FOLLOWING TOO CLOSELY,4256,S,HALSTED ST,925,4,NO INDICATION OF INJURY,0,0,0,0,0,6,0,20,1,6,41.81625043,-87.64587554
6/24/2019 12:45,30,TRAFFIC SIGNAL,FUNCTIONING PROPERLY,RAIN,DAYLIGHT,REAR END,DIVIDED - W/MEDIAN (NOT RAISED),STRAIGHT AND LEVEL,WET,NO DEFECTS,NOT ON SCENE (DESK REPORT),NO INJURY / DRIVE AWAY,,"OVER $1,500",FOLLOWING TOO CLOSELY,UNABLE TO DETERMINE,5700,S,HALSTED ST,712,2,NO INDICATION OF INJURY,0,0,0,0,0,2,0,12,2,6,41.79057348,-87.64520839
6/23/2019 18:26,35,NO CONTROLS,NO CONTROLS,RAIN,DAYLIGHT,TURNING,DRIVEWAY,STRAIGHT ON GRADE,WET,NO DEFECTS,ON SCENE,NO INJURY / DRIVE AWAY,,"OVER $1,500",UNABLE TO DETERMINE,UNABLE TO DETERMINE,606,S,CICERO AVE,1533,2,NO INDICATION OF INJURY,0,0,0,0,0,2,0,18,1,6,41.87289952,-87.74513634
6/18/2019 12:25,30,NO CONTROLS,NO CONTROLS,CLEAR,DAYLIGHT,TURNING,DIVIDED - W/MEDIAN (NOT RAISED),STRAIGHT AND LEVEL,DRY,NO DEFECTS,ON SCENE,NO INJURY / DRIVE AWAY,Y,"OVER $1,500",UNABLE TO DETERMINE,NOT APPLICABLE,4700,S,KOLIN AVE,815,2,NO INDICATION OF INJURY,0,0,0,0,0,2,0,12,3,6,41.80766816,-87.732299
6/25/2019 14:00,10,NO CONTROLS,NO CONTROLS,CLEAR,DAYLIGHT,REAR TO SIDE,PARKING LOT,STRAIGHT AND LEVEL,DRY,NO DEFECTS,NOT ON SCENE (DESK REPORT),NO INJURY / DRIVE AWAY,,"OVER $1,500",FAILING TO YIELD RIGHT-OF-WAY,NOT APPLICABLE,321,E,ERIE ST,1834,2,NO INDICATION OF INJURY,0,0,0,0,0,2,0,14,3,6,41.89411346,-87.61942855
6/30/2019 11:00,30,NO CONTROLS,NO CONTROLS,CLEAR,DAYLIGHT,PARKED MOTOR VEHICLE,NOT DIVIDED,STRAIGHT AND LEVEL,DRY,NO DEFECTS,ON SCENE,NO INJURY / DRIVE AWAY,,"OVER $1,500",IMPROPER LANE USAGE,NOT APPLICABLE,953,W,WILLOW ST,1813,2,NO INDICATION OF INJURY,0,0,0,0,0,1,0,11,1,6,41.91364779,-87.65292395
6/27/2019 8:25,25,NO CONTROLS,NO CONTROLS,CLEAR,DAYLIGHT,ANGLE,NOT DIVIDED,STRAIGHT AND LEVEL,DRY,NO DEFECTS,NOT ON SCENE (DESK REPORT),NO INJURY / DRIVE AWAY,,"OVER $1,500",IMPROPER BACKING,NOT APPLICABLE,6963,N,ODELL AVE,1611,2,NO INDICATION OF INJURY,0,0,0,0,0,2,0,8,5,6,42.00792471,-87.81082998
6/26/2019 18:48,30,NO CONTROLS,NO CONTROLS,CLEAR,DAYLIGHT,PARKED MOTOR VEHICLE,PARKING LOT,STRAIGHT AND LEVEL,DRY,UNKNOWN,NOT ON SCENE (DESK REPORT),NO INJURY / DRIVE AWAY,,"OVER $1,500",UNABLE TO DETERMINE,UNABLE TO DETERMINE,4001,W,IRVING PARK RD,1732,2,NO INDICATION OF INJURY,0,0,0,0,0,1,0,18,4,6,41.95353736,-87.72769519
6/30/2019 2:50,35,TRAFFIC SIGNAL,FUNCTIONING PROPERLY,CLEAR,"DARKNESS, LIGHTED ROAD",REAR END,DIVIDED - W/MEDIAN BARRIER,STRAIGHT AND LEVEL,DRY,NO DEFECTS,ON SCENE,NO INJURY / DRIVE AWAY,Y,"$501 - $1,500",FOLLOWING TOO CLOSELY,UNABLE TO DETERMINE,428,N,LA SALLE DR,1831,2,NO INDICATION OF INJURY,0,0,0,0,0,2,0,2,1,6,41.88996171,-87.63269351
6/26/2019 9:37,20,TRAFFIC SIGNAL,FUNCTIONING PROPERLY,CLEAR,DAYLIGHT,REAR END,DIVIDED - W/MEDIAN (NOT RAISED),STRAIGHT AND LEVEL,DRY,NO DEFECTS,NOT ON SCENE (DESK REPORT),NO INJURY / DRIVE AWAY,Y,"$501 - $1,500",UNABLE TO DETERMINE,NOT APPLICABLE,100,N,CENTRAL AVE,1512,2,NO INDICATION OF INJURY,0,0,0,0,0,2,0,9,4,6,41.88233928,-87.76507801
6/24/2019 19:00,30,TRAFFIC SIGNAL,FUNCTIONING PROPERLY,CLEAR,DAYLIGHT,REAR END,NOT DIVIDED,STRAIGHT AND LEVEL,DRY,NO DEFECTS,NOT ON SCENE (DESK REPORT),NO INJURY / DRIVE AWAY,,"$501 - $1,500",FOLLOWING TOO CLOSELY,NOT APPLICABLE,3700,W,83RD ST,834,2,NO INDICATION OF INJURY,0,0,0,0,0,2,0,19,2,6,41.74240702,-87.71449662
6/17/2019 6:45,30,NO CONTROLS,NO CONTROLS,CLEAR,UNKNOWN,PARKED MOTOR VEHICLE,NOT DIVIDED,STRAIGHT AND LEVEL,DRY,NO DEFECTS,NOT ON SCENE (DESK REPORT),NO INJURY / DRIVE AWAY,,"$501 - $1,500",UNABLE TO DETERMINE,NOT APPLICABLE,3936,N,LECLAIRE AVE,1634,2,NO INDICATION OF INJURY,0,0,0,0,0,1,0,6,2,6,41.95260836,-87.75481908
6/29/2019 5:00,20,NO CONTROLS,NO CONTROLS,CLEAR,DARKNESS,PARKED MOTOR VEHICLE,NOT DIVIDED,STRAIGHT AND LEVEL,DRY,NO DEFECTS,NOT ON SCENE (DESK REPORT),NO INJURY / DRIVE AWAY,,"$501 - $1,500",UNABLE TO DETERMINE,UNABLE TO DETERMINE,6332,W,60TH ST,812,2,NO INDICATION OF INJURY,0,0,0,0,0,1,0,5,7,6,41.78330862,-87.78038985
6/30/2019 8:00,30,TRAFFIC SIGNAL,FUNCTIONING PROPERLY,RAIN,DAYLIGHT,REAR END,NOT DIVIDED,STRAIGHT AND LEVEL,DRY,NO DEFECTS,ON SCENE,INJURY AND / OR TOW DUE TO CRASH,,"OVER $1,500",FOLLOWING TOO CLOSELY,NOT APPLICABLE,2601,W,63RD ST,825,2,NO INDICATION OF INJURY,0,0,0,0,0,3,0,8,1,6,41.77907746,-87.68858187
6/16/2019 19:33,30,TRAFFIC SIGNAL,FUNCTIONING PROPERLY,CLOUDY/OVERCAST,DAYLIGHT,TURNING,NOT DIVIDED,STRAIGHT AND LEVEL,DRY,NO DEFECTS,ON SCENE,INJURY AND / OR TOW DUE TO CRASH,Y,"OVER $1,500",UNABLE TO DETERMINE,NOT APPLICABLE,2644,W,ADDISON ST,1921,2,NO INDICATION OF INJURY,0,0,0,0,0,2,0,19,1,6,41.94681565,-87.69484682
6/16/2019 2:53,30,TRAFFIC SIGNAL,FUNCTIONING PROPERLY,CLEAR,"DARKNESS, LIGHTED ROAD",REAR END,NOT DIVIDED,STRAIGHT AND LEVEL,WET,NO DEFECTS,ON SCENE,NO INJURY / DRIVE AWAY,Y,"OVER $1,500",UNABLE TO DETERMINE,UNABLE TO DETERMINE,4700,S,KEDZIE AVE,821,2,NO INDICATION OF INJURY,0,0,0,0,0,3,0,2,1,6,41.80804727,-87.70411882
6/28/2019 17:35,30,NO CONTROLS,NO CONTROLS,CLEAR,DAYLIGHT,TURNING,NOT DIVIDED,STRAIGHT AND LEVEL,DRY,NO DEFECTS,ON SCENE,INJURY AND / OR TOW DUE TO CRASH,Y,"OVER $1,500",FAILING TO YIELD RIGHT-OF-WAY,UNABLE TO DETERMINE,2032,W,99TH ST,2213,2,NO INDICATION OF INJURY,0,0,0,0,0,2,0,17,6,6,41.71389594,-87.67343701
6/22/2019 7:46,30,STOP SIGN/FLASHER,FUNCTIONING PROPERLY,CLEAR,DAYLIGHT,PEDALCYCLIST,NOT DIVIDED,STRAIGHT AND LEVEL,DRY,NO DEFECTS,ON SCENE,INJURY AND / OR TOW DUE TO CRASH,,$500 OR LESS,UNABLE TO DETERMINE,NOT APPLICABLE,2520,S,BLUE ISLAND AVE,1034,2,NONINCAPACITATING INJURY,1,0,0,1,0,1,0,7,7,6,41.84667163,-87.68094079
6/22/2019 18:15,30,STOP SIGN/FLASHER,FUNCTIONING PROPERLY,CLEAR,DAYLIGHT,PARKED MOTOR VEHICLE,ONE-WAY,STRAIGHT AND LEVEL,DRY,UNKNOWN,ON SCENE,NO INJURY / DRIVE AWAY,,"OVER $1,500",UNABLE TO DETERMINE,NOT APPLICABLE,801,W,WINDSOR AVE,1914,2,NO INDICATION OF INJURY,0,0,0,0,0,50,0,18,7,6,41.96440229,-87.65010646