CRASH_DATE,POSTED_SPEED_LIMIT,TRAFFIC_CONTROL_DEVICE,DEVICE_CONDITION,WEATHER_CONDITION,LIGHTING_CONDITION,FIRST_CRASH_TYPE,TRAFFICWAY_TYPE,ALIGNMENT,ROADWAY_SURFACE_COND,ROAD_DEFECT,REPORT_TYPE,CRASH_TYPE,INTERSECTION_RELATED_I,DAMAGE,PRIM_CONTRIBUTORY_CAUSE,SEC_CONTRIBUTORY_CAUSE,STREET_NO,STREET_DIRECTION,STREET_NAME,BEAT_OF_OCCURRENCE,NUM_UNITS,MOST_SEVERE_INJURY,INJURIES_TOTAL,INJURIES_FATAL,INJURIES_INCAPACITATING,INJURIES_NON_INCAPACITATING,INJURIES_REPORTED_NOT_EVIDENT,INJURIES_NO_INDICATION,INJURIES_UNKNOWN,CRASH_HOUR,CRASH_DAY_OF_WEEK,CRASH_MONTH,LATITUDE,LONGITUDE
6/26/2019 8:50,35,TRAFFIC SIGNAL,FUNCTIONING PROPERLY,CLEAR,DAYLIGHT,SIDESWIPE SAME DIRECTION,DIVIDED - W/MEDIAN (NOT RAISED),STRAIGHT AND LEVEL,DRY,NO DEFECTS,ON SCENE,NO INJURY / DRIVE AWAY,,"OVER $1,500",NOT APPLICABLE,NOT APPLICABLE,5231,N,BROADWAY,2023,2,NO INDICATION OF INJURY,0,0,0,0,0,2,0,8,4,6,41.9772643,-87.65974438
6/28/2019 18:50,30,NO CONTROLS,NO CONTROLS,CLEAR,DAYLIGHT,PARKED MOTOR VEHICLE,NOT DIVIDED,STRAIGHT AND LEVEL,DRY,NO DEFECTS,NOT ON SCENE (DESK REPORT),NO INJURY / DRIVE AWAY,,"$501 - $1,500",IMPROPER BACKING,NOT APPLICABLE,198,E,37TH ST,212,2,NO INDICATION OF INJURY,0,0,0,0,0,1,0,18,6,6,41.82752026,-87.62171902
6/28/2019 15:45,30,NO CONTROLS,NO CONTROLS,CLEAR,DAYLIGHT,PARKED MOTOR VEHICLE,ONE-WAY,STRAIGHT AND LEVEL,DRY,NO DEFECTS,NOT ON SCENE (DESK REPORT),NO INJURY / DRIVE AWAY,,"$501 - $1,500",UNABLE TO DETERMINE,NOT APPLICABLE,4110,W,SCHOOL ST,1731,2,NO INDICATION OF INJURY,0,0,0,0,0,1,0,15,6,6,41.9409815,-87.73018141
6/15/2019 15:40,30,NO CONTROLS,NO CONTROLS,RAIN,DAYLIGHT,REAR END,NOT DIVIDED,STRAIGHT AND LEVEL,WET,UNKNOWN,NOT ON SCENE (DESK REPORT),NO INJURY / DRIVE AWAY,,"$501 - $1,500",UNABLE TO DETERMINE,UNABLE TO DETERMINE,2055,W,FOSTER AVE,2032,2,NO INDICATION OF INJURY,0,0,0,0,0,2,0,15,7,6,41.97589032,-87.68156957
6/29/2019 16:20,30,NO CONTROLS,NO CONTROLS,CLEAR,DAYLIGHT,TURNING,NOT DIVIDED,STRAIGHT AND LEVEL,DRY,NO DEFECTS,ON SCENE,INJURY AND / OR TOW DUE TO CRASH,,"OVER $1,500",FAILING TO YIELD RIGHT-OF-WAY,UNABLE TO DETERMINE,1100,S,CLINTON ST,124,2,NONINCAPACITATING INJURY,1,0,0,1,0,2,0,16,7,6,41.86897374,-87.64092254
6/20/2019 8:45,35,TRAFFIC SIGNAL,FUNCTIONING PROPERLY,RAIN,DAYLIGHT,ANGLE,FOUR WAY,STRAIGHT AND LEVEL,WET,UNKNOWN,ON SCENE,INJURY AND / OR TOW DUE TO CRASH,Y,"$501 - $1,500",UNABLE TO DETERMINE,NOT APPLICABLE,3100,S,MICHIGAN AVE,211,2,NO INDICATION OF INJURY,0,0,0,0,0,2,0,8,5,6,41.83824953,-87.62358837
6/24/2019 17:15,20,NO CONTROLS,NO CONTROLS,CLEAR,DAYLIGHT,REAR TO FRONT,ONE-WAY,STRAIGHT AND LEVEL,DRY,NO DEFECTS,NOT ON SCENE (DESK REPORT),NO INJURY / DRIVE AWAY,,$500 OR LESS,"VISION OBSCURED (SIGNS, TREE LIMBS, BUILDINGS, ETC.)",IMPROPER BACKING,2224,W,FARRAGUT AVE,2012,2,NO INDICATION OF INJURY,0,0,0,0,0,2,0,17,2,6,41.9769662,-87.68535337
6/23/2019 5:13,30,TRAFFIC SIGNAL,FUNCTIONING PROPERLY,CLEAR,DAWN,ANGLE,FOUR WAY,STRAIGHT AND LEVEL,DRY,NO DEFECTS,ON SCENE,INJURY AND / OR TOW DUE TO CRASH,Y,"OVER $1,500",DISREGARDING TRAFFIC SIGNALS,NOT APPLICABLE,1199,N,HAMLIN AVE,1112,2,INCAPACITATING INJURY,1,0,1,0,0,2,0,5,1,6,41.90262345,-87.72128188
6/14/2019 15:15,30,TRAFFIC SIGNAL,FUNCTIONING PROPERLY,CLEAR,DAYLIGHT,SIDESWIPE SAME DIRECTION,NOT DIVIDED,STRAIGHT AND LEVEL,DRY,NO DEFECTS,NOT ON SCENE (DESK REPORT),NO INJURY / DRIVE AWAY,,"$501 - $1,500",IMPROPER OVERTAKING/PASSING,NOT APPLICABLE,301,E,NORTH WATER ST,1834,2,NO INDICATION OF INJURY,0,0,0,0,0,2,0,15,6,6,41.88945828,-87.62036838
6/26/2019 15:44,30,TRAFFIC SIGNAL,FUNCTIONING PROPERLY,CLEAR,DAYLIGHT,SIDESWIPE SAME DIRECTION,DIVIDED - W/MEDIAN BARRIER,STRAIGHT AND LEVEL,DRY,NO DEFECTS,NOT ON SCENE (DESK REPORT),NO INJURY / DRIVE AWAY,,"$501 - $1,500",IMPROPER OVERTAKING/PASSING,NOT APPLICABLE,160,N,MICHIGAN AVE,111,2,NO INDICATION OF INJURY,0,0,0,0,0,3,0,15,4,6,41.88477131,-87.62461546
6/17/2019 9:30,20,NO CONTROLS,NO CONTROLS,CLEAR,DAYLIGHT,FIXED OBJECT,NOT DIVIDED,STRAIGHT AND LEVEL,DRY,NO DEFECTS,ON SCENE,NO INJURY / DRIVE AWAY,,"$501 - $1,500",DRIVING SKILLS/KNOWLEDGE/EXPERIENCE,NOT APPLICABLE,5090,S,FORRESTVILLE AVE,223,1,NO INDICATION OF INJURY,0,0,0,0,0,1,0,9,2,6,41.80219509,-87.61265101
6/27/2019 18:14,30,STOP SIGN/FLASHER,FUNCTIONING PROPERLY,CLEAR,DAYLIGHT,REAR END,NOT DIVIDED,STRAIGHT AND LEVEL,DRY,NO DEFECTS,NOT ON SCENE (DESK REPORT),NO INJURY / DRIVE AWAY,,"$501 - $1,500",UNABLE TO DETERMINE,NOT APPLICABLE,2456,S,HOYNE AVE,1034,2,NO INDICATION OF INJURY,0,0,0,0,0,2,0,18,5,6,41.84689061,-87.67829968
6/19/2019 1:45,30,STOP SIGN/FLASHER,FUNCTIONING PROPERLY,CLEAR,"DARKNESS, LIGHTED ROAD",TURNING,FOUR WAY,STRAIGHT AND LEVEL,DRY,NO DEFECTS,NOT ON SCENE (DESK REPORT),NO INJURY / DRIVE AWAY,,"OVER $1,500",IMPROPER TURNING/NO SIGNAL,IMPROPER OVERTAKING/PASSING,2832,W,DEVON AVE,2412,2,NO INDICATION OF INJURY,0,0,0,0,0,2,0,1,4,6,41.99764717,-87.70092455
6/16/2019 21:10,15,NO CONTROLS,NO CONTROLS,CLEAR,"DARKNESS, LIGHTED ROAD",PARKED MOTOR VEHICLE,NOT DIVIDED,STRAIGHT AND LEVEL,DRY,NO DEFECTS,ON SCENE,INJURY AND / OR TOW DUE TO CRASH,,"OVER $1,500",DISTRACTION - FROM INSIDE VEHICLE,UNDER THE INFLUENCE OF ALCOHOL/DRUGS (USE WHEN ARREST IS EFFECTED),314,E,131ST PL,533,3,NO INDICATION OF INJURY,0,0,0,0,0,1,0,21,1,6,41.65664251,-87.61427433
6/19/2019 14:30,30,TRAFFIC SIGNAL,NO CONTROLS,CLEAR,DAYLIGHT,SIDESWIPE SAME DIRECTION,FOUR WAY,STRAIGHT AND LEVEL,DRY,NO DEFECTS,NOT ON SCENE (DESK REPORT),NO INJURY / DRIVE AWAY,Y,"OVER $1,500",UNABLE TO DETERMINE,NOT APPLICABLE,2,E,87TH ST,632,2,NO INDICATION OF INJURY,0,0,0,0,0,2,0,14,4,6,41.73641095,-87.62408713
6/25/2019 14:15,25,NO CONTROLS,NO CONTROLS,CLEAR,DAYLIGHT,ANGLE,NOT DIVIDED,STRAIGHT AND LEVEL,DRY,NO DEFECTS,ON SCENE,INJURY AND / OR TOW DUE TO CRASH,Y,"OVER $1,500",UNABLE TO DETERMINE,NOT APPLICABLE,7300,S,ST LOUIS AVE,835,2,NONINCAPACITATING INJURY,3,0,0,3,0,1,0,14,3,6,41.760581,-87.71018571
6/29/2019 20:37,30,NO CONTROLS,NO CONTROLS,CLEAR,"DARKNESS, LIGHTED ROAD",PARKED MOTOR VEHICLE,NOT DIVIDED,STRAIGHT AND LEVEL,DRY,NO DEFECTS,ON SCENE,NO INJURY / DRIVE AWAY,,"OVER $1,500",UNABLE TO DETERMINE,UNABLE TO DETERMINE,6932,S,PAULINA ST,735,2,NO INDICATION OF INJURY,0,0,0,0,0,1,0,20,7,6,41.76752684,-87.66646478
6/17/2019 21:18,30,NO CONTROLS,NO CONTROLS,CLEAR,"DARKNESS, LIGHTED ROAD",REAR END,DIVIDED - W/MEDIAN BARRIER,STRAIGHT AND LEVEL,DRY,NO DEFECTS,ON SCENE,NO INJURY / DRIVE AWAY,,"OVER $1,500",FOLLOWING TOO CLOSELY,UNABLE TO DETERMINE,5701,N,CUMBERLAND AVE,1614,2,NO INDICATION OF INJURY,0,0,0,0,0,3,0,21,2,6,41.98259954,-87.83643417
6/16/2019 12:00,10,NO CONTROLS,NO CONTROLS,CLEAR,DAYLIGHT,PARKED MOTOR VEHICLE,PARKING LOT,STRAIGHT AND LEVEL,DRY,NO DEFECTS,,NO INJURY / DRIVE AWAY,,"$501 - $1,500",UNABLE TO DETERMINE,UNABLE TO DETERMINE,847,E,114TH ST,531,2,NO INDICATION OF INJURY,0,0,0,0,0,1,0,12,1,6,,
6/21/2019 14:54,30,NO CONTROLS,NO CONTROLS,CLEAR,DAYLIGHT,PARKED MOTOR VEHICLE,ONE-WAY,STRAIGHT AND LEVEL,DRY,NO DEFECTS,NOT ON SCENE (DESK REPORT),NO INJURY / DRIVE AWAY,,$500 OR LESS,FAILING TO REDUCE SPEED TO AVOID CRASH,UNABLE TO DETERMINE,2428,N,KILBOURN AVE,2521,2,NO INDICATION OF INJURY,0,0,0,0,0,1,0,14,6,6,41.92528364,-87.73917581
6/23/2019 15:00,30,NO CONTROLS,NO CONTROLS,CLEAR,DAYLIGHT,REAR END,NOT DIVIDED,STRAIGHT AND LEVEL,DRY,NO DEFECTS,NOT ON SCENE (DESK REPORT),NO INJURY / DRIVE AWAY,,"OVER $1,500",FOLLOWING TOO CLOSELY,NOT APPLICABLE,3517,N,PULASKI RD,1732,2,NO INDICATION OF INJURY,0,0,0,0,0,2,0,15,1,6,41.9451367,-87.72721701
6/23/2019 10:50,15,NO CONTROLS,NO CONTROLS,CLEAR,DAYLIGHT,PARKED MOTOR VEHICLE,NOT DIVIDED,STRAIGHT AND LEVEL,DRY,NO DEFECTS,NOT ON SCENE (DESK REPORT),NO INJURY / DRIVE AWAY,,"OVER $1,500",IMPROPER BACKING,UNABLE TO DETERMINE,2015,E,72ND ST,333,2,NO INDICATION OF INJURY,0,0,0,0,0,1,0,10,1,6,41.76423075,-87.5756097
6/26/2019 9:45,30,TRAFFIC SIGNAL,FUNCTIONING PROPERLY,CLEAR,DAYLIGHT,TURNING,NOT DIVIDED,STRAIGHT AND LEVEL,DRY,NO DEFECTS,NOT ON SCENE (DESK REPORT),NO INJURY / DRIVE AWAY,,"OVER $1,500",UNABLE TO DETERMINE,UNABLE TO DETERMINE,800,N,KEDZIE AVE,1121,2,NO INDICATION OF INJURY,0,0,0,0,0,2,0,9,4,6,41.89561531,-87.70670533
6/18/2019 9:18,30,NO CONTROLS,NO CONTROLS,CLEAR,DAYLIGHT,SIDESWIPE SAME DIRECTION,DIVIDED - W/MEDIAN (NOT RAISED),STRAIGHT AND LEVEL,DRY,NO DEFECTS,NOT ON SCENE (DESK REPORT),NO INJURY / DRIVE AWAY,,"$501 - $1,500",IMPROPER OVERTAKING/PASSING,DRIVING SKILLS/KNOWLEDGE/EXPERIENCE,211,W,79TH ST,623,2,NO INDICATION OF INJURY,0,0,0,0,0,3,0,9,3,6,41.75074708,-87.62995399
6/28/2019 16:15,30,TRAFFIC SIGNAL,FUNCTIONING PROPERLY,CLEAR,DAYLIGHT,REAR END,NOT DIVIDED,STRAIGHT AND LEVEL,DRY,NO DEFECTS,,NO INJURY / DRIVE AWAY,,"$501 - $1,500",IMPROPER OVERTAKING/PASSING,IMPROPER OVERTAKING/PASSING,10000,S,TORRENCE AVE,431,2,NO INDICATION OF INJURY,0,0,0,0,0,3,0,16,6,6,41.71337386,-87.55989468
6/22/2019 11:15,30,TRAFFIC SIGNAL,NOT FUNCTIONING,CLEAR,DAYLIGHT,PEDESTRIAN,FOUR WAY,STRAIGHT AND LEVEL,DRY,NO DEFECTS,ON SCENE,INJURY AND / OR TOW DUE TO CRASH,Y,"$501 - $1,500",NOT APPLICABLE,NOT APPLICABLE,1014,W,HOLLYWOOD AVE,2022,2,INCAPACITATING INJURY,1,0,1,0,0,2,0,11,7,6,41.98563048,-87.65591759
6/16/2019 0:16,30,STOP SIGN/FLASHER,FUNCTIONING PROPERLY,CLEAR,"DARKNESS, LIGHTED ROAD",TURNING,DIVIDED - W/MEDIAN (NOT RAISED),STRAIGHT AND LEVEL,DRY,UNKNOWN,ON SCENE,INJURY AND / OR TOW DUE TO CRASH,,"OVER $1,500",DISREGARDING STOP SIGN,UNABLE TO DETERMINE,5400,S,LAKE PARK AVE,234,2,INCAPACITATING INJURY,3,0,1,0,2,1,0,0,1,6,41.7979498,-87.5873944
6/27/2019 17:45,30,STOP SIGN/FLASHER,FUNCTIONING PROPERLY,CLEAR,DAYLIGHT,REAR END,NOT DIVIDED,STRAIGHT AND LEVEL,DRY,UNKNOWN,NOT ON SCENE (DESK REPORT),NO INJURY / DRIVE AWAY,Y,"OVER $1,500",UNABLE TO DETERMINE,NOT APPLICABLE,401,W,115TH ST,522,2,NO INDICATION OF INJURY,0,0,0,0,0,2,0,17,5,6,41.68509334,-87.63253874
6/22/2019 23:30,30,TRAFFIC SIGNAL,FUNCTIONING PROPERLY,CLEAR,"DARKNESS, LIGHTED ROAD",TURNING,NOT DIVIDED,STRAIGHT AND LEVEL,DRY,NO DEFECTS,NOT ON SCENE (DESK REPORT),NO INJURY / DRIVE AWAY,Y,"OVER $1,500",UNABLE TO DETERMINE,UNABLE TO DETERMINE,300,S,HOMAN AVE,1133,2,NO INDICATION OF INJURY,0,0,0,0,0,2,0,23,7,6,41.87725989,-87.71103209
6/27/2019 11:47,30,NO CONTROLS,NO CONTROLS,CLEAR,DAYLIGHT,TURNING,OTHER,STRAIGHT AND LEVEL,DRY,NO DEFECTS,ON SCENE,NO INJURY / DRIVE AWAY,,"OVER $1,500",FAILING TO REDUCE SPEED TO AVOID CRASH,FAILING TO REDUCE SPEED TO AVOID CRASH,1732,W,VAN BUREN ST,1231,2,NO INDICATION OF INJURY,0,0,0,0,0,2,0,11,5,6,41.87640374,-87.67054439
6/18/2019 20:27,35,TRAFFIC SIGNAL,FUNCTIONING PROPERLY,CLEAR,DUSK,REAR END,NOT DIVIDED,STRAIGHT AND LEVEL,DRY,NO DEFECTS,ON SCENE,INJURY AND / OR TOW DUE TO CRASH,,"OVER $1,500",UNDER THE INFLUENCE OF ALCOHOL/DRUGS (USE WHEN ARREST IS EFFECTED),FAILING TO REDUCE SPEED TO AVOID CRASH,1550,S,SACRAMENTO DR,1022,3,NONINCAPACITATING INJURY,3,0,0,3,0,2,0,20,3,6,41.85989266,-87.70223067
6/20/2019 0:17,30,TRAFFIC SIGNAL,FUNCTIONING PROPERLY,RAIN,"DARKNESS, LIGHTED ROAD",PARKED MOTOR VEHICLE,NOT DIVIDED,STRAIGHT AND LEVEL,WET,NO DEFECTS,ON SCENE,INJURY AND / OR TOW DUE TO CRASH,,"OVER $1,500",FAILING TO REDUCE SPEED TO AVOID CRASH,UNDER THE INFLUENCE OF ALCOHOL/DRUGS (USE WHEN ARREST IS EFFECTED),2014,S,MICHIGAN AVE,131,4,NONINCAPACITATING INJURY,1,0,0,1,0,0,0,0,5,6,41.85502941,-87.62401589
6/11/2019 14:30,30,TRAFFIC SIGNAL,FUNCTIONING PROPERLY,CLEAR,DAYLIGHT,SIDESWIPE SAME DIRECTION,NOT DIVIDED,STRAIGHT AND LEVEL,DRY,NO DEFECTS,NOT ON SCENE (DESK REPORT),NO INJURY / DRIVE AWAY,,$500 OR LESS,IMPROPER OVERTAKING/PASSING,IMPROPER LANE USAGE,1300,W,IRVING PARK RD,1912,2,NO INDICATION OF INJURY,0,0,0,0,0,2,0,14,3,6,41.95448757,-87.6622935
6/26/2019 13:20,30,NO CONTROLS,NO CONTROLS,CLEAR,DAYLIGHT,SIDESWIPE SAME DIRECTION,NOT DIVIDED,STRAIGHT AND LEVEL,DRY,NO DEFECTS,ON SCENE,INJURY AND / OR TOW DUE TO CRASH,,"OVER $1,500",FAILING TO YIELD RIGHT-OF-WAY,NOT APPLICABLE,8250,W,BELMONT AVE,1631,2,NO INDICATION OF INJURY,0,0,0,0,0,5,0,13,4,6,41.93772351,-87.8332579
6/29/2019 4:00,30,NO CONTROLS,NO CONTROLS,CLEAR,"DARKNESS, LIGHTED ROAD",PARKED MOTOR VEHICLE,ONE-WAY,STRAIGHT AND LEVEL,DRY,NO DEFECTS,ON SCENE,INJURY AND / OR TOW DUE TO CRASH,,"OVER $1,500","OPERATING VEHICLE IN ERRATIC, RECKLESS, CARELESS, NEGLIGENT OR AGGRESSIVE MANNER",FAILING TO REDUCE SPEED TO AVOID CRASH,1333,W,WALTON ST,1213,3,NO INDICATION OF INJURY,0,0,0,0,0,1,0,4,7,6,41.8987948,-87.6610723
6/18/2019 17:25,30,NO CONTROLS,NO CONTROLS,CLEAR,DAYLIGHT,SIDESWIPE SAME DIRECTION,NOT DIVIDED,STRAIGHT AND LEVEL,DRY,NO DEFECTS,NOT ON SCENE (DESK REPORT),INJURY AND / OR TOW DUE TO CRASH,,"OVER $1,500",UNABLE TO DETERMINE,NOT APPLICABLE,3302,W,PALMER ST,1413,2,NO INDICATION OF INJURY,0,0,0,0,0,2,0,17,3,6,41.92112874,-87.71052772
6/24/2019 8:43,30,NO CONTROLS,NO CONTROLS,RAIN,DAYLIGHT,PARKED MOTOR VEHICLE,NOT DIVIDED,STRAIGHT AND LEVEL,WET,NO DEFECTS,ON SCENE,INJURY AND / OR TOW DUE TO CRASH,,"OVER $1,500",UNABLE TO DETERMINE,UNABLE TO DETERMINE,1498,W,PRATT BLVD,2431,4,NO INDICATION OF INJURY,0,0,0,0,0,2,0,8,2,6,42.00553044,-87.66773438
6/20/2019 15:30,35,NO CONTROLS,NO CONTROLS,CLEAR,DAYLIGHT,PARKED MOTOR VEHICLE,PARKING LOT,STRAIGHT AND LEVEL,DRY,NO DEFECTS,NOT ON SCENE (DESK REPORT),NO INJURY / DRIVE AWAY,,"OVER $1,500",IMPROPER BACKING,UNABLE TO DETERMINE,600,N,CLARK ST,1832,2,NO INDICATION OF INJURY,0,0,0,0,0,1,0,15,5,6,41.89246403,-87.63129489
6/3/2019 12:00,30,NO CONTROLS,NO CONTROLS,CLEAR,DAYLIGHT,REAR END,DIVIDED - W/MEDIAN (NOT RAISED),STRAIGHT AND LEVEL,DRY,NO DEFECTS,ON SCENE,NO INJURY / DRIVE AWAY,,"OVER $1,500",UNABLE TO DETERMINE,NOT APPLICABLE,2501,W,ROOSEVELT RD,1023,2,NO INDICATION OF INJURY,0,0,0,0,0,5,0,12,2,6,41.86647703,-87.68850645
6/8/2019 19:24,30,STOP SIGN/FLASHER,FUNCTIONING PROPERLY,CLEAR,DUSK,TURNING,T-INTERSECTION,STRAIGHT AND LEVEL,DRY,NO DEFECTS,NOT ON SCENE (DESK REPORT),NO INJURY / DRIVE AWAY,Y,"OVER $1,500",FAILING TO YIELD RIGHT-OF-WAY,UNABLE TO DETERMINE,640,W,LAKE ST,1214,2,NO INDICATION OF INJURY,0,0,0,0,0,4,0,19,7,6,41.88580574,-87.64430221
6/30/2019 17:15,30,TRAFFIC SIGNAL,FUNCTIONING PROPERLY,RAIN,DAYLIGHT,REAR END,DIVIDED - W/MEDIAN (NOT RAISED),STRAIGHT AND LEVEL,WET,NO DEFECTS,NOT ON SCENE (DESK REPORT),NO INJURY / DRIVE AWAY,,"OVER $1,500",FAILING TO YIELD RIGHT-OF-WAY,FOLLOWING TOO CLOSELY,2807,W,IRVING PARK RD,1733,2,NO INDICATION OF INJURY,0,0,0,0,0,2,0,17,1,6,41.9538624,-87.69855459
6/21/2019 13:05,30,TRAFFIC SIGNAL,FUNCTIONING PROPERLY,CLEAR,DAYLIGHT,REAR END,ONE-WAY,STRAIGHT AND LEVEL,DRY,NO DEFECTS,NOT ON SCENE (DESK REPORT),NO INJURY / DRIVE AWAY,,"OVER $1,500",FOLLOWING TOO CLOSELY,NOT APPLICABLE,513,S,LAKE SHORE DR NB,114,2,NO INDICATION OF INJURY,0,0,0,0,0,2,0,13,6,6,41.87552187,-87.61698635
6/10/2019 5:38,30,NO CONTROLS,NO CONTROLS,CLEAR,DAWN,OTHER OBJECT,OTHER,STRAIGHT AND LEVEL,DRY,NO DEFECTS,ON SCENE,INJURY AND / OR TOW DUE TO CRASH,,"OVER $1,500",UNABLE TO DETERMINE,NOT APPLICABLE,848,N,PARKSIDE AVE,1511,2,NO INDICATION OF INJURY,0,0,0,0,0,2,0,5,2,6,41.89628077,-87.766808
6/19/2019 21:00,30,NO CONTROLS,NO CONTROLS,OTHER,"DARKNESS, LIGHTED ROAD",PARKED MOTOR VEHICLE,NOT DIVIDED,STRAIGHT AND LEVEL,WET,NO DEFECTS,NOT ON SCENE (DESK REPORT),NO INJURY / DRIVE AWAY,,"$501 - $1,500",UNABLE TO DETERMINE,UNABLE TO DETERMINE,5812,N,JERSEY AVE,1711,2,NO INDICATION OF INJURY,0,0,0,0,0,1,0,21,4,6,41.9870814,-87.71019603
6/24/2019 6:00,25,NO CONTROLS,NO CONTROLS,UNKNOWN,UNKNOWN,PARKED MOTOR VEHICLE,ONE-WAY,STRAIGHT AND LEVEL,UNKNOWN,NO DEFECTS,NOT ON SCENE (DESK REPORT),NO INJURY / DRIVE AWAY,,$500 OR LESS,UNABLE TO DETERMINE,NOT APPLICABLE,7500,S,RHODES AVE,624,2,NO INDICATION OF INJURY,0,0,0,0,0,1,0,6,2,6,41.75838169,-87.61161218
6/10/2019 21:38,35,TRAFFIC SIGNAL,FUNCTIONING PROPERLY,CLEAR,"DARKNESS, LIGHTED ROAD",SIDESWIPE SAME DIRECTION,ONE-WAY,STRAIGHT AND LEVEL,DRY,NO DEFECTS,NOT ON SCENE (DESK REPORT),NO INJURY / DRIVE AWAY,Y,"OVER $1,500",IMPROPER LANE USAGE,NOT APPLICABLE,600,S,CLINTON ST,124,2,NO INDICATION OF INJURY,0,0,0,0,0,2,0,21,2,6,41.87434685,-87.64110127
6/2/2019 13:00,20,NO CONTROLS,NO CONTROLS,CLEAR,DAYLIGHT,REAR TO REAR,OTHER,STRAIGHT AND LEVEL,DRY,NO DEFECTS,ON SCENE,NO INJURY / DRIVE AWAY,,"$501 - $1,500",IMPROPER BACKING,NOT APPLICABLE,3298,S,DAMEN AVE,912,2,NO INDICATION OF INJURY,0,0,0,0,0,4,0,13,1,6,41.83411307,-87.67552508
6/10/2019 20:30,30,STOP SIGN/FLASHER,UNKNOWN,CLEAR,UNKNOWN,ANGLE,TRAFFIC ROUTE,STRAIGHT AND LEVEL,DRY,UNKNOWN,NOT ON SCENE (DESK REPORT),NO INJURY / DRIVE AWAY,Y,"$501 - $1,500",FAILING TO YIELD RIGHT-OF-WAY,NOT APPLICABLE,700,N,DAMEN AVE,1221,,,,,,,,,,20,2,6,41.89412642,-87.67714842
6/13/2019 21:59,30,NO CONTROLS,NO CONTROLS,CLEAR,DARKNESS,SIDESWIPE SAME DIRECTION,OTHER,STRAIGHT AND LEVEL,DRY,NO DEFECTS,ON SCENE,INJURY AND / OR TOW DUE TO CRASH,,"OVER $1,500",IMPROPER OVERTAKING/PASSING,FOLLOWING TOO CLOSELY,333,N,MICHIGAN AVE,114,2,NONINCAPACITATING INJURY,3,0,0,1,2,1,0,21,5,6,41.88754294,-87.624407
6/20/2019 13:08,30,TRAFFIC SIGNAL,FUNCTIONING PROPERLY,CLEAR,DAYLIGHT,TURNING,NOT DIVIDED,STRAIGHT AND LEVEL,DRY,NO DEFECTS,NOT ON SCENE (DESK REPORT),NO INJURY / DRIVE AWAY,Y,"OVER $1,500",IMPROPER OVERTAKING/PASSING,NOT APPLICABLE,4700,S,WESTERN BLVD,922,2,NO INDICATION OF INJURY,0,0,0,0,0,2,0,13,5,6,41.80836955,-87.6840194
6/3/2019 7:30,30,NO CONTROLS,NO CONTROLS,CLEAR,DAYLIGHT,PARKED MOTOR VEHICLE,ONE-WAY,STRAIGHT AND LEVEL,DRY,NO DEFECTS,ON SCENE,NO INJURY / DRIVE AWAY,,"OVER $1,500",DRIVING SKILLS/KNOWLEDGE/EXPERIENCE,DRIVING SKILLS/KNOWLEDGE/EXPERIENCE,2551,S,KILDARE AVE,1013,2,NO INDICATION OF INJURY,0,0,0,0,0,1,0,7,2,6,41.84446411,-87.73090426
6/15/2019 21:00,30,NO CONTROLS,NO CONTROLS,CLEAR,"DARKNESS, LIGHTED ROAD",REAR TO REAR,PARKING LOT,STRAIGHT AND LEVEL,DRY,NO DEFECTS,ON SCENE,INJURY AND / OR TOW DUE TO CRASH,,$500 OR LESS,IMPROPER BACKING,IMPROPER BACKING,5201,N,SHERIDAN RD,2023,2,NONINCAPACITATING INJURY,1,0,0,1,0,4,0,21,7,6,41.97648167,-87.65483978
6/19/2019 5:40,30,NO CONTROLS,FUNCTIONING PROPERLY,CLEAR,DAYLIGHT,TURNING,Y-INTERSECTION,"CURVE, LEVEL",DRY,NO DEFECTS,NOT ON SCENE (DESK REPORT),NO INJURY / DRIVE AWAY,Y,"$501 - $1,500",DRIVING SKILLS/KNOWLEDGE/EXPERIENCE,IMPROPER OVERTAKING/PASSING,3400,W,GRAND AVE,1121,2,NO INDICATION OF INJURY,0,0,0,0,0,6,0,5,4,6,41.89982195,-87.71143866
6/21/2019 12:00,30,NO CONTROLS,NO CONTROLS,UNKNOWN,DAYLIGHT,PARKED MOTOR VEHICLE,NOT DIVIDED,STRAIGHT AND LEVEL,UNKNOWN,NO DEFECTS,NOT ON SCENE (DESK REPORT),NO INJURY / DRIVE AWAY,N,"OVER $1,500",UNABLE TO DETERMINE,UNABLE TO DETERMINE,200,N,ABERDEEN ST,1214,2,NO INDICATION OF INJURY,0,0,0,0,0,1,0,12,6,6,41.88560022,-87.6546202
6/13/2019 1:40,35,TRAFFIC SIGNAL,FUNCTIONING PROPERLY,RAIN,DARKNESS,REAR END,NOT DIVIDED,STRAIGHT AND LEVEL,WET,NO DEFECTS,NOT ON SCENE (DESK REPORT),NO INJURY / DRIVE AWAY,,"OVER $1,500",IMPROPER BACKING,IMPROPER BACKING,8656,S,LAFAYETTE AVE,622,2,NO INDICATION OF INJURY,0,0,0,0,0,2,0,1,5,6,41.73641666,-87.62559459